daily_cost_EUR,objective_value,grid_energy_cost_EUR,imported_energy_kWh,exported_energy_kWh,export_energy_kWh,carbon_emissions_kgCO2,carbon_intensity_avg_gCO2_per_kWh,pv_generation_kWh,pv_used_locally_kWh,renewable_self_consumption_ratio_pct,PV_self_consumption_kWh,renewable_self_consumption_ratio,battery_throughput_kWh,equivalent_full_cycles,mean_daily_peak_import_kW,horizon_max_grid_import_kW,peak_contract_violation_count,peak_contract_violation_energy_kWh,VPP_tracking_RMSE_kW,VPP_tracking_MAE_kW,DR_success_rate_pct,DR_interval_compliance_pct,DR_event_count,DR_successful_event_count,DR_event_compliance_pct,DR_max_violation_kW,feasible_DR_success_pct,DR_violation_energy_kWh,min_SOC,max_SOC,final_SOC,terminal_SOC_error,hard_clip_fraction_pct,soft_coach_fraction_pct,physical_projection_fraction_pct,service_coaching_fraction_pct,mean_reward,day_index,scenario,controller,seed
373.082377971389,151.155543712762,373.082377971389,8693.66197850398,0,0,4195.41950686608,482.583693412478,1584.7,1584.7,100,1584.7,1,4003.12292889461,0.500390366111827,614.393140202882,614.393140202882,0,0,87.9974415574811,74.6912811882794,100,100,0,0,100,0,100,0,0.390924880704967,0.80954767556044,0.677838228574274,0.127838228574274,0,0,0,0,-1.57453691367461,0,low_it_load,residual_sac,1
345.157242210938,155.329486060651,345.157242210938,8698.22550284197,0,0,3933.11936608864,452.174913699762,1639,1639,100,1639,1,3023.92526139746,0.377990657674683,610.757938471722,610.757938471722,0,0,131.658521989723,123.523147510772,100,100,0,0,100,0,100,0,0.5637216477607,0.9,0.642846521037686,0.0928465210376856,9.375,0,9.375,0,-1.61801547979845,1,low_it_load,residual_sac,1
334.634479284623,157.470140549713,334.634479284623,8182.33770908282,0,0,4177.61666643324,510.565172810683,1694.9,1694.9,100,1694.9,1,2992.22644157897,0.374028305197372,511.295309253867,511.295309253867,0,0,135.346822170895,129.925353056563,100,100,0,0,100,0,100,0,0.539295761732496,0.9,0.554084748185355,0.00408474818535531,9.375,0,9.375,0,-1.64031396405951,2,low_it_load,residual_sac,1
407.104519505629,172.748765684078,407.104519505629,9376.47473441646,0,0,4728.21697358425,504.263820626453,939.8,939.8,100,939.8,1,2773.90474777555,0.346738093471944,638.767277630623,638.767277630623,0,0,113.177117868927,102.629206702113,100,100,0,0,100,0,100,0,0.5390019896395,0.883232354023433,0.705386792079811,0.155386792079811,0,0,0,0,-1.79946630920915,3,low_it_load,residual_sac,1
335.05378189504,173.01843028119,335.05378189504,9133.06643180181,0,0,4460.16423731526,488.353421123133,1247.3,1247.3,100,1247.3,1,2804.81644272579,0.350602055340724,608.375264193163,608.375264193163,0,0,134.707715350866,119.724777840629,100,100,0,0,100,0,100,0,0.562872659130117,0.9,0.841683817924782,0.291683817924782,13.5416666666667,0,13.5416666666667,0,-1.80227531542907,4,low_it_load,residual_sac,1
215.548430421799,132.267344902296,215.548430421799,6871.68114986279,0,0,3225.58557451196,469.402683879819,1325.1,1325.1,100,1325.1,1,2213.70552971169,0.276713191213961,571.238855233161,571.238855233161,0,0,128.268742674063,124.694114977354,100,100,0,0,100,0,100,0,0.566464657280882,0.9,0.751298262883472,0.201298262883472,1.04166666666667,0,1.04166666666667,0,-1.37778484273225,5,low_it_load,residual_sac,1
175.050385235441,101.682268488654,175.050385235441,3905.17733423153,0,0,2121.54834049108,543.265557211516,1989.8,1989.8,100,1989.8,1,3298.90587964561,0.412363234955701,367.272587846543,367.272587846543,0,0,135.127391428878,132.707122620195,100,100,0,0,100,0,100,0,0.512575918242668,0.895174980126579,0.523101859291907,0.0268981407080932,0,0,0,0,-1.05919029675681,6,low_it_load,residual_sac,1
325.153746243289,143.26449295958,325.153746243289,9376.46184056652,0,0,4134.00161753886,440.891424487372,779.3,779.3,100,779.3,1,3137.20585407736,0.39215073175967,633.233585135806,633.233585135806,0,0,88.8991237926388,75.8113763295114,100,100,0,0,100,0,100,0,0.401676858704512,0.72542307261993,0.72542307261993,0.17542307261993,0,0,0,0,-1.49233846832896,7,low_it_load,residual_sac,1
309.311611869362,149.148466837918,309.311611869362,8914.75900452116,0,0,3841.47815627633,430.912170965935,1103.7,1103.7,100,1103.7,1,2917.7581710769,0.364719771384613,609.841957250908,609.841957250908,0,0,126.585892429025,121.681833105937,100,100,0,0,100,0,100,0,0.566861970271549,0.9,0.631155449601251,0.0811554496012511,6.25,0,6.25,0,-1.55362986289497,8,low_it_load,residual_sac,1
251.627196779001,131.690265618133,251.627196779001,8241.13826005702,0,0,3176.70938630519,385.469735619168,1621.7,1621.7,100,1621.7,1,2850.00926286725,0.356251157858407,447.537416164159,447.537416164159,0,0,142.728259590851,134.608263533399,100,100,0,0,100,0,100,0,0.539577351941054,0.9,0.56220997428292,0.0122099742829199,12.5,0,12.5,0,-1.37177360018889,9,low_it_load,residual_sac,1
197.61887038946,118.677829736794,197.61887038946,8263.63618938825,0,0,2664.06586716118,322.384215145173,1678,1678,100,1678,1,2870.51210389605,0.358814012987006,580.266920229308,580.266920229308,0,0,144.180898675379,126.136123244554,100,100,0,0,100,0,100,0,0.558187037177764,0.9,0.654188737804089,0.104188737804089,14.5833333333333,0,14.5833333333333,0,-1.23622739309161,10,low_it_load,residual_sac,1
168.775778922787,129.058087016381,168.775778922787,7390.98329239143,132.578980691321,132.578980691321,2819.56851905336,381.487605574205,2333.3,2200.72101930868,94.3179625126935,2200.72101930868,0.943179625126935,2798.02578846217,0.349753223557771,562.394752845804,562.394752845804,0,0,194.491295052353,139.918820071393,100,100,0,0,100,0,100,0,0.563285442658096,0.9,0.719908241838822,0.169908241838822,21.875,0,21.875,0,-1.3443550730873,11,low_it_load,residual_sac,1
114.356253835457,100.004594405975,114.356253835457,5570.09409647409,2.23420297295472,2.23420297295472,2194.47256768038,393.97405675238,2325.2,2322.96579702705,99.9039135139793,2322.96579702705,0.999039135139793,2615.84455822323,0.326980569777904,423.547663490891,423.547663490891,0,0,139.731824362438,123.355355370648,100,100,0,0,100,0,100,0,0.513996947939229,0.9,0.695558007329576,0.145558007329576,11.4583333333333,0,11.4583333333333,0,-1.04171452506223,12,low_it_load,residual_sac,1
123.535114156242,88.5870730503698,123.535114156242,3285.77214668174,52.9573453387123,52.9573453387123,1586.99958208311,482.991367397707,2654.2,2601.24265466129,98.0047718582355,2601.24265466129,0.980047718582355,3610.34072112494,0.451292590140617,274.466794441509,274.466794441509,0,0,144.036321591531,133.744604010972,100,100,0,0,100,0,100,0,0.465939966771545,0.9,0.514923315180014,0.0350766848199864,8.33333333333333,0,8.33333333333333,0,-0.922782010941352,13,low_it_load,residual_sac,1
343.444604113249,148.96229287062,343.444604113249,7697.65545662554,0,0,4153.63483348386,539.597395192419,2018.2,2018.2,100,2018.2,1,4535.46753675375,0.566933442094219,576.942175690282,576.942175690282,0,0,95.0331238710577,84.1368124820292,100,100,1,1,100,0,100,0,0.380864169808396,0.846808943790561,0.617587872487649,0.0675878724876494,0,0,0,0,-1.55169055073563,14,low_it_load,residual_sac,1
312.283589952664,145.852466776093,312.283589952664,8125.74007084244,0,0,3828.5656266274,471.165160742149,1613.7,1613.7,100,1613.7,1,3249.19176888603,0.406148971110754,583.92129121092,583.92129121092,0,0,124.164333980635,118.232819771369,100,100,0,0,100,0,100,0,0.539285102583118,0.9,0.608263130192444,0.0582631301924443,6.25,0,6.25,0,-1.51929652891764,15,low_it_load,residual_sac,1
348.093177630804,154.182601923392,348.093177630804,7884.95638783038,0,0,4065.90237623857,515.653121748889,1563.5,1563.5,100,1563.5,1,3206.03929783953,0.400754912229941,449.025845246721,449.025845246721,0,0,128.971586177579,124.29301335603,100,100,1,1,100,0,100,0,0.516715735180254,0.9,0.530702517332164,0.0192974826678356,5.20833333333333,0,5.20833333333333,0,-1.60606877003533,16,low_it_load,residual_sac,1
285.02957855919,140.730795542601,285.02957855919,8146.75145613319,0,0,3512.94583929818,431.208176438659,1555.2,1555.2,100,1555.2,1,2859.41319291956,0.357426649114945,579.399562697673,579.399562697673,0,0,124.042758285631,117.009334886196,100,100,0,0,100,0,100,0,0.527177734151217,0.9,0.677513892701077,0.127513892701077,10.4166666666667,0,10.4166666666667,0,-1.46594578690209,17,low_it_load,residual_sac,1
296.986222774404,149.640669507236,296.986222774404,9010.14124609506,0,0,3982.57639377782,442.010428582776,908,908,100,908,1,2558.36902803162,0.319796128503953,574.749425455093,574.749425455093,0,0,87.4256636373651,82.4638843384814,100,100,0,0,100,0,100,0,0.557722587100411,0.9,0.864026142641308,0.314026142641308,4.16666666666667,0,4.16666666666667,0,-1.5587569740337,18,low_it_load,residual_sac,1
211.772013079119,134.663875734647,211.772013079119,6220.47001360016,0,0,3414.78409790501,548.959176788744,1416.7,1416.7,100,1416.7,1,2379.97669184792,0.29749708648099,524.366454825211,524.366454825211,0,0,133.222043367164,128.821383896676,100,100,0,0,100,0,100,0,0.563141053994729,0.9,0.703475573635784,0.153475573635784,5.20833333333333,0,5.20833333333333,0,-1.40274870556924,19,low_it_load,residual_sac,1
193.372202418001,101.789002440684,193.372202418001,4322.76497294189,0,0,2426.69271795268,561.37512289991,1177.4,1177.4,100,1177.4,1,2582.2743006058,0.322784287575725,304.351759897244,304.351759897244,0,0,125.677222931326,118.523850105703,100,100,0,0,100,0,100,0,0.462302931100334,0.760418747855964,0.462302931100334,0.0876970688996662,0,0,0,0,-1.06030210875712,20,low_it_load,residual_sac,1
376.265028947015,157.96955095762,376.265028947015,8121.5032195637,0,0,4619.09033863097,568.748200148976,1432.6,1432.6,100,1432.6,1,3960.13191811597,0.495016489764497,590.577912018034,590.577912018034,0,0,90.5383544482792,78.5376606509089,100,100,1,1,100,0,100,0,0.413094451289529,0.789127014766926,0.635565117303858,0.0855651173038579,0,0,0,0,-1.64551615580854,21,low_it_load,residual_sac,1
345.066214993168,161.839934207219,345.066214993168,8066.7463296211,0,0,4560.18736525116,565.306900566112,1354.2,1354.2,100,1354.2,1,3160.27964222596,0.395034955278245,585.20791343921,585.20791343921,0,0,128.788076495306,124.371801503003,100,100,0,0,100,0,100,0,0.520665418502374,0.870501805789312,0.571478833310324,0.0214788333103236,0,0,0,0,-1.68583264799187,22,low_it_load,residual_sac,1
312.420608814742,152.108412049467,312.420608814742,8194.42946826557,0,0,4289.33279085804,523.444958245021,1279.8,1279.8,100,1279.8,1,2716.33917276327,0.339542396595409,471.854330248129,471.854330248129,0,0,124.265517224398,116.334240697324,100,100,0,0,100,0,100,0,0.53023666207834,0.878655771614887,0.57382768467139,0.0238276846713898,0,0,0,0,-1.58446262551528,23,low_it_load,residual_sac,1
280.731767455448,137.232641906531,280.731767455448,7840.91462486308,0,0,3348.87258926993,427.102289655195,1652.4,1652.4,100,1652.4,1,2924.42952870795,0.365553691088494,561.821142880042,561.821142880042,0,0,137.12233674568,124.34799848924,100,100,0,0,100,0,100,0,0.549195834580578,0.9,0.604388804770535,0.0543888047705346,12.5,0,12.5,0,-1.42950668652636,24,low_it_load,residual_sac,1
150.95296742845,113.990288799771,150.95296742845,7729.93658116931,34.3639419579041,34.3639419579041,2427.44172161146,314.031259651584,2015.9,1981.5360580421,98.2953548311968,1981.5360580421,0.982953548311968,2604.31210183589,0.325539012729486,539.610163089905,539.610163089905,0,0,165.10342923404,118.800624184007,100,100,0,0,100,0,100,0,0.553257233647739,0.9,0.784115993150104,0.234115993150104,17.7083333333333,0,17.7083333333333,0,-1.18739884166428,25,low_it_load,residual_sac,1
155.756551288977,100.17146638628,155.756551288977,6515.85423139156,0,0,2236.27192085401,343.204719049772,1225.4,1225.4,100,1225.4,1,2113.05849996799,0.264132312495999,406.936983256432,406.936983256432,0,0,108.112768530558,99.4599622674286,100,100,0,0,100,0,100,0,0.555287488863664,0.891720320625543,0.71428976869551,0.16428976869551,0,0,0,0,-1.04345277485709,26,low_it_load,residual_sac,1
170.315004441781,95.2731472115508,170.315004441781,4054.21390004113,0,0,2092.33901832628,516.089942443601,1398.4,1398.4,100,1398.4,1,2685.16291799607,0.335645364749508,274.766297676662,274.766297676662,0,0,130.150434990039,127.303708717227,100,100,0,0,100,0,100,0,0.465439424582965,0.796286343917308,0.465439424582965,0.0845605754170351,0,0,0,0,-0.992428616786987,27,low_it_load,residual_sac,1
400.029393080936,164.071912885265,400.029393080936,8262.78472810114,0,0,4816.76689922844,582.947161003355,1187.9,1187.9,100,1187.9,1,3830.64472609219,0.478830590761523,598.969347535623,598.969347535623,0,0,93.0226557014945,82.3960163630545,100,100,1,1,100,0,100,0,0.391556512399165,0.765720484094385,0.616664646228951,0.066664646228951,0,0,0,0,-1.70908242588818,28,low_it_load,residual_sac,1
374.425365770104,170.736612543801,374.425365770104,7933.38352049451,0,0,4610.38633509454,581.137458334696,1584,1584,100,1584,1,3514.53174482781,0.439316468103477,596.385945016137,596.385945016137,0,0,135.74163042004,133.267022294827,100,100,0,0,100,0,100,0,0.512168445959983,0.9,0.574149161844085,0.0241491618440852,5.20833333333333,0,5.20833333333333,0,-1.77850638066459,29,low_it_load,residual_sac,1
310.260708882603,153.221666979028,310.260708882603,7256.65538627977,0,0,3947.87910225059,544.035632409234,2027.9,2027.9,100,2027.9,1,3204.59894430589,0.400574868038236,397.996218365873,397.996218365873,0,0,143.809745149519,137.812600224295,100,100,0,0,100,0,100,0,0.502520258749493,0.9,0.502520258749493,0.0474797412505066,9.375,0,9.375,0,-1.59605903103154,30,low_it_load,residual_sac,1
285.421068646489,143.683161359136,285.421068646489,8924.20390036018,0,0,4105.68836077029,460.062141857223,757.2,757.2,100,757.2,1,2459.54672536858,0.307443340671072,613.473147402429,613.473147402429,0,0,104.755999668408,93.0439008399844,100,100,0,0,100,0,100,0,0.521733997060734,0.833724270068684,0.692327672147428,0.142327672147428,0,0,0,0,-1.496699597491,31,low_it_load,residual_sac,1
246.142166557858,139.968696443855,246.142166557858,9196.68978792128,0,0,3492.24242818926,379.72819663613,819,819,100,819,1,2398.09094003916,0.299761367504895,581.198172731811,581.198172731811,0,0,102.548579582487,93.6049172648367,100,100,0,0,100,0,100,0,0.561341006180855,0.9,0.886076136572101,0.336076136572101,10.4166666666667,0,10.4166666666667,0,-1.45800725462349,32,low_it_load,residual_sac,1
178.565223737228,125.185873739516,178.565223737228,6898.23225027824,0,0,3366.09626977068,487.965053602669,700.5,700.5,100,700.5,1,1860.41918392571,0.232552397990714,507.01664086432,507.01664086432,0,0,122.64814020353,117.648307047784,100,100,0,0,100,0,100,0,0.563551188700472,0.822572017316791,0.715133028429454,0.165133028429454,0,0,0,0,-1.30401951811995,33,low_it_load,residual_sac,1
172.651712334605,99.1874849580035,172.651712334605,4513.24549454555,0,0,2400.04805663061,531.778752015855,940.7,940.7,100,940.7,1,2256.02739017114,0.282003423771393,349.988242936182,349.988242936182,0,0,128.896818464161,125.509257242084,100,100,0,0,100,0,100,0,0.45155689738726,0.749478465737516,0.45155689738726,0.0984431026127398,0,0,0,0,-1.03320296831254,34,low_it_load,residual_sac,1
402.640196168024,169.859072780748,402.640196168024,9081.62824167134,0,0,5154.63503850712,567.5893024177,715.9,715.9,100,715.9,1,3274.42441622136,0.40930305202767,624.35545075903,624.35545075903,0,0,89.3851885189672,78.7732102908194,100,100,0,0,100,0,100,0,0.427968038774355,0.72554786324811,0.686185141818425,0.136185141818425,0,0,0,0,-1.76936534146613,35,low_it_load,residual_sac,1
450.431741291911,186.806453581701,450.431741291911,8772.76621120541,0,0,5300.11741054292,604.155779709838,628.5,628.5,100,628.5,1,2439.46694159693,0.304933367699616,625.613821468081,625.613821468081,0,0,130.026564236994,127.46819537133,100,100,0,0,100,0,100,0,0.509467602043492,0.786816220241776,0.592490441652299,0.0424904416522985,0,0,0,0,-1.94590055814272,36,low_it_load,residual_sac,1
358.878352609238,165.211605944479,358.878352609238,8440.40791139366,0,0,4512.98521740023,534.688046451899,1100.7,1100.7,100,1100.7,1,2804.26484444331,0.350533105555413,520.396435440362,520.396435440362,0,0,127.431509881085,121.87084990403,100,100,0,0,100,0,100,0,0.545943691630796,0.9,0.59635528359743,0.0463552835974297,4.16666666666667,0,4.16666666666667,0,-1.72095422858832,37,low_it_load,residual_sac,1
419.376231778779,177.079030357397,419.376231778779,8800.86384569154,0,0,5208.39833537071,591.805353052982,656.3,656.3,100,656.3,1,2328.16254359441,0.291020317949301,626.005640884945,626.005640884945,0,0,116.506992545529,112.016879487783,100,100,1,1,100,0,100,0,0.543911061835557,0.795318332087326,0.611667646390281,0.061667646390281,0,0,0,0,-1.84457323288955,38,low_it_load,residual_sac,1
384.812455264837,189.419490981609,384.812455264837,9312.16981348636,0,0,5331.11009852299,572.488496805783,615.2,615.2,100,615.2,1,2599.83670009629,0.324979587512037,584.31208718462,584.31208718462,0,0,104.122799375995,100.210329448653,100,100,0,0,100,0,100,0,0.564619507490706,0.9,0.868914072227636,0.318914072227636,2.08333333333333,0,2.08333333333333,0,-1.97311969772509,39,low_it_load,residual_sac,1
266.064198387206,148.155426954661,266.064198387206,6621.25469017942,0,0,3742.59911152371,565.240167709406,1260.8,1260.8,100,1260.8,1,2217.5730831304,0.2771966353913,576.962548509331,576.962548509331,0,0,132.956776779594,129.597365384726,100,100,0,0,100,0,100,0,0.567340595013319,0.9,0.735110132491891,0.185110132491891,2.08333333333333,0,2.08333333333333,0,-1.54328569744438,40,low_it_load,residual_sac,1
195.408850246447,97.0924321677853,195.408850246447,4677.80459167767,0,0,2333.71063905941,498.89015099334,773.1,773.1,100,773.1,1,2194.89532544964,0.274361915681205,325.506412863337,325.506412863337,0,0,122.208230760379,115.851694904268,100,100,0,0,100,0,100,0,0.465871094071796,0.729561721637749,0.465871094071796,0.0841289059282039,0,0,0,0,-1.01137950174776,41,low_it_load,residual_sac,1
392.637934743098,150.756694503425,392.637934743098,9127.04548692808,0,0,4289.25095546509,469.949553950206,725.6,725.6,100,725.6,1,3042.12565141178,0.380265706426472,623.301394245708,623.301394245708,0,0,87.0032710914912,73.0964155867696,100,100,0,0,100,0,100,0,0.464215474779987,0.741034702837567,0.703490653333319,0.153490653333319,0,0,0,0,-1.57038223441067,42,low_it_load,residual_sac,1
421.564296661393,173.24680548948,421.564296661393,8971.76574140057,0,0,4700.0977974941,523.876562648678,601.9,601.9,100,601.9,1,2565.66238585001,0.320707798231252,622.685073123965,622.685073123965,0,0,126.702713641802,122.421218082309,100,100,0,0,100,0,100,0,0.553266681955514,0.824052641701324,0.633517349179621,0.0835173491796208,0,0,0,0,-1.80465422384875,43,low_it_load,residual_sac,1
369.43135299559,160.095762904957,369.43135299559,8178.31130514763,0,0,4157.2763362188,508.329431480813,1402.6,1402.6,100,1402.6,1,2787.05221540044,0.348381526925055,450.076596884091,450.076596884091,0,0,133.53145899086,129.361990496025,100,100,0,0,100,0,100,0,0.554004069339318,0.9,0.562993681317251,0.0129936813172505,7.29166666666667,0,7.29166666666667,0,-1.66766419692664,44,low_it_load,residual_sac,1
368.406087632096,164.873628885593,368.406087632096,9526.32647864796,0,0,4657.84459998507,488.944464629156,497.2,497.2,100,497.2,1,2393.98506419668,0.299248133024585,637.506533301052,637.506533301052,0,0,104.264510407872,93.3505172841251,100,100,0,0,100,0,100,0,0.54923479178883,0.843706022818632,0.737618305247339,0.187618305247338,0,0,0,0,-1.71743363422493,45,low_it_load,residual_sac,1
361.335891239585,179.049305889676,361.335891239585,9625.75341678727,0,0,4883.02048318697,507.287094501196,649.1,649.1,100,649.1,1,2593.62599344971,0.324203249181214,604.231259345913,604.231259345913,0,0,103.523415305099,99.0062706355843,100,100,0,0,100,0,100,0,0.561676668292798,0.9,0.892769820015445,0.342769820015445,6.25,0,6.25,0,-1.86509693635079,46,low_it_load,residual_sac,1
271.726728243172,141.646387470114,271.726728243172,7498.46061246342,0,0,3825.12172902523,510.120933711032,405.4,405.4,100,405.4,1,1498.47868991705,0.187309836239632,568.666311567363,568.666311567363,0,0,124.847782632415,119.574142899364,100,100,0,0,100,0,100,0,0.565863213834083,0.772172081396981,0.710925767000617,0.160925767000617,0,0,0,0,-1.47548320281369,47,low_it_load,residual_sac,1
215.745855908777,106.544778449825,215.745855908777,5195.21749208209,0,0,2596.59303969506,499.804492045322,584.7,584.7,100,584.7,1,1822.11579923243,0.227764474904054,462.268697287642,462.268697287642,0,0,130.261604978803,128.193222545087,100,100,0,0,100,0,100,0,0.499206599955415,0.739656900313324,0.499206599955415,0.050793400044585,0,0,0,0,-1.10984144218568,48,low_it_load,residual_sac,1
448.805995729581,168.870752328461,448.805995729581,9365.32545383568,0,0,5003.96217186759,534.307344313182,733.5,733.5,100,733.5,1,3279.94207528454,0.409992759410567,645.60399470864,645.60399470864,0,0,83.4411213342964,71.2690062820911,100,100,1,1,100,0,100,0,0.487444829409773,0.757469416796405,0.661202640468238,0.111202640468238,0,0,0,0,-1.7590703367548,49,low_it_load,residual_sac,1
510.774339419646,211.671259476388,510.774339419646,9718.36764884757,0,0,6133.66612184899,631.141601498924,433.8,433.8,100,433.8,1,2483.00674559712,0.310375843199639,665.430010736707,665.430010736707,0,0,131.26764131631,128.523352555931,100,100,0,0,100,0,100,0,0.536737579199396,0.786077620002044,0.649433089635514,0.0994330896355141,0,0,0,0,-2.20490895287904,50,low_it_load,residual_sac,1
509.821094446326,210.816796561444,509.821094446326,10166.5659913443,0,0,6081.2330940626,598.159998099663,384.1,384.1,100,384.1,1,2653.23999674612,0.331654999593265,676.278689070664,676.278689070664,0,0,121.471886958346,112.804848793894,100,100,0,0,100,0,100,0,0.556002195089647,0.863908799932899,0.684909271433091,0.134909271433091,0,0,0,0,-2.19600829751504,51,low_it_load,residual_sac,1
429.006342603923,198.632092475268,429.006342603923,9910.93056644153,0,0,5368.38141215805,541.662700204501,593.2,593.2,100,593.2,1,2675.12768302524,0.334390960378155,668.893195518097,668.893195518097,0,0,130.662811311515,122.205254821104,100,100,0,0,100,0,100,0,0.567550990296678,0.9,0.749457572462858,0.199457572462858,9.375,0,9.375,0,-2.06908429661737,52,low_it_load,residual_sac,1
290.081704043872,155.406471777463,290.081704043872,9789.5475794917,0,0,3807.86821613331,388.972849379728,950.6,950.6,100,950.6,1,2390.06832151806,0.298758540189757,622.529321965229,622.529321965229,0,0,122.526903909794,105.78218744613,100,100,0,0,100,0,100,0,0.561256778680803,0.9,0.9,0.35,16.6666666666667,0,16.6666666666667,0,-1.61881741434858,53,low_it_load,residual_sac,1
249.004665562057,142.928773804291,249.004665562057,7433.17065487254,0,0,3754.18462476594,505.058312135619,767.5,767.5,100,767.5,1,1997.42155647902,0.249677694559877,506.448178911957,506.448178911957,0,0,128.293452752867,124.691157694906,100,100,0,0,100,0,100,0,0.560273065741072,0.853717790774853,0.728279027382742,0.178279027382742,0,0,0,0,-1.4888413937947,54,low_it_load,residual_sac,1
285.844797248368,128.669104986707,285.844797248368,5592.18877778159,0,0,3486.86419379568,623.524049769099,278.4,278.4,100,278.4,1,1600.29111864092,0.200036389830115,491.166591337757,491.166591337757,0,0,128.108231438058,124.561945907772,100,100,0,0,100,0,100,0,0.470093660104329,0.685275182320822,0.470093660104329,0.0799063398956707,0,0,0,0,-1.34030317694486,55,low_it_load,residual_sac,1
487.586661391045,189.809014737952,487.586661391045,10244.2673489853,0,0,5723.19175974222,558.67262779989,447.2,447.2,100,447.2,1,3158.84859283548,0.394856074104435,676.469865612326,676.469865612326,0,0,90.5431605553711,79.9677704177694,100,100,1,1,100,0,100,0,0.45624162565651,0.730243202889532,0.709219283391613,0.159219283391613,0,3.125,0,3.125,-1.97717723685367,56,low_it_load,residual_sac,1
412.254924436727,180.97843709414,412.254924436727,10619.2677017607,0,0,4904.56509019226,461.855301884805,329.9,329.9,100,329.9,1,2784.5684891587,0.348071061144838,676.469865612326,676.469865612326,0,0,123.558337919818,116.953590287395,100,100,0,0,100,0,100,0,0.5678125,0.877994436805879,0.704116767317105,0.154116767317105,1.04166666666667,1.04166666666667,1.04166666666667,1.04166666666667,-1.88519205306396,57,low_it_load,residual_sac,1
318.555658477215,148.510412003872,318.555658477215,10387.8289631579,0,0,3731.81957265557,359.249231566197,496.1,496.1,100,496.1,1,2739.52182932765,0.342440228665957,624.753447522008,624.753447522008,0,0,124.297139142868,116.109186034978,100,100,1,1,100,0,100,0,0.553127785429455,0.9,0.660889686045078,0.110889686045078,9.375,0,9.375,0,-1.54698345837366,58,low_it_load,residual_sac,1
426.34664335631,180.419359771609,426.34664335631,10568.8712694385,0,0,4566.29624126436,432.051457989511,614.3,614.3,100,614.3,1,2837.78545127264,0.35472318140908,676.469865612326,676.469865612326,0,0,127.881968690067,118.160735726112,100,100,1,1,100,0,100,0,0.566655683170944,0.9,0.726099255671947,0.176099255671947,11.4583333333333,3.125,11.4583333333333,3.125,-1.87936833095426,59,low_it_load,residual_sac,1
431.001188574734,212.118642720635,431.001188574734,10259.7420591456,0,0,5692.21235448618,554.810473954569,935.5,935.5,100,935.5,1,2624.81087408126,0.328101359260157,676.469865612326,676.469865612326,0,0,140.700991885903,125.174790079525,100,100,0,0,100,0,100,0,0.5678125,0.9,0.9,0.35,17.7083333333333,1.04166666666667,17.7083333333333,1.04166666666667,-2.20956919500661,60,low_it_load,residual_sac,1
348.998221490888,175.245227109914,348.998221490888,8310.94504370026,0,0,4850.45868980108,583.623001270807,426.3,426.3,100,426.3,1,1681.30710746914,0.210163388433643,633.231202244487,633.231202244487,0,0,131.383085464311,127.376483481019,100,100,0,0,100,0,100,0,0.5678125,0.808681028336859,0.760635893263115,0.210635893263115,1.04166666666667,0,1.04166666666667,0,-1.82547111572827,61,low_it_load,residual_sac,1
263.661589859475,122.787422855337,263.661589859475,5759.82485830159,0,0,2999.62998092003,520.784929180041,616.6,616.6,100,616.6,1,1959.20065388893,0.244900081736116,545.866395319941,545.866395319941,0,0,135.867404316801,134.566516801715,100,100,0,0,100,0,100,0,0.528898180922328,0.777515925675197,0.528898180922328,0.0211018190776717,0,0,0,0,-1.27903565474309,62,low_it_load,residual_sac,1
532.977539336,194.135611233892,532.977539336,10440.2238711898,0,0,5636.29783447682,539.863694880184,679,679,100,679,1,3367.02232224414,0.420877790280518,676.469865612326,676.469865612326,0,0,90.0495767851622,79.4028823203919,100,100,1,1,100,0,100,0,0.451456631968631,0.756778962447869,0.71782924524632,0.16782924524632,0,4.16666666666667,0,4.16666666666667,-2.02224595035304,63,low_it_load,residual_sac,1
478.19966349057,205.969132013082,478.19966349057,10076.8339213634,0,0,5449.66814241584,540.811547053709,1164.1,1164.1,100,1164.1,1,3227.26918670375,0.403408648337968,676.469865612326,676.469865612326,0,0,152.832558586997,142.126801692792,100,100,0,0,100,0,100,0,0.5678125,0.9,0.670330951985727,0.120330951985727,11.4583333333333,3.125,11.4583333333333,3.125,-2.14551179180294,64,low_it_load,residual_sac,1
427.194811402038,183.218083276172,427.194811402038,10344.2816126303,0,0,5105.90120890635,493.596500956825,916.3,916.3,100,916.3,1,2993.92061730959,0.374240077163699,627.723975451814,627.723975451814,0,0,125.840823443562,119.937395065712,100,100,1,1,100,0,100,0,0.543897644783754,0.9,0.593377252923741,0.0433772529237412,6.25,0,6.25,0,-1.90852170079346,65,low_it_load,residual_sac,1
331.280861823656,161.434046383206,331.280861823656,10908.9547773843,0,0,3919.48815719732,359.290897907371,617.4,617.4,100,617.4,1,2740.39342473749,0.342549178092186,676.469865612326,676.469865612326,0,0,139.067349195805,122.305817923034,100,100,1,1,100,0,100,0,0.567347394939787,0.9,0.753976415279241,0.203976415279241,15.625,4.16666666666667,15.625,4.16666666666667,-1.68160464982506,66,low_it_load,residual_sac,1
275.60769832836,152.224426933773,275.60769832836,11084.7594630738,0,0,3526.50628002115,318.140081593007,380,380,100,380,1,1856.52748895311,0.232065936119139,676.469865612326,676.469865612326,0,0,128.880200624005,104.716018724584,100,100,0,0,100,0,100,0,0.564800899272553,0.9,0.9,0.35,23.9583333333333,1.04166666666667,23.9583333333333,1.04166666666667,-1.58567111389347,67,low_it_load,residual_sac,1
17.2908596183172,103.386872447876,17.2908596183172,9014.21137984328,0,0,2423.58198027586,268.86234171247,476.1,476.1,100,476.1,1,1724.71789251925,0.215589736564907,630.230833392477,630.230833392477,0,0,124.916042069401,116.715089271123,100,100,0,0,100,0,100,0,0.564990993439904,0.9,0.9,0.35,20.8333333333333,0,20.8333333333333,0,-1.07694658799871,68,low_it_load,residual_sac,1
160.782398231673,97.3586361068919,160.782398231673,6017.60603685176,0,0,2295.18688729241,381.411955724038,584.2,584.2,100,584.2,1,1832.0896238138,0.229011202976725,522.328825872934,522.328825872934,0,0,131.839172507744,130.785479024053,100,100,0,0,100,0,100,0,0.55595703306021,0.775180956885433,0.55595703306021,0.00595703306020978,0,0,0,0,-1.01415245944679,69,low_it_load,residual_sac,1
425.434701791178,166.988211069032,425.434701791178,10843.8695117765,0,0,4823.25293990643,444.790758010168,890.2,890.2,100,890.2,1,3252.66694672084,0.406583368340105,676.469865612326,676.469865612326,0,0,81.9512885383481,72.1651118860286,100,100,1,1,100,0,100,0,0.483198083894936,0.792146086879812,0.748486560039999,0.198486560039999,0,7.29166666666667,0,7.29166666666667,-1.73946053196908,70,low_it_load,residual_sac,1
449.254122763099,200.331368804579,449.254122763099,11467.983815049,0,0,5780.81055471021,504.08255260391,424.4,424.4,100,424.4,1,2829.12116448351,0.353640145560438,676.469865612326,676.469865612326,0,0,123.549167576545,120.017489313072,100,100,0,0,100,0,100,0,0.567158095479938,0.859453182428684,0.675429884087114,0.125429884087114,1.04166666666667,6.25,1.04166666666667,6.25,-2.08678509171436,71,low_it_load,residual_sac,1
507.714836166356,215.037365948572,507.714836166356,11537.116839915,0,0,5892.3300105293,510.728121443965,328.1,328.1,100,328.1,1,2878.69224042858,0.359836530053572,676.469865612326,676.469865612326,0,0,133.632316491082,126.894525972368,100,100,1,1,100,0,100,0,0.5678125,0.9,0.645160569060087,0.0951605690600873,11.4583333333333,2.08333333333333,11.4583333333333,2.08333333333333,-2.2399725619643,72,low_it_load,residual_sac,1
430.079812697356,203.417033277172,430.079812697356,11781.7568520919,0,0,5368.58001388694,455.668885488308,335.9,335.9,100,335.9,1,2695.11726713156,0.336889658391445,676.469865612326,676.469865612326,0,0,138.967162828527,124.178579514878,100,100,1,1,100,0,100,0,0.566647969226864,0.9,0.792685963055684,0.242685963055684,16.6666666666667,7.29166666666667,16.6666666666667,7.29166666666667,-2.11892742997054,73,low_it_load,residual_sac,1
263.538711824479,158.475629552013,263.538711824479,11724.6349857311,0,0,3773.53480163858,321.846676355467,444.3,444.3,100,444.3,1,1793.88972609484,0.224236215761855,676.469865612326,676.469865612326,0,0,137.41539965661,112.165330448338,100,100,0,0,100,0,100,0,0.566366133978701,0.9,0.9,0.35,29.1666666666667,3.125,29.1666666666667,3.125,-1.65078780783346,74,low_it_load,residual_sac,1
129.776827974849,124.395893650323,129.776827974849,9325.96265940475,0,0,2688.04058746811,288.231969785699,558,558,100,558,1,1768.70680391246,0.221088350489057,676.469865612326,676.469865612326,0,0,150.234201114201,133.56446242791,100,100,0,0,100,0,100,0,0.5678125,0.9,0.88209401956871,0.33209401956871,15.625,1.04166666666667,15.625,1.04166666666667,-1.29579055885753,75,low_it_load,residual_sac,1
260.06562878085,126.059484386776,260.06562878085,6430.01650683432,0,0,3079.23037379885,478.883743226165,555.6,555.6,100,555.6,1,1912.14046989196,0.239017558736495,568.606898139661,568.606898139661,0,0,136.770877382204,134.884643461555,100,100,0,0,100,0,100,0,0.562922122091125,0.79702961120274,0.572733730038457,0.0227337300384574,0,0,0,0,-1.31311962902891,76,low_it_load,residual_sac,1
426.066391926794,173.166474370912,426.066391926794,11775.0872718516,0,0,5176.83547243489,439.643066154603,659.9,659.9,100,659.9,1,3157.52622404338,0.394690778005422,676.469865612326,676.469865612326,0,0,79.4514047632596,70.057001817053,100,100,1,1,100,0,100,0,0.471691529197882,0.778586285928862,0.734847861965808,0.184847861965808,0,14.5833333333333,0,14.5833333333333,-1.80381744136366,77,low_it_load,residual_sac,1
477.063218951072,213.964318690955,477.063218951072,11891.7141572608,0,0,5809.30520555095,488.517057232152,601,601,100,601,1,2961.90940513047,0.370238675641309,676.469865612326,676.469865612326,0,0,145.194892699515,136.557366195143,100,100,0,0,100,0,100,0,0.565585157415647,0.9,0.708556412754903,0.158556412754903,11.4583333333333,7.29166666666667,11.4583333333333,7.29166666666667,-2.22879498636411,78,low_it_load,residual_sac,1
393.136663649251,192.176822197634,393.136663649251,11434.562135033,0,0,5011.3887163927,438.266779017177,841.8,841.8,100,841.8,1,2986.58401638789,0.373323002048487,676.469865612326,676.469865612326,0,0,168.23644922997,146.592573815039,100,100,0,0,100,0,100,0,0.559295437418662,0.9,0.631685225619751,0.0816852256197514,14.5833333333333,2.08333333333333,14.5833333333333,2.08333333333333,-2.00184189789202,79,low_it_load,residual_sac,1
356.407627583616,187.6014707,356.407627583616,12274.9106698105,0,0,4873.83804654079,397.056905556775,547.9,547.9,100,547.9,1,2542.75351963581,0.317844189954476,676.469865612326,676.469865612326,0,0,145.047264013055,124.691017770214,100,100,0,0,100,0,100,0,0.565461422393565,0.9,0.824092986723196,0.274092986723196,19.7916666666667,7.29166666666667,19.7916666666667,7.29166666666667,-1.95418198645834,80,low_it_load,residual_sac,1
330.798247925772,199.759306903829,330.798247925772,11811.1304642793,0,0,5372.65636058719,454.88079035583,623.5,623.5,100,623.5,1,2031.34209395846,0.253917761744808,676.469865612326,676.469865612326,0,0,155.362558864056,126.801994681631,100,100,0,0,100,0,100,0,0.563311497887985,0.9,0.9,0.35,23.9583333333333,3.125,23.9583333333333,3.125,-2.08082611358155,81,low_it_load,residual_sac,1
244.578518173401,167.992596639852,244.578518173401,9699.36161022299,0,0,4397.7596893287,453.407127814838,314.4,314.4,100,314.4,1,1728.39942888563,0.216049928610703,676.469865612326,676.469865612326,0,0,138.038542924188,133.56364629376,100,100,0,0,100,0,100,0,0.567567823472737,0.9,0.878303640942223,0.328303640942223,9.375,2.08333333333333,9.375,2.08333333333333,-1.74992288166513,82,low_it_load,residual_sac,1
162.551583858228,108.260927633119,162.551583858228,6822.57487300625,0,0,2624.82582336093,384.726569106064,328.3,328.3,100,328.3,1,1664.90423107336,0.208113028884169,597.016473366359,597.016473366359,0,0,134.653510165389,133.871924877167,100,100,0,0,100,0,100,0,0.566641888757574,0.785296082818017,0.610465368004561,0.0604653680045613,0,0,0,0,-1.12771799617832,83,low_it_load,residual_sac,1
297.086008307414,159.907468990246,297.086008307414,12089.2243214687,0,0,5341.33092305292,441.825776494815,372.8,372.8,100,372.8,1,2500.32761862451,0.312540952328064,676.469865612326,676.469865612326,0,0,66.1428827375521,54.852855064005,100,100,0,0,100,0,100,0,0.517157774865591,0.757355990126372,0.757355990126372,0.207355990126372,0,12.5,0,12.5,-1.66570280198173,84,low_it_load,residual_sac,1
341.052317723181,207.085553526643,341.052317723181,12343.2258239038,0,0,6199.04688845902,502.222593744822,265.6,265.6,100,265.6,1,3054.91304489402,0.381864130611753,676.469865612326,676.469865612326,0,0,134.104683853175,125.891041225339,100,100,0,0,100,0,100,0,0.567300897114645,0.9,0.732846557229385,0.182846557229385,12.5,8.33333333333333,12.5,8.33333333333333,-2.1571411825692,85,low_it_load,residual_sac,1
408.445210547524,233.393180151146,408.445210547524,12112.3756794761,0,0,6945.06400807398,573.385782596069,541.3,541.3,100,541.3,1,2842.61861377926,0.355327326722407,676.469865612326,676.469865612326,0,0,155.269839396089,138.754445984141,100,100,0,0,100,0,100,0,0.564858272453108,0.9,0.722989590978772,0.172989590978772,15.625,6.25,15.625,6.25,-2.43117895990777,86,low_it_load,residual_sac,1
470.094622852619,246.054294689471,470.094622852619,12443.3163102196,0,0,7218.11169900983,580.079419268771,414.8,414.8,100,414.8,1,2604.14887075392,0.32551860884424,676.469865612326,676.469865612326,0,0,141.427212317498,122.601699003,100,100,0,0,100,0,100,0,0.566325596733379,0.9,0.841853032213668,0.291853032213668,15.625,9.375,15.625,9.375,-2.56306556968199,87,low_it_load,residual_sac,1
405.820514523365,234.640869320486,405.820514523365,11801.395460853,0,0,6676.5697908336,565.744094669212,717.4,717.4,100,717.4,1,2295.10004597639,0.286887505747048,676.469865612326,676.469865612326,0,0,161.98051215914,133.268218696565,100,100,0,0,100,0,100,0,0.56502600650701,0.9,0.9,0.35,23.9583333333333,5.20833333333333,23.9583333333333,5.20833333333333,-2.4441757220884,88,low_it_load,residual_sac,1
257.752214419424,170.050911400278,257.752214419424,8907.80454829252,0,0,4176.89536289353,468.902897481532,1087.2,1087.2,100,1087.2,1,1942.05935786655,0.242757419733319,676.469865612326,676.469865612326,0,0,181.807441361552,155.124121221291,100,100,0,0,100,0,100,0,0.566185443085283,0.9,0.818520393158395,0.268520393158395,17.7083333333333,2.08333333333333,17.7083333333333,2.08333333333333,-1.77136366041956,89,low_it_load,residual_sac,1
155.676059250384,102.749982502999,155.676059250384,6186.72039618171,0,0,2156.0014833311,348.4885925444,1053.8,1053.8,100,1053.8,1,2467.18587350498,0.308398234188122,563.308358639671,563.308358639671,0,0,136.072657623551,135.634575784206,100,100,0,0,100,0,100,0,0.56326688880604,0.886866790831415,0.619228880633612,0.0692288806336122,0,0,0,0,-1.07031231773958,90,low_it_load,residual_sac,1
436.632509757369,181.046204364915,436.632509757369,12208.1696892284,0,0,5689.29320921159,466.023437913989,0,0,,0,,2280.85576656047,0.285106970820058,676.469865612326,676.469865612326,0,0,79.2343684950736,67.5921335404905,100,100,0,0,100,0,100,0,0.525991376329869,0.7395156571448,0.7395156571448,0.1895156571448,0,12.5,0,12.5,-1.88589796213453,91,low_it_load,residual_sac,1
345.947528904342,130.728765959463,345.947528904342,8111.75087880186,0,0,3963.19995331157,488.575156279572,1584.7,1584.7,100,1584.7,1,2755.51016024085,0.344438770030106,607.972155338647,607.972155338647,0,0,62.991344638371,49.128027446568,100,100,0,0,100,0,100,0,0.433977902113932,0.674345998200973,0.548174594069071,0.00182540593092861,0,0,0,0,-1.3617579787444,0,low_it_load,residual_sac,3
337.793580939598,147.176114277894,337.793580939598,8426.20089178101,0,0,3812.93600275284,452.509505971073,1639,1639,100,1639,1,3183.31633812776,0.39791454226597,465.03653743033,465.03653743033,0,0,126.392958169523,122.401449270546,100,100,0,0,100,0,100,0,0.531361651306464,0.895750716066958,0.57270606675812,0.0227060667581197,0,0,0,0,-1.53308452372806,1,low_it_load,residual_sac,3
325.288026002407,156.12962745514,325.288026002407,7958.3145366521,0,0,4051.32396931452,509.06808855771,1694.9,1694.9,100,1694.9,1,3167.22711210885,0.395903389013606,402.527746149238,402.527746149238,0,0,141.430447782386,138.366181635422,100,100,0,0,100,0,100,0,0.48663184721109,0.9,0.495760188852971,0.0542398111470289,6.25,0,6.25,0,-1.62635028599104,2,low_it_load,residual_sac,3
369.755555789733,157.772997322434,369.755555789733,8556.28026949451,0,0,4318.80216352291,504.752302109671,939.8,939.8,100,939.8,1,2531.41967278948,0.316427459098685,423.16049877053,423.16049877053,0,0,129.729325577907,128.694255650043,100,100,0,0,100,0,100,0,0.473054790435199,0.787464249740377,0.503179203303117,0.0468207966968828,0,0,0,0,-1.64346872210868,3,low_it_load,residual_sac,3
308.669712648345,156.781111216104,308.669712648345,8436.1094852625,0,0,4093.34838016288,485.217550496917,1247.3,1247.3,100,1247.3,1,2800.26753399113,0.350033441748891,555.073735543277,555.073735543277,0,0,134.829423253711,130.143777556748,100,100,0,0,100,0,100,0,0.559944350748483,0.9,0.66727367684723,0.11727367684723,5.20833333333333,0,5.20833333333333,0,-1.63313657516775,4,low_it_load,residual_sac,3
202.719258658112,124.365737718072,202.719258658112,6460.43285763682,0,0,3026.64914596669,468.490148053921,1325.1,1325.1,100,1325.1,1,2251.80381930672,0.28147547741334,422.376710882155,422.376710882155,0,0,137.922173300673,136.776372976601,100,100,0,0,100,0,100,0,0.555234361697918,0.871015160146234,0.647862149831441,0.097862149831441,0,0,0,0,-1.29547643456325,5,low_it_load,residual_sac,3
178.933490064683,102.60768279731,178.933490064683,3945.25070178577,0,0,2150.35231863594,545.048333091382,1989.8,1989.8,100,1989.8,1,3185.65387695565,0.398206734619456,245.559731876958,245.559731876958,0,0,132.67066598343,130.42178562332,100,100,0,0,100,0,100,0,0.509628425772945,0.9,0.534586287191142,0.0154137128088578,6.25,0,6.25,0,-1.06883002913865,6,low_it_load,residual_sac,3
301.229432103669,123.041854695901,301.229432103669,8790.88160410178,0,0,3885.12292939501,441.949181477115,779.3,779.3,100,779.3,1,2115.19275671382,0.264399094589228,621.85832776295,621.85832776295,0,0,65.9236463951649,53.2245840877295,100,100,0,0,100,0,100,0,0.442741324278424,0.60509672837214,0.591946740661874,0.041946740661874,0,0,0,0,-1.28168598641563,7,low_it_load,residual_sac,3
300.880670292092,141.865043296145,300.880670292092,8616.71561848273,0,0,3713.11278706531,430.919732235417,1103.7,1103.7,100,1103.7,1,2951.97568994716,0.368996961243395,466.063530326991,466.063530326991,0,0,128.84031623943,125.334106199443,100,100,0,0,100,0,100,0,0.515996178039751,0.87603472360084,0.556107587755468,0.00610758775546771,0,0,0,0,-1.47776086766817,8,low_it_load,residual_sac,3
246.686300998964,130.024077979243,246.686300998964,8096.13989518919,0,0,3115.19859393898,384.775786271932,1621.7,1621.7,100,1621.7,1,3036.10052723418,0.379512565904272,416.195483626427,416.195483626427,0,0,146.586419011561,140.649862069559,100,100,0,0,100,0,100,0,0.517325960469043,0.9,0.523525331199128,0.0264746688008718,8.33333333333333,0,8.33333333333333,0,-1.35441747895045,9,low_it_load,residual_sac,3
189.455661208923,110.611005708098,189.455661208923,7845.38011739968,0,0,2528.54659836959,322.297525490411,1678,1678,100,1678,1,2945.2603240279,0.368157540503488,391.013259790334,391.013259790334,0,0,141.063983367791,135.284769857674,100,100,0,0,100,0,100,0,0.534957716991203,0.9,0.548528194590786,0.00147180540921366,9.375,0,9.375,0,-1.15219797612602,10,low_it_load,residual_sac,3
152.286610607501,116.358582173003,152.286610607501,6851.86015339761,81.1411656401414,81.1411656401414,2563.1948078061,374.087437633282,2333.3,2252.15883435986,96.522471793591,2252.15883435986,0.96522471793591,2975.35109925515,0.371918887406894,479.743053810672,479.743053810672,0,0,182.616479147589,145.557707481298,100,100,0,0,100,0,100,0,0.559199467944596,0.9,0.595551590969981,0.0455515909699814,16.6666666666667,0,16.6666666666667,0,-1.21206856430212,11,low_it_load,residual_sac,3
107.155212288653,96.5680049980577,107.155212288653,5141.76328540252,0,0,2052.08049658529,399.100538605337,2325.2,2325.2,100,2325.2,1,3031.92331065594,0.378990413831993,374.506833355545,374.506833355545,0,0,147.481061891835,140.410002530567,100,100,0,0,100,0,100,0,0.509221213780546,0.9,0.583555839530916,0.0335558395309156,8.33333333333333,0,8.33333333333333,0,-1.00591671872977,12,low_it_load,residual_sac,3
124.967952210745,88.8523367783183,124.967952210745,3321.23532292213,57.4054320679011,57.4054320679011,1607.65081840784,484.052065601114,2654.2,2596.7945679321,97.8371851379737,2596.7945679321,0.978371851379737,3463.26284644032,0.43290785580504,246.142433465752,246.142433465752,0,0,143.041763568523,132.452308614672,100,100,0,0,100,0,100,0,0.479722422510889,0.9,0.524574144203277,0.0254258557967231,10.4166666666667,0,10.4166666666667,0,-0.925545174774149,13,low_it_load,residual_sac,3
322.66338296706,132.249309427147,322.66338296706,7266.07352431925,0,0,3967.46723477977,546.026299004657,2018.2,2018.2,100,2018.2,1,3078.68782083539,0.384835977604423,571.850135985959,571.850135985959,0,0,72.4706156408775,61.7437311448157,100,100,1,1,100,0,100,0,0.434738774944835,0.716099022576097,0.528239371973087,0.021760628026913,0,0,0,0,-1.37759697319945,14,low_it_load,residual_sac,3
301.293969351702,138.803686877597,301.293969351702,7757.20584318751,0,0,3660.98028380961,471.94574410124,1613.7,1613.7,100,1613.7,1,3159.19484938696,0.39489935617337,446.650876381666,446.650876381666,0,0,123.261381616704,119.443732872605,100,100,0,0,100,0,100,0,0.491856272378561,0.859146631021834,0.517162910657924,0.0328370893420762,0,0,0,0,-1.4458717383083,15,low_it_load,residual_sac,3
343.452141207438,153.126171503438,343.452141207438,7764.39178710996,0,0,4000.73089259963,515.266488643893,1563.5,1563.5,100,1563.5,1,3188.41776816574,0.398552221020718,376.638463180687,376.638463180687,0,0,130.726221367237,129.316538386047,100,100,1,1,100,0,100,0,0.495123163730498,0.887740146992815,0.500747773420664,0.0492522265793357,0,0,0,0,-1.59506428649415,16,low_it_load,residual_sac,3
269.842296688257,132.381672220053,269.842296688257,7718.50879952373,0,0,3334.63680911653,432.03122464825,1555.2,1555.2,100,1555.2,1,2968.71929776638,0.371089912220797,378.648157956262,378.648157956262,0,0,130.754714102154,129.16171271354,100,100,0,0,100,0,100,0,0.521756144858081,0.894921314555679,0.568910076987647,0.0189100769876471,0,0,0,0,-1.37897575229222,17,low_it_load,residual_sac,3
263.731508017905,128.922835544893,263.731508017905,8016.79462314506,0,0,3533.56636592617,440.770473990255,908,908,100,908,1,2192.16197031164,0.274020246288955,466.714534232675,466.714534232675,0,0,115.177859305725,110.416014678776,100,100,0,0,100,0,100,0,0.550392371642375,0.793888363853447,0.620060779215692,0.0700607792156921,0,0,0,0,-1.34294620359264,18,low_it_load,residual_sac,3
202.270161238746,128.483429310002,202.270161238746,5918.72571307276,0,0,3252.55602774872,549.536536313005,1416.7,1416.7,100,1416.7,1,2420.77150384539,0.302596437980674,383.434413418579,383.434413418579,0,0,138.80986454731,137.505854293704,100,100,0,0,100,0,100,0,0.552815645926053,0.885154388287316,0.627416886014318,0.0774168860143177,0,0,0,0,-1.33836905531252,19,low_it_load,residual_sac,3
206.83282590738,103.434317443421,206.83282590738,4608.98184289218,0,0,2592.64612141005,562.520359113227,1177.4,1177.4,100,1177.4,1,2544.83449193189,0.318104311491486,262.330407044319,262.330407044319,0,0,111.986778366834,106.598147191107,100,100,0,0,100,0,100,0,0.492504236859384,0.802805273312725,0.534431612209037,0.0155683877909627,0,0,0,0,-1.0774408067023,20,low_it_load,residual_sac,3
357.579650909831,140.574274875654,357.579650909831,7710.42747478579,0,0,4419.05896474543,573.127622196874,1432.6,1432.6,100,1432.6,1,2487.02380631135,0.310877975788918,580.635454938146,580.635454938146,0,0,66.9899528622441,56.0637108050287,100,100,1,1,100,0,100,0,0.441669375376764,0.647353298736533,0.551559385259248,0.00155938525924759,0,0,0,0,-1.46431536328806,21,low_it_load,residual_sac,3
337.36787878618,158.174921382183,337.36787878618,7783.1033074415,0,0,4402.95960890405,565.707460762385,1354.2,1354.2,100,1354.2,1,3101.92756618934,0.387740945773668,418.42667231256,418.42667231256,0,0,127.823038546207,125.330263189971,100,100,0,0,100,0,100,0,0.471375333298911,0.846818149603804,0.501223369852017,0.0487766301479827,0,0,0,0,-1.64765543106441,22,low_it_load,residual_sac,3
298.102743603151,147.846094972302,298.102743603151,7822.89722477535,0,0,4083.99765822292,522.056923525568,1279.8,1279.8,100,1279.8,1,2662.85771418299,0.332857214272874,383.414413468355,383.414413468355,0,0,131.826512094375,130.632204003632,100,100,0,0,100,0,100,0,0.475682099062139,0.821128245991521,0.481508520062368,0.0684914799376319,0,0,0,0,-1.54006348929481,23,low_it_load,residual_sac,3
267.168786975453,131.089650208579,267.168786975453,7499.90905519038,0,0,3180.87994423211,424.122468795905,1652.4,1652.4,100,1652.4,1,3105.19014527376,0.388148768159219,380.445698944648,380.445698944648,0,0,138.426818863191,134.653497152829,100,100,0,0,100,0,100,0,0.510635798185765,0.9,0.516706271031393,0.0332937289686067,6.25,0,6.25,0,-1.3655171896727,24,low_it_load,residual_sac,3
133.979544459795,103.486070414043,133.979544459795,7112.35308202009,5.47633710028434,5.47633710028434,2214.04590558568,311.295836982946,2015.9,2010.42366289972,99.7283428195702,2010.42366289972,0.997283428195702,2939.77753461551,0.367472191826939,459.945697165341,459.945697165341,0,0,160.198866972803,132.75776838442,100,100,0,0,100,0,100,0,0.541461453057362,0.9,0.632444701230922,0.0824447012309215,13.5416666666667,0,13.5416666666667,0,-1.07797990014628,25,low_it_load,residual_sac,3
148.031939306944,92.165539680629,148.031939306944,6070.74812290491,0,0,2100.8169063034,346.055686016197,1225.4,1225.4,100,1225.4,1,2031.40389529169,0.253925486911462,401.420698552223,401.420698552223,0,0,121.005291929517,117.891127523035,100,100,0,0,100,0,100,0,0.553968060807463,0.826333118299463,0.603914367716573,0.0539143677165734,0,0,0,0,-0.960057705006552,26,low_it_load,residual_sac,3
185.599062882258,98.1360023160908,185.599062882258,4375.99476046517,0,0,2268.77474884488,518.459201400804,1398.4,1398.4,100,1398.4,1,2708.83022305778,0.338603777882223,245.455458573231,245.455458573231,0,0,117.254474410474,113.896172866225,100,100,0,0,100,0,100,0,0.507294151199175,0.843406934890131,0.54568686204523,0.00431313795476962,0,0,0,0,-1.02225002412595,27,low_it_load,residual_sac,3
378.948008475297,147.016921106428,378.948008475297,7851.60575180376,0,0,4599.54548037728,585.809530658186,1187.9,1187.9,100,1187.9,1,2394.04112515277,0.299255140644097,592.531876026643,592.531876026643,0,0,69.81065547169,59.4054044224322,100,100,1,1,100,0,100,0,0.437269858114796,0.63442494102246,0.532164757898139,0.0178352421018607,0,0,0,0,-1.53142626152529,28,low_it_load,residual_sac,3
365.976838517528,165.876857004092,365.976838517528,7693.7976912279,0,0,4466.03349933506,580.471917584605,1584,1584,100,1584,1,3547.6251567778,0.443453144597225,458.943493181352,458.943493181352,0,0,132.118065181095,127.780508951237,100,100,0,0,100,0,100,0,0.477745952574218,0.9,0.513749339759238,0.0362506602407623,3.125,0,3.125,0,-1.72788392712596,29,low_it_load,residual_sac,3
303.035803514195,152.90985951811,303.035803514195,7118.05711328521,0,0,3862.2200171594,542.594693424265,2027.9,2027.9,100,2027.9,1,3401.37771679542,0.425172214599428,373.991123565353,373.991123565353,0,0,151.765818948215,143.587528265735,100,100,0,0,100,0,100,0,0.465300634448196,0.9,0.465300634448196,0.0846993655518041,7.29166666666667,0,7.29166666666667,0,-1.59281103664698,30,low_it_load,residual_sac,3
260.140850769451,130.814311326985,260.140850769451,8153.73122926862,0,0,3747.08310206399,459.554404812053,757.2,757.2,100,757.2,1,2264.84965680989,0.283106207101236,417.180606971406,417.180606971406,0,0,118.511582049333,116.381125897169,100,100,0,0,100,0,100,0,0.479315725260961,0.7461150539448,0.501953817862268,0.0480461821377325,0,0,0,0,-1.36264907632276,31,low_it_load,residual_sac,3
224.090640188419,124.867284110682,224.090640188419,8384.58004410223,0,0,3175.58255623364,378.740800318004,819,819,100,819,1,2495.55868107349,0.311944835134186,516.661090827437,516.661090827437,0,0,117.692496741511,113.262766506523,100,100,0,0,100,0,100,0,0.56077530441119,0.871399858795625,0.681531150734391,0.131531150734391,0,0,0,0,-1.30070087615294,32,low_it_load,residual_sac,3
169.301192333455,118.022577396592,169.301192333455,6508.5819732299,0,0,3182.82139024611,489.019175503544,700.5,700.5,100,700.5,1,1767.3806909359,0.220922586366988,441.555514894434,441.555514894434,0,0,132.198821579688,130.171056371182,100,100,0,0,100,0,100,0,0.559664434346011,0.792299130912841,0.618785870663931,0.0687858706639307,0,0,0,0,-1.22940184788117,33,low_it_load,residual_sac,3
189.182809658991,102.266103437254,189.182809658991,4874.97784930572,0,0,2604.30926575401,534.219712634162,940.7,940.7,100,940.7,1,2279.58882277197,0.284948602846496,261.118781364742,261.118781364742,0,0,114.885231077274,110.437075793743,100,100,0,0,100,0,100,0,0.525843921413894,0.80602868257646,0.541806708604713,0.00819329139528668,0,0,0,0,-1.06527191080473,34,low_it_load,residual_sac,3
373.235186367888,148.741823480463,373.235186367888,8502.7214149964,0,0,4841.68549495809,569.427746558733,715.9,715.9,100,715.9,1,2008.66211826184,0.25108276478273,616.522041449642,616.522041449642,0,0,68.5419318163269,55.9155172668397,100,100,0,0,100,0,100,0,0.435124392955917,0.586940430993506,0.557506403173949,0.00750640317394879,0,0,0,0,-1.54939399458816,35,low_it_load,residual_sac,3
435.353802292542,179.850316883863,435.353802292542,8437.25706743567,0,0,5093.83760976066,603.731469723825,628.5,628.5,100,628.5,1,2494.75767544678,0.311844709430848,475.713474473681,475.713474473681,0,0,129.104696176413,125.303174182773,100,100,0,0,100,0,100,0,0.455832772595362,0.783455887129538,0.507793468945419,0.0422065310545812,0,0,0,0,-1.87344080087357,36,low_it_load,residual_sac,3
341.588150246998,159.877481603114,341.588150246998,8050.40602285888,0,0,4313.83585727485,535.853203555925,1100.7,1100.7,100,1100.7,1,2807.08802143581,0.350886002679476,390.446886599839,390.446886599839,0,0,136.460760698037,135.554252006114,100,100,0,0,100,0,100,0,0.489718003440032,0.860013442165537,0.498690302979771,0.0513096970202293,0,0,0,0,-1.66539043336577,37,low_it_load,residual_sac,3
394.911861865552,169.399534417448,394.911861865552,8273.81716598616,0,0,4891.32405660984,591.181066547878,656.3,656.3,100,656.3,1,2063.27554153127,0.257909442691409,412.253176857294,412.253176857294,0,0,127.341598528052,125.04410520196,100,100,1,1,100,0,100,0,0.459925741058003,0.742771450359078,0.483130827253658,0.0668691727463419,0,0,0,0,-1.76457848351508,38,low_it_load,residual_sac,3
339.516025597103,162.753171444506,339.516025597103,8213.59532396373,0,0,4706.4534925358,573.007715489026,615.2,615.2,100,615.2,1,2133.25512300739,0.266656890375923,447.385801447423,447.385801447423,0,0,130.939690338487,127.854936569929,100,100,0,0,100,0,100,0,0.551853893190125,0.783482933150135,0.599894827155185,0.0498948271551851,0,0,0,0,-1.69534553588027,39,low_it_load,residual_sac,3
251.820951856781,139.602510821121,251.820951856781,6261.72496308831,0,0,3541.39493613913,565.562198438129,1260.8,1260.8,100,1260.8,1,2221.14222328218,0.277642777910273,427.950102105828,427.950102105828,0,0,139.756673602414,138.574353605509,100,100,0,0,100,0,100,0,0.558492981008111,0.86993958025869,0.645063646050359,0.0950636460503593,0,0,0,0,-1.45419282105334,40,low_it_load,residual_sac,3
210.585538968044,99.4798778266674,210.585538968044,5007.88529308844,0,0,2495.38331783059,498.290829718994,773.1,773.1,100,773.1,1,2231.68998612017,0.278961248265021,278.690464131766,278.690464131766,0,0,109.807728046385,102.098332345486,100,100,0,0,100,0,100,0,0.509174023240158,0.786833141183284,0.548027811837403,0.00197218816259725,0,0,0,0,-1.03624872736112,41,low_it_load,residual_sac,3
367.712418251111,130.938116481952,367.712418251111,8510.76836070523,0,0,4011.86219384025,471.386603865672,725.6,725.6,100,725.6,1,1955.7402368905,0.244467529611313,612.734429500186,612.734429500186,0,0,66.886797296922,52.9582018963993,100,100,0,0,100,0,100,0,0.454903632200811,0.602537933188969,0.563155830343432,0.0131558303434316,0,0,0,0,-1.36393871335367,42,low_it_load,residual_sac,3
405.200329844684,164.839165973219,405.200329844684,8603.76012443766,0,0,4504.92610708482,523.599686872867,601.9,601.9,100,601.9,1,2516.62838522888,0.31457854815361,454.466669069323,454.466669069323,0,0,128.154235570088,125.024122931063,100,100,0,0,100,0,100,0,0.493253707412425,0.806550168572872,0.542023945072861,0.00797605492713949,0,0,0,0,-1.71707464555437,43,low_it_load,residual_sac,3
358.791579529607,157.667331251812,358.791579529607,7987.47072559185,0,0,4050.21751238298,507.071343548852,1402.6,1402.6,100,1402.6,1,2991.20376094679,0.373900470118349,393.628295593934,393.628295593934,0,0,138.7576769411,137.313681310849,100,100,0,0,100,0,100,0,0.509066588184786,0.9,0.512601710488876,0.0373982895111238,3.125,0,3.125,0,-1.64236803387304,44,low_it_load,residual_sac,3
329.837132423661,147.27104703753,329.837132423661,8584.82241668082,0,0,4169.00548028437,485.625127455606,497.2,497.2,100,497.2,1,2117.09579224162,0.264636974030202,415.050636575525,415.050636575525,0,0,122.521650510276,120.857050642371,100,100,0,0,100,0,100,0,0.477188819344742,0.751159528008717,0.505484782368805,0.0445152176311947,0,0,0,0,-1.53407340664094,45,low_it_load,residual_sac,3
322.298628543754,155.932931783591,322.298628543754,8568.50216350328,0,0,4361.53935529823,509.020044819011,649.1,649.1,100,649.1,1,2278.48589303194,0.284810736628992,527.304300393802,527.304300393802,0,0,129.046925640353,125.562988035381,100,100,0,0,100,0,100,0,0.560770379303533,0.810359557501106,0.632152142438857,0.0821521424388567,0,0,0,0,-1.62430137274573,46,low_it_load,residual_sac,3
256.17533809632,132.346022258947,256.17533809632,7030.44555337972,0,0,3597.85321848716,511.753229744817,405.4,405.4,100,405.4,1,1404.49912247307,0.175562390309133,441.13127834135,441.13127834135,0,0,134.970005322691,133.085227571428,100,100,0,0,100,0,100,0,0.558290821236288,0.740080652664675,0.594973708832071,0.044973708832071,0,0,0,0,-1.3786043985307,47,low_it_load,residual_sac,3
232.76386017793,110.729989515023,232.76386017793,5484.74031875369,0,0,2767.47123101913,504.576528729439,584.7,584.7,100,584.7,1,1967.90744001587,0.245988430001983,293.448068481489,293.448068481489,0,0,118.161709289086,114.128247089684,100,100,0,0,100,0,100,0,0.549076745964643,0.795149567859449,0.56981219110888,0.0198121911088804,0,0,0,0,-1.15343739078148,48,low_it_load,residual_sac,3
432.291033990046,153.15051033006,432.291033990046,8839.77010276492,0,0,4740.45514317692,536.264528157151,733.5,733.5,100,733.5,1,2186.88116684292,0.273360145855365,640.860499125106,640.860499125106,0,0,70.3677317410557,58.5480421908944,100,100,1,1,100,0,100,0,0.417478628655371,0.621334898891271,0.543663743515729,0.00633625648427116,0,6.25,0,6.25,-1.59531781593813,49,low_it_load,residual_sac,3
493.833885945661,200.572621600227,493.833885945661,9314.31536895798,0,0,5875.98270589215,630.855030470105,433.8,433.8,100,433.8,1,2451.41753588482,0.306427191985603,510.200355828526,510.200355828526,0,0,130.344025500531,125.977224856615,100,100,0,0,100,0,100,0,0.478997418325842,0.777521116601825,0.548692364037753,0.00130763596224726,0,0,0,0,-2.08929814166903,50,low_it_load,residual_sac,3
470.309163691336,194.687721183103,470.309163691336,9424.75559130533,0,0,5642.72403798487,598.713036462237,384.1,384.1,100,384.1,1,2277.03600488101,0.284629500610126,505.004354878388,505.004354878388,0,0,132.512837333091,130.922077782452,100,100,0,0,100,0,100,0,0.451965134052591,0.758982105254681,0.504038956055818,0.0459610439441815,0,0,0,0,-2.02799709565732,51,low_it_load,residual_sac,3
399.365517006683,179.959445260365,399.365517006683,9200.25193866734,0,0,4993.10414292406,542.713849165234,593.2,593.2,100,593.2,1,2680.37213881518,0.335046517351898,436.85482090135,436.85482090135,0,0,138.599468006313,137.871721386909,100,100,0,0,100,0,100,0,0.538794615869254,0.862106849331015,0.571486858807605,0.0214868588076047,0,0,0,0,-1.87457755479547,52,low_it_load,residual_sac,3
265.723687212947,140.720329716605,265.723687212947,9016.53424169341,0,0,3491.34257754078,387.215584608601,950.6,950.6,100,950.6,1,2662.30491550964,0.332788114438705,563.650760280779,563.650760280779,0,0,128.468615703872,124.483702710237,100,100,0,0,100,0,100,0,0.561341473761098,0.9,0.702999875911129,0.152999875911129,5.20833333333333,0,5.20833333333333,0,-1.46583676788131,53,low_it_load,residual_sac,3
234.736769511179,135.637184753178,234.736769511179,7059.51223547208,0,0,3542.09826214946,501.748299882732,767.5,767.5,100,767.5,1,1964.95443893052,0.245619304866315,428.388413215432,428.388413215432,0,0,137.13217223478,136.251487955451,100,100,0,0,100,0,100,0,0.555638267152841,0.835205602275745,0.635158027521112,0.0851580275211116,0,0,0,0,-1.41288734117893,54,low_it_load,residual_sac,3
305.375083446283,131.114355337011,305.375083446283,5886.89340428219,0,0,3674.27808063532,624.145509066396,278.4,278.4,100,278.4,1,1664.80097072756,0.208100121340946,329.126803269506,329.126803269506,0,0,113.555706409663,107.768968865275,100,100,0,0,100,0,100,0,0.53070745779808,0.733497166755183,0.543039165543667,0.00696083445633344,0,0,0,0,-1.36577453476053,55,low_it_load,residual_sac,3
456.460410762839,168.700629463544,456.460410762839,9655.73027222973,0,0,5405.28640489639,559.800890507703,447.2,447.2,100,447.2,1,1871.33679260995,0.233917099076243,667.720722223075,667.720722223075,0,0,73.0102314847098,61.0691932721917,100,100,1,1,100,0,100,0,0.448643867311047,0.583646635755417,0.578408837601423,0.0284088376014227,0,8.33333333333333,0,8.33333333333333,-1.75729822357858,56,low_it_load,residual_sac,3
395.698561547375,169.385328505004,395.698561547375,10209.5668962486,0,0,4711.45196755265,461.47422465921,329.9,329.9,100,329.9,1,2600.79209659479,0.325099012074348,574.299964623836,574.299964623836,0,0,126.541429345526,121.729605272412,100,100,0,0,100,0,100,0,0.525458294863346,0.809949160364581,0.603914453605017,0.0539144536050173,0,0,0,0,-1.76443050526046,57,low_it_load,residual_sac,3
308.550927798242,141.040176300459,308.550927798242,10093.282382696,0,0,3626.41567857724,359.290024897589,496.1,496.1,100,496.1,1,2539.09598983248,0.31738699872906,483.448547793604,483.448547793604,0,0,127.919781127346,124.319296702743,100,100,1,1,100,0,100,0,0.552784530010171,0.853123109519629,0.589727403153226,0.0397274031532255,0,1.04166666666667,0,1.04166666666667,-1.46916850312979,58,low_it_load,residual_sac,3
406.904495208577,165.891541007036,406.904495208577,10050.2261399052,0,0,4338.21857747892,431.653827196353,614.3,614.3,100,614.3,1,2684.81813279886,0.335602266599858,479.050754757753,479.050754757753,0,0,127.355766691584,125.513468123972,100,100,1,1,100,0,100,0,0.553601480664625,0.87149515612689,0.598229776015916,0.0482297760159163,0,0,0,0,-1.72803688548996,59,low_it_load,residual_sac,3
396.394264005904,191.059818945841,396.394264005904,9456.1231283908,0,0,5222.42979658119,552.280223689296,935.5,935.5,100,935.5,1,2632.47819967293,0.329059774959117,560.329947529693,560.329947529693,0,0,140.336130317754,137.647535444224,100,100,0,0,100,0,100,0,0.562191910817438,0.9,0.698732555262354,0.148732555262354,4.16666666666667,0,4.16666666666667,0,-1.99020644735251,60,low_it_load,residual_sac,3
330.291623428806,163.446695509793,330.291623428806,7835.24859380323,0,0,4576.87314784534,584.138855717368,426.3,426.3,100,426.3,1,1458.98359676969,0.182372949596212,423.947237331378,423.947237331378,0,0,140.002584751272,139.069255813956,100,100,0,0,100,0,100,0,0.55578769582938,0.768161314140465,0.644407478311023,0.094407478311023,0,0,0,0,-1.70256974489367,61,low_it_load,residual_sac,3
278.128970728133,125.891268367068,278.128970728133,6033.5431349215,0,0,3133.03982430382,519.270311696311,616.6,616.6,100,616.6,1,2068.3055274009,0.258538190925113,321.014026580394,321.014026580394,0,0,121.27428062747,118.186341971159,100,100,0,0,100,0,100,0,0.547940232363134,0.823437481056392,0.596018088304165,0.0460180883041652,0,0,0,0,-1.31136737882363,62,low_it_load,residual_sac,3
495.451988379276,170.99443442968,495.451988379276,9830.86052257474,0,0,5322.54495562698,541.41190828664,679,679,100,679,1,2027.79585697006,0.253474482121257,676.469865612326,676.469865612326,0,0,70.8548687403631,56.9111955982567,100,100,1,1,100,0,100,0,0.455277394038036,0.604965948282717,0.582468825460011,0.0324688254600114,0,9.375,0,9.375,-1.78119202530917,63,low_it_load,residual_sac,3
465.857142911917,196.650986501559,465.857142911917,9780.45242586982,0,0,5288.84923418147,540.757114690541,1164.1,1164.1,100,1164.1,1,3252.88168747794,0.406610210934742,586.901613107378,586.901613107378,0,0,151.474845687385,137.977660884091,100,100,0,0,100,0,100,0,0.528081548582496,0.9,0.595809502774931,0.045809502774931,9.375,0,9.375,0,-2.0484477760579,64,low_it_load,residual_sac,3
420.017600661024,178.685219697748,420.017600661024,10183.6377879263,0,0,5021.01105202592,493.046900978627,916.3,916.3,100,916.3,1,2954.58614167868,0.369323267709835,540.832240687893,540.832240687893,0,0,127.209996354986,123.958167620003,100,100,1,1,100,0,100,0,0.519752758996014,0.876247088309704,0.553668073301984,0.00366807330198426,0,0,0,0,-1.86130437185154,65,low_it_load,residual_sac,3
323.480611350405,151.430385947273,323.480611350405,10519.9348659262,0,0,3796.21587094478,360.859256195647,617.4,617.4,100,617.4,1,2688.36625131546,0.336045781414432,487.625532244284,487.625532244284,0,0,131.052403613601,126.193955918784,100,100,1,1,100,0,100,0,0.554411806920948,0.9,0.657260924208126,0.107260924208125,5.20833333333333,0,5.20833333333333,0,-1.57739985361742,66,low_it_load,residual_sac,3
251.929889024964,138.875073132541,251.929889024964,10518.6406789563,0,0,3310.39263888665,314.716771864776,380,380,100,380,1,2563.61417455243,0.320451771819054,615.923808602544,615.923808602544,0,0,127.566785717768,122.29933758356,100,100,0,0,100,0,100,0,0.562758299402661,0.9,0.749212902811916,0.199212902811916,5.20833333333333,0,5.20833333333333,0,-1.44661534513064,67,low_it_load,residual_sac,3
14.927101449503,98.2551914881719,14.927101449503,8459.04553217047,0,0,2260.04582649252,267.175039772203,476.1,476.1,100,476.1,1,2015.98499433877,0.251998124292347,526.942466862643,526.942466862643,0,0,138.177312122675,136.518827287087,100,100,0,0,100,0,100,0,0.560349087249241,0.9,0.757289267417775,0.207289267417775,7.29166666666667,0,7.29166666666667,0,-1.02349157800179,68,low_it_load,residual_sac,3
175.202754935491,104.002287966262,175.202754935491,6323.26607901847,0,0,2438.39568372621,385.622817900574,584.2,584.2,100,584.2,1,2106.44410486825,0.263305513108531,356.354871897765,356.354871897765,0,0,119.219406179699,115.992389991879,100,100,0,0,100,0,100,0,0.555501414613914,0.844850983926347,0.62895291047065,0.0789529104706501,0,0,0,0,-1.08335716631522,69,low_it_load,residual_sac,3
395.653193181495,145.179658999457,395.653193181495,10249.1779426044,0,0,4540.934712461,443.053553942603,890.2,890.2,100,890.2,1,1998.24363401688,0.24978045425211,676.469865612326,676.469865612326,0,0,67.576639817515,55.5252984544766,100,100,1,1,100,0,100,0,0.495712999939713,0.652560986447495,0.615710976176656,0.0657109761766558,0,11.4583333333333,0,11.4583333333333,-1.51228811457768,70,low_it_load,residual_sac,3
437.399678191991,194.02094601011,437.399678191991,11174.4614663414,0,0,5626.375493597,503.503055654558,424.4,424.4,100,424.4,1,2876.16974519626,0.359521218149532,649.820489833764,649.820489833764,0,0,128.823481811848,125.314845424145,100,100,0,0,100,0,100,0,0.516412586608852,0.842274780131936,0.601349159740317,0.0513491597403173,0,0,0,0,-2.02105152093864,71,low_it_load,residual_sac,3
499.847202263247,207.368653666661,499.847202263247,11341.4794044062,0,0,5786.8542388142,510.238041482135,328.1,328.1,100,328.1,1,2865.79018688501,0.358223773360626,560.440885048635,560.440885048635,0,0,132.670719780404,130.157857201993,100,100,1,1,100,0,100,0,0.543559650377399,0.876948766727468,0.596352375529185,0.0463523755291849,0,0,0,0,-2.16009014236105,72,low_it_load,residual_sac,3
414.200120500437,191.255797534219,414.200120500437,11303.4733750992,0,0,5161.18027344999,456.601267785506,335.9,335.9,100,335.9,1,2720.98528400191,0.340123160500239,533.33012641548,533.33012641548,0,0,136.163211674274,133.198668276262,100,100,1,1,100,0,100,0,0.558149047212052,0.9,0.672625904289436,0.122625904289436,4.16666666666667,0,4.16666666666667,0,-1.99224789098144,73,low_it_load,residual_sac,3
244.653752919804,145.168209064073,244.653752919804,11261.6882971989,0,0,3610.36329053168,320.58810324467,444.3,444.3,100,444.3,1,2633.78826140766,0.329223532675957,659.886193994721,659.886193994721,0,0,130.061717855183,127.263226890148,100,100,0,0,100,0,100,0,0.565381478476406,0.9,0.773336028667697,0.223336028667697,3.125,0,3.125,0,-1.51216884441742,74,low_it_load,residual_sac,3
114.786998942786,117.814860862987,114.786998942786,8836.41738562393,0,0,2514.18623977494,284.525518663853,558,558,100,558,1,2087.4159305478,0.260926991318475,540.744197372012,540.744197372012,0,0,158.514601910051,150.097093004192,100,100,0,0,100,0,100,0,0.560852097327092,0.9,0.755457963882532,0.205457963882532,12.5,0,12.5,0,-1.22723813398945,75,low_it_load,residual_sac,3
270.892238646038,129.648183794446,270.892238646038,6626.37728489786,0,0,3189.89023210243,481.392787484722,555.6,555.6,100,555.6,1,2053.18104652228,0.256647630815285,374.539988554347,374.539988554347,0,0,125.379703136839,123.336261510849,100,100,0,0,100,0,100,0,0.556304633677076,0.837413669733669,0.620079114781144,0.0700791147811439,0,0,0,0,-1.35050191452548,76,low_it_load,residual_sac,3
399.886006988278,152.058888220761,399.886006988278,11129.7094680853,0,0,4899.15831798822,440.187439936027,659.9,659.9,100,659.9,1,2017.49935766937,0.252187419708671,676.469865612326,676.469865612326,0,0,66.7829324675315,53.4715871705037,100,100,1,1,100,0,100,0,0.469498639464488,0.629163902477227,0.587916460361338,0.0379164603613379,0,13.5416666666667,0,13.5416666666667,-1.5839467522996,77,low_it_load,residual_sac,3
468.29098542698,209.463035197898,468.29098542698,11691.5669124187,0,0,5702.63251696984,487.756051835324,601,601,100,601,1,3149.87553209089,0.393734441511361,676.469865612326,676.469865612326,0,0,150.891571870089,141.387859096547,100,100,0,0,100,0,100,0,0.563400382911231,0.9,0.656042356085069,0.106042356085069,9.375,1.04166666666667,9.375,1.04166666666667,-2.18190661664477,78,low_it_load,residual_sac,3
384.901480755035,186.672260033351,384.901480755035,11214.9202347518,0,0,4906.40637222311,437.489190250285,841.8,841.8,100,841.8,1,3183.54939109158,0.397943673886447,579.491268268331,579.491268268331,0,0,171.207477110325,152.570452269334,100,100,0,0,100,0,100,0,0.515286549863142,0.9,0.574175641498877,0.0241756414988767,12.5,0,12.5,0,-1.94450270868074,79,low_it_load,residual_sac,3
339.60927506009,175.416697109175,339.60927506009,11694.527356415,0,0,4641.02863734311,396.854742042847,547.9,547.9,100,547.9,1,2751.99089846694,0.343998862308368,580.529772048271,580.529772048271,0,0,146.831891234062,139.884883212592,100,100,0,0,100,0,100,0,0.557550570763815,0.9,0.676121947490184,0.126121947490184,8.33333333333333,0,8.33333333333333,0,-1.8272572615539,80,low_it_load,residual_sac,3
308.798633792574,185.615315080519,308.798633792574,11226.0529090717,0,0,5080.23182646026,452.539451542665,623.5,623.5,100,623.5,1,2630.632959229,0.328829119903625,676.469865612326,676.469865612326,0,0,156.52295947522,145.474440742488,100,100,0,0,100,0,100,0,0.563311497887985,0.9,0.745849880507073,0.195849880507073,10.4166666666667,1.04166666666667,10.4166666666667,1.04166666666667,-1.93349286542207,81,low_it_load,residual_sac,3
238.536405311677,162.429794997487,238.536405311677,9352.38924243945,0,0,4257.15483970288,455.194360429812,314.4,314.4,100,314.4,1,1841.96392329357,0.230245490411697,509.772156767634,509.772156767634,0,0,144.317452285229,144.037781842053,100,100,0,0,100,0,100,0,0.557670147010083,0.893725170533074,0.789989500427359,0.239989500427359,0,0,0,0,-1.69197703122382,82,low_it_load,residual_sac,3
175.320573960147,112.446612437241,175.320573960147,7053.25352523317,0,0,2730.33786207409,387.103320801704,328.3,328.3,100,328.3,1,1917.59056172123,0.239698820215154,394.453505723074,394.453505723074,0,0,122.498905433623,119.726627506316,100,100,0,0,100,0,100,0,0.557410061302932,0.842834094165679,0.664969212560293,0.114969212560293,0,0,0,0,-1.1713188795546,83,low_it_load,residual_sac,3
272.773856592803,142.143540976369,272.773856592803,11450.1629696615,0,0,5037.49957744396,439.950033094847,372.8,372.8,100,372.8,1,1646.65139079824,0.20583142384978,676.469865612326,676.469865612326,0,0,65.3366974248895,54.8155502887812,100,100,0,0,100,0,100,0,0.484906445992664,0.62837999225199,0.608332202021079,0.0583322020210786,0,7.29166666666667,0,7.29166666666667,-1.48066188517051,84,low_it_load,residual_sac,3
332.1082212485,201.044293377803,332.1082212485,12061.7985449976,0,0,6056.3842746438,502.11286915877,265.6,265.6,100,265.6,1,3242.84153412816,0.40535519176602,671.355175376045,671.355175376045,0,0,139.803107450314,133.341909956598,100,100,0,0,100,0,100,0,0.552988895499176,0.9,0.659986238042621,0.109986238042621,6.25,0,6.25,0,-2.09421138935211,85,low_it_load,residual_sac,3
395.620356699258,224.631726228972,395.620356699258,11763.5141277997,0,0,6736.23936774782,572.638354029653,541.3,541.3,100,541.3,1,3056.56973816889,0.382071217271111,618.204259491323,618.204259491323,0,0,160.424181125261,148.178519025944,100,100,0,0,100,0,100,0,0.558381685237103,0.9,0.632914678256113,0.0829146782561128,11.4583333333333,0,11.4583333333333,0,-2.33991381488512,86,low_it_load,residual_sac,3
442.643350417227,228.39180605656,442.643350417227,11740.2451371183,0,0,6793.09027180846,578.615709678091,414.8,414.8,100,414.8,1,2852.27252942811,0.356534066178514,591.184741313537,591.184741313537,0,0,146.627939568101,142.686591604622,100,100,0,0,100,0,100,0,0.556237816000458,0.9,0.662670800168135,0.112670800168135,6.25,0,6.25,0,-2.37908131308917,87,low_it_load,residual_sac,3
379.997563226361,216.271945400003,379.997563226361,11115.3945754925,0,0,6275.82164558184,564.606285720073,717.4,717.4,100,717.4,1,2705.07043220173,0.338133804025216,599.998068262377,599.998068262377,0,0,159.01237503152,149.917938024165,100,100,0,0,100,0,100,0,0.560485493539357,0.9,0.723014631966403,0.173014631966403,8.33333333333333,0,8.33333333333333,0,-2.25283276458336,88,low_it_load,residual_sac,3
246.324784326225,163.167346877191,246.324784326225,8538.79408642566,0,0,4003.55497865285,468.866556346335,1087.2,1087.2,100,1087.2,1,2149.59124798489,0.268698905998111,497.124831792151,497.124831792151,0,0,181.103994339793,166.532118562649,100,100,0,0,100,0,100,0,0.55553683170221,0.9,0.723483976975733,0.173483976975733,14.5833333333333,0,14.5833333333333,0,-1.69965986330407,89,low_it_load,residual_sac,3
159.005188185679,102.944346723422,159.005188185679,6233.86711773993,0,0,2170.61576811123,348.197311093499,1053.8,1053.8,100,1053.8,1,2529.28965921949,0.316161207402437,333.822148939164,333.822148939164,0,0,131.875956639599,129.598431087349,100,100,0,0,100,0,100,0,0.549862117418115,0.9,0.630234343614843,0.0802343436148428,5.20833333333333,0,5.20833333333333,0,-1.07233694503565,90,low_it_load,residual_sac,3
408.533095359218,161.19142766783,408.533095359218,11601.6566386831,0,0,5393.30224737259,464.873458622268,0,0,,0,,1738.93228928756,0.217366536160945,676.469865612326,676.469865612326,0,0,57.7271351898356,46.5476675023965,100,100,0,0,100,0,100,0,0.465294222962659,0.623957071585693,0.594640191404217,0.0446401914042165,0,7.29166666666667,0,7.29166666666667,-1.6790773715399,91,low_it_load,residual_sac,3
364.407839589872,139.190111614127,364.407839589872,8465.83785828046,0,0,4124.79840883611,487.228609605561,1584.7,1584.7,100,1584.7,1,2420.38509382499,0.302548136728123,511.482439762475,511.482439762475,0,0,59.300682344067,50.0295790843666,100,100,0,0,100,0,100,0,0.452784501932116,0.750108608286063,0.6411121167577,0.0911121167577003,0,0,0,0,-1.44989699598049,0,low_it_load,residual_sac,4
381.844183230215,168.395762428578,381.844183230215,9460.23192075382,0,0,4292.43349416171,453.734488765015,1639,1639,100,1639,1,2213.94718143094,0.276743397678868,538.834267128452,538.834267128452,0,0,107.86298472011,87.3021603155303,100,100,0,0,100,0,100,0,0.555266364549653,0.9,0.843989951679003,0.293989951679003,22.9166666666667,0,22.9166666666667,0,-1.75412252529769,1,low_it_load,residual_sac,4
362.761314873354,170.176547859229,362.761314873354,8741.44748076049,0,0,4519.3420374664,517.001566092258,1694.9,1694.9,100,1694.9,1,2376.0509953693,0.297006374421162,511.193848787137,511.193848787137,0,0,121.358599052702,110.676838546289,100,100,0,0,100,0,100,0,0.541495552782335,0.9,0.701950991161962,0.151950991161962,18.75,0,18.75,0,-1.77267237353363,2,low_it_load,residual_sac,4
402.665832159499,168.486925554913,402.665832159499,9190.00082688615,0,0,4648.0724199376,505.774972983599,939.8,939.8,100,939.8,1,2297.54206958136,0.28719275869767,515.138190231002,515.138190231002,0,0,112.058192668998,103.410222567618,100,100,0,0,100,0,100,0,0.525180014550061,0.859679750383951,0.664818206822907,0.114818206822907,0,0,0,0,-1.75507214119701,3,low_it_load,residual_sac,4
308.401191303758,155.743271805016,308.401191303758,8345.82073265496,0,0,4053.46895427151,485.688476198796,1247.3,1247.3,100,1247.3,1,2551.83484839366,0.318979356049207,408.405611344363,408.405611344363,0,0,135.796661451383,132.583134164114,100,100,0,0,100,0,100,0,0.541525561408375,0.9,0.647858918295903,0.0978589182959025,7.29166666666667,0,7.29166666666667,0,-1.62232574796892,4,low_it_load,residual_sac,4
201.811455446542,124.468009360032,201.811455446542,6422.22999370516,0,0,3004.72391188569,467.863018738165,1325.1,1325.1,100,1325.1,1,2369.70686022548,0.296213357528185,372.97519515988,372.97519515988,0,0,138.772115810726,138.368158973753,100,100,0,0,100,0,100,0,0.55281493537129,0.881703937643615,0.636786295210446,0.0867862952104465,0,0,0,0,-1.296541764167,5,low_it_load,residual_sac,4
188.43216036679,105.927298652547,188.43216036679,4143.13806066956,0,0,2265.23914503909,546.744789062861,1989.8,1989.8,100,1989.8,1,2880.49641979981,0.360062052474977,260.089521836067,260.089521836067,0,0,127.848465716759,122.176479003162,100,100,0,0,100,0,100,0,0.524340615206981,0.9,0.588038070394973,0.0380380703949729,13.5416666666667,0,13.5416666666667,0,-1.10340936096404,6,low_it_load,residual_sac,4
304.460191183968,124.352860917227,304.460191183968,8770.84756359113,0,0,3902.66599767169,444.958821753115,779.3,779.3,100,779.3,1,1723.99623827716,0.215499529784645,527.007549183238,527.007549183238,0,0,72.0030790052533,62.4411420896649,100,100,0,0,100,0,100,0,0.469400514247898,0.652651366270915,0.59195027993504,0.0419502799350396,0,0,0,0,-1.29534230122111,7,low_it_load,residual_sac,4
347.49842357632,165.206801164592,347.49842357632,9848.89772350498,0,0,4270.15000008894,433.566285280634,1103.7,1103.7,100,1103.7,1,2178.74342479643,0.272342928099554,544.756580504562,544.756580504562,0,0,100.78515162374,87.8462835004591,100,100,0,0,100,0,100,0,0.560017023715756,0.9,0.874478193105075,0.324478193105075,23.9583333333333,0,23.9583333333333,0,-1.72090417879784,8,low_it_load,residual_sac,4
276.064487623821,142.334295317375,276.064487623821,8863.29325513777,0,0,3437.66544480597,387.854192098773,1621.7,1621.7,100,1621.7,1,2239.01442047844,0.279876802559805,528.941104435569,528.941104435569,0,0,129.134318247736,114.884002301663,100,100,0,0,100,0,100,0,0.540737588454615,0.9,0.725791799976872,0.175791799976872,21.875,0,21.875,0,-1.48264890955599,9,low_it_load,residual_sac,4
203.805592542001,117.079064344058,203.805592542001,8305.14551443042,0,0,2688.85542009839,323.757773470245,1678,1678,100,1678,1,2479.84616853907,0.309980771067384,467.932994591067,467.932994591067,0,0,128.866460780674,116.391031285114,100,100,0,0,100,0,100,0,0.534748093624804,0.9,0.6695915561712,0.1195915561712,14.5833333333333,0,14.5833333333333,0,-1.21957358691727,10,low_it_load,residual_sac,4
151.425667890578,113.490317528431,151.425667890578,6734.50279751831,44.1599074560831,44.1599074560831,2511.0003883154,372.856091060012,2333.3,2289.14009254392,98.1074055005322,2289.14009254392,0.981074055005322,2800.95678612922,0.350119598266152,395.067342417316,395.067342417316,0,0,175.253323209409,147.973607170967,100,100,0,0,100,0,100,0,0.5444385952178,0.9,0.577668422504796,0.0276684225047958,14.5833333333333,0,14.5833333333333,0,-1.18219080758782,11,low_it_load,residual_sac,4
108.012481812303,96.9232011256393,108.012481812303,5044.91792714207,2.23420297295472,2.23420297295472,2028.80932011278,402.149123020937,2325.2,2322.96579702705,99.9039135139793,2322.96579702705,0.999039135139793,3140.20008254603,0.392525010318253,388.183828394532,388.183828394532,0,0,153.566231885997,144.538317581959,100,100,0,0,100,0,100,0,0.510006780900852,0.9,0.557364280253832,0.00736428025383218,10.4166666666667,0,10.4166666666667,0,-1.00961667839208,12,low_it_load,residual_sac,4
130.116743600913,89.9726117555296,130.116743600913,3471.44659254414,83.1395825074708,83.1395825074708,1677.54441852348,483.240739502216,2654.2,2571.06041749253,96.8676217878279,2571.06041749253,0.968676217878279,3235.1004455338,0.404387555691725,238.709112825103,238.709112825103,0,0,140.643804775646,127.265761982071,100,100,0,0,100,0,100,0,0.492081893069456,0.9,0.558661453852352,0.0086614538523524,12.5,0,12.5,0,-0.937214705786767,13,low_it_load,residual_sac,4
353.574427072088,145.611386186302,353.574427072088,7817.67216285049,0,0,4267.97374117254,545.939206999996,2018.2,2018.2,100,2018.2,1,2810.45145785437,0.351306432231796,478.133413259137,478.133413259137,0,0,59.1978283726649,49.0678513831012,100,100,1,1,100,0,100,0,0.466137841561973,0.833429186279739,0.669761668709446,0.119761668709446,0,8.33333333333333,0,8.33333333333333,-1.51678527277398,14,low_it_load,residual_sac,4
353.479487617765,162.655736570827,353.479487617765,9034.87212398174,0,0,4281.4037479276,473.875411757432,1613.7,1613.7,100,1613.7,1,2347.27898158246,0.293409872697808,538.242851242889,538.242851242889,0,0,96.3190320562301,83.5916104746533,100,100,0,0,100,0,100,0,0.538420065437065,0.9,0.84741579175292,0.29741579175292,20.8333333333333,0,20.8333333333333,0,-1.69433058927945,15,low_it_load,residual_sac,4
377.227247501381,165.606938968256,377.227247501381,8444.48375837345,0,0,4388.20010065934,519.652855783878,1563.5,1563.5,100,1563.5,1,2612.2155193858,0.326526939923225,504.723842780448,504.723842780448,0,0,113.460053625089,104.959985550736,100,100,1,1,100,0,100,0,0.520259002696967,0.9,0.678386549023932,0.128386549023932,14.5833333333333,2.08333333333333,14.5833333333333,2.08333333333333,-1.72507228091933,16,low_it_load,residual_sac,4
285.34007111548,139.74224069755,285.34007111548,8129.98458184745,0,0,3502.63778559032,430.829572962656,1555.2,1555.2,100,1555.2,1,2539.39704723203,0.317424630904004,463.626626415469,463.626626415469,0,0,119.276217029619,112.297729439133,100,100,0,0,100,0,100,0,0.522546507153432,0.9,0.67742212900054,0.12742212900054,12.5,0,12.5,0,-1.45564834059948,17,low_it_load,residual_sac,4
265.318235004477,129.4800305332,265.318235004477,7979.07823146244,0,0,3511.81992047472,440.128523446129,908,908,100,908,1,2092.99989544288,0.261624986930359,401.587143063913,401.587143063913,0,0,114.471903064723,111.384248919785,100,100,0,0,100,0,100,0,0.534849206863366,0.816196923392899,0.61189141962668,0.0618914196266801,0,0,0,0,-1.34875031805417,18,low_it_load,residual_sac,4
201.789001881313,129.304559149809,201.789001881313,5885.71129535287,0,0,3232.57047283653,549.223417633284,1416.7,1416.7,100,1416.7,1,2560.51993428686,0.320064991785857,389.873646244812,389.873646244812,0,0,139.411710546582,138.881455032033,100,100,0,0,100,0,100,0,0.554538107067315,0.9,0.617359596319564,0.0673595963195645,3.125,0,3.125,0,-1.34692249114384,19,low_it_load,residual_sac,4
218.267488113479,106.799863769521,218.267488113479,4849.45366491557,0,0,2732.96763693054,563.561965073054,1177.4,1177.4,100,1177.4,1,2249.69588887886,0.281211986109858,266.998332645665,266.998332645665,0,0,101.597604003269,96.5784879401326,100,100,0,0,100,0,100,0,0.509527012285682,0.812927601149666,0.598414987892876,0.0484149878928759,0,0,0,0,-1.11249858093251,20,low_it_load,residual_sac,4
383.05730719345,152.57740666337,383.05730719345,8162.27982587177,0,0,4664.82889156542,571.510532728789,1432.6,1432.6,100,1432.6,1,2336.97279444894,0.292121599306118,456.48824677231,456.48824677231,0,0,56.5433517996297,44.8513752638732,100,100,1,1,100,0,100,0,0.469701592281422,0.772981081390063,0.666596105206309,0.116596105206309,0,8.33333333333333,0,8.33333333333333,-1.58934798607677,21,low_it_load,residual_sac,4
400.468247631487,186.735255198016,400.468247631487,9206.23815871006,0,0,5209.78803310053,565.897595009698,1354.2,1354.2,100,1354.2,1,2209.63364670112,0.27620420583764,507.608638905208,507.608638905208,0,0,97.2135269113391,76.0439851887199,100,100,0,0,100,0,100,0,0.554928336641652,0.9,0.868922410863668,0.318922410863668,23.9583333333333,0,23.9583333333333,0,-1.94515890831267,22,low_it_load,residual_sac,4
338.607198604613,165.702779484648,338.607198604613,8843.40657932028,0,0,4634.44235759029,524.056235119578,1279.8,1279.8,100,1279.8,1,2206.97757703205,0.275872197129006,538.029542781098,538.029542781098,0,0,102.948894291583,92.8557957016146,100,100,0,0,100,0,100,0,0.537575590802643,0.9,0.742820014851044,0.192820014851044,15.625,0,15.625,0,-1.72607061963175,23,low_it_load,residual_sac,4
289.833340857242,140.081272102759,289.833340857242,8004.25314878593,0,0,3443.09530427169,430.158222168915,1652.4,1652.4,100,1652.4,1,2544.74549449698,0.318093186812123,502.427619902178,502.427619902178,0,0,127.204757234828,118.442215445741,100,100,0,0,100,0,100,0,0.5359501352585,0.9,0.650148112020376,0.100148112020376,13.5416666666667,0,13.5416666666667,0,-1.45917991773707,24,low_it_load,residual_sac,4
136.983144963882,102.544597519139,136.983144963882,7081.80748882931,3.68381663514845,3.68381663514845,2211.11053422417,312.224038525747,2015.9,2012.21618336485,99.8172619358525,2012.21618336485,0.998172619358525,2761.9857756727,0.345248221959087,392.50494895062,392.50494895062,0,0,154.395640345415,133.501936377345,100,100,0,0,100,0,100,0,0.529545121825588,0.9,0.62752785591992,0.0775278559199195,12.5,0,12.5,0,-1.06817289082436,25,low_it_load,residual_sac,4
146.332072999716,92.2782868158166,146.332072999716,6004.91017115534,0,0,2065.17732193807,343.914773589482,1225.4,1225.4,100,1225.4,1,2274.73752238322,0.284342190297902,358.637667684647,358.637667684647,0,0,123.596632854905,120.524740032852,100,100,0,0,100,0,100,0,0.542700188789002,0.840525569171714,0.584311508263288,0.0343115082632881,0,0,0,0,-0.961232154331423,26,low_it_load,residual_sac,4
195.36278198087,100.858680093113,195.36278198087,4571.1165077205,0,0,2378.18939330178,520.26444508362,1398.4,1398.4,100,1398.4,1,2402.29676019976,0.30028709502497,242.182244829054,242.182244829054,0,0,108.57939612834,105.76610006392,100,100,0,0,100,0,100,0,0.523156917277453,0.844464105658833,0.598463985306009,0.0484639853060087,0,0,0,0,-1.05061125096992,27,low_it_load,residual_sac,4
410.267458212532,159.815138595333,410.267458212532,8397.92487187176,0,0,4917.82119589029,585.599570241713,1187.9,1187.9,100,1187.9,1,2183.59935973514,0.272949919966892,510.145769773973,510.145769773973,0,0,60.2529625026774,47.5824998562801,100,100,1,1,100,0,100,0,0.46362025139138,0.739941331635039,0.671623994484663,0.121623994484663,0,8.33333333333333,0,8.33333333333333,-1.66474102703472,28,low_it_load,residual_sac,4
432.488170925973,194.131260322773,432.488170925973,8924.18032408011,0,0,5214.87207981398,584.353059937919,1584,1584,100,1584,1,2276.14113925951,0.284517642407439,507.016357069429,507.016357069429,0,0,118.728413721484,93.7841905998555,100,100,0,0,100,0,100,0,0.553989321661462,0.9,0.838061530642046,0.288061530642046,26.0416666666667,0,26.0416666666667,0,-2.02220062836222,29,low_it_load,residual_sac,4
343.211763366939,166.502172134964,343.211763366939,7908.53171663961,0,0,4327.88512752419,547.242558112055,2027.9,2027.9,100,2027.9,1,2505.52964216593,0.313191205270741,511.224018636247,511.224018636247,0,0,137.998717553908,119.899809887775,100,100,0,0,100,0,100,0,0.530017060356531,0.9,0.674672097626895,0.124672097626895,18.75,0,18.75,0,-1.73439762640588,30,low_it_load,residual_sac,4
277.513237698412,138.053030104423,277.513237698412,8646.65756832869,0,0,3988.71625303789,461.301516975521,757.2,757.2,100,757.2,1,2028.17979306213,0.253522474132767,515.0639151749,515.0639151749,0,0,108.241927467326,99.4408144615591,100,100,0,0,100,0,100,0,0.509876966844271,0.799145134143196,0.628383774675056,0.0783837746750555,0,0,0,0,-1.43805239692107,31,low_it_load,residual_sac,4
222.610582198963,122.219640041104,222.610582198963,8245.28713862256,0,0,3126.34544733017,379.167565030665,819,819,100,819,1,2194.27740504446,0.274284675630557,395.456236614355,395.456236614355,0,0,119.355003338059,118.046954646707,100,100,0,0,100,0,100,0,0.546610941142254,0.854818135688732,0.650527225963044,0.100527225963044,0,0,0,0,-1.27312125042817,32,low_it_load,residual_sac,4
168.423738477754,118.104124749831,168.423738477754,6443.93985754753,0,0,3154.85649495977,489.585031006242,700.5,700.5,100,700.5,1,1891.42685311974,0.236428356639968,363.427531681963,363.427531681963,0,0,133.243507065845,132.850593887269,100,100,0,0,100,0,100,0,0.55502558534277,0.808625157109784,0.601012696203586,0.0510126962035859,0,0,0,0,-1.23025129947741,33,low_it_load,residual_sac,4
196.837641793179,104.0300249483,196.837641793179,5032.03787046776,0,0,2695.55768919325,535.679134096556,940.7,940.7,100,940.7,1,2006.13607050105,0.250767008812632,258.715675688476,258.715675688476,0,0,108.142511674341,103.892908245325,100,100,0,0,100,0,100,0,0.533345877605097,0.797205658366601,0.584631489342501,0.0346314893425005,0,0,0,0,-1.08364609321146,34,low_it_load,residual_sac,4
402.303868727032,162.656981104493,402.303868727032,9052.6944126022,0,0,5152.70024557441,569.18968107455,715.9,715.9,100,715.9,1,1708.68222408612,0.213585278010765,506.531345237586,506.531345237586,0,0,61.5541334529846,51.7688778229058,100,100,0,0,100,0,100,0,0.49094416272617,0.714039417013983,0.699028991019629,0.149028991019629,0,0,0,0,-1.6943435531718,35,low_it_load,residual_sac,4
526.28550357875,217.32041800142,526.28550357875,9960.47873322493,0,0,6026.8833720963,605.079688789713,628.5,628.5,100,628.5,1,1645.11237441332,0.205639046801665,578.995507981107,578.995507981107,0,0,90.0531981431238,74.8516157599751,100,100,0,0,100,0,100,0,0.55929216372687,0.9,0.9,0.35,31.25,0,31.25,0,-2.26375435418146,36,low_it_load,residual_sac,4
388.666568215658,179.672254050734,388.666568215658,9068.30677729892,0,0,4841.98003797892,533.945328151012,1100.7,1100.7,100,1100.7,1,2076.61598377798,0.259576997972247,521.925368313687,521.925368313687,0,0,111.146808580185,102.265618390625,100,100,0,0,100,0,100,0,0.549906854200465,0.9,0.762871514689483,0.212871514689483,22.9166666666667,0,22.9166666666667,0,-1.87158597969514,37,low_it_load,residual_sac,4
416.260303779201,175.278544944857,416.260303779201,8674.79267944441,0,0,5131.05508487836,591.490226277889,656.3,656.3,100,656.3,1,2119.18962667565,0.264898703334456,481.064686460236,481.064686460236,0,0,116.150311681923,108.336792141199,100,100,1,1,100,0,100,0,0.541557829624971,0.821048092107167,0.582789286602704,0.0327892866027039,0,0,0,0,-1.82581817650892,38,low_it_load,residual_sac,4
340.879586913518,164.066643290567,340.879586913518,8210.77077458676,0,0,4702.72431965271,572.750652619381,615.2,615.2,100,615.2,1,2037.7424192546,0.254717802406825,397.232243311945,397.232243311945,0,0,128.779786129164,127.972626127303,100,100,0,0,100,0,100,0,0.546791999733966,0.812977612747782,0.600413088132319,0.0504130881323193,0,0,0,0,-1.70902753427674,39,low_it_load,residual_sac,4
252.095074531798,140.383566693075,252.095074531798,6265.23510297087,0,0,3541.50191855525,565.262413995595,1260.8,1260.8,100,1260.8,1,2345.83268732023,0.293229085915029,357.553040996285,357.553040996285,0,0,138.780368113467,138.428097777069,100,100,0,0,100,0,100,0,0.554313155504732,0.885033099763823,0.644342688271789,0.0943426882717888,0,0,0,0,-1.46232881971953,40,low_it_load,residual_sac,4
208.717888610917,97.3791479194722,208.717888610917,4983.74758901406,0,0,2477.99927385422,497.216046678729,773.1,773.1,100,773.1,1,1881.34894165726,0.235168617707158,287.040567278467,287.040567278467,0,0,108.065323208679,103.104070015252,100,100,0,0,100,0,100,0,0.524018824028074,0.754303590493313,0.546479952604985,0.00352004739501544,0,0,0,0,-1.01436612416117,41,low_it_load,residual_sac,4
383.727685519992,138.196018380235,383.727685519992,8819.74939337478,0,0,4157.58160029306,471.394527764718,725.6,725.6,100,725.6,1,1621.91868221227,0.202739835276534,522.111500761592,522.111500761592,0,0,66.6061965359281,54.9146660603583,100,100,0,0,100,0,100,0,0.498114078204216,0.680175245846648,0.644785306163818,0.0947853061638178,0,0,0,0,-1.43954185812745,42,low_it_load,residual_sac,4
480.714813764639,196.46232856746,480.714813764639,10004.0264635543,0,0,5264.82063000412,526.270162237616,601.9,601.9,100,601.9,1,1935.99959264558,0.241999949080697,587.618711060346,587.618711060346,0,0,93.1911577736681,79.5168661000739,100,100,0,0,100,0,100,0,0.558457723266331,0.9,0.9,0.35,18.75,0,18.75,0,-2.04648258924437,43,low_it_load,residual_sac,4
404.186826074546,175.988381236504,404.186826074546,8868.94964711343,0,0,4503.76967610785,507.813197200154,1402.6,1402.6,100,1402.6,1,2088.23302763297,0.261029128454121,539.470077530009,539.470077530009,0,0,120.772014923725,109.232715228935,100,100,0,0,100,0,100,0,0.552101255502386,0.9,0.744845565053731,0.194845565053731,23.9583333333333,0,23.9583333333333,0,-1.83321230454691,44,low_it_load,residual_sac,4
353.153182500771,155.732412903577,353.153182500771,9102.15878673173,0,0,4430.53042302367,486.756002266416,497.2,497.2,100,497.2,1,1924.84518643503,0.240605648304378,517.473739354131,517.473739354131,0,0,112.382082115378,102.31108199805,100,100,0,0,100,0,100,0,0.537266312180403,0.813670510991678,0.637455424222488,0.0874554242224883,0,0,0,0,-1.62221263441226,45,low_it_load,residual_sac,4
324.76849046496,156.651914983197,324.76849046496,8565.71149936687,0,0,4359.85844754988,508.989644102786,649.1,649.1,100,649.1,1,2104.40515987504,0.26305064498438,413.640564756212,413.640564756212,0,0,125.99106785682,124.854004383087,100,100,0,0,100,0,100,0,0.542953821766626,0.830535895082287,0.633686830986658,0.0836868309866576,0,0,0,0,-1.63179078107497,46,low_it_load,residual_sac,4
256.524137810841,133.616626465135,256.524137810841,7004.70884593076,0,0,3592.92211788863,512.92954452716,405.4,405.4,100,405.4,1,1597.84272383519,0.199730340479399,404.575058286724,404.575058286724,0,0,134.812409322326,134.157590381801,100,100,0,0,100,0,100,0,0.556120295670545,0.766274962326526,0.586050671061748,0.0360506710617478,0,0,0,0,-1.39183985901183,47,low_it_load,residual_sac,4
238.6506467777,112.096560393808,238.6506467777,5603.69532743927,0,0,2823.5488542019,503.872657097541,584.7,584.7,100,584.7,1,1793.71039229594,0.224213799036993,296.013959032102,296.013959032102,0,0,114.2402752091,109.171788394451,100,100,0,0,100,0,100,0,0.554489136913301,0.793171127175642,0.601824837974279,0.0518248379742785,0,0,0,0,-1.16767250410217,48,low_it_load,residual_sac,4
461.153233657761,164.194541279722,461.153233657761,9337.22340141327,0,0,4968.44909458361,532.112050979908,733.5,733.5,100,733.5,1,1734.37067514455,0.216796334393069,521.655566673857,521.655566673857,0,0,62.2315418464452,52.2023825508007,100,100,1,1,100,0,100,0,0.513889269577356,0.726502873392404,0.673995937412977,0.123995937412977,0,8.33333333333333,0,8.33333333333333,-1.7103598049971,49,low_it_load,residual_sac,4
573.062763014936,237.953132836767,573.062763014936,10680.7146859759,0,0,6740.3135609677,631.073271699501,433.8,433.8,100,433.8,1,1729.74232884313,0.216217791105392,616.543584515683,616.543584515683,0,0,94.0922643586173,78.3223410919223,100,100,0,0,100,0,100,0,0.559314167983836,0.9,0.9,0.35,31.25,0,31.25,0,-2.47867846704966,50,low_it_load,residual_sac,4
544.303729533285,225.004478468059,544.303729533285,10717.3889062164,0,0,6410.97821449136,598.184713701374,384.1,384.1,100,384.1,1,2020.9366415738,0.252617080196725,628.397876367678,628.397876367678,0,0,101.213222469888,89.3496345786321,100,100,0,0,100,0,100,0,0.55295429230068,0.9,0.830907978363821,0.280907978363821,17.7083333333333,0,17.7083333333333,0,-2.34379665070895,51,low_it_load,residual_sac,4
434.334078878051,196.364979743426,434.334078878051,9885.99857578563,0,0,5382.05549995226,544.411923458583,593.2,593.2,100,593.2,1,2142.46667225588,0.267808334031985,575.592895003881,575.592895003881,0,0,121.449019714224,114.434143741795,100,100,0,0,100,0,100,0,0.553056885957868,0.9,0.750049853558536,0.200049853558536,15.625,0,15.625,0,-2.04546853899402,52,low_it_load,residual_sac,4
267.180779834932,139.619815400124,267.180779834932,8962.01426136229,0,0,3466.84281784574,386.837458270096,950.6,950.6,100,950.6,1,2423.93134433706,0.302991418042132,435.245151557192,435.245151557192,0,0,127.173280172721,125.574395280871,100,100,0,0,100,0,100,0,0.550249077358211,0.9,0.692410028622887,0.142410028622887,4.16666666666667,0,4.16666666666667,0,-1.45437307708462,53,low_it_load,residual_sac,4
234.447885457859,136.029498798134,234.447885457859,7041.20974416483,0,0,3525.04248465713,500.630234396638,767.5,767.5,100,767.5,1,2075.30203772165,0.259412754715206,440.650507236275,440.650507236275,0,0,137.52691719727,137.01409175992,100,100,0,0,100,0,100,0,0.556366328985328,0.846526320195755,0.629160740600823,0.0791607406008227,0,0,0,0,-1.4169739458139,54,low_it_load,residual_sac,4
324.877173976708,137.822194541173,324.877173976708,6238.67983297215,0,0,3895.56208366858,624.420901210555,278.4,278.4,100,278.4,1,1484.46947871698,0.185558684839622,344.038973441243,344.038973441243,0,0,102.002678947035,93.1112010031939,100,100,0,0,100,0,100,0,0.542936089565525,0.761318901793766,0.633414955155992,0.0834149551559915,0,0,0,0,-1.43564785980388,55,low_it_load,residual_sac,4
482.232916859105,181.138841845397,482.232916859105,10143.6381110511,0,0,5696.90604214751,561.623549635602,447.2,447.2,100,447.2,1,1754.77841373694,0.219347301717118,556.551050308233,556.551050308233,0,0,58.0732078369991,44.5286487921064,100,100,1,1,100,0,100,0,0.512672722699428,0.728584196908981,0.702041614614298,0.152041614614298,0,8.33333333333333,0,8.33333333333333,-1.88686293588955,56,low_it_load,residual_sac,4
444.133963866479,195.998646767802,444.133963866479,11359.4037270195,0,0,5264.73980885985,463.469732688267,329.9,329.9,100,329.9,1,1957.86304982418,0.244732881228023,668.24714762883,668.24714762883,0,0,101.79721434504,88.923702574739,100,100,0,0,100,0,100,0,0.563523511322681,0.9,0.9,0.35,21.875,0,21.875,0,-2.04165257049794,57,low_it_load,residual_sac,4
333.69351401002,153.778210104378,333.69351401002,10760.826400132,0,0,3877.38742509368,360.324317196134,496.1,496.1,100,496.1,1,2214.51739369546,0.276814674211932,599.145332959682,599.145332959682,0,0,111.528810059113,99.2434678375612,100,100,1,1,100,0,100,0,0.552577694479472,0.9,0.760996996086815,0.210996996086815,15.625,4.16666666666667,15.625,4.16666666666667,-1.60185635525393,58,low_it_load,residual_sac,4
429.779117026814,176.846316883541,429.779117026814,10477.2407935578,0,0,4531.29644880505,432.489482497264,614.3,614.3,100,614.3,1,2304.84390491905,0.288105488114882,612.439058785745,612.439058785745,0,0,120.759804145057,113.167182785821,100,100,1,1,100,0,100,0,0.553149223959013,0.9,0.709998574146482,0.159998574146482,14.5833333333333,0,14.5833333333333,0,-1.84214913420356,59,low_it_load,residual_sac,4
396.989684606196,191.018749338978,396.989684606196,9431.40455956777,0,0,5210.27848510941,552.439294932355,935.5,935.5,100,935.5,1,2382.48400200779,0.297810500250974,444.171922089834,444.171922089834,0,0,140.160385969431,138.431647071551,100,100,0,0,100,0,100,0,0.553853393634,0.9,0.695751944352688,0.145751944352688,7.29166666666667,0,7.29166666666667,0,-1.98977863894769,60,low_it_load,residual_sac,4
333.036962049558,165.47787988605,333.036962049558,7876.21453982193,0,0,4602.78064679798,584.389953260726,426.3,426.3,100,426.3,1,1542.26394985911,0.192782993732389,412.86585171889,412.86585171889,0,0,137.702306900909,137.362341396511,100,100,0,0,100,0,100,0,0.555129738558638,0.790099363627268,0.653594041189227,0.103594041189227,0,0,0,0,-1.72372791547969,61,low_it_load,residual_sac,4
288.294444315303,128.758042433121,288.294444315303,6237.68440007538,0,0,3246.38032875337,520.446390124216,616.6,616.6,100,616.6,1,1774.83624023869,0.221854530029837,379.321710048259,379.321710048259,0,0,113.765070980242,109.68045592308,100,100,0,0,100,0,100,0,0.556466544963417,0.815342178934094,0.650885458363847,0.100885458363847,0,0,0,0,-1.34122960867834,62,low_it_load,residual_sac,4
522.949505386023,183.288058519923,522.949505386023,10260.2285750062,0,0,5580.28944149159,543.87574318618,679,679,100,679,1,1994.56853612734,0.249321067015917,565.227650966569,565.227650966569,0,0,57.203425072344,41.9618789653661,100,100,1,1,100,0,100,0,0.510349702680794,0.750873938777185,0.690378349609101,0.140378349609101,0,8.33333333333333,0,8.33333333333333,-1.90925060958253,63,low_it_load,residual_sac,4
535.541832798358,228.673110470747,535.541832798358,10916.9098844565,0,0,5943.55051335737,544.435245528573,1164.1,1164.1,100,1164.1,1,1717.11282645867,0.214639103307334,660.649909174447,660.649909174447,0,0,144.355152189046,112.520936571651,100,100,0,0,100,0,100,0,0.562289033060105,0.9,0.9,0.35,36.4583333333333,0,36.4583333333333,0,-2.38201156740362,64,low_it_load,residual_sac,4
453.375447607751,195.894630575654,453.375447607751,10903.5325819528,0,0,5380.01352949324,493.419310581788,916.3,916.3,100,916.3,1,2363.08981069397,0.295386226336746,644.469076826296,644.469076826296,0,0,113.428898706222,104.902123878112,100,100,1,1,100,0,100,0,0.545090170472705,0.9,0.741466854605465,0.191466854605465,16.6666666666667,4.16666666666667,16.6666666666667,4.16666666666667,-2.04056906849639,65,low_it_load,residual_sac,4
337.17779022619,157.697346866813,337.17779022619,10861.650751779,0,0,3928.76414922879,361.709673696267,617.4,617.4,100,617.4,1,2215.68504864001,0.276960631080001,617.876806650067,617.876806650067,0,0,124.9787421213,112.882891550657,100,100,1,1,100,0,100,0,0.553183933431687,0.9,0.748866304483887,0.198866304483887,16.6666666666667,1.04166666666667,16.6666666666667,1.04166666666667,-1.6426806965293,66,low_it_load,residual_sac,4
262.97309688885,137.809272224166,262.97309688885,10462.4619186728,0,0,3330.56512720628,318.33474311262,380,380,100,380,1,2224.21785434993,0.278027231793741,497.917841462346,497.917841462346,0,0,124.315018824405,123.507482744753,100,100,0,0,100,0,100,0,0.555751695103712,0.885892238383007,0.739503830414598,0.189503830414598,0,0,0,0,-1.43551325233506,67,low_it_load,residual_sac,4
14.7283768394165,96.3761795284341,14.7283768394165,8345.29855580037,0,0,2228.39466260244,267.023959382928,476.1,476.1,100,476.1,1,2039.55910866691,0.254944888583363,472.599696286165,472.599696286165,0,0,141.553281937301,141.258284635842,100,100,0,0,100,0,100,0,0.557122485246263,0.889291972632516,0.728512675484732,0.178512675484732,0,0,0,0,-1.00391853675452,68,low_it_load,residual_sac,4
172.843549598816,101.087178668136,172.843549598816,6236.87066037452,0,0,2411.21845099705,386.607095496872,584.2,584.2,100,584.2,1,1833.58175441884,0.229197719302355,338.176414876052,338.176414876052,0,0,122.037750710064,119.592199102044,100,100,0,0,100,0,100,0,0.55442206872825,0.803973190861427,0.610826172996796,0.0608261729967956,0,0,0,0,-1.05299144445975,69,low_it_load,residual_sac,4
412.098936473062,156.33669344392,412.098936473062,10448.9281243329,0,0,4695.14484044926,449.342246839222,890.2,890.2,100,890.2,1,2285.07920629458,0.285634900786823,624.916668073,624.916668073,0,0,62.5836066734621,52.85738808449,100,100,1,1,100,0,100,0,0.520979007999444,0.789059098081597,0.66203443044526,0.11203443044526,0,8.33333333333333,0,8.33333333333333,-1.62850722337416,70,low_it_load,residual_sac,4
496.960214755294,223.709018598819,496.960214755294,12318.2263254872,0,0,6268.30155533944,508.863970324197,424.4,424.4,100,424.4,1,1914.79803802933,0.239349754753666,676.469865612326,676.469865612326,0,0,107.22321696097,92.2482703420966,100,100,0,0,100,0,100,0,0.566426703956596,0.9,0.9,0.35,29.1666666666667,4.16666666666667,29.1666666666667,4.16666666666667,-2.33030227707104,71,low_it_load,residual_sac,4
534.380511963639,224.723054030495,534.380511963639,12065.9377564623,0,0,6164.03015163128,510.862087642542,328.1,328.1,100,328.1,1,2332.34040357624,0.29154255044703,671.431234295221,671.431234295221,0,0,117.158822180381,104.843681610377,100,100,1,1,100,0,100,0,0.55672253125545,0.9,0.784548871405395,0.234548871405395,19.7916666666667,4.16666666666667,19.7916666666667,4.16666666666667,-2.34086514615099,72,low_it_load,residual_sac,4
427.625093596548,199.040896343202,427.625093596548,11574.574607103,0,0,5318.66820795165,459.513061040507,335.9,335.9,100,335.9,1,2256.89560862339,0.282111951077924,664.209297365255,664.209297365255,0,0,133.032861201381,122.945570375712,100,100,1,1,100,0,100,0,0.555323430986451,0.9,0.746444172346908,0.196444172346908,18.75,0,18.75,0,-2.07334267024168,73,low_it_load,residual_sac,4
248.389219173049,144.737943319854,248.389219173049,11292.0096369959,0,0,3613.02987635348,319.963407090632,444.3,444.3,100,444.3,1,2264.68090967632,0.28308511370954,522.340422881078,522.340422881078,0,0,126.391522206463,124.703763416032,100,100,0,0,100,0,100,0,0.555594226582975,0.9,0.785661596530552,0.235661596530552,1.04166666666667,0,1.04166666666667,0,-1.50768690958181,74,low_it_load,residual_sac,4
113.967459192299,116.475019616294,113.967459192299,8789.15615199613,0,0,2495.06878256601,283.880356591383,558,558,100,558,1,2075.79535131506,0.259474418914383,484.494805339389,484.494805339389,0,0,156.003923931598,152.066311072016,100,100,0,0,100,0,100,0,0.557512289675155,0.9,0.74377618881652,0.19377618881652,10.4166666666667,0,10.4166666666667,0,-1.21328145433639,75,low_it_load,residual_sac,4
280.856339485057,132.322972593928,280.856339485057,6834.19512994438,0,0,3307.77873275058,484.004139457093,555.6,555.6,100,555.6,1,1765.75946904742,0.220719933630927,388.718359983791,388.718359983791,0,0,118.118614639397,114.677184633911,100,100,0,0,100,0,100,0,0.557146474480699,0.828904634795007,0.675789253465986,0.125789253465986,0,0,0,0,-1.37836429785341,76,low_it_load,residual_sac,4
413.215875455232,162.168182515327,413.215875455232,11450.2379874939,0,0,5075.33992102302,443.251915511834,659.9,659.9,100,659.9,1,2126.9639593337,0.265870494916713,626.920800050753,626.920800050753,0,0,61.6037911847791,48.1828826964269,100,100,1,1,100,0,100,0,0.511996504678344,0.748619918523787,0.666749711612989,0.116749711612989,0,8.33333333333333,0,8.33333333333333,-1.68925190120132,77,low_it_load,residual_sac,4
516.906490718316,236.728658572738,516.906490718316,12585.9019565464,0,0,6250.76424485102,496.648096134245,601,601,100,601,1,1584.68914952127,0.198086143690158,676.469865612326,676.469865612326,0,0,143.247254518548,118.385057648311,100,100,0,0,100,0,100,0,0.565585157415647,0.9,0.9,0.35,39.5833333333333,12.5,39.5833333333333,12.5,-2.46592352679936,78,low_it_load,residual_sac,4
420.850454211695,205.968177288394,420.850454211695,12106.2434490836,0,0,5328.42648563468,440.138719169572,841.8,841.8,100,841.8,1,2250.94255559531,0.281367819449414,676.469865612326,676.469865612326,0,0,156.71264540274,130.590740024123,100,100,0,0,100,0,100,0,0.555056988660983,0.9,0.809264007515601,0.259264007515601,25,8.33333333333333,25,8.33333333333333,-2.14550184675411,79,low_it_load,residual_sac,4
360.712866769011,185.664138648669,360.712866769011,12252.1565550238,0,0,4876.03465587293,397.973583995186,547.9,547.9,100,547.9,1,1965.72528661334,0.245715660826667,676.469865612326,676.469865612326,0,0,133.580198575169,118.228100772055,100,100,0,0,100,0,100,0,0.554242387138474,0.9,0.82579963795188,0.27579963795188,26.0416666666667,1.04166666666667,26.0416666666667,1.04166666666667,-1.93400144425697,80,low_it_load,residual_sac,4
316.408235299893,186.32089269357,316.408235299893,11256.2107002272,0,0,5119.57988810151,454.822677404054,623.5,623.5,100,623.5,1,2265.47104126259,0.283183880157824,560.861016027375,560.861016027375,0,0,150.265621825179,143.072246781946,100,100,0,0,100,0,100,0,0.556447222443878,0.9,0.758083891648529,0.208083891648529,11.4583333333333,0,11.4583333333333,0,-1.94084263222469,81,low_it_load,residual_sac,4
240.157465657162,163.224628356669,240.157465657162,9377.50985988873,0,0,4271.73200883023,455.529460662269,314.4,314.4,100,314.4,1,1866.00332440756,0.233250415550945,542.613714031962,542.613714031962,0,0,143.430510379441,142.991089448333,100,100,0,0,100,0,100,0,0.559620114472653,0.89956833320008,0.795969517939023,0.245969517939023,0,0,0,0,-1.70025654538196,82,low_it_load,residual_sac,4
171.91171140813,109.237138671711,171.91171140813,6943.17977551212,0,0,2688.54340572803,387.22076809969,328.3,328.3,100,328.3,1,1645.39815294928,0.20567476911866,397.17829033573,397.17829033573,0,0,126.196748922553,124.313033744693,100,100,0,0,100,0,100,0,0.557571845389309,0.798108394082199,0.640906508745947,0.090906508745947,0,0,0,0,-1.13788686116366,83,low_it_load,residual_sac,4
284.272322828535,154.563965328225,284.272322828535,11831.9933747186,0,0,5208.59832251506,440.213086464727,372.8,372.8,100,372.8,1,1834.84658394373,0.229355822992966,643.198604755381,643.198604755381,0,0,66.5913210992016,55.6391426362097,100,100,0,0,100,0,100,0,0.541329734511929,0.742482103116976,0.701501059164422,0.151501059164422,0,0,0,0,-1.61004130550234,84,low_it_load,residual_sac,4
364.46749344192,223.424682401365,364.46749344192,12961.9970486555,0,0,6532.7386752021,503.991680501096,265.6,265.6,100,265.6,1,2099.48832728777,0.262436040910971,676.469865612326,676.469865612326,0,0,127.605898162116,106.220777754835,100,100,0,0,100,0,100,0,0.567300897114645,0.9,0.9,0.35,29.1666666666667,12.5,29.1666666666667,12.5,-2.32734044168089,85,low_it_load,residual_sac,4
431.845978042492,245.878388499272,431.845978042492,12660.3855195954,0,0,7284.42658320811,575.371624500178,541.3,541.3,100,541.3,1,2193.93715055185,0.274242143818981,676.469865612326,676.469865612326,0,0,142.001741803315,118.736620289583,100,100,0,0,100,0,100,0,0.556965796048456,0.9,0.868494217753989,0.318494217753989,29.1666666666667,5.20833333333333,29.1666666666667,5.20833333333333,-2.56123321353408,86,low_it_load,residual_sac,4
470.892698442425,243.832762051564,470.892698442425,12303.5029488583,0,0,7134.24880672161,579.855089755854,414.8,414.8,100,414.8,1,1993.00489066588,0.249125611333235,676.469865612326,676.469865612326,0,0,139.787814450816,125.668574692425,100,100,0,0,100,0,100,0,0.555210254909572,0.9,0.814694034591108,0.264694034591108,25,2.08333333333333,25,2.08333333333333,-2.53992460470379,87,low_it_load,residual_sac,4
383.442790690394,217.915422494838,383.442790690394,11165.7713588145,0,0,6311.81083985023,565.282114152153,717.4,717.4,100,717.4,1,2358.68978529008,0.29483622316126,538.186049164237,538.186049164237,0,0,156.574331919464,147.818905385746,100,100,0,0,100,0,100,0,0.554169594886237,0.9,0.740069098195893,0.190069098195893,12.5,0,12.5,0,-2.26995231765456,88,low_it_load,residual_sac,4
245.667021971836,163.422726260913,245.667021971836,8493.84215429342,0,0,3988.68174142563,469.596876062672,1087.2,1087.2,100,1087.2,1,2189.13329841794,0.273641662302243,577.428041812217,577.428041812217,0,0,183.385477811669,168.405115734826,100,100,0,0,100,0,100,0,0.560304834797151,0.9,0.711723924239046,0.161723924239046,14.5833333333333,0,14.5833333333333,0,-1.70232006521785,89,low_it_load,residual_sac,4
158.135774291559,101.891238892819,158.135774291559,6219.32436784185,0,0,2167.17338813072,348.458009255231,1053.8,1053.8,100,1053.8,1,2413.20615667799,0.301650769584749,420.987039705307,420.987039705307,0,0,131.214563323051,130.20437899977,100,100,0,0,100,0,100,0,0.557366646607782,0.886384199724261,0.62808310148546,0.0780831014854597,0,0,0,0,-1.0613670718002,90,low_it_load,residual_sac,4
429.259460359443,177.330047681508,429.259460359443,12100.2137747351,0,0,5627.56675968026,465.079945234558,0,0,,0,,1480.33367674412,0.185041709593015,644.998879341469,644.998879341469,0,0,75.2633445079665,62.3774190433323,100,100,0,0,100,0,100,0,0.520855701652441,0.722761022465009,0.722761022465009,0.172761022465009,0,0,0,0,-1.84718799668238,91,low_it_load,residual_sac,4
366.06198871062,141.328669166515,366.06198871062,8576.64810236387,0,0,4177.29392667417,487.054368655144,1584.7,1584.7,100,1584.7,1,3104.20818992931,0.388026023741164,614.409215575577,614.409215575577,0,0,67.0199323221419,48.2566795311868,100,100,0,0,100,0,100,0,0.459081996014022,0.763053844352941,0.660078398007503,0.110078398007503,0,0,0,0,-1.47217363715119,0,low_it_load,residual_sac,5
350.772887565076,160.356464806518,350.772887565076,8857.44985117251,0,0,4003.89769317136,452.037297466758,1639,1639,100,1639,1,3161.583001119,0.395197875139876,625.854805556225,625.854805556225,0,0,134.94747413353,125.954200590785,100,100,0,0,100,0,100,0,0.564804667029724,0.9,0.680938980652949,0.130938980652949,11.4583333333333,0,11.4583333333333,0,-1.67037984173457,1,low_it_load,residual_sac,5
337.984796920982,159.263995950225,337.984796920982,8197.4684889243,0,0,4188.4699623769,510.946759726615,1694.9,1694.9,100,1694.9,1,2864.01920237528,0.35800240029691,429.02895819689,429.02895819689,0,0,143.859101891617,128.40143362408,100,100,0,0,100,0,100,0,0.548059219453559,0.9,0.55951718429993,0.00951718429992954,13.5416666666667,0,13.5416666666667,0,-1.65899995781485,2,low_it_load,residual_sac,5
406.950713933455,173.211264794615,406.950713933455,9377.8955653517,0,0,4737.33338623905,505.159537470429,939.8,939.8,100,939.8,1,2749.37329712205,0.343671662140256,611.228635343368,611.228635343368,0,0,106.315541438523,100.172641221434,100,100,0,0,100,0,100,0,0.536177820309789,0.884949905908751,0.706057179881523,0.156057179881523,0,0,0,0,-1.80428400827724,3,low_it_load,residual_sac,5
320.533795651448,165.527174668638,320.533795651448,8749.09328721292,0,0,4254.03725841452,486.226071521255,1247.3,1247.3,100,1247.3,1,2679.87328479885,0.334984160599856,576.576872478929,576.576872478929,0,0,139.17170585001,124.819709015859,100,100,0,0,100,0,100,0,0.560999740859589,0.9,0.747167114019193,0.197167114019193,13.5416666666667,0,13.5416666666667,0,-1.72424140279832,4,low_it_load,residual_sac,5
209.637580071659,131.813961319086,209.637580071659,6697.73967333636,0,0,3151.33738665202,470.507595151461,1325.1,1325.1,100,1325.1,1,2313.99065613496,0.289248832016869,510.168380250899,510.168380250899,0,0,135.588247491432,130.868911543828,100,100,0,0,100,0,100,0,0.56283859782881,0.9,0.706469123552181,0.156469123552181,11.4583333333333,0,11.4583333333333,0,-1.37306209707381,5,low_it_load,residual_sac,5
181.088494863224,106.035828321123,181.088494863224,4185.93325370579,0,0,2256.93967375327,539.172398832498,1989.8,1989.8,100,1989.8,1,2851.18960435265,0.356398700544081,496.249844859864,496.249844859864,0,0,133.575360104018,129.10744444331,100,100,0,0,100,0,100,0,0.563257384093813,0.9,0.599126921613068,0.0491269216130679,7.29166666666667,0,7.29166666666667,0,-1.10453987834503,6,low_it_load,residual_sac,5
317.20976507177,134.483799245331,317.20976507177,9268.83093282235,0,0,4082.48120863638,440.452656675363,779.3,779.3,100,779.3,1,2575.23173727533,0.321903967159417,633.272816912997,633.272816912997,0,0,72.0409517714438,56.2480973079801,100,100,0,0,100,0,100,0,0.473916824801043,0.710673704350936,0.705689477146892,0.155689477146892,0,0,0,0,-1.40087290880553,7,low_it_load,residual_sac,5
317.75894129084,157.63735139571,317.75894129084,9218.08151587531,0,0,3966.07218159284,430.249198248302,1103.7,1103.7,100,1103.7,1,3007.37487652631,0.375921859565788,633.746645928531,633.746645928531,0,0,130.830460773881,123.845948089108,100,100,0,0,100,0,100,0,0.566871273485577,0.9,0.705936166584141,0.155936166584141,12.5,0,12.5,0,-1.64205574370531,8,low_it_load,residual_sac,5
259.300288542919,134.877872584512,259.300288542919,8405.47094801429,0,0,3254.44366301851,387.181596741743,1621.7,1621.7,100,1621.7,1,2764.81776607532,0.345602220759415,474.446878118489,474.446878118489,0,0,146.821092198635,127.851355082578,100,100,0,0,100,0,100,0,0.549740065071859,0.9,0.604440120306068,0.0544401203060683,15.625,0,15.625,0,-1.404977839422,9,low_it_load,residual_sac,5
202.383088594318,120.614184461579,202.383088594318,8311.46024294757,0,0,2699.94225781201,324.845716503663,1678,1678,100,1678,1,2699.94925589735,0.337493656987169,524.706706680933,524.706706680933,0,0,153.033760795593,119.213461789676,100,100,0,0,100,0,100,0,0.554728337266715,0.9,0.668348624590469,0.118348624590469,17.7083333333333,0,17.7083333333333,0,-1.25639775480811,10,low_it_load,residual_sac,5
164.958710909392,124.743442228961,164.958710909392,7216.49406359391,118.898948780659,118.898948780659,2741.44879076958,379.886516445674,2333.3,2214.40105121934,94.9042579702285,2214.40105121934,0.949042579702285,2685.09680353789,0.335637100442236,472.368674624947,472.368674624947,0,0,186.817257417591,135.188340915309,100,100,0,0,100,0,100,0,0.556080844199612,0.9,0.681101804858938,0.131101804858938,19.7916666666667,0,19.7916666666667,0,-1.29941085655168,11,low_it_load,residual_sac,5
112.145669988358,99.5059613310633,112.145669988358,5279.88424650288,12.1863753023846,12.1863753023846,2123.99700416715,402.280979090398,2325.2,2313.01362469762,99.4758999095826,2313.01362469762,0.994758999095826,2713.50140885707,0.339187676107134,396.70889252742,396.70889252742,0,0,151.598966551465,135.368593438411,100,100,0,0,100,0,100,0,0.537588717842497,0.9,0.619165929650133,0.069165929650133,12.5,0,12.5,0,-1.03652043053191,12,low_it_load,residual_sac,5
123.824065539687,88.378027367517,123.824065539687,3563.43689327118,90.3483612641402,90.3483612641402,1682.80038972093,472.240828201153,2654.2,2563.85163873586,96.5960228594627,2563.85163873586,0.965960228594627,2949.32265045317,0.368665331306646,434.138111954042,434.138111954042,0,0,143.170543754237,129.296560323142,100,100,0,0,100,0,100,0,0.535486010421997,0.9,0.583550951295643,0.0335509512956427,11.4583333333333,0,11.4583333333333,0,-0.920604451744969,13,low_it_load,residual_sac,5
343.36801321572,141.203946264545,343.36801321572,7700.04114799346,0,0,4197.15266756262,545.081849160812,2018.2,2018.2,100,2018.2,1,3168.44643569302,0.396055804461627,576.968559686292,576.968559686292,0,0,76.6004953870229,62.7781209769073,100,100,1,1,100,0,100,0,0.455434231165887,0.763953848783623,0.635722521853556,0.0857225218535557,0,4.16666666666667,0,4.16666666666667,-1.47087444025568,14,low_it_load,residual_sac,5
319.228675848904,149.845393941756,319.228675848904,8299.02227315721,0,0,3912.75957104684,471.472354484753,1613.7,1613.7,100,1613.7,1,3302.17522519522,0.412771903149402,599.749623515874,599.749623515874,0,0,122.45869858949,113.951615857704,100,100,0,0,100,0,100,0,0.542645074166302,0.9,0.650960959523195,0.100960959523195,8.33333333333333,0,8.33333333333333,0,-1.56088952022662,15,low_it_load,residual_sac,5
355.096482856963,156.267920024097,355.096482856963,7975.80853643832,0,0,4116.44363845837,516.116155453327,1563.5,1563.5,100,1563.5,1,3038.51344739585,0.379814180924482,424.965126498728,424.965126498728,0,0,133.151124985382,120.507507164032,100,100,1,1,100,0,100,0,0.524775772689386,0.9,0.555594620377541,0.00559462037754099,10.4166666666667,0,10.4166666666667,0,-1.62779083358434,16,low_it_load,residual_sac,5
290.001103116116,143.036854970752,290.001103116116,8161.02517596784,0,0,3563.42918374907,436.639895958472,1555.2,1555.2,100,1555.2,1,2781.04067555159,0.347630084443949,521.98855958488,521.98855958488,0,0,130.489282169192,114.375973353435,100,100,0,0,100,0,100,0,0.535153875961732,0.9,0.68209245486276,0.13209245486276,12.5,0,12.5,0,-1.48996723927867,17,low_it_load,residual_sac,5
288.260736587849,144.544193744058,288.260736587849,8752.07930588078,0,0,3860.70325464108,441.118403948529,908,908,100,908,1,2525.75461042275,0.315719326302844,561.211055918693,561.211055918693,0,0,91.8220113909695,87.3395349364762,100,100,0,0,100,0,100,0,0.556363596220976,0.9,0.79984417743857,0.249844177438569,1.04166666666667,0,1.04166666666667,0,-1.50566868483394,18,low_it_load,residual_sac,5
205.677084672464,133.326464346534,205.677084672464,6037.64296363011,0,0,3313.60198410916,548.823771804629,1416.7,1416.7,100,1416.7,1,2475.79922442083,0.309474903052604,466.066191722002,466.066191722002,0,0,139.981164857911,134.334209254069,100,100,0,0,100,0,100,0,0.559580988172053,0.9,0.656479368439221,0.106479368439221,9.375,0,9.375,0,-1.38881733694306,19,low_it_load,residual_sac,5
214.711760220067,107.536829368411,214.711760220067,4912.90886064054,0,0,2766.44044318842,563.096227033964,1177.4,1177.4,100,1177.4,1,2181.10338562769,0.272637923203461,467.741079078686,467.741079078686,0,0,107.793289774468,102.915507927537,100,100,0,0,100,0,100,0,0.543109268065099,0.80937555500899,0.615179629857841,0.0651796298578406,0,0,0,0,-1.12017530592095,20,low_it_load,residual_sac,5
377.483133308879,151.285686816525,377.483133308879,8125.82836396057,0,0,4649.19197420815,572.149910872854,1432.6,1432.6,100,1432.6,1,2891.09933958077,0.361387417447596,590.605342075559,590.605342075559,0,0,73.0687067350663,57.9492400258218,100,100,1,1,100,0,100,0,0.470605119841297,0.727461961687857,0.650362388833097,0.100362388833097,0,8.33333333333333,0,8.33333333333333,-1.57589257100547,21,low_it_load,residual_sac,5
359.888896580424,170.56503755275,359.888896580424,8390.58328129332,0,0,4747.06557047078,565.761093278735,1354.2,1354.2,100,1354.2,1,3295.90946007043,0.411988682508803,600.880453678908,600.880453678908,0,0,122.955296253067,117.410258236065,100,100,0,0,100,0,100,0,0.55590448982901,0.9,0.650804608746713,0.100804608746712,5.20833333333333,0,5.20833333333333,0,-1.77671914117448,22,low_it_load,residual_sac,5
323.581306371433,157.589780899147,323.581306371433,8413.46963890652,0,0,4404.92651534821,523.55647603201,1279.8,1279.8,100,1279.8,1,2752.93130234612,0.344116412793265,461.131970756403,461.131970756403,0,0,116.791596665864,106.110263291697,100,100,0,0,100,0,100,0,0.535921104523042,0.9,0.628190341514821,0.078190341514821,8.33333333333333,0,8.33333333333333,0,-1.64156021769945,23,low_it_load,residual_sac,5
286.16180620329,140.326216900492,286.16180620329,7930.06961018246,0,0,3413.34698582664,430.430898291712,1652.4,1652.4,100,1652.4,1,2787.89350694699,0.348486688368374,504.614649263938,504.614649263938,0,0,147.349949269087,118.887705901115,100,100,0,0,100,0,100,0,0.550598702540075,0.9,0.628458491835247,0.0784584918352469,14.5833333333333,0,14.5833333333333,0,-1.46173142604679,24,low_it_load,residual_sac,5
147.617319368015,111.085249827933,147.617319368015,7513.07140541325,34.3639419579041,34.3639419579041,2362.78596494731,314.490018455688,2015.9,1981.5360580421,98.2953548311968,1981.5360580421,0.982953548311968,2515.2482332487,0.314406029156087,456.325806560038,456.325806560038,0,0,162.059994997048,118.62359887713,100,100,0,0,100,0,100,0,0.555454027082708,0.9,0.730970957664755,0.180970957664755,17.7083333333333,0,17.7083333333333,0,-1.15713801904097,25,low_it_load,residual_sac,5
156.437808900745,98.9953065493252,156.437808900745,6421.15132618391,0,0,2218.6842497688,345.527482076546,1225.4,1225.4,100,1225.4,1,2342.34156749595,0.292792695936994,366.224208375617,366.224208375617,0,0,109.438244758324,103.814056662212,100,100,0,0,100,0,100,0,0.550623276724341,0.9,0.687641429716363,0.137641429716363,4.16666666666667,0,4.16666666666667,0,-1.0312011098888,26,low_it_load,residual_sac,5
195.313657854868,104.426294494524,195.313657854868,4708.19811515167,0,0,2433.70741485594,516.908455280144,1398.4,1398.4,100,1398.4,1,2345.25341201883,0.293156676502354,482.211055330152,482.211055330152,0,0,112.284018899783,108.927631098777,100,100,0,0,100,0,100,0,0.565079759050125,0.861252053550721,0.633511285909358,0.0835112859093575,0,0,0,0,-1.08777390098462,27,low_it_load,residual_sac,5
400.146396221951,156.468403811758,400.146396221951,8272.87968186526,0,0,4841.91572160392,585.275733215091,1187.9,1187.9,100,1187.9,1,2756.52341369734,0.344565426712168,599.054471909059,599.054471909059,0,0,72.5044588178148,57.4752627743053,100,100,1,1,100,0,100,0,0.4599440567652,0.714318590661891,0.632971551162469,0.0829715511624693,0,8.33333333333333,0,8.33333333333333,-1.62987920637248,28,low_it_load,residual_sac,5
379.801430575784,174.033259078481,379.801430575784,7999.99315675879,0,0,4653.11388401889,581.639733039985,1584,1584,100,1584,1,3419.17553328609,0.427396941660761,594.216502720002,594.216502720002,0,0,139.016424220771,132.138577957758,100,100,0,0,100,0,100,0,0.530738691213208,0.9,0.592046801793838,0.0420468017938381,10.4166666666667,0,10.4166666666667,0,-1.81284644873418,29,low_it_load,residual_sac,5
317.632460185642,155.142386737969,317.632460185642,7393.85752129499,16.1346378413952,16.1346378413952,4038.08321310483,546.140252429099,2027.9,2011.7653621586,99.2043671856899,2011.7653621586,0.992043671856899,3067.46562912447,0.383433203640559,387.626230164768,387.626230164768,0,0,155.849135732115,132.768121175386,100,100,0,0,100,0,100,0,0.52674533291348,0.9,0.534586233960466,0.0154137660395341,11.4583333333333,0,11.4583333333333,0,-1.61606652852051,30,low_it_load,residual_sac,5
288.560503095067,147.459693644427,288.560503095067,9066.21257152469,0,0,4165.90818521205,459.498181004094,757.2,757.2,100,757.2,1,2487.49504134635,0.310936880168293,579.299229632043,579.299229632043,0,0,96.331173299504,84.126259945333,100,100,0,0,100,0,100,0,0.525762271444875,0.859271898605718,0.727518005842514,0.177518005842514,0,0,0,0,-1.53603847546278,31,low_it_load,residual_sac,5
238.932300623734,136.071211879624,238.932300623734,8955.98800128143,0,0,3399.2340626042,379.548751306705,819,819,100,819,1,2447.4490567192,0.3059311320899,564.474756336221,564.474756336221,0,0,107.339119405215,98.1397394482936,100,100,0,0,100,0,100,0,0.558965695242049,0.9,0.825188299011756,0.275188299011756,11.4583333333333,0,11.4583333333333,0,-1.41740845707941,32,low_it_load,residual_sac,5
180.056984723109,128.484839141487,180.056984723109,6956.24171904231,0,0,3396.98135590967,488.335726835172,700.5,700.5,100,700.5,1,2201.96482001689,0.275245602502111,422.791057787843,422.791057787843,0,0,117.161216038667,113.109469693154,100,100,0,0,100,0,100,0,0.558550294705307,0.886428916021824,0.725272806693237,0.175272806693237,0,0,0,0,-1.33838374105715,33,low_it_load,residual_sac,5
200.604820065456,111.551384914685,200.604820065456,5316.25501725182,0,0,2833.68942732623,533.023607432414,940.7,940.7,100,940.7,1,2126.05081754805,0.265756352193506,497.323208999682,497.323208999682,0,0,109.096770506049,103.759556915611,100,100,0,0,100,0,100,0,0.566548408976149,0.834990864626719,0.654240888542449,0.104240888542449,0,0,0,0,-1.1619935928613,34,low_it_load,residual_sac,5
397.028640202727,162.713753983591,397.028640202727,9036.38877896787,0,0,5128.8788978444,567.580592568331,715.9,715.9,100,715.9,1,2660.68110018688,0.33258513752336,624.359465131855,624.359465131855,0,0,71.6929982161752,55.271552875638,100,100,0,0,100,0,100,0,0.489369540591844,0.719751379752414,0.68273407543948,0.13273407543948,0,0,0,0,-1.69493493732907,35,low_it_load,residual_sac,5
470.552671500475,197.502626169199,470.552671500475,9138.18032922714,0,0,5514.85202251112,603.495643971117,628.5,628.5,100,628.5,1,2751.50316865368,0.34393789608171,628.978724202837,628.978724202837,0,0,123.164426898574,116.532880347222,100,100,0,0,100,0,100,0,0.56636433272529,0.862355459556336,0.679961076836286,0.129961076836286,0,0,0,0,-2.05731902259582,36,low_it_load,residual_sac,5
363.818921209214,167.692051594398,363.818921209214,8527.79376457943,0,0,4566.26307757897,535.456555779426,1100.7,1100.7,100,1100.7,1,2690.63528643997,0.336329410804996,461.564675153077,461.564675153077,0,0,124.579737479284,115.66309610109,100,100,0,0,100,0,100,0,0.550583882147881,0.9,0.619688239859436,0.0696882398594364,10.4166666666667,0,10.4166666666667,0,-1.74679220410832,37,low_it_load,residual_sac,5
423.386939692946,180.758217839245,423.386939692946,8892.1767481123,0,0,5253.5453377666,590.805320967316,656.3,656.3,100,656.3,1,2391.74081975239,0.298967602469049,573.464796206067,573.464796206067,0,0,108.470842840023,102.835658378899,100,100,1,1,100,0,100,0,0.552454830699361,0.838257419760448,0.633710266775819,0.0837102667758191,0,0,0,0,-1.88289810249214,38,low_it_load,residual_sac,5
366.981631869212,179.111739646593,366.981631869212,8870.80876450118,0,0,5079.40160387236,572.597351461221,615.2,615.2,100,615.2,1,2444.75095961974,0.305593869952467,577.144321686459,577.144321686459,0,0,112.355402598214,108.876240625978,100,100,0,0,100,0,100,0,0.561029712258887,0.87343192492407,0.760418212227922,0.210418212227922,0,0,0,0,-1.86574728798534,39,low_it_load,residual_sac,5
259.796050146711,146.712617324067,259.796050146711,6481.75364983511,0,0,3663.8000336751,565.248269466135,1260.8,1260.8,100,1260.8,1,2328.84728995447,0.291105911244309,509.67928005815,509.67928005815,0,0,136.865626123896,132.966917185119,100,100,0,0,100,0,100,0,0.563079344489469,0.9,0.69876145296289,0.14876145296289,8.33333333333333,0,8.33333333333333,0,-1.52825643045904,40,low_it_load,residual_sac,5
220.751072280946,106.426882474553,220.751072280946,5376.54636593867,0,0,2663.94595344307,495.47530554551,773.1,773.1,100,773.1,1,2005.88193131134,0.250735241413917,484.651449203096,484.651449203096,0,0,105.70724146013,98.1169912964106,100,100,0,0,100,0,100,0,0.564638146203359,0.802910053162697,0.643211229790221,0.0932112297902212,0,0,0,0,-1.10861335910992,41,low_it_load,residual_sac,5
384.939305060602,142.291582823507,384.939305060602,8986.72320327268,0,0,4217.65382297803,469.320544049036,725.6,725.6,100,725.6,1,2569.34067200429,0.321167584000536,623.339177630031,623.339177630031,0,0,70.1842843062132,54.411820974201,100,100,0,0,100,0,100,0,0.512649327959183,0.726358016300117,0.674429257390927,0.124429257390927,0,0,0,0,-1.48220398774486,42,low_it_load,residual_sac,5
441.645402746954,185.006949543144,441.645402746954,9356.96465789541,0,0,4900.93271455104,523.773776404683,601.9,601.9,100,601.9,1,2839.31346172142,0.354914182715178,630.870075331721,630.870075331721,0,0,123.127037203054,115.664295293391,100,100,0,0,100,0,100,0,0.56673919436231,0.883194191454853,0.726433133223566,0.176433133223566,0,0,0,0,-1.92715572440775,43,low_it_load,residual_sac,5
374.450186509717,163.001607775629,374.450186509717,8290.5578700649,0,0,4212.28837166163,508.082620938108,1402.6,1402.6,100,1402.6,1,2718.70338159882,0.339837922699852,420.718892268111,420.718892268111,0,0,137.388476378811,124.685050291139,100,100,0,0,100,0,100,0,0.55308528869955,0.9,0.591969089350245,0.0419690893502445,10.4166666666667,0,10.4166666666667,0,-1.69793341432947,44,low_it_load,residual_sac,5
364.833929837636,164.669386195788,364.833929837636,9482.29087628699,0,0,4593.63638627028,484.443732659362,497.2,497.2,100,497.2,1,2372.56930355015,0.296571162943769,604.251531398471,604.251531398471,0,0,98.2280807392539,88.8713181018829,100,100,0,0,100,0,100,0,0.553671192612049,0.863989414513225,0.726869660927773,0.176869660927773,0,0,0,0,-1.71530610620612,45,low_it_load,residual_sac,5
349.179781033504,171.545825543184,349.179781033504,9289.80444070149,0,0,4712.4556183305,507.271778260884,649.1,649.1,100,649.1,1,2582.34170862572,0.322792713578215,592.960992574597,592.960992574597,0,0,108.254283473157,103.977360934401,100,100,0,0,100,0,100,0,0.559070811766155,0.9,0.80881683195849,0.25881683195849,2.08333333333333,0,2.08333333333333,0,-1.7869356827415,46,low_it_load,residual_sac,5
277.147164227992,147.870163900629,277.147164227992,7620.44303046412,0,0,3901.05179341632,511.919291020372,405.4,405.4,100,405.4,1,2033.93849976046,0.254242312470058,528.152045076427,528.152045076427,0,0,120.08308244701,114.267917815596,100,100,0,0,100,0,100,0,0.563457679261184,0.865862812267837,0.7345921115778,0.1845921115778,0,0,0,0,-1.54031420729822,47,low_it_load,residual_sac,5
251.328524921648,123.860494516502,251.328524921648,6077.71807937813,0,0,3012.46601124681,495.657411532166,584.7,584.7,100,584.7,1,2011.31009683631,0.251413762104539,520.407442597559,520.407442597559,0,0,110.469590587499,102.562002957345,100,100,0,0,100,0,100,0,0.5678125,0.855748064213806,0.71769487933888,0.16769487933888,1.04166666666667,0,1.04166666666667,0,-1.2902134845469,48,low_it_load,residual_sac,5
455.839239579467,165.609365088842,455.839239579467,9429.49919228346,0,0,5020.47140610963,532.421850167619,733.5,733.5,100,733.5,1,2578.37231533616,0.32229653941702,645.612112861258,645.612112861258,0,0,66.5355618475062,50.978469529415,100,100,1,1,100,0,100,0,0.535473083922113,0.745552384252809,0.686267586388221,0.136267586388221,0,8.33333333333333,0,8.33333333333333,-1.72509755300877,49,low_it_load,residual_sac,5
537.325532381101,225.201385922526,537.325532381101,10150.9521931188,0,0,6403.14955184581,630.792996561093,433.8,433.8,100,433.8,1,2853.5320451005,0.356691505637563,667.710138898299,667.710138898299,0,0,122.555986202695,115.325929503888,100,100,0,0,100,0,100,0,0.567101932773373,0.875838919211943,0.752968073684782,0.202968073684782,0,0,0,0,-2.34584777002632,50,low_it_load,residual_sac,5
513.178296454081,211.297675708434,513.178296454081,10204.8957684658,0,0,6106.27126597255,598.366843181441,384.1,384.1,100,384.1,1,2715.75455449009,0.339469319311261,659.054463668786,659.054463668786,0,0,113.680111048091,103.984474483877,100,100,0,0,100,0,100,0,0.553567976358869,0.881291013151367,0.693702328221736,0.143702328221736,0,0,0,0,-2.20101745529619,51,low_it_load,residual_sac,5
426.764287705076,194.178669920055,426.764287705076,9827.62902832672,0,0,5326.56586890438,541.999077656607,593.2,593.2,100,593.2,1,2679.4546612369,0.334931832654613,631.73068969007,631.73068969007,0,0,123.325452735456,116.941150969101,100,100,0,0,100,0,100,0,0.556567732602508,0.9,0.728549275536665,0.178549275536665,7.29166666666667,0,7.29166666666667,0,-2.02269447833391,52,low_it_load,residual_sac,5
280.169846824332,152.439354381688,280.169846824332,9549.58989178838,0,0,3708.44737882,388.335773665932,950.6,950.6,100,950.6,1,2574.67126783034,0.321833908478792,609.746333662187,609.746333662187,0,0,131.927277098699,114.905540944941,100,100,0,0,100,0,100,0,0.561185267887162,0.9,0.837563383141971,0.287563383141971,15.625,0,15.625,0,-1.58790994147591,53,low_it_load,residual_sac,5
245.646161331106,146.40697722712,245.646161331106,7473.64240998016,0,0,3739.4842425088,500.35632391445,767.5,767.5,100,767.5,1,2284.598556932,0.2855748196165,525.348605797702,525.348605797702,0,0,127.446951586491,123.401303428313,100,100,0,0,100,0,100,0,0.560667871848578,0.9,0.734726100612752,0.184726100612752,7.29166666666667,0,7.29166666666667,0,-1.52507267944916,54,low_it_load,residual_sac,5
341.086508726161,154.995227216397,341.086508726161,6692.60729104982,0,0,4172.02789389109,623.378559723717,278.4,278.4,100,278.4,1,1985.60723764696,0.24820090470587,526.601490203614,526.601490203614,0,0,111.071506525952,100.916711520404,100,100,0,0,100,0,100,0,0.566161100833688,0.836910402430085,0.740617067984557,0.190617067984557,0,0,0,0,-1.61453361683747,55,low_it_load,residual_sac,5
486.55158874018,187.274055619843,486.55158874018,10262.5107752402,0,0,5746.31656077329,559.932816308178,447.2,447.2,100,447.2,1,2721.43842954948,0.340179803693685,676.469865612326,676.469865612326,0,0,77.3512549932287,63.6944289727888,100,100,1,1,100,0,100,0,0.511140606846323,0.745893584168951,0.719397653045617,0.169397653045617,0,11.4583333333333,0,11.4583333333333,-1.9507714127067,56,low_it_load,residual_sac,5
429.218737827998,193.072093091939,429.218737827998,11096.8480799441,0,0,5111.2919284066,460.607542933251,329.9,329.9,100,329.9,1,2945.34918552441,0.368168648190552,676.469865612326,676.469865612326,0,0,122.057478630965,112.809328251117,100,100,0,0,100,0,100,0,0.5678125,0.9,0.821606313580015,0.271606313580015,8.33333333333333,7.29166666666667,8.33333333333333,7.29166666666667,-2.01116763637437,57,low_it_load,residual_sac,5
325.655458942874,153.184042963253,325.655458942874,10657.1114597623,0,0,3823.97832358265,358.819398485296,496.1,496.1,100,496.1,1,2843.94999750161,0.355493749687702,676.469865612326,676.469865612326,0,0,122.694535042128,110.165634941194,100,100,1,1,100,0,100,0,0.556198818583138,0.9,0.726959186491496,0.176959186491496,14.5833333333333,2.08333333333333,14.5833333333333,2.08333333333333,-1.59566711420055,58,low_it_load,residual_sac,5
423.166572038786,177.669949758102,423.166572038786,10496.0406547654,0,0,4536.40306522467,432.201361869254,614.3,614.3,100,614.3,1,2845.85302748499,0.355731628435624,676.469865612326,676.469865612326,0,0,127.289446976798,115.064877591863,100,100,1,1,100,0,100,0,0.558155541157289,0.9,0.707764146054023,0.157764146054023,11.4583333333333,2.08333333333333,11.4583333333333,2.08333333333333,-1.85072864331357,59,low_it_load,residual_sac,5
412.878470821154,202.927353059233,412.878470821154,9848.61716785198,0,0,5449.63967191462,553.340593814879,935.5,935.5,100,935.5,1,2611.23117441418,0.326403896801773,648.174034908278,648.174034908278,0,0,145.840527800385,134.061393235169,100,100,0,0,100,0,100,0,0.566527110346743,0.9,0.797257751977829,0.247257751977829,13.5416666666667,0,13.5416666666667,0,-2.11382659436701,60,low_it_load,residual_sac,5
357.75013146545,181.952605148912,357.75013146545,8503.6593360861,0,0,4963.67584363076,583.710570644208,426.3,426.3,100,426.3,1,2041.90565682428,0.255238207103035,600.122888285624,600.122888285624,0,0,124.899168845701,120.576361939311,100,100,0,0,100,0,100,0,0.566248125104788,0.882994986839818,0.804251759408107,0.254251759408107,0,0,0,0,-1.89533963696784,61,low_it_load,residual_sac,5
301.676602334779,142.862809602995,301.676602334779,6645.03708004326,0,0,3473.69531500996,522.750328277678,616.6,616.6,100,616.6,1,2174.41605070812,0.271802006338516,565.287817297519,565.287817297519,0,0,117.163776139853,111.97984777391,100,100,0,0,100,0,100,0,0.567508282581342,0.880624155155427,0.747731437589916,0.197731437589916,0,0,0,0,-1.48815426669786,62,low_it_load,residual_sac,5
533.706808822104,191.426875149634,533.706808822104,10496.9823652543,0,0,5684.15274894768,541.503505594391,679,679,100,679,1,2864.42430153166,0.358053037691458,676.469865612326,676.469865612326,0,0,72.5461798093339,56.6998173789109,100,100,1,1,100,0,100,0,0.502642091987259,0.764063291663449,0.738485342874882,0.188485342874882,0,14.5833333333333,0,14.5833333333333,-1.99402994947535,63,low_it_load,residual_sac,5
486.742796919589,211.042241062262,486.742796919589,10206.3731039863,0,0,5524.69501644622,541.298555339746,1164.1,1164.1,100,1164.1,1,3151.63434479368,0.39395429309921,676.469865612326,676.469865612326,0,0,157.514460904003,140.745219038352,100,100,0,0,100,0,100,0,0.5678125,0.9,0.703728674620763,0.153728674620763,13.5416666666667,6.25,13.5416666666667,6.25,-2.1983566777319,64,low_it_load,residual_sac,5
436.72642314105,188.007509079883,436.72642314105,10580.8670115368,0,0,5206.52192974715,492.069499037293,916.3,916.3,100,916.3,1,3068.60518099386,0.383575647624232,676.469865612326,676.469865612326,0,0,126.366490279492,112.89698283658,100,100,1,1,100,0,100,0,0.547280396915893,0.9,0.651643302458001,0.101643302458001,10.4166666666667,1.04166666666667,10.4166666666667,1.04166666666667,-1.95841155291545,65,low_it_load,residual_sac,5
329.904406693851,159.776642159771,329.904406693851,10921.2201421122,0,0,3926.855977676,359.562020230144,617.4,617.4,100,617.4,1,2837.81968637019,0.354727460796274,676.469865612326,676.469865612326,0,0,140.061344919173,119.084022291276,100,100,1,1,100,0,100,0,0.558395040249857,0.9,0.755796914737864,0.205796914737864,14.5833333333333,2.08333333333333,14.5833333333333,2.08333333333333,-1.66434002249761,66,low_it_load,residual_sac,5
256.230810603902,149.839908378913,256.230810603902,11079.6155478189,0,0,3472.74208294921,313.435251246859,380,380,100,380,1,2579.33437083414,0.322416796354267,676.469865612326,676.469865612326,0,0,137.361384771653,112.091417322718,100,100,0,0,100,0,100,0,0.560135112089805,0.9,0.889439477663695,0.339439477663695,20.8333333333333,1.04166666666667,20.8333333333333,1.04166666666667,-1.56083237894701,67,low_it_load,residual_sac,5
15.5387201205882,104.839699819439,15.5387201205882,8794.09035542628,0,0,2357.24424663413,268.048672615653,476.1,476.1,100,476.1,1,2030.0760160382,0.253759502004775,603.749911289549,603.749911289549,0,0,141.289810710092,128.61806989622,100,100,0,0,100,0,100,0,0.561167462719358,0.9,0.84097991236889,0.29097991236889,20.8333333333333,0,20.8333333333333,0,-1.09208020645249,68,low_it_load,residual_sac,5
179.474168118569,114.553655099232,179.474168118569,6908.29292059613,0,0,2615.25437646088,378.567383653328,584.2,584.2,100,584.2,1,2217.68156640511,0.277210195800639,563.699467873944,563.699467873944,0,0,109.572238873719,105.505394065421,100,100,0,0,100,0,100,0,0.5678125,0.9,0.773975004365605,0.223975004365604,3.125,0,3.125,0,-1.193267240617,69,low_it_load,residual_sac,5
421.841523372722,161.896237927167,421.841523372722,10834.8900668082,0,0,4811.01685699919,444.030057281094,890.2,890.2,100,890.2,1,2705.10734983812,0.338138418729765,676.469865612326,676.469865612326,0,0,62.9541529231453,45.5630463531411,100,100,1,1,100,0,100,0,0.536085305232082,0.79072522754479,0.753263358282606,0.203263358282606,0,12.5,0,12.5,-1.68641914507465,70,low_it_load,residual_sac,5
464.800327902289,210.087328408974,464.800327902289,11809.6850379502,0,0,5962.89149613343,504.915370475316,424.4,424.4,100,424.4,1,2957.43720507219,0.369679650634024,676.469865612326,676.469865612326,0,0,119.028028213096,110.562628351353,100,100,0,0,100,0,100,0,0.567158095479938,0.9,0.759321431799248,0.209321431799248,10.4166666666667,8.33333333333333,10.4166666666667,8.33333333333333,-2.18840967092681,71,low_it_load,residual_sac,5
516.292292070274,216.793659551319,516.292292070274,11736.8308838431,0,0,5976.4852301002,509.207748603367,328.1,328.1,100,328.1,1,2990.72399985121,0.373840499981401,676.469865612326,676.469865612326,0,0,127.70240256578,119.133970823357,100,100,1,1,100,0,100,0,0.560285614982363,0.9,0.693717525906076,0.143717525906076,11.4583333333333,3.125,11.4583333333333,3.125,-2.25826728699291,72,low_it_load,residual_sac,5
426.801143292569,200.765449335806,426.801143292569,11713.2030766261,0,0,5329.71563293484,455.01777763679,335.9,335.9,100,335.9,1,2767.04507638171,0.345880634547714,676.469865612326,676.469865612326,0,0,140.475276199568,125.090760048798,100,100,1,1,100,0,100,0,0.562489904051023,0.9,0.774602210526019,0.224602210526018,13.5416666666667,5.20833333333333,13.5416666666667,5.20833333333333,-2.09130676391464,73,low_it_load,residual_sac,5
254.650296641476,157.198438189172,254.650296641476,11760.1112695583,0,0,3782.02766849372,321.597949356458,444.3,444.3,100,444.3,1,2486.13208487677,0.310766510609597,676.469865612326,676.469865612326,0,0,137.466240417393,117.36598721808,100,100,0,0,100,0,100,0,0.566366133978701,0.9,0.9,0.35,21.875,5.20833333333333,21.875,5.20833333333333,-1.63748373113721,74,low_it_load,residual_sac,5
123.278544168945,126.956638220319,123.278544168945,9187.04036244765,0,0,2648.72245811232,288.310745747789,558,558,100,558,1,2129.55916072345,0.266194895090431,664.485566986142,664.485566986142,0,0,166.463260292612,144.892381294438,100,100,0,0,100,0,100,0,0.566139398662576,0.9,0.842688391312136,0.292688391312136,21.875,0,21.875,0,-1.32246498146165,75,low_it_load,residual_sac,5
292.122639373002,146.42509751674,292.122639373002,7291.79766534669,0,0,3496.91942651228,479.568905639131,555.6,555.6,100,555.6,1,2236.27808110701,0.279534760138376,589.494708131497,589.494708131497,0,0,119.73387574018,116.194555368805,100,100,0,0,100,0,100,0,0.5678125,0.9,0.784304155956393,0.234304155956393,4.16666666666667,0,4.16666666666667,0,-1.52526143246604,76,low_it_load,residual_sac,5
427.466890352067,171.994380344295,427.466890352067,11858.8672114044,0,0,5226.11869828546,440.692909796613,659.9,659.9,100,659.9,1,2710.39155019985,0.338798943774981,676.469865612326,676.469865612326,0,0,64.2977194960862,53.9461306866865,100,100,1,1,100,0,100,0,0.520001163403662,0.790062146672071,0.761556673241985,0.211556673241985,0,17.7083333333333,0,17.7083333333333,-1.79160812858641,77,low_it_load,residual_sac,5
487.440264675638,220.739558130072,487.440264675638,12134.8249888548,0,0,5938.62899994193,489.387280442548,601,601,100,601,1,2899.15147953906,0.362393934942383,676.469865612326,676.469865612326,0,0,146.775057587046,130.582405449653,100,100,0,0,100,0,100,0,0.565585157415647,0.9,0.770219209446062,0.220219209446062,16.6666666666667,10.4166666666667,16.6666666666667,10.4166666666667,-2.29937039718825,78,low_it_load,residual_sac,5
402.375280853712,197.074562731418,402.375280853712,11719.0501769184,0,0,5139.38775236043,438.549854704341,841.8,841.8,100,841.8,1,2994.47245362156,0.374309056702696,676.469865612326,676.469865612326,0,0,169.890857807837,140.471805943815,100,100,0,0,100,0,100,0,0.558535394825778,0.9,0.702799617337714,0.152799617337714,16.6666666666667,5.20833333333333,16.6666666666667,5.20833333333333,-2.05286002845227,79,low_it_load,residual_sac,5
354.889943982652,186.31106514463,354.889943982652,12234.0419961417,0,0,4860.87575616258,397.323775551495,547.9,547.9,100,547.9,1,2627.78859259741,0.328473574074676,676.469865612326,676.469865612326,0,0,150.648026786626,124.896748016308,100,100,0,0,100,0,100,0,0.561915842633861,0.9,0.812771464187858,0.262771464187858,18.75,6.25,18.75,6.25,-1.94074026192323,80,low_it_load,residual_sac,5
318.818751867184,196.835413019394,318.818751867184,11715.4422568704,0,0,5296.88685346983,452.128629660867,623.5,623.5,100,623.5,1,2631.69203714951,0.328961504643689,676.469865612326,676.469865612326,0,0,161.829428426274,137.534040847823,100,100,0,0,100,0,100,0,0.563254855281323,0.9,0.868344613939933,0.318344613939933,18.75,6.25,18.75,6.25,-2.05036888561868,81,low_it_load,residual_sac,5
236.231400713436,171.329905313938,236.231400713436,9721.23622027532,0,0,4382.29438075605,450.79599769585,314.4,314.4,100,314.4,1,1997.69599507608,0.24971199938451,676.469865612326,676.469865612326,0,0,149.123216554449,141.475074090234,100,100,0,0,100,0,100,0,0.567567823472737,0.9,0.880324697576565,0.330324697576565,16.6666666666667,2.08333333333333,16.6666666666667,2.08333333333333,-1.78468651368686,82,low_it_load,residual_sac,5
174.247308841359,124.155225156623,174.247308841359,7674.54312184899,0,0,2933.47122817427,382.233988603549,328.3,328.3,100,328.3,1,2165.80788446158,0.270725985557698,599.412150932888,599.412150932888,0,0,114.856090933467,110.917493824248,100,100,0,0,100,0,100,0,0.5678125,0.9,0.817311616322715,0.267311616322715,7.29166666666667,0,7.29166666666667,0,-1.29328359538149,83,low_it_load,residual_sac,5
292.713264122789,160.388375154327,292.713264122789,12128.3614925583,0,0,5344.10500052007,440.628769500241,372.8,372.8,100,372.8,1,2355.15593795014,0.294394492243768,676.469865612326,676.469865612326,0,0,60.2296033912106,46.1096529315178,100,100,0,0,100,0,100,0,0.557680526027167,0.782115922900746,0.769015556818956,0.219015556818956,0,10.4166666666667,0,10.4166666666667,-1.67071224119091,84,low_it_load,residual_sac,5
348.494162861499,213.600583304798,348.494162861499,12553.9491994364,0,0,6306.30035099158,502.3359781697,265.6,265.6,100,265.6,1,2889.89136258037,0.361236420322546,676.469865612326,676.469865612326,0,0,135.355625518558,123.020634114785,100,100,0,0,100,0,100,0,0.567300897114645,0.9,0.787713772489426,0.237713772489426,15.625,13.5416666666667,15.625,13.5416666666667,-2.22500607609165,85,low_it_load,residual_sac,5
409.494907515845,233.708192970422,409.494907515845,12142.3479928205,0,0,6964.82251300191,573.597669669822,541.3,541.3,100,541.3,1,2860.83610170985,0.357604512713731,676.469865612326,676.469865612326,0,0,157.893535795752,137.513108234162,100,100,0,0,100,0,100,0,0.559322534533852,0.9,0.730258817434645,0.180258817434645,16.6666666666667,5.20833333333333,16.6666666666667,5.20833333333333,-2.4344603434419,86,low_it_load,residual_sac,5
460.161857374201,239.538689068491,460.161857374201,12192.0857835718,0,0,7067.6203572309,579.689192045723,414.8,414.8,100,414.8,1,2667.09388515072,0.33338673564384,676.469865612326,676.469865612326,0,0,145.20855753169,129.097104663204,100,100,0,0,100,0,100,0,0.560128911146995,0.9,0.778155240654308,0.228155240654308,13.5416666666667,5.20833333333333,13.5416666666667,5.20833333333333,-2.49519467779678,87,low_it_load,residual_sac,5
395.151335611316,228.410216186094,395.151335611316,11574.9231569149,0,0,6540.37364665126,565.046830807169,717.4,717.4,100,717.4,1,2693.89494878937,0.336736868598672,676.469865612326,676.469865612326,0,0,162.473526633063,142.043003010696,100,100,0,0,100,0,100,0,0.56502600650701,0.9,0.838191307728095,0.288191307728095,16.6666666666667,6.25,16.6666666666667,6.25,-2.37927308527181,88,low_it_load,residual_sac,5
250.242510203894,172.435463621743,250.242510203894,8792.10306746946,0,0,4135.24557597104,470.336339808314,1087.2,1087.2,100,1087.2,1,2195.62088473652,0.274452610592065,676.469865612326,676.469865612326,0,0,194.154785867621,167.494412822222,100,100,0,0,100,0,100,0,0.566185443085283,0.9,0.78630403577212,0.23630403577212,20.8333333333333,3.125,20.8333333333333,3.125,-1.79620274605982,89,low_it_load,residual_sac,5
161.253863487429,111.381347773116,161.253863487429,6586.67951301976,0,0,2297.18182713911,348.761742938656,1053.8,1053.8,100,1053.8,1,2268.76819369543,0.283596024211928,593.615209957154,593.615209957154,0,0,137.954664881452,127.830752930638,100,100,0,0,100,0,100,0,0.567616444216485,0.9,0.721895715313326,0.171895715313326,12.5,0,12.5,0,-1.16022237263662,90,low_it_load,residual_sac,5
434.653295851545,184.134730256443,434.653295851545,12289.0385648605,0,0,5685.76362148174,462.669523858418,0,0,,0,,2231.24466220977,0.278905582776221,676.469865612326,676.469865612326,0,0,78.5634255248289,68.8964558829563,100,100,0,0,100,0,100,0,0.558732653355826,0.762791262253766,0.760395935903245,0.210395935903245,0,10.4166666666667,0,10.4166666666667,-1.91807010683794,91,low_it_load,residual_sac,5
351.771645175048,140.151690076016,351.771645175048,8356.39885779313,0,0,4051.86415099489,484.881612276817,1584.7,1584.7,100,1584.7,1,3201.49385084597,0.400186731355746,613.630758053185,613.630758053185,0,0,64.3326276050138,53.1926098279655,100,100,0,0,100,0,100,0,0.499716246184039,0.813691536919782,0.60369556383182,0.0536955638318202,0,0,0,0,-1.45991343829183,0,low_it_load,proposed_residual_safesac,1
364.091939937077,174.577067622364,364.091939937077,9133.67579395043,0,0,4131.98937429952,452.390633028193,1639,1639,100,1639,1,2810.67412371567,0.351334265464459,592.408562150883,592.408562150883,0,0,120.069565675602,105.194698111247,100,100,0,0,100,0,100,0,0.558785067345898,0.9,0.754588121663713,0.204588121663713,12.5,0,12.5,0,-1.81851112106629,1,low_it_load,proposed_residual_safesac,1
372.716280539629,192.268044626099,372.716280539629,9038.32033534327,0,0,4689.0295866443,518.794356990027,1694.9,1694.9,100,1694.9,1,2523.81958181314,0.315477447726642,589.217432924445,589.217432924445,0,0,142.489495449334,105.279312073062,100,100,0,0,100,0,100,0,0.549835738731396,0.9,0.774371144933734,0.224371144933734,25,0,25,0,-2.00279213152186,2,low_it_load,proposed_residual_safesac,1
424.708045531767,198.661740954589,424.708045531767,9733.83667616528,0,0,4926.51844320916,506.122981832278,939.8,939.8,100,939.8,1,2326.03644664681,0.290754555830851,554.549099117779,554.549099117779,0,0,105.190674660803,87.0939716935214,100,100,0,0,100,0,100,0,0.551869191072238,0.9,0.800590509650494,0.250590509650494,20.8333333333333,0,20.8333333333333,0,-2.06939313494363,3,low_it_load,proposed_residual_safesac,1
334.966036583181,189.136538476709,334.966036583181,9117.40094676711,0,0,4450.74864006756,488.159801905578,1247.3,1247.3,100,1247.3,1,2836.91032463573,0.354613790579466,623.804304982767,623.804304982767,0,0,147.098737244334,124.151931957389,100,100,0,0,100,0,100,0,0.556315964100978,0.9,0.837350562824159,0.287350562824159,16.6666666666667,0,16.6666666666667,0,-1.97017227579905,4,low_it_load,proposed_residual_safesac,1
231.221742138716,165.321415538117,231.221742138716,7374.68044961955,0,0,3498.16223048673,474.347635044606,1325.1,1325.1,100,1325.1,1,2244.60303155384,0.28057537894423,596.878669901319,596.878669901319,0,0,143.968811243501,122.426543501084,100,100,0,0,100,0,100,0,0.565859825741788,0.9,0.876817165693686,0.326817165693686,18.75,0,18.75,0,-1.72209807852205,5,low_it_load,proposed_residual_safesac,1
187.166198332473,118.565267007027,187.166198332473,4225.74944722739,29.8865899218676,29.8865899218676,2292.1423546197,542.422683418589,1989.8,1959.91341007813,98.4980103567259,1959.91341007813,0.984980103567259,2935.52522744208,0.36694065343026,474.613109759086,474.613109759086,0,0,136.805976503216,123.80595947011,100,100,0,0,100,0,100,0,0.540643237638944,0.9,0.600530651560078,0.0505306515600783,15.625,0,15.625,0,-1.23505486465653,6,low_it_load,proposed_residual_safesac,1
297.002027240558,125.769980918347,297.002027240558,8794.13312315596,0,0,3861.47649417005,439.096888811285,779.3,779.3,100,779.3,1,2264.37276336479,0.283046595420598,631.492375509608,631.492375509608,0,0,59.3134122059742,47.3846768029034,100,100,0,0,100,0,100,0,0.481612733602125,0.716409063460814,0.590846867550308,0.040846867550308,0,0,0,0,-1.31010396789945,7,low_it_load,proposed_residual_safesac,1
327.937583264537,169.719761427848,327.937583264537,9426.08331837327,0,0,4068.25957950662,431.595970680293,1103.7,1103.7,100,1103.7,1,2693.7184029662,0.336714800370775,591.936979771762,591.936979771762,0,0,112.452578801088,101.475010249158,100,100,0,0,100,0,100,0,0.558968558661273,0.9,0.762028921245256,0.212028921245256,11.4583333333333,0,11.4583333333333,0,-1.76791418154009,8,low_it_load,proposed_residual_safesac,1
275.845225533902,156.161431866984,275.845225533902,8773.3210940925,0,0,3431.22334332396,391.097431237798,1621.7,1621.7,100,1621.7,1,2292.10529893502,0.286513162366877,490.149196594237,490.149196594237,0,0,149.819563805958,114.270912990654,100,100,0,0,100,0,100,0,0.548789777181817,0.9,0.702588063524486,0.152588063524486,21.875,0,21.875,0,-1.62668158194775,9,low_it_load,proposed_residual_safesac,1
210.150910696239,135.565841191006,210.150910696239,8378.37330989738,0,0,2739.8223077632,327.011247460965,1678,1678,100,1678,1,2329.13640587318,0.291142050734147,485.96558579746,485.96558579746,0,0,150.266430382797,114.287575504378,100,100,0,0,100,0,100,0,0.543922513424833,0.9,0.689856040741702,0.139856040741702,23.9583333333333,0,23.9583333333333,0,-1.41214417907297,10,low_it_load,proposed_residual_safesac,1
171.60063536518,138.437355531347,171.60063536518,7449.29036968681,118.898948780659,118.898948780659,2847.35193656245,382.231299258933,2333.3,2214.40105121934,94.9042579702285,2214.40105121934,0.949042579702285,2813.09868074036,0.351637335092545,528.058379043129,528.058379043129,0,0,185.535892870886,136.570677093923,100,100,0,0,100,0,100,0,0.553448089307502,0.9,0.737735329768741,0.187735329768741,19.7916666666667,0,19.7916666666667,0,-1.44205578678487,11,low_it_load,proposed_residual_safesac,1
121.730711764509,120.821280845553,121.730711764509,5718.11597990144,126.276320650969,126.276320650969,2306.74778899112,403.410458462033,2325.2,2198.92367934903,94.569227565329,2198.92367934903,0.94569227565329,2455.76482667019,0.306970603333774,519.700567665894,519.700567665894,0,0,168.785180766849,126.890101765188,100,100,0,0,100,0,100,0,0.549378121276967,0.9,0.703614491298593,0.153614491298593,18.75,0,18.75,0,-1.25855500880784,12,low_it_load,proposed_residual_safesac,1
135.644121545707,103.236470000709,135.644121545707,3725.86748610817,206.656506254806,206.656506254806,1801.78908000098,483.589147150003,2654.2,2447.54349374519,92.2139813783887,2447.54349374519,0.922139813783887,3060.02900829682,0.382503626037103,274.105923188063,274.105923188063,0,0,151.058414710635,121.811429906375,100,100,0,0,100,0,100,0,0.498186509194414,0.9,0.593676489076941,0.0436764890769409,16.6666666666667,0,16.6666666666667,0,-1.07537989584072,13,low_it_load,proposed_residual_safesac,1
330.71607849249,139.989898759736,330.71607849249,7617.36959155711,0,0,4100.68575525681,538.333568559139,2018.2,2018.2,100,2018.2,1,3472.31054595009,0.434038818243761,576.264113251317,576.264113251317,0,0,60.7720736956599,48.8944442011416,100,100,1,1,100,0,100,0,0.520030212603972,0.879576282221217,0.611129181475894,0.0611291814758944,0,0,0,0,-1.45822811208058,14,low_it_load,proposed_residual_safesac,1
332.531358809923,165.640726165419,332.531358809923,8608.99035739323,0,0,4067.15287213693,472.43087787224,1613.7,1613.7,100,1613.7,1,2998.14527217399,0.374768159021748,579.761497953206,579.761497953206,0,0,109.510645585598,99.9194595210639,100,100,0,0,100,0,100,0,0.539554152256299,0.9,0.732455328033536,0.182455328033536,10.4166666666667,0,10.4166666666667,0,-1.72542423088978,15,low_it_load,proposed_residual_safesac,1
381.222926806601,183.196027386138,381.222926806601,8618.83534108016,0,0,4483.28229657303,520.172635762543,1563.5,1563.5,100,1563.5,1,2623.48745830372,0.327935932287965,509.103847002815,509.103847002815,0,0,134.098814648214,99.0406952911172,100,100,1,1,100,0,100,0,0.535117583714602,0.9,0.721887190083804,0.171887190083804,19.7916666666667,0,19.7916666666667,0,-1.90829195193893,16,low_it_load,proposed_residual_safesac,1
298.298837916994,161.699866130903,298.298837916994,8372.91509136945,0,0,3659.15241760261,437.022515775223,1555.2,1555.2,100,1555.2,1,2301.97729144097,0.287747161430121,477.695857362606,477.695857362606,0,0,129.535881512057,102.830179463923,100,100,0,0,100,0,100,0,0.542600129522505,0.9,0.741280513284123,0.191280513284123,23.9583333333333,0,23.9583333333333,0,-1.68437360553024,17,low_it_load,proposed_residual_safesac,1
297.15490526111,167.127472253803,297.15490526111,8992.05037754204,0,0,3966.23194918357,441.082042766283,908,908,100,908,1,2619.50663734924,0.327438329668655,576.763553329151,576.763553329151,0,0,100.97092640194,88.6060721631818,100,100,0,0,100,0,100,0,0.553783697386748,0.9,0.858713143387282,0.308713143387282,11.4583333333333,0,11.4583333333333,0,-1.74091116931045,18,low_it_load,proposed_residual_safesac,1
228.534649376121,167.002728251998,228.534649376121,6736.80680102166,0.0898303519985717,0.0898303519985717,3714.17312356775,551.325462235979,1416.7,1416.610169648,99.9936591831723,1416.610169648,0.999936591831723,2364.5101861756,0.295563773271949,573.733807731714,573.733807731714,0,0,148.617080002544,128.473563517593,100,100,0,0,100,0,100,0,0.563639000761865,0.9,0.832905549968385,0.282905549968385,15.625,0,15.625,0,-1.73961175262498,19,low_it_load,proposed_residual_safesac,1
223.666939870716,122.939598068027,223.666939870716,5075.93482543708,0,0,2848.66647227521,561.210214520419,1177.4,1177.4,100,1177.4,1,2536.24346173153,0.317030432716442,423.093767473429,423.093767473429,0,0,105.728829304985,97.9959854856133,100,100,0,0,100,0,100,0,0.518611280170824,0.844737065531886,0.651433674674327,0.101433674674327,0,0,0,0,-1.28062081320861,20,low_it_load,proposed_residual_safesac,1
366.251806584341,150.049868361549,366.251806584341,7983.57731308435,0,0,4549.22091141852,569.822365716027,1432.6,1432.6,100,1432.6,1,3110.25693416996,0.388782116771245,589.657297417852,589.657297417852,0,0,61.8177248587945,48.1254953891039,100,100,1,1,100,0,100,0,0.504849748352628,0.793964642337309,0.611941271758826,0.0619412717588257,0,0,0,0,-1.56301946209946,21,low_it_load,proposed_residual_safesac,1
379.989577380501,192.657309120961,379.989577380501,8845.09354152252,0,0,5000.52787276895,565.344826405103,1354.2,1354.2,100,1354.2,1,2996.14228525858,0.374517785657322,589.527914616408,589.527914616408,0,0,113.7477314164,101.734706897653,100,100,0,0,100,0,100,0,0.549860553228101,0.9,0.768427381066476,0.218427381066476,10.4166666666667,0,10.4166666666667,0,-2.00684697001001,22,low_it_load,proposed_residual_safesac,1
341.271713806473,183.53004244458,341.271713806473,8920.7110633149,0,0,4688.31762458783,525.554251372162,1279.8,1279.8,100,1279.8,1,2194.89230710097,0.274361538387621,496.154176921158,496.154176921158,0,0,110.715630182102,86.9220227453578,100,100,0,0,100,0,100,0,0.55136581922512,0.9,0.762326606248158,0.212326606248158,20.8333333333333,0,20.8333333333333,0,-1.91177127546438,23,low_it_load,proposed_residual_safesac,1
298.81441056337,160.386945524916,298.81441056337,8162.0225464843,0,0,3550.57550152251,435.011724275606,1652.4,1652.4,100,1652.4,1,2335.33406303611,0.291916757879513,492.969888045908,492.969888045908,0,0,145.99749607204,114.568848711029,100,100,0,0,100,0,100,0,0.547700619036419,0.9,0.692328887505717,0.142328887505717,19.7916666666667,0,19.7916666666667,0,-1.67069734921788,24,low_it_load,proposed_residual_safesac,1
147.923209636824,122.581732387153,147.923209636824,7559.19894117514,34.3639419579041,34.3639419579041,2371.84494147974,313.769350421543,2015.9,1981.5360580421,98.2953548311968,1981.5360580421,0.982953548311968,2655.5450251017,0.331943128137713,506.568802775858,506.568802775858,0,0,165.155150179116,123.877281706508,100,100,0,0,100,0,100,0,0.55027937506133,0.9,0.740718154978087,0.190718154978087,17.7083333333333,0,17.7083333333333,0,-1.27689304569951,25,low_it_load,proposed_residual_safesac,1
170.640024033263,123.599328884545,170.640024033263,6935.87555352161,0,0,2396.20194462193,345.479374035955,1225.4,1225.4,100,1225.4,1,2099.26549845958,0.262408187307448,412.044823071166,412.044823071166,0,0,113.013819400178,87.7207154818341,100,100,0,0,100,0,100,0,0.549027122943985,0.9,0.819610213827022,0.269610213827022,16.6666666666667,0,16.6666666666667,0,-1.28749300921401,26,low_it_load,proposed_residual_safesac,1
208.121109443328,123.119520431358,208.121109443328,4980.68313695091,0,0,2595.10457190504,521.033862333536,1398.4,1398.4,100,1398.4,1,2700.55224094836,0.337569030118545,366.398754195941,366.398754195941,0,0,106.072800992211,98.5038256148734,100,100,0,0,100,0,100,0,0.525750719238498,0.9,0.697164064613622,0.147164064613622,7.29166666666667,0,7.29166666666667,0,-1.28249500449331,27,low_it_load,proposed_residual_safesac,1
390.375367248089,156.890167555379,390.375367248089,8169.81772079194,0,0,4768.87654161852,583.718842279904,1187.9,1187.9,100,1187.9,1,3088.06532204062,0.386008165255077,598.497761546624,598.497761546624,0,0,64.6790900477049,51.6760183498263,100,100,1,1,100,0,100,0,0.499729885122827,0.800511518198336,0.602918825240698,0.0529188252406984,0,0,0,0,-1.63427257870187,28,low_it_load,proposed_residual_safesac,1
403.090844653075,194.222981003643,403.090844653075,8476.35483909372,0,0,4939.55807074831,582.745550949166,1584,1584,100,1584,1,3185.90854307683,0.398238567884603,588.05779319394,588.05779319394,0,0,127.515397245396,113.558193868068,100,100,0,0,100,0,100,0,0.54988159826498,0.9,0.714286490239576,0.164286490239576,13.5416666666667,0,13.5416666666667,0,-2.02315605212128,29,low_it_load,proposed_residual_safesac,1
350.176995873262,183.988768616179,350.176995873262,8131.56338142349,43.6099339237219,43.6099339237219,4473.19058508674,550.102160588911,2027.9,1984.29006607628,97.8495027405828,1984.29006607628,0.978495027405828,2514.29022353529,0.314286277941911,486.771498851472,486.771498851472,0,0,156.280499601072,110.513085453369,100,100,0,0,100,0,100,0,0.549216269695219,0.9,0.719474161610835,0.169474161610835,19.7916666666667,0,19.7916666666667,0,-1.9165496730852,30,low_it_load,proposed_residual_safesac,1
301.500030432066,170.518315209766,301.500030432066,9404.73076745068,0,0,4327.39795092478,460.129913117949,757.2,757.2,100,757.2,1,2283.66601963083,0.285458252453854,539.298091850063,539.298091850063,0,0,86.0629330924342,72.3119549826449,100,100,0,0,100,0,100,0,0.52588043617699,0.9,0.814873821285469,0.264873821285469,20.8333333333333,0,20.8333333333333,0,-1.77623245010173,31,low_it_load,proposed_residual_safesac,1
242.192342610363,155.768527645994,242.192342610363,9066.04146128928,0,0,3444.24675916276,379.906354263789,819,819,100,819,1,2527.26237260353,0.315907796575442,583.039462621983,583.039462621983,0,0,121.50047152331,101.910146315114,100,100,0,0,100,0,100,0,0.555559033977451,0.9,0.851713944980996,0.301713944980996,14.5833333333333,0,14.5833333333333,0,-1.62258882964577,32,low_it_load,proposed_residual_safesac,1
193.272681267599,161.458482818297,193.272681267599,7650.38863871595,0,0,3712.10938405503,485.218406457071,700.5,700.5,100,700.5,1,2248.14336035827,0.281017920044784,552.449887139617,552.449887139617,0,0,120.513608230165,102.59304867536,100,100,0,0,100,0,100,0,0.561278814573412,0.9,0.898445452350581,0.348445452350581,14.5833333333333,0,14.5833333333333,0,-1.68185919602393,33,low_it_load,proposed_residual_safesac,1
201.804400485443,122.551526377677,201.804400485443,5337.96234044537,0,0,2835.70107380661,531.232873698022,940.7,940.7,100,940.7,1,2385.28329544554,0.298160411930693,466.878193018847,466.878193018847,0,0,107.039615315333,101.289033796638,100,100,0,0,100,0,100,0,0.55723820661433,0.854690505769836,0.656349180092544,0.106349180092544,0,0,0,0,-1.27657839976747,34,low_it_load,proposed_residual_safesac,1
379.028046716194,157.328245913766,379.028046716194,8758.58032582523,0,0,4957.65503620101,566.034089061563,715.9,715.9,100,715.9,1,2490.64543079668,0.311330678849584,623.436016330814,623.436016330814,0,0,63.6584195012719,48.8908099010587,100,100,0,0,100,0,100,0,0.50020413615568,0.738487891461196,0.615371956447594,0.0653719564475936,0,0,0,0,-1.63883589493507,35,low_it_load,proposed_residual_safesac,1
517.173500240044,236.958316683543,517.173500240044,9983.86121115758,0,0,6035.91987496393,604.567686519762,628.5,628.5,100,628.5,1,2682.65760881008,0.33533220110126,626.127124747958,626.127124747958,0,0,108.97100854438,99.5227846374193,100,100,0,0,100,0,100,0,0.565094881168563,0.9,0.892542697883314,0.342542697883314,8.33333333333333,0,8.33333333333333,0,-2.46831579878691,36,low_it_load,proposed_residual_safesac,1
392.371881582508,199.003095635486,392.371881582508,9252.56828351014,0,0,4967.24664994417,536.850580048867,1100.7,1100.7,100,1100.7,1,2379.93849971791,0.297492312464738,579.270717681229,579.270717681229,0,0,116.465503928215,96.0615616868869,100,100,0,0,100,0,100,0,0.552997017009147,0.9,0.805106194987209,0.255106194987209,16.6666666666667,0,16.6666666666667,0,-2.07294891286965,37,low_it_load,proposed_residual_safesac,1
467.286045929331,218.310100341392,467.286045929331,9766.44620601125,0,0,5784.31986074678,592.264549328755,656.3,656.3,100,656.3,1,2518.3080550883,0.314788506886038,617.705035468648,617.705035468648,0,0,92.3873232474011,80.7493533751879,100,100,1,1,100,0,100,0,0.550729660219874,0.9,0.85094149548733,0.30094149548733,15.625,0,15.625,0,-2.27406354522283,38,low_it_load,proposed_residual_safesac,1
387.396121923326,213.200162217181,387.396121923326,9362.87220430177,0,0,5370.15290828508,573.558283303041,615.2,615.2,100,615.2,1,2732.80226086375,0.341600282607968,626.153441209447,626.153441209447,0,0,125.002857875054,110.302682928151,100,100,0,0,100,0,100,0,0.567309257508304,0.9,0.879900540168624,0.329900540168624,12.5,0,12.5,0,-2.22083502309563,39,low_it_load,proposed_residual_safesac,1
289.816051022518,184.89565209486,289.816051022518,7209.06443306061,0,0,4088.66104261997,567.155569295436,1260.8,1260.8,100,1260.8,1,2315.71503923712,0.289464379904639,595.415858761077,595.415858761077,0,0,146.105101687269,130.123367128147,100,100,0,0,100,0,100,0,0.567187684680192,0.9,0.880996868690714,0.330996868690714,15.625,0,15.625,0,-1.92599637598813,40,low_it_load,proposed_residual_safesac,1
222.893647568892,117.118809309108,222.893647568892,5368.63783018995,0,0,2672.18954345794,497.740698474979,773.1,773.1,100,773.1,1,2215.47744517612,0.276934680647015,471.517875765953,471.517875765953,0,0,101.60482139987,92.4507529474795,100,100,0,0,100,0,100,0,0.546470494736401,0.828718972190788,0.638542604544991,0.0885426045449906,0,0,0,0,-1.21998759696987,41,low_it_load,proposed_residual_safesac,1
365.583575022592,136.161730423387,365.583575022592,8639.53674963221,0,0,4036.22580900772,467.180813737443,725.6,725.6,100,725.6,1,2449.35385407655,0.306169231759569,622.315038702571,622.315038702571,0,0,55.6518807701828,42.1648067422211,100,100,0,0,100,0,100,0,0.483134290926647,0.744525713606172,0.589057742482634,0.0390577424826343,0,0,0,0,-1.41835135857695,42,low_it_load,proposed_residual_safesac,1
474.653324273048,216.529524994466,474.653324273048,10015.2907320804,0,0,5264.33843199836,525.630116271706,601.9,601.9,100,601.9,1,2693.2877299968,0.3366609662496,626.550663815531,626.550663815531,0,0,106.660215523441,96.9934782902404,100,100,0,0,100,0,100,0,0.562261866672781,0.9,0.893104562826206,0.343104562826206,16.6666666666667,0,16.6666666666667,0,-2.25551588535903,43,low_it_load,proposed_residual_safesac,1
401.329629201003,191.564241175738,401.329629201003,8911.53843709412,0,0,4532.18452461773,508.57487252174,1402.6,1402.6,100,1402.6,1,2247.98872500902,0.280998590626127,507.350705702521,507.350705702521,0,0,135.712851444716,104.340312565031,100,100,0,0,100,0,100,0,0.554588754974139,0.9,0.75345727458585,0.20345727458585,17.7083333333333,0,17.7083333333333,0,-1.99546084558061,44,low_it_load,proposed_residual_safesac,1
393.280950419322,199.214564989193,393.280950419322,10173.5346885611,0,0,4972.3029387841,488.748806683173,497.2,497.2,100,497.2,1,2365.39777434567,0.295674721793208,623.206542775933,623.206542775933,0,0,90.7458460924423,77.4692780848852,100,100,0,0,100,0,100,0,0.547001152646817,0.9,0.9,0.35,21.875,0,21.875,0,-2.07515171863743,45,low_it_load,proposed_residual_safesac,1
359.719275859164,200.313728771132,359.719275859164,9550.67385378947,0,0,4878.65217132754,510.817586906898,649.1,649.1,100,649.1,1,2713.69823984645,0.339212279980806,636.766120873074,636.766120873074,0,0,128.917155628956,111.605688005644,100,100,0,0,100,0,100,0,0.565888808463656,0.9,0.872434831511894,0.322434831511894,14.5833333333333,0,14.5833333333333,0,-2.08660134136596,46,low_it_load,proposed_residual_safesac,1
300.513797324492,181.955053498152,300.513797324492,8277.61489954485,0,0,4226.79109047963,510.629105337099,405.4,405.4,100,405.4,1,1963.88238609254,0.245485298261567,604.730559815715,604.730559815715,0,0,101.575294437503,95.190219372036,100,100,0,0,100,0,100,0,0.564987990815854,0.9,0.9,0.35,9.375,0,9.375,0,-1.89536514060575,47,low_it_load,proposed_residual_safesac,1
242.591885787617,130.230596940014,242.591885787617,5818.23480615851,0,0,2908.61755367864,499.914089166686,584.7,584.7,100,584.7,1,1964.67323108483,0.245584153885603,508.718289997183,508.718289997183,0,0,109.627500037926,105.176781304181,100,100,0,0,100,0,100,0,0.563504305386426,0.833999197064389,0.653337006590256,0.103337006590255,0,0,0,0,-1.35656871812515,48,low_it_load,proposed_residual_safesac,1
430.323180494555,162.094221320471,430.323180494555,9157.93896611328,0,0,4798.32685462096,523.952700752429,733.5,733.5,100,733.5,1,2769.46290627637,0.346182863284547,644.989411216361,644.989411216361,0,0,59.1371703593709,44.2901495844126,100,100,1,1,100,0,100,0,0.49825056758299,0.804232697199382,0.615836709690138,0.0658367096901376,0,0,0,0,-1.68848147208824,49,low_it_load,proposed_residual_safesac,1
570.364751974871,259.956954491963,570.364751974871,10726.1313011023,0,0,6763.98542643986,630.6081136397,433.8,433.8,100,433.8,1,2615.94858810517,0.326993573513147,664.301895739982,664.301895739982,0,0,111.92077956255,102.168863817843,100,100,0,0,100,0,100,0,0.566369678787893,0.9,0.9,0.35,17.7083333333333,0,17.7083333333333,0,-2.70788494262461,50,low_it_load,proposed_residual_safesac,1
551.883896487506,250.113769954946,551.883896487506,11011.3455008551,0,0,6586.7012496405,598.174060484162,384.1,384.1,100,384.1,1,2371.22440429256,0.29640305053657,662.993817355909,662.993817355909,0,0,94.448186275022,81.3539977380426,100,100,0,0,100,0,100,0,0.55578337287862,0.9,0.9,0.35,25,0,25,0,-2.60535177036402,51,low_it_load,proposed_residual_safesac,1
446.135423272145,222.373747740607,446.135423272145,10262.7946307836,0,0,5563.54960148331,542.108636257344,593.2,593.2,100,593.2,1,2253.77650873098,0.281722063591373,579.326797851166,579.326797851166,0,0,125.825307846541,102.277439754957,100,100,0,0,100,0,100,0,0.559395432960392,0.9,0.842944825345037,0.292944825345037,27.0833333333333,0,27.0833333333333,0,-2.31639320563133,52,low_it_load,proposed_residual_safesac,1
284.971960505001,171.132946116227,284.971960505001,9692.30547107509,0,0,3764.1856728727,388.368452078426,950.6,950.6,100,950.6,1,2651.12141511448,0.33139017688931,638.810634669316,638.810634669316,0,0,137.228617678408,114.90145808822,100,100,0,0,100,0,100,0,0.554470455910163,0.9,0.872308448962073,0.322308448962073,14.5833333333333,0,14.5833333333333,0,-1.78263485537736,53,low_it_load,proposed_residual_safesac,1
269.586897755807,181.330157549769,269.586897755807,8135.68100933378,0,0,4124.43078094477,506.955813067518,767.5,767.5,100,767.5,1,2319.95035105688,0.28999379388211,583.135359571391,583.135359571391,0,0,134.983063764032,114.714383763886,100,100,0,0,100,0,100,0,0.559463658516193,0.9,0.9,0.35,17.7083333333333,0,17.7083333333333,0,-1.88885580781009,54,low_it_load,proposed_residual_safesac,1
317.009660568636,151.865290161597,317.009660568636,6285.8350120555,0,0,3913.08371979605,622.524089845059,278.4,278.4,100,278.4,1,1784.2247725681,0.223028096571012,523.410892180042,523.410892180042,0,0,117.242581634964,112.7158081159,100,100,0,0,100,0,100,0,0.564371887070138,0.746041491721905,0.641373716610674,0.0913737166106738,0,0,0,0,-1.58193010584997,55,low_it_load,proposed_residual_safesac,1
468.40737835098,178.98512040223,468.40737835098,9911.30313059358,0,0,5553.40850143275,560.310630021076,447.2,447.2,100,447.2,1,2568.23039414136,0.32102879926767,676.469865612326,676.469865612326,0,0,64.3512423958262,49.139169513849,100,100,1,1,100,0,100,0,0.51037603282339,0.738638817646685,0.633445710876147,0.0834457108761469,0,2.08333333333333,0,2.08333333333333,-1.86442833752323,56,low_it_load,proposed_residual_safesac,1
442.364604805048,215.10723411056,442.364604805048,11396.2911398274,0,0,5244.23887712042,460.170665418772,329.9,329.9,100,329.9,1,2677.6405151259,0.334705064390737,676.469865612326,676.469865612326,0,0,108.461773713179,98.831354638111,100,100,0,0,100,0,100,0,0.565053522414062,0.9,0.9,0.35,11.4583333333333,1.04166666666667,11.4583333333333,1.04166666666667,-2.24070035531833,57,low_it_load,proposed_residual_safesac,1
332.663720354839,170.78211271245,332.663720354839,10866.2256891032,0,0,3910.12571070617,359.842122055987,496.1,496.1,100,496.1,1,2264.93345573361,0.283116681966702,581.81379984065,581.81379984065,0,0,115.307175426534,93.5619517437627,100,100,1,1,100,0,100,0,0.552493059385664,0.9,0.786734704141949,0.236734704141949,22.9166666666667,2.08333333333333,22.9166666666667,2.08333333333333,-1.77898034075468,58,low_it_load,proposed_residual_safesac,1
451.784181605403,205.122093606907,451.784181605403,11023.5298928295,0,0,4797.48554650912,435.204112761535,614.3,614.3,100,614.3,1,2415.31483162917,0.301914353953646,661.208947709008,661.208947709008,0,0,122.904206878573,98.0553189748043,100,100,1,1,100,0,100,0,0.552686160130366,0.9,0.845333323621502,0.295333323621502,21.875,2.08333333333333,21.875,2.08333333333333,-2.13668847507195,59,low_it_load,proposed_residual_safesac,1
429.547988307123,231.336378212461,429.547988307123,10242.5906783408,0,0,5682.2975472878,554.771514916019,935.5,935.5,100,935.5,1,2848.09209283556,0.356011511604445,676.469865612326,676.469865612326,0,0,157.857787107039,134.741474732932,100,100,0,0,100,0,100,0,0.56463109356273,0.9,0.892842049893466,0.342842049893466,15.625,2.08333333333333,15.625,2.08333333333333,-2.40975393971313,60,low_it_load,proposed_residual_safesac,1
372.371212136777,214.368605243131,372.371212136777,8883.19777539371,0,0,5184.55662634751,583.636293757708,426.3,426.3,100,426.3,1,1984.31850076634,0.248039812595792,646.493742346492,646.493742346492,0,0,117.958120340438,111.529574920729,100,100,0,0,100,0,100,0,0.5678125,0.9,0.9,0.35,13.5416666666667,0,13.5416666666667,0,-2.23300630461595,61,low_it_load,proposed_residual_safesac,1
314.130919072508,164.147338268654,314.130919072508,6872.87759162379,0,0,3594.20732700357,522.955236593178,616.6,616.6,100,616.6,1,2298.48034884532,0.287310043605666,560.409162725451,560.409162725451,0,0,110.578143250272,104.852245434282,100,100,0,0,100,0,100,0,0.564757451456038,0.9,0.80317489867065,0.25317489867065,4.16666666666667,0,4.16666666666667,0,-1.70986810696514,62,low_it_load,proposed_residual_safesac,1
511.53304547089,183.006956368143,511.53304547089,10103.2199792747,0,0,5474.00451949812,541.807911807051,679,679,100,679,1,2797.00227968904,0.34962528496113,676.469865612326,676.469865612326,0,0,64.0048380759567,49.2662455826578,100,100,1,1,100,0,100,0,0.518462087653898,0.768100345150789,0.64078017284904,0.0907801728490403,0,4.16666666666667,0,4.16666666666667,-1.90632246216816,63,low_it_load,proposed_residual_safesac,1
507.969162665617,231.291304553879,507.969162665617,10593.2381950877,0,0,5747.46181590326,542.559480874174,1164.1,1164.1,100,1164.1,1,2925.73781699871,0.365717227124839,676.469865612326,676.469865612326,0,0,143.551280005662,123.581635627126,100,100,0,0,100,0,100,0,0.564287987186717,0.9,0.803470220315556,0.253470220315556,12.5,1.04166666666667,12.5,1.04166666666667,-2.40928442243624,64,low_it_load,proposed_residual_safesac,1
453.61339594522,210.177541354293,453.61339594522,10921.3157490418,0,0,5394.45889628795,493.938552848932,916.3,916.3,100,916.3,1,2416.93755939805,0.302117194924756,609.725015926701,609.725015926701,0,0,123.177318273827,100.190868729756,100,100,1,1,100,0,100,0,0.552839479389812,0.9,0.745227686169684,0.195227686169684,15.625,1.04166666666667,15.625,1.04166666666667,-2.18934938910722,65,low_it_load,proposed_residual_safesac,1
341.148559861388,179.528831465938,341.148559861388,11074.8767125105,0,0,4006.07752577211,361.726602450277,617.4,617.4,100,617.4,1,2231.78942250288,0.278973677812861,617.876806650067,617.876806650067,0,0,137.416016874289,104.746171526608,100,100,1,1,100,0,100,0,0.553335216166856,0.9,0.802036332620736,0.252036332620736,22.9166666666667,7.29166666666667,22.9166666666667,7.29166666666667,-1.87009199443686,66,low_it_load,proposed_residual_safesac,1
269.128234470234,168.587458996914,269.128234470234,11119.8404853869,0,0,3514.00655962928,316.012317285235,380,380,100,380,1,2541.05718075481,0.317632147594351,676.469865612326,676.469865612326,0,0,134.7761613119,113.967802117208,100,100,0,0,100,0,100,0,0.553966193601258,0.9,0.9,0.35,19.7916666666667,2.08333333333333,19.7916666666667,2.08333333333333,-1.75611936455119,67,low_it_load,proposed_residual_safesac,1
17.9923239680924,128.549438095844,17.9923239680924,9005.89390733402,0,0,2421.76264078018,268.908635355787,476.1,476.1,100,476.1,1,1562.42054432571,0.195302568040714,653.794379334783,653.794379334783,0,0,148.284356125683,116.589571780771,100,100,0,0,100,0,100,0,0.559940343573443,0.9,0.9,0.35,42.7083333333333,0,42.7083333333333,0,-1.33905664683171,68,low_it_load,proposed_residual_safesac,1
188.306416477183,129.55626478538,188.306416477183,6877.86534191416,0,0,2637.27517730535,383.443851573195,584.2,584.2,100,584.2,1,2007.42414928011,0.250928018660014,454.363741558588,454.363741558588,0,0,100.211319759808,93.5254020565705,100,100,0,0,100,0,100,0,0.559406463785213,0.9,0.769055481961295,0.219055481961295,11.4583333333333,0,11.4583333333333,0,-1.34954442484771,69,low_it_load,proposed_residual_safesac,1
404.723056850919,156.325479171822,404.723056850919,10429.2043982247,0,0,4629.46377575341,443.894241495684,890.2,890.2,100,890.2,1,2722.52108137833,0.340315135172291,676.469865612326,676.469865612326,0,0,52.8810881634733,39.2861561151902,100,100,1,1,100,0,100,0,0.544179874254089,0.828012830262836,0.651485092058232,0.101485092058232,0,5.20833333333333,0,5.20833333333333,-1.62839040803981,70,low_it_load,proposed_residual_safesac,1
484.654829107814,232.393509139886,484.654829107814,12133.9784139311,0,0,6163.72855810059,507.972599574098,424.4,424.4,100,424.4,1,2799.45662704177,0.349932078380221,676.469865612326,676.469865612326,0,0,109.04726752916,99.4181788507419,100,100,0,0,100,0,100,0,0.557967771066971,0.9,0.842528175767887,0.292528175767887,13.5416666666667,7.29166666666667,13.5416666666667,7.29166666666667,-2.42076572020714,71,low_it_load,proposed_residual_safesac,1
534.198815187018,239.172906730452,534.198815187018,12099.5812182261,0,0,6176.06563173683,510.436313484433,328.1,328.1,100,328.1,1,2408.30958851133,0.301038698563917,663.359818203585,663.359818203585,0,0,117.2360411081,102.148947238179,100,100,1,1,100,0,100,0,0.5590468016566,0.9,0.791996199099417,0.241996199099417,21.875,3.125,21.875,3.125,-2.49138444510887,72,low_it_load,proposed_residual_safesac,1
447.479464895472,227.39668596066,447.479464895472,12150.2551225114,0,0,5570.21271510641,458.444095119137,335.9,335.9,100,335.9,1,2323.3410500218,0.290417631252725,676.469865612326,676.469865612326,0,0,133.208158187117,104.2931166154,100,100,1,1,100,0,100,0,0.555853900515782,0.9,0.889701244719023,0.339701244719023,25,2.08333333333333,25,2.08333333333333,-2.36871547875688,73,low_it_load,proposed_residual_safesac,1
256.578796556527,175.514005049175,256.578796556527,11757.0721627658,0,0,3778.1706325881,321.353018870924,444.3,444.3,100,444.3,1,2426.83053951593,0.303353817439491,676.469865612326,676.469865612326,0,0,139.283415419583,117.323557610602,100,100,0,0,100,0,100,0,0.560097582037628,0.9,0.9,0.35,19.7916666666667,5.20833333333333,19.7916666666667,5.20833333333333,-1.8282708859289,74,low_it_load,proposed_residual_safesac,1
130.80723457116,150.922356398851,130.80723457116,9390.76281837278,0,0,2721.93508878614,289.852394467971,558,558,100,558,1,1637.39245682399,0.204674057102998,676.469865612326,676.469865612326,0,0,168.782457608015,130.297788609492,100,100,0,0,100,0,100,0,0.56190102847127,0.9,0.9,0.35,31.25,1.04166666666667,31.25,1.04166666666667,-1.5721078791547,75,low_it_load,proposed_residual_safesac,1
301.508891207902,165.259221694015,301.508891207902,7449.40690670795,0,0,3596.39234047628,482.77566060163,555.6,555.6,100,555.6,1,2173.10101340703,0.271637626675879,570.418524693196,570.418524693196,0,0,111.403021635612,105.575823064878,100,100,0,0,100,0,100,0,0.562461603175919,0.9,0.824568806718307,0.274568806718307,9.375,0,9.375,0,-1.72145022597932,76,low_it_load,proposed_residual_safesac,1
405.255604547713,159.730371586617,405.255604547713,11273.0117884876,0,0,4985.25699361991,442.229378196078,659.9,659.9,100,659.9,1,2757.94878020325,0.344743597525407,676.469865612326,676.469865612326,0,0,45.8991014993436,34.5367998143709,100,100,1,1,100,0,100,0,0.504685742132679,0.784869277932557,0.614289992712427,0.0642899927124266,0,10.4166666666667,0,10.4166666666667,-1.66385803736059,77,low_it_load,proposed_residual_safesac,1
502.631353460405,241.780359944897,502.631353460405,12413.1700874381,0,0,6119.74853131262,493.004485413898,601,601,100,601,1,2710.04423533131,0.338755529416414,676.469865612326,676.469865612326,0,0,134.459762746924,116.519175804081,100,100,0,0,100,0,100,0,0.559639815593387,0.9,0.842323091862505,0.292323091862505,15.625,7.29166666666667,15.625,7.29166666666667,-2.51854541609268,78,low_it_load,proposed_residual_safesac,1
417.865467277678,219.941663255806,417.865467277678,12090.5025106093,0,0,5315.57344445206,439.648677942682,841.8,841.8,100,841.8,1,2511.45885936992,0.313932357421241,672.705284849319,672.705284849319,0,0,164.344421167523,128.241836810041,100,100,0,0,100,0,100,0,0.55463448949977,0.9,0.801981445006998,0.251981445006998,19.7916666666667,0,19.7916666666667,0,-2.29105899224798,79,low_it_load,proposed_residual_safesac,1
367.473494986386,210.649745053546,367.473494986386,12560.4513629391,0,0,4995.52805844034,397.718833033354,547.9,547.9,100,547.9,1,2197.60344551742,0.274700430689677,676.469865612326,676.469865612326,0,0,141.583401209093,108.011608074086,100,100,0,0,100,0,100,0,0.554921007365155,0.9,0.9,0.35,31.25,3.125,31.25,3.125,-2.19426817764111,80,low_it_load,proposed_residual_safesac,1
324.785453613904,217.504830993182,324.785453613904,11845.5629495241,0,0,5366.49611360491,453.038503655118,623.5,623.5,100,623.5,1,2703.21699835091,0.337902124793864,676.469865612326,676.469865612326,0,0,163.590109363958,135.325203038985,100,100,0,0,100,0,100,0,0.55577680390945,0.9,0.9,0.35,19.7916666666667,9.375,19.7916666666667,9.375,-2.26567532284565,81,low_it_load,proposed_residual_safesac,1
240.801601223097,193.414682342208,240.801601223097,9777.47860938332,0,0,4421.28355665165,452.190562954401,314.4,314.4,100,314.4,1,1561.47903979248,0.19518487997406,676.469865612326,676.469865612326,0,0,149.761224166105,130.555819520482,100,100,0,0,100,0,100,0,0.562998259860049,0.9,0.9,0.35,41.6666666666667,1.04166666666667,41.6666666666667,1.04166666666667,-2.014736274398,82,low_it_load,proposed_residual_safesac,1
188.432438436036,141.549058908039,188.432438436036,7679.78675436453,0,0,2965.85607826853,386.189899945202,328.3,328.3,100,328.3,1,1779.7756029895,0.222471950373687,575.695218397716,575.695218397716,0,0,102.674010812653,97.1856044821086,100,100,0,0,100,0,100,0,0.565145736056717,0.9,0.823576637152234,0.273576637152234,13.5416666666667,0,13.5416666666667,0,-1.47446936362541,83,low_it_load,proposed_residual_safesac,1
263.456199498831,150.640180457281,263.456199498831,11544.5661993153,0,0,5042.10955215543,436.751755337022,372.8,372.8,100,372.8,1,2493.91830548067,0.311739788185084,676.469865612326,676.469865612326,0,0,53.6055874333762,46.7441755818573,100,100,0,0,100,0,100,0,0.508908783367827,0.78286992769299,0.621094520473037,0.0710945204730374,0,7.29166666666667,0,7.29166666666667,-1.56916854643001,84,low_it_load,proposed_residual_safesac,1
355.908295343583,230.223975581292,355.908295343583,12744.9792611501,0,0,6411.43784142574,503.055965023765,265.6,265.6,100,265.6,1,2776.69951162815,0.347087438953519,676.469865612326,676.469865612326,0,0,123.883576976009,110.535175213354,100,100,0,0,100,0,100,0,0.562834196897056,0.9,0.836986259052356,0.286986259052356,13.5416666666667,7.29166666666667,13.5416666666667,7.29166666666667,-2.39816641230512,85,low_it_load,proposed_residual_safesac,1
435.04371857549,266.758885726561,435.04371857549,12789.2647128473,0,0,7360.10589797603,575.490934250701,541.3,541.3,100,541.3,1,2459.64278902726,0.307455348628408,676.469865612326,676.469865612326,0,0,146.910442888457,117.017400587831,100,100,0,0,100,0,100,0,0.556717301229649,0.9,0.89734768688695,0.34734768688695,29.1666666666667,10.4166666666667,29.1666666666667,10.4166666666667,-2.77873839298501,86,low_it_load,proposed_residual_safesac,1
481.378843135237,273.101204302481,481.378843135237,12652.5826703691,0,0,7344.25750385617,580.455207856935,414.8,414.8,100,414.8,1,2155.04420417216,0.26938052552152,676.469865612326,676.469865612326,0,0,147.659106825511,115.49300265434,100,100,0,0,100,0,100,0,0.560302004544165,0.9,0.9,0.35,32.2916666666667,6.25,32.2916666666667,6.25,-2.84480421148417,87,low_it_load,proposed_residual_safesac,1
403.886065027552,253.175492179776,403.886065027552,11828.5737963609,0,0,6685.08095163272,565.163735436086,717.4,717.4,100,717.4,1,2825.42602857972,0.353178253572464,676.469865612326,676.469865612326,0,0,169.15516789521,139.041774709042,100,100,0,0,100,0,100,0,0.56502600650701,0.9,0.9,0.35,16.6666666666667,10.4166666666667,16.6666666666667,10.4166666666667,-2.637244710206,88,low_it_load,proposed_residual_safesac,1
265.246743312234,200.235269431147,265.246743312234,9235.0684222761,0,0,4342.59141296878,470.228396196169,1087.2,1087.2,100,1087.2,1,1976.66969896977,0.247083712371221,676.469865612326,676.469865612326,0,0,194.15454300822,147.937392286883,100,100,0,0,100,0,100,0,0.566185443085283,0.9,0.9,0.35,23.9583333333333,3.125,23.9583333333333,3.125,-2.08578405657445,89,low_it_load,proposed_residual_safesac,1
167.202737436798,125.780656512645,167.202737436798,6573.60564494943,0,0,2304.86533024639,350.624216713889,1053.8,1053.8,100,1053.8,1,2183.21582861624,0.27290197857703,529.394838661148,529.394838661148,0,0,137.444379590956,117.490343350197,100,100,0,0,100,0,100,0,0.559512064909006,0.9,0.719720494470092,0.169720494470092,16.6666666666667,0,16.6666666666667,0,-1.31021517200672,90,low_it_load,proposed_residual_safesac,1
400.644510046643,170.69237909842,400.644510046643,11691.4757630241,0,0,5344.73605297583,457.148110410432,0,0,,0,,2112.94562171055,0.264118202713819,676.469865612326,676.469865612326,0,0,64.0139520239356,54.2535821040801,100,100,0,0,100,0,100,0,0.49125793902802,0.721314072134538,0.612326320897313,0.0623263208973129,0,7.29166666666667,0,7.29166666666667,-1.77804561560854,91,low_it_load,proposed_residual_safesac,1
375.353532911808,152.12987620977,375.353532911808,8700.53255747847,0,0,4251.16235020353,488.609441102485,1584.7,1584.7,100,1584.7,1,2013.95830158358,0.251744787697948,523.64212664274,523.64212664274,0,0,55.9256988860819,46.5270647779107,100,100,0,0,100,0,100,0,0.483045755723635,0.760539767800771,0.705077021687667,0.155077021687667,0,0,0,0,-1.58468621051844,0,low_it_load,proposed_residual_safesac,2
357.127449838018,167.972389341586,357.127449838018,8910.47446007358,0,0,4042.77441795108,453.710342369097,1639,1639,100,1639,1,2729.78189125523,0.341222736406903,511.027034304186,511.027034304186,0,0,111.871470017922,104.566521673562,100,100,0,0,100,0,100,0,0.546992222342384,0.9,0.699752128895843,0.149752128895843,6.25,0,6.25,0,-1.74971238897486,1,low_it_load,proposed_residual_safesac,2
348.148095567958,172.646898854061,348.148095567958,8467.18868156601,0,0,4350.31825993094,513.785439717678,1694.9,1694.9,100,1694.9,1,2643.37280437065,0.330421600546332,452.228042074378,452.228042074378,0,0,126.152600574144,117.163092264009,100,100,0,0,100,0,100,0,0.55320797610955,0.9,0.629866617234971,0.0798666172349706,8.33333333333333,0,8.33333333333333,0,-1.79840519639646,2,low_it_load,proposed_residual_safesac,2
395.67586584554,175.725685438851,395.67586584554,9165.97392486618,0,0,4624.11398727699,504.486923613466,939.8,939.8,100,939.8,1,2576.23396460842,0.322029245576053,554.598593148048,554.598593148048,0,0,109.869898167675,106.786540150642,100,100,0,0,100,0,100,0,0.551930270579427,0.849023525675214,0.655228254078413,0.105228254078413,0,0,0,0,-1.83047588998804,3,low_it_load,proposed_residual_safesac,2
313.231332822667,172.716462010443,313.231332822667,8556.00224696838,0,0,4152.17034908371,485.29327473645,1247.3,1247.3,100,1247.3,1,2721.60942541241,0.340201178176551,567.030477949168,567.030477949168,0,0,136.272440606664,128.773181639702,100,100,0,0,100,0,100,0,0.562846124399549,0.9,0.69829540641721,0.14829540641721,7.29166666666667,0,7.29166666666667,0,-1.79912981260878,4,low_it_load,proposed_residual_safesac,2
207.179406850075,144.099167175604,207.179406850075,6603.16654432516,0,0,3103.27052118422,469.967022693258,1325.1,1325.1,100,1325.1,1,2310.47095673592,0.28880886959199,468.940601458518,468.940601458518,0,0,134.965822012943,131.182126472278,100,100,0,0,100,0,100,0,0.560390698463013,0.9,0.682839885755813,0.132839885755813,9.375,0,9.375,0,-1.50103299141255,5,low_it_load,proposed_residual_safesac,2
187.725137980582,118.499990326062,187.725137980582,4176.92633530964,58.8689490667705,58.8689490667705,2290.56016727942,548.384142644837,1989.8,1930.93105093323,97.0414640131284,1930.93105093323,0.970414640131284,2855.11770282776,0.356889712853469,369.758217762734,369.758217762734,0,0,140.654573385108,123.650066735383,100,100,0,0,100,0,100,0,0.537112020064087,0.9,0.582085233790763,0.0320852337907632,14.5833333333333,0,14.5833333333333,0,-1.23437489922981,6,low_it_load,proposed_residual_safesac,2
318.773505663989,139.675888722083,318.773505663989,9199.03094932092,0,0,4088.73666328356,444.474715413953,779.3,779.3,100,779.3,1,1430.4341532076,0.17880426915095,542.51272475702,542.51272475702,0,0,66.3390757163402,53.5568570718169,100,100,0,0,100,0,100,0,0.502584259316739,0.702903068704146,0.702903068704146,0.152903068704146,0,0,0,0,-1.45495717418836,7,low_it_load,proposed_residual_safesac,2
318.631303266165,161.422580931927,318.631303266165,9108.06250523677,0,0,3935.79451781784,432.122036443527,1103.7,1103.7,100,1103.7,1,2640.18824043575,0.330023530054468,529.12350551255,529.12350551255,0,0,112.688040121345,107.350341044366,100,100,0,0,100,0,100,0,0.562069312199584,0.890985789775758,0.683105841489272,0.133105841489272,0,0,0,0,-1.6814852180409,8,low_it_load,proposed_residual_safesac,2
262.444338435236,144.810728987098,262.444338435236,8563.45320021375,0,0,3306.15420125148,386.077219546077,1621.7,1621.7,100,1621.7,1,2668.26789201981,0.333533486502476,453.593485669297,453.593485669297,0,0,132.727794706015,121.178474360202,100,100,0,0,100,0,100,0,0.554887010424718,0.9,0.645226284454736,0.0952262844547364,9.375,0,9.375,0,-1.50844509361561,9,low_it_load,proposed_residual_safesac,2
198.608722610698,127.856462528804,198.608722610698,8374.98320291638,0,0,2694.876357022,321.776926798322,1678,1678,100,1678,1,2677.50640985556,0.334688301231945,499.290335454623,499.290335454623,0,0,133.976665050281,115.871523866851,100,100,0,0,100,0,100,0,0.558768844419392,0.9,0.684538178383854,0.134538178383854,14.5833333333333,0,14.5833333333333,0,-1.3318381513417,10,low_it_load,proposed_residual_safesac,2
155.130111849519,126.429260882866,155.130111849519,6978.95988952948,81.1411656401414,81.1411656401414,2621.4165574188,375.617083191968,2333.3,2252.15883435986,96.522471793591,2252.15883435986,0.96522471793591,2886.11242625577,0.360764053281971,464.012684719638,464.012684719638,0,0,180.820095238274,142.253060071314,100,100,0,0,100,0,100,0,0.558894125504747,0.9,0.628513172365814,0.0785131723658138,16.6666666666667,0,16.6666666666667,0,-1.31697146752986,11,low_it_load,proposed_residual_safesac,2
113.300279834791,111.309529723153,113.300279834791,5343.78170857268,38.2306726474367,38.2306726474367,2152.28259178337,402.763943057518,2325.2,2286.96932735256,98.3558114292346,2286.96932735256,0.983558114292346,2720.93101979953,0.340116377474941,407.477968137383,407.477968137383,0,0,155.934999486226,133.950105783112,100,100,0,0,100,0,100,0,0.530603495336505,0.9,0.628546358442493,0.078546358442493,14.5833333333333,0,14.5833333333333,0,-1.15947426794951,12,low_it_load,proposed_residual_safesac,2
135.419580242292,104.238619911998,135.419580242292,3707.60202400314,252.538157010095,252.538157010095,1800.80009958103,485.704800008898,2654.2,2401.66184298991,90.4853380675874,2401.66184298991,0.904853380675874,3035.09177101194,0.379386471376492,285.089914382729,285.089914382729,0,0,157.220431532839,124.484226275555,100,100,0,0,100,0,100,0,0.50792998120605,0.9,0.577938528342537,0.0279385283425369,16.6666666666667,0,16.6666666666667,0,-1.08581895741665,13,low_it_load,proposed_residual_safesac,2
351.664660103197,148.278270030579,351.664660103197,7825.28492694079,0,0,4281.11599951317,547.087555211466,2018.2,2018.2,100,2018.2,1,2296.62309857494,0.287077887321867,480.252822508573,480.252822508573,0,0,50.2301165847493,42.2636828793697,100,100,1,1,100,0,100,0,0.492942165289275,0.787288156276817,0.678259240908333,0.128259240908333,0,8.33333333333333,0,8.33333333333333,-1.54456531281853,14,low_it_load,proposed_residual_safesac,2
320.685764256411,154.077678092987,320.685764256411,8250.92591495031,0,0,3911.40825332836,474.056886905392,1613.7,1613.7,100,1613.7,1,2836.11550771242,0.354514438464052,510.395710447103,510.395710447103,0,0,106.846443284855,103.336038161069,100,100,0,0,100,0,100,0,0.530892183396154,0.874152020616033,0.644900104387134,0.0949001043871338,0,0,0,0,-1.60497581346862,15,low_it_load,proposed_residual_safesac,2
357.024856628578,163.549776200897,357.024856628578,8104.78959655582,0,0,4190.92157419086,517.091964481326,1563.5,1563.5,100,1563.5,1,2848.40879236449,0.356051099045562,422.57197544558,422.57197544558,0,0,117.846661905141,115.133296325803,100,100,1,1,100,0,100,0,0.530500334547185,0.888670446241283,0.590321156001107,0.0403211560011072,0,0,0,0,-1.70364350209268,16,low_it_load,proposed_residual_safesac,2
285.755317208637,151.508026385473,285.755317208637,8178.35450760394,0,0,3544.61008411767,433.413601821983,1555.2,1555.2,100,1555.2,1,2779.84720639393,0.347480900799241,491.400192003513,491.400192003513,0,0,118.382350379601,112.25410371737,100,100,0,0,100,0,100,0,0.544783932450451,0.9,0.686445799162833,0.136445799162833,10.4166666666667,0,10.4166666666667,0,-1.57820860818201,17,low_it_load,proposed_residual_safesac,2
268.027303208761,140.089754709564,268.027303208761,8131.66536734362,0,0,3587.1964642254,441.139213454529,908,908,100,908,1,2034.67057892627,0.254333822365784,498.555904696047,498.555904696047,0,0,111.659689600384,108.700979780406,100,100,0,0,100,0,100,0,0.560073576237551,0.78948033690155,0.650836700465408,0.100836700465407,0,0,0,0,-1.45926827822463,18,low_it_load,proposed_residual_safesac,2
204.346186166796,145.561460545245,204.346186166796,5984.05371499302,0,0,3288.77193150375,549.589306537096,1416.7,1416.7,100,1416.7,1,2457.86954781516,0.307233693476895,449.366481647301,449.366481647301,0,0,140.650670829582,135.058184777536,100,100,0,0,100,0,100,0,0.558687930587291,0.9,0.643294447115141,0.0932944471151413,9.375,0,9.375,0,-1.51626521401297,19,low_it_load,proposed_residual_safesac,2
218.027098567189,119.501305037091,218.027098567189,4888.48585446359,0,0,2755.24606383335,563.619522662131,1177.4,1177.4,100,1177.4,1,2428.37314202331,0.303546642752914,316.080362545025,316.080362545025,0,0,101.542714984262,94.9521467089653,100,100,0,0,100,0,100,0,0.517939404638307,0.843404793265751,0.605893633739391,0.0558936337393909,0,0,0,0,-1.24480526080303,20,low_it_load,proposed_residual_safesac,2
383.643436030283,157.404075408753,383.643436030283,8195.04646903831,0,0,4699.74672189097,573.486280968274,1432.6,1432.6,100,1432.6,1,1968.84636492506,0.246105795615633,513.642796561453,513.642796561453,0,0,54.0799426922057,47.3737577765618,100,100,1,1,100,0,100,0,0.488257342173925,0.728964679196207,0.679521219088273,0.129521219088273,0,8.33333333333333,0,8.33333333333333,-1.63962578550784,21,low_it_load,proposed_residual_safesac,2
359.867465928857,173.02194955027,359.867465928857,8318.06441257956,0,0,4711.63476215764,566.434031820209,1354.2,1354.2,100,1354.2,1,2708.9186745099,0.338614834313738,493.549714180769,493.549714180769,0,0,110.612354970286,105.891423020512,100,100,0,0,100,0,100,0,0.537099459139338,0.852727484750506,0.640181510570953,0.0901815105709528,0,0,0,0,-1.80231197448198,22,low_it_load,proposed_residual_safesac,2
318.857516184222,163.055097234976,318.857516184222,8418.20645248035,0,0,4398.0486268867,522.444852322534,1279.8,1279.8,100,1279.8,1,2147.3875407257,0.268423442590712,457.024368376046,457.024368376046,0,0,112.589527091937,105.827652849257,100,100,0,0,100,0,100,0,0.545842234483038,0.827097824256639,0.637144592117744,0.0871445921177437,0,0,0,0,-1.69849059619767,23,low_it_load,proposed_residual_safesac,2
281.689958715357,145.763976565597,281.689958715357,7966.47419609507,0,0,3385.08462688579,424.916285870235,1652.4,1652.4,100,1652.4,1,2895.26914996408,0.36190864374551,520.73492213877,520.73492213877,0,0,132.14324312639,119.096174819502,100,100,0,0,100,0,100,0,0.558862851813295,0.9,0.636194097033219,0.0861940970332192,11.4583333333333,0,11.4583333333333,0,-1.51837475589163,24,low_it_load,proposed_residual_safesac,2
136.821212194126,115.059321658555,136.821212194126,7302.336992978,5.47633710028434,5.47633710028434,2265.61006068148,310.258217726751,2015.9,2010.42366289972,99.7283428195702,2010.42366289972,0.997283428195702,2766.56510692942,0.345820638366177,490.810637058733,490.810637058733,0,0,152.164775674833,126.521588377793,100,100,0,0,100,0,100,0,0.558298398375448,0.9,0.682225306796293,0.132225306796293,13.5416666666667,0,13.5416666666667,0,-1.19853460060995,25,low_it_load,proposed_residual_safesac,2
153.328251433179,112.152991765657,153.328251433179,6398.8339268905,0,0,2191.79502246492,342.530380926766,1225.4,1225.4,100,1225.4,1,2297.49990346153,0.287187487932691,402.441672473046,402.441672473046,0,0,110.364700482422,104.242155980319,100,100,0,0,100,0,100,0,0.555020579785901,0.899196043672353,0.682630009991053,0.132630009991053,0,0,0,0,-1.16826033089226,26,low_it_load,proposed_residual_safesac,2
197.027500697122,117.867683561263,197.027500697122,4696.68594191301,0,0,2420.08046376199,515.274066372056,1398.4,1398.4,100,1398.4,1,2682.7141228902,0.335339265361275,344.757624439115,344.757624439115,0,0,107.706247604094,100.705358956145,100,100,0,0,100,0,100,0,0.535824886997983,0.9,0.626300190001921,0.0763001900019206,7.29166666666667,0,7.29166666666667,0,-1.22778837042982,27,low_it_load,proposed_residual_safesac,2
406.93640484868,161.511641257779,406.93640484868,8328.66931421547,0,0,4884.71390336001,586.493918665101,1187.9,1187.9,100,1187.9,1,1733.77453709775,0.216721817137219,550.654035956883,550.654035956883,0,0,59.2404472657431,50.3973213826883,100,100,1,1,100,0,100,0,0.48205370876777,0.690590255891204,0.660058102611776,0.110058102611776,0,8.33333333333333,0,8.33333333333333,-1.68241292976853,28,low_it_load,proposed_residual_safesac,2
390.340547246496,182.14554683116,390.340547246496,8153.66896480305,0,0,4751.53806619846,582.748464122032,1584,1584,100,1584,1,3047.64000399471,0.380955000499338,505.188040071717,505.188040071717,0,0,119.5275156516,111.259610251562,100,100,0,0,100,0,100,0,0.535403453197743,0.9,0.635282714808325,0.0852827148083249,7.29166666666667,0,7.29166666666667,0,-1.89734944615792,29,low_it_load,proposed_residual_safesac,2
326.313176083043,163.806631748231,326.313176083043,7606.40400521245,0,0,4147.65808197046,545.285009727091,2027.9,2027.9,100,2027.9,1,2866.69257907482,0.358336572384353,402.881257902972,402.881257902972,0,0,138.504708493823,123.2397411021,100,100,0,0,100,0,100,0,0.538135757169803,0.9,0.594407445345476,0.0444074453454762,8.33333333333333,0,8.33333333333333,0,-1.70631908071074,30,low_it_load,proposed_residual_safesac,2
277.849044293663,144.074213564578,277.849044293663,8707.22834106595,0,0,4002.49748229232,459.675263529649,757.2,757.2,100,757.2,1,2124.08110014328,0.265510137517911,540.642044196748,540.642044196748,0,0,101.498787892459,96.6453127563,100,100,0,0,100,0,100,0,0.53257610174862,0.777318553556116,0.642316079634561,0.0923160796345606,0,0,0,0,-1.50077305796435,31,low_it_load,proposed_residual_safesac,2
227.259835497745,138.427180861931,227.259835497745,8496.32129858092,0,0,3220.99501109062,379.104661640868,819,819,100,819,1,2329.89119947279,0.291236399934098,534.022001600714,534.022001600714,0,0,115.133411015704,111.246302910149,100,100,0,0,100,0,100,0,0.561806108488353,0.856580940962964,0.711628560747783,0.161628560747783,0,0,0,0,-1.44194980064511,32,low_it_load,proposed_residual_safesac,2
172.523163827832,138.995507193079,172.523163827832,6770.91577908898,0,0,3289.55142265263,485.835525057326,700.5,700.5,100,700.5,1,2047.03183287603,0.255878979109504,462.756910882898,462.756910882898,0,0,121.908450326884,119.682176876813,100,100,0,0,100,0,100,0,0.560923267232826,0.863975791205075,0.68086798636232,0.13086798636232,0,0,0,0,-1.44786986659457,33,low_it_load,proposed_residual_safesac,2
198.869422154086,119.977033567536,198.869422154086,5186.48047807917,0,0,2766.21685354172,533.351444246869,940.7,940.7,100,940.7,1,2206.66013579162,0.275832516973952,380.653768730211,380.653768730211,0,0,102.763319098976,98.0751817114651,100,100,0,0,100,0,100,0,0.547986698575249,0.845788224317147,0.620720432054986,0.0707204320549859,0,0,0,0,-1.2497607663285,34,low_it_load,proposed_residual_safesac,2
399.021127325903,165.28621896908,399.021127325903,8996.24934224607,0,0,5124.61163744949,569.638684133008,715.9,715.9,100,715.9,1,1306.26956616986,0.163283695771232,538.503698001003,538.503698001003,0,0,59.7002947997357,49.0918349474669,100,100,0,0,100,0,100,0,0.506126922792763,0.690061686782037,0.690061686782037,0.140061686782037,0,0,0,0,-1.72173144759458,35,low_it_load,proposed_residual_safesac,2
475.744884305992,202.161882800808,475.744884305992,9091.95711495845,0,0,5500.18680545288,604.950808270285,628.5,628.5,100,628.5,1,1940.29102001174,0.242536377501468,535.54087913431,535.54087913431,0,0,110.609155683987,101.275577303022,100,100,0,0,100,0,100,0,0.562192923379127,0.793882271897253,0.678797066223972,0.128797066223972,0,0,0,0,-2.10585294584175,36,low_it_load,proposed_residual_safesac,2
366.154901027849,178.1698454964,366.154901027849,8625.138695282,0,0,4623.28291359655,536.024181979301,1100.7,1100.7,100,1100.7,1,2412.73502981935,0.301591878727419,467.725467861474,467.725467861474,0,0,117.505382410955,111.659664195031,100,100,0,0,100,0,100,0,0.555832327688076,0.872396030438662,0.647621661659718,0.0976216616597182,0,0,0,0,-1.8559358905875,37,low_it_load,proposed_residual_safesac,2
419.198248183699,185.678018588739,419.198248183699,8811.98976044403,0,0,5205.21435299562,590.696822681434,656.3,656.3,100,656.3,1,2231.20548876011,0.278900686095014,516.740957161496,516.740957161496,0,0,110.247794864037,104.35638083145,100,100,1,1,100,0,100,0,0.558674838575896,0.819225941443876,0.615696641872247,0.0656966418722473,0,0,0,0,-1.93414602696604,38,low_it_load,proposed_residual_safesac,2
350.988617843069,180.142967902677,350.988617843069,8480.25007690367,0,0,4859.30216963687,573.014017932253,615.2,615.2,100,615.2,1,2203.22816486964,0.275403520608705,511.66494943002,511.66494943002,0,0,121.734108194014,118.270489294082,100,100,0,0,100,0,100,0,0.562276116264101,0.819921459251054,0.665748550298167,0.115748550298167,0,0,0,0,-1.87648924898622,39,low_it_load,proposed_residual_safesac,2
256.19563135006,159.324534408878,256.19563135006,6384.29063469728,0,0,3610.76707474064,565.570598418072,1260.8,1260.8,100,1260.8,1,2331.21795220174,0.291402244025218,449.43932594368,449.43932594368,0,0,136.4085141303,133.503510128039,100,100,0,0,100,0,100,0,0.559768903673484,0.9,0.674333225874888,0.124333225874888,7.29166666666667,0,7.29166666666667,0,-1.65963056675914,40,low_it_load,proposed_residual_safesac,2
223.29359393509,116.616505754132,223.29359393509,5358.34005864669,0,0,2676.5760831544,499.51590489955,773.1,773.1,100,773.1,1,1913.94590067752,0.239243237584691,377.41112697085,377.41112697085,0,0,94.5137337791287,88.3178792893887,100,100,0,0,100,0,100,0,0.537864774319214,0.811137533455248,0.639833106548616,0.0898331065486156,0,0,0,0,-1.21475526827221,41,low_it_load,proposed_residual_safesac,2
397.936179874091,155.72612139291,397.936179874091,9151.95176905498,0,0,4312.66355866865,471.228833750067,725.6,725.6,100,725.6,1,1444.60691976596,0.180575864970745,549.031426624125,549.031426624125,0,0,68.2474629060256,56.5771173685789,100,100,0,0,100,0,100,0,0.522913056863004,0.730219900449358,0.730219900449358,0.180219900449358,0,0,0,0,-1.62214709784281,42,low_it_load,proposed_residual_safesac,2
434.543999307827,185.533942058017,434.543999307827,9148.24863045677,0,0,4802.68641276005,524.984246358448,601.9,601.9,100,601.9,1,2056.95495107291,0.257119368884114,526.938484263556,526.938484263556,0,0,112.716601764013,105.494109168649,100,100,0,0,100,0,100,0,0.562066617558596,0.807118145082982,0.684222305932279,0.134222305932279,0,0,0,0,-1.93264522977101,43,low_it_load,proposed_residual_safesac,2
383.261579159788,176.360383912946,383.261579159788,8527.7381747714,0,0,4323.27270992073,506.965929454866,1402.6,1402.6,100,1402.6,1,2577.26787128367,0.322158483910459,470.217241656162,470.217241656162,0,0,122.132204479365,114.802537595035,100,100,0,0,100,0,100,0,0.558224681407047,0.9,0.653156654081803,0.103156654081803,6.25,0,6.25,0,-1.83708733242652,44,low_it_load,proposed_residual_safesac,2
352.334179431653,163.354283062477,352.334179431653,9128.92406322337,0,0,4441.43568345543,486.523455852604,497.2,497.2,100,497.2,1,1947.31362048513,0.243414202560641,526.118523514446,526.118523514446,0,0,104.958729836684,99.7821509838104,100,100,0,0,100,0,100,0,0.557432323583883,0.788421836495716,0.643867301354786,0.093867301354786,0,0,0,0,-1.70160711523414,45,low_it_load,proposed_residual_safesac,2
330.727531418678,173.057720165418,330.727531418678,8783.9797247089,0,0,4475.41933317707,509.497912499494,649.1,649.1,100,649.1,1,2303.79810783205,0.287974763479006,572.913673248035,572.913673248035,0,0,122.369165912635,118.948078807443,100,100,0,0,100,0,100,0,0.563648238322653,0.838387810894864,0.685767684445528,0.135767684445528,0,0,0,0,-1.80268458505644,46,low_it_load,proposed_residual_safesac,2
266.405902945354,152.980742654119,266.405902945354,7312.07309217996,0,0,3743.07980434567,511.904046521196,405.4,405.4,100,405.4,1,1641.67025505642,0.205208781882052,486.607935493526,486.607935493526,0,0,123.433735145864,121.898329071701,100,100,0,0,100,0,100,0,0.560990997754699,0.803385821663064,0.662430578192673,0.112430578192673,0,0,0,0,-1.59354940264708,47,low_it_load,proposed_residual_safesac,2
246.077072058778,131.676001677484,246.077072058778,5867.49392340418,0,0,2947.28466701846,502.307238063318,584.7,584.7,100,584.7,1,1811.41930955449,0.226427413694311,436.843557935758,436.843557935758,0,0,102.752101774783,99.3179408833385,100,100,0,0,100,0,100,0,0.562850894348206,0.828812626395321,0.667634076051979,0.117634076051979,0,0,0,0,-1.3716250174738,48,low_it_load,proposed_residual_safesac,2
458.910846314451,169.713346601744,458.910846314451,9328.37685470374,0,0,4951.3625484036,530.785004242933,733.5,733.5,100,733.5,1,1529.34875820808,0.19116859477601,558.917869310958,558.917869310958,0,0,60.7369753785806,50.9992287096032,100,100,1,1,100,0,100,0,0.536947136696477,0.709993376054446,0.674411606069084,0.124411606069084,0,8.33333333333333,0,8.33333333333333,-1.76784736043483,49,low_it_load,proposed_residual_safesac,2
532.062257933488,227.252193589472,532.062257933488,9972.03548548387,0,0,6296.51277388122,631.417004386612,433.8,433.8,100,433.8,1,1937.23313150508,0.242154141438135,568.600626647958,568.600626647958,0,0,111.68355004362,103.365831729025,100,100,0,0,100,0,100,0,0.563219619542366,0.792270130897718,0.719935193132165,0.169935193132165,0,0,0,0,-2.36721034989033,50,low_it_load,proposed_residual_safesac,2
519.251798041681,226.798233290414,519.251798041681,10321.0173317812,0,0,6177.72388397866,598.557650412596,384.1,384.1,100,384.1,1,1956.32343063411,0.244540428829264,590.339159863398,590.339159863398,0,0,112.84719932432,103.827864769846,100,100,0,0,100,0,100,0,0.559132311217078,0.823312758906946,0.732513618851143,0.182513618851143,0,0,0,0,-2.36248159677515,51,low_it_load,proposed_residual_safesac,2
420.214690034933,204.000647278083,420.214690034933,9720.51306548841,0,0,5267.12141101917,541.856317206084,593.2,593.2,100,593.2,1,2719.45826318054,0.339932282897567,599.255352670149,599.255352670149,0,0,124.574174746934,120.088708770572,100,100,0,0,100,0,100,0,0.565461422600002,0.9,0.701221845209113,0.151221845209113,4.16666666666667,0,4.16666666666667,0,-2.12500674248003,52,low_it_load,proposed_residual_safesac,2
269.636972018658,157.55071405538,269.636972018658,9155.30606392309,0,0,3551.24975029433,387.889790412163,950.6,950.6,100,950.6,1,2570.80084590829,0.321350105738536,584.189462887934,584.189462887934,0,0,126.484368903548,121.571380995525,100,100,0,0,100,0,100,0,0.562560959228398,0.9,0.738912380987194,0.188912380987194,6.25,0,6.25,0,-1.64115327141021,53,low_it_load,proposed_residual_safesac,2
238.723504229591,158.105992032509,238.723504229591,7298.84406504991,0,0,3634.7759177146,497.993365157575,767.5,767.5,100,767.5,1,2267.15140516407,0.283393925645508,498.094474697861,498.094474697861,0,0,128.630554618947,126.810752412919,100,100,0,0,100,0,100,0,0.55977706455336,0.9,0.691192843516381,0.141192843516381,4.16666666666667,0,4.16666666666667,0,-1.6469374170053,54,low_it_load,proposed_residual_safesac,2
311.98778512298,144.422415974877,311.98778512298,6071.11066655026,0,0,3790.5130619518,624.352490037158,278.4,278.4,100,278.4,1,1440.46503190643,0.180058128988304,425.867456022973,425.867456022973,0,0,104.827717645745,101.082962751389,100,100,0,0,100,0,100,0,0.550599929897446,0.738105579365224,0.592032072846305,0.0420320728463054,0,0,0,0,-1.50440016640496,55,low_it_load,proposed_residual_safesac,2
481.653235660985,187.592082163081,481.653235660985,10164.8860008977,0,0,5703.75099124638,561.122966921877,447.2,447.2,100,447.2,1,1479.96653771961,0.184995817214952,616.645874644072,616.645874644072,0,0,61.6821194514303,48.644120874155,100,100,1,1,100,0,100,0,0.514543810055091,0.710886123607032,0.710886123607032,0.160886123607032,0,8.33333333333333,0,8.33333333333333,-1.95408418919876,56,low_it_load,proposed_residual_safesac,2
416.162031116678,190.692716782743,416.162031116678,10718.2615889497,0,0,4949.67358783807,461.798170044766,329.9,329.9,100,329.9,1,2108.65466053678,0.263581832567097,615.212378220943,615.212378220943,0,0,111.956145631008,103.912236262113,100,100,0,0,100,0,100,0,0.564713324713055,0.80838918952269,0.737569065826004,0.187569065826004,0,0,0,0,-1.98638246648691,57,low_it_load,proposed_residual_safesac,2
319.005178618998,158.367831334074,319.005178618998,10521.1227407149,0,0,3771.00981442667,358.422756521367,496.1,496.1,100,496.1,1,2542.14718287584,0.317768397859479,587.291114677274,587.291114677274,0,0,112.61409097111,107.576074823737,100,100,1,1,100,0,100,0,0.560489640852533,0.878924481926634,0.696789086022855,0.146789086022855,0,0,0,0,-1.64966490972993,58,low_it_load,proposed_residual_safesac,2
416.435942276935,184.539728618039,416.435942276935,10378.7841773223,0,0,4473.20237846092,430.994835429267,614.3,614.3,100,614.3,1,2837.90656355387,0.354738320444234,627.319692781373,627.319692781373,0,0,121.543748351693,118.022260101431,100,100,1,1,100,0,100,0,0.564624146295651,0.9,0.678513400251102,0.128513400251102,7.29166666666667,0,7.29166666666667,0,-1.92228883977124,59,low_it_load,proposed_residual_safesac,2
401.007609834674,209.014325519443,401.007609834674,9562.49532954278,0,0,5282.30378430488,552.398051164062,935.5,935.5,100,935.5,1,2560.6809478385,0.320085118479813,620.634347854515,620.634347854515,0,0,142.869756784167,134.898087993879,100,100,0,0,100,0,100,0,0.565772484586724,0.9,0.72628167957097,0.17628167957097,7.29166666666667,0,7.29166666666667,0,-2.1772325574942,60,low_it_load,proposed_residual_safesac,2
340.175713273614,186.001087723952,340.175713273614,8066.9929457863,0,0,4712.92808518873,584.22365271194,426.3,426.3,100,426.3,1,1620.61336922294,0.202576671152867,490.806750852572,490.806750852572,0,0,130.469260918591,129.413241147995,100,100,0,0,100,0,100,0,0.559757479444701,0.821040623303137,0.70034625815755,0.15034625815755,0,0,0,0,-1.93751133045783,61,low_it_load,proposed_residual_safesac,2
293.293570689086,148.568465759337,293.293570689086,6367.48633354277,0,0,3312.25057014221,520.18181062971,616.6,616.6,100,616.6,1,2056.30309883235,0.257037887354044,459.933427749218,459.933427749218,0,0,108.282561271315,105.185100249946,100,100,0,0,100,0,100,0,0.561244619114135,0.864326009966585,0.679767716220272,0.129767716220272,0,0,0,0,-1.54758818499309,62,low_it_load,proposed_residual_safesac,2
525.529100707112,193.391365044235,525.529100707112,10418.9007602484,0,0,5652.70133850931,542.542967687749,679,679,100,679,1,1626.19909348121,0.203274886685151,611.135884489938,611.135884489938,0,0,64.1620529977368,50.7548960472824,100,100,1,1,100,0,100,0,0.511983246480491,0.734824382909263,0.734824382909263,0.184824382909263,0,8.33333333333333,0,8.33333333333333,-2.01449338587745,63,low_it_load,proposed_residual_safesac,2
496.51338408327,220.42898985401,496.51338408327,10304.3477620676,0,0,5589.43580776704,542.434702014121,1164.1,1164.1,100,1164.1,1,2724.07380371842,0.340509225464802,616.749387016946,616.749387016946,0,0,137.215013287968,118.642673539787,100,100,0,0,100,0,100,0,0.564960921437623,0.9,0.733739719325315,0.183739719325315,10.4166666666667,0,10.4166666666667,0,-2.29613531097927,64,low_it_load,proposed_residual_safesac,2
433.876551737144,194.047079265408,433.876551737144,10557.1398144247,0,0,5197.87723572785,492.356578305971,916.3,916.3,100,916.3,1,2763.74729198019,0.345468411497524,585.835550697672,585.835550697672,0,0,114.848677073535,108.754704147577,100,100,1,1,100,0,100,0,0.555958580289181,0.883617629304048,0.649614703993913,0.0996147039939127,0,0,0,0,-2.021323742348,65,low_it_load,proposed_residual_safesac,2
327.461645174054,169.240843057234,327.461645174054,10841.064580455,0,0,3892.47102372563,359.048781126462,617.4,617.4,100,617.4,1,2734.52992890842,0.341816241113553,654.655494925875,654.655494925875,0,0,129.954900854004,118.747932072942,100,100,1,1,100,0,100,0,0.566052166680279,0.9,0.737056756224674,0.187056756224674,11.4583333333333,0,11.4583333333333,0,-1.76292544851286,66,low_it_load,proposed_residual_safesac,2
254.814485140523,157.156062485288,254.814485140523,10704.227471831,0,0,3365.5353423907,314.411792093111,380,380,100,380,1,2523.7071385949,0.315463392324363,622.527183679791,622.527183679791,0,0,124.995689293852,116.178893902166,100,100,0,0,100,0,100,0,0.563150374797873,0.9,0.796182614581652,0.246182614581652,7.29166666666667,0,7.29166666666667,0,-1.63704231755508,67,low_it_load,proposed_residual_safesac,2
15.2669864061395,119.637426731371,15.2669864061395,8588.25073388853,0,0,2300.58040905687,267.875319473262,476.1,476.1,100,476.1,1,1941.39715087381,0.242674643859226,569.524644978487,569.524644978487,0,0,141.540958884849,131.789199028274,100,100,0,0,100,0,100,0,0.562877404074869,0.9,0.790589953076517,0.240589953076517,16.6666666666667,0,16.6666666666667,0,-1.24622319511845,68,low_it_load,proposed_residual_safesac,2
180.467304720178,127.120864155696,180.467304720178,6703.37195701698,0,0,2567.99575296237,383.090147679219,584.2,584.2,100,584.2,1,2163.46535715788,0.270433169644735,417.729875950881,417.729875950881,0,0,104.792898413866,100.154645075275,100,100,0,0,100,0,100,0,0.559145555479568,0.9,0.723372892154063,0.173372892154063,4.16666666666667,0,4.16666666666667,0,-1.3241756682885,69,low_it_load,proposed_residual_safesac,2
415.533276430687,165.453906028571,415.533276430687,10672.1608726923,0,0,4757.55861534893,445.791501093511,890.2,890.2,100,890.2,1,1590.49887292107,0.198812359115134,625.526609504276,625.526609504276,0,0,63.3598506862895,50.0506326497683,100,100,1,1,100,0,100,0,0.533656111967554,0.726826783900227,0.726826783900227,0.176826783900227,0,8.33333333333333,0,8.33333333333333,-1.72347818779762,70,low_it_load,proposed_residual_safesac,2
469.000933380188,219.600218192421,469.000933380188,11810.4249807886,0,0,5983.37429587892,506.618034965868,424.4,424.4,100,424.4,1,2297.06575719544,0.28713321964943,671.962384531907,671.962384531907,0,0,110.079404815518,99.9953120015562,100,100,0,0,100,0,100,0,0.563279675886653,0.84106826900796,0.767978531459515,0.217978531459515,0,0,0,0,-2.28750227283772,71,low_it_load,proposed_residual_safesac,2
517.711659987701,228.746225093611,517.711659987701,11797.0377523716,0,0,6012.41376403219,509.654532793499,328.1,328.1,100,328.1,1,2749.10298212506,0.343637872765633,653.699459653623,653.699459653623,0,0,119.12043551841,113.001551033513,100,100,1,1,100,0,100,0,0.566559714201953,0.9,0.711888791248675,0.161888791248675,3.125,0,3.125,0,-2.38277317805845,72,low_it_load,proposed_residual_safesac,2
418.012625869697,209.956851498656,418.012625869697,11529.9690296102,0,0,5231.48695819311,453.729489191001,335.9,335.9,100,335.9,1,2785.56173654537,0.348195217068172,676.469865612326,676.469865612326,0,0,142.327435427573,131.251280841057,100,100,1,1,100,0,100,0,0.566647969226864,0.9,0.728495875155794,0.178495875155794,11.4583333333333,3.125,11.4583333333333,3.125,-2.18705053644434,73,low_it_load,proposed_residual_safesac,2
248.909759055188,165.990710567753,248.909759055188,11493.1738602497,0,0,3687.01267177202,320.80021729454,444.3,444.3,100,444.3,1,2614.26030085189,0.326782537606486,676.469865612326,676.469865612326,0,0,127.865558318415,121.076720063013,100,100,0,0,100,0,100,0,0.566366133978701,0.9,0.831534089175367,0.281534089175367,7.29166666666667,1.04166666666667,7.29166666666667,1.04166666666667,-1.72906990174743,74,low_it_load,proposed_residual_safesac,2
116.26008299859,139.389441801292,116.26008299859,8937.25695578861,0,0,2560.31967382286,286.4771245236,558,558,100,558,1,2014.96140948781,0.251870176185976,606.01396561008,606.01396561008,0,0,164.628329800245,146.546642872894,100,100,0,0,100,0,100,0,0.564727489816227,0.9,0.781630542572223,0.231630542572223,17.7083333333333,0,17.7083333333333,0,-1.45197335209679,75,low_it_load,proposed_residual_safesac,2
285.583802590542,154.719456626507,285.583802590542,7007.18377344161,0,0,3365.87293192965,480.34603355015,555.6,555.6,100,555.6,1,2113.51510795179,0.264189388493974,506.150253928531,506.150253928531,0,0,111.277010520569,108.699088077992,100,100,0,0,100,0,100,0,0.564118993183668,0.891747648132555,0.714631979710763,0.164631979710762,0,0,0,0,-1.61166100652612,76,low_it_load,proposed_residual_safesac,2
419.734125033999,172.825663316383,419.734125033999,11673.6246628577,0,0,5145.44305691491,440.775098182342,659.9,659.9,100,659.9,1,1884.50332615813,0.235562915769766,676.469865612326,676.469865612326,0,0,68.3004248208377,53.3878984205811,100,100,1,1,100,0,100,0,0.506913996274301,0.72578037761487,0.72578037761487,0.17578037761487,0,11.4583333333333,0,11.4583333333333,-1.80026732621233,77,low_it_load,proposed_residual_safesac,2
499.876828141795,240.016482757145,499.876828141795,12353.953193336,0,0,6081.89011630037,492.303153583348,601,601,100,601,1,2541.37135690168,0.317671419612711,676.469865612326,676.469865612326,0,0,135.249288132043,118.104276246102,100,100,0,0,100,0,100,0,0.565585157415647,0.9,0.829663284575347,0.279663284575347,14.5833333333333,4.16666666666667,14.5833333333333,4.16666666666667,-2.50017169538692,78,low_it_load,proposed_residual_safesac,2
403.057357148383,207.047973070053,403.057357148383,11739.1858615698,0,0,5147.99788141217,438.531082318496,841.8,841.8,100,841.8,1,2769.60488072108,0.346200610090135,663.604565134748,663.604565134748,0,0,165.382473494843,133.454592533577,100,100,0,0,100,0,100,0,0.563225771159671,0.9,0.710724976338648,0.160724976338648,14.5833333333333,0,14.5833333333333,0,-2.15674971947971,79,low_it_load,proposed_residual_safesac,2
350.62247910876,198.816385039037,350.62247910876,12116.3440980377,0,0,4810.93738925148,397.061799361627,547.9,547.9,100,547.9,1,2606.91567264968,0.32586445908121,676.469865612326,676.469865612326,0,0,146.411727805626,129.501837617957,100,100,0,0,100,0,100,0,0.565461422393565,0.9,0.783576050839436,0.233576050839436,13.5416666666667,5.20833333333333,13.5416666666667,5.20833333333333,-2.07100401082331,80,low_it_load,proposed_residual_safesac,2
309.362442254189,204.912243924577,309.362442254189,11372.6277438059,0,0,5130.85642443922,451.158390129644,623.5,623.5,100,623.5,1,2614.84719134594,0.326855898918242,676.469865612326,676.469865612326,0,0,161.542972819714,142.815311463494,100,100,0,0,100,0,100,0,0.563311497887985,0.9,0.782744319382128,0.232744319382128,12.5,3.125,12.5,3.125,-2.13450254088101,81,low_it_load,proposed_residual_safesac,2
235.196969462142,186.475294898398,235.196969462142,9463.06406344671,0,0,4289.11102440609,453.247594610902,314.4,314.4,100,314.4,1,1832.55821231077,0.229069776538847,610.405509762552,610.405509762552,0,0,145.21675342016,140.031142277519,100,100,0,0,100,0,100,0,0.563645252344156,0.9,0.817815277241455,0.267815277241455,12.5,0,12.5,0,-1.94245098852498,82,low_it_load,proposed_residual_safesac,2
180.446315749488,136.981727921776,180.446315749488,7420.7665545105,0,0,2867.22846536163,386.379014122048,328.3,328.3,100,328.3,1,2002.09479062066,0.250261848827582,503.950325696066,503.950325696066,0,0,108.341650422477,105.21591193974,100,100,0,0,100,0,100,0,0.563911434988829,0.897344996228059,0.755884262018505,0.205884262018505,0,0,0,0,-1.42689299918517,83,low_it_load,proposed_residual_safesac,2
293.306013729741,165.601072241409,293.306013729741,11987.6830957917,0,0,5291.10361965163,441.378336194847,372.8,372.8,100,372.8,1,1461.88330127374,0.182735412659217,676.469865612326,676.469865612326,0,0,71.6794923469781,58.2446894718303,100,100,0,0,100,0,100,0,0.530714403393128,0.74525942948047,0.74525942948047,0.19525942948047,0,2.08333333333333,0,2.08333333333333,-1.72501116918135,84,low_it_load,proposed_residual_safesac,2
352.521290685512,229.69633573609,352.521290685512,12684.7034202918,0,0,6377.7946768219,502.794150206089,265.6,265.6,100,265.6,1,2577.70851712979,0.322213564641224,676.469865612326,676.469865612326,0,0,126.60362789596,113.370405195722,100,100,0,0,100,0,100,0,0.567300897114645,0.9,0.824450316253767,0.274450316253767,14.5833333333333,6.25,14.5833333333333,6.25,-2.3926701639176,85,low_it_load,proposed_residual_safesac,2
416.435752815758,251.847678559853,416.435752815758,12311.8189207406,0,0,7068.9274645794,574.157848656386,541.3,541.3,100,541.3,1,2531.49846165582,0.316437307706978,676.469865612326,676.469865612326,0,0,152.564588568415,128.173187668813,100,100,0,0,100,0,100,0,0.564858272453108,0.9,0.77690735168111,0.22690735168111,13.5416666666667,2.08333333333333,13.5416666666667,2.08333333333333,-2.6234133183318,86,low_it_load,proposed_residual_safesac,2
456.193833496147,252.156045849921,456.193833496147,12108.6038656445,0,0,7018.1408509665,579.599508650118,414.8,414.8,100,414.8,1,2661.68064438718,0.332710080548398,676.469865612326,676.469865612326,0,0,145.92659471987,132.026969111511,100,100,0,0,100,0,100,0,0.566325596733379,0.9,0.757326746196119,0.207326746196119,13.5416666666667,3.125,13.5416666666667,3.125,-2.62662547760334,87,low_it_load,proposed_residual_safesac,2
383.792677529684,235.179028178816,383.792677529684,11233.3328213254,0,0,6350.82593013,565.355449815711,717.4,717.4,100,717.4,1,2641.93980625327,0.330242475781658,676.469865612326,676.469865612326,0,0,162.624312685709,146.582673093103,100,100,0,0,100,0,100,0,0.56502600650701,0.9,0.753347888377864,0.203347888377864,10.4166666666667,1.04166666666667,10.4166666666667,1.04166666666667,-2.44978154352933,88,low_it_load,proposed_residual_safesac,2
248.112567373849,184.1224545698,248.112567373849,8641.14432141101,0,0,4063.84873791453,470.290575733718,1087.2,1087.2,100,1087.2,1,2103.20796006118,0.262900995007647,603.199573274886,603.199573274886,0,0,185.99380347241,162.721955161582,100,100,0,0,100,0,100,0,0.561835019477747,0.9,0.749700252322074,0.199700252322074,16.6666666666667,0,16.6666666666667,0,-1.91794223510209,89,low_it_load,proposed_residual_safesac,2
163.781887140736,124.041614559518,163.781887140736,6503.46272117697,0,0,2283.95668093095,351.190862291528,1053.8,1053.8,100,1053.8,1,2244.43908947603,0.280554886184504,471.72747840503,471.72747840503,0,0,135.571788827836,118.925104531676,100,100,0,0,100,0,100,0,0.560379360155578,0.9,0.701376260205495,0.151376260205495,14.5833333333333,0,14.5833333333333,0,-1.29210015166164,90,low_it_load,proposed_residual_safesac,2
429.308196340242,184.762336839217,429.308196340242,12145.2665474467,0,0,5656.47686806383,465.735094900242,0,0,,0,,1275.18584753416,0.15939823094177,676.469865612326,676.469865612326,0,0,72.857245890329,56.3229406542613,100,100,0,0,100,0,100,0,0.548413582483339,0.736670866337612,0.736670866337612,0.186670866337612,0,3.125,0,3.125,-1.92460767540851,91,low_it_load,proposed_residual_safesac,2
382.897196061083,160.723850564453,382.897196061083,8833.74709453277,0,0,4306.71958940804,487.530324710505,1584.7,1584.7,100,1584.7,1,2700.47792279444,0.337559740349305,533.371376608416,533.371376608416,0,0,79.1322090572028,67.8336643613875,100,100,0,0,100,0,100,0,0.35271798464857,0.729617152434739,0.729617152434739,0.179617152434739,0,0,0,0,-1.67420677671305,0,low_it_load,proposed_residual_safesac,3
386.558976851487,196.212665647315,386.558976851487,9687.99246765281,0,0,4395.33879294182,453.689328064343,1639,1639,100,1639,1,2292.28639410548,0.286535799263185,577.360617714744,577.360617714744,0,0,136.745049054246,98.0172395918279,100,100,0,0,100,0,100,0,0.563051377209098,0.9,0.9,0.35,18.75,0,18.75,0,-2.0438819338262,1,low_it_load,proposed_residual_safesac,3
373.307782841968,195.372015816473,373.307782841968,9188.77698007815,0,0,4763.32476090501,518.385065959507,1694.9,1694.9,100,1694.9,1,2618.52542843466,0.327315678554333,569.339596300135,569.339596300135,0,0,142.874052138923,105.63789084598,100,100,0,0,100,0,100,0,0.56379070477865,0.9,0.81081982211301,0.26081982211301,16.6666666666667,0,16.6666666666667,0,-2.03512516475493,2,low_it_load,proposed_residual_safesac,3
435.236974178282,203.603146012676,435.236974178282,10125.7272555654,0,0,5089.35001773023,502.615751864439,939.8,939.8,100,939.8,1,2224.0846584667,0.278010582308337,525.862516931591,525.862516931591,0,0,84.6253633814627,68.6909180485705,100,100,0,0,100,0,100,0,0.559123027819497,0.9,0.9,0.35,8.33333333333333,0,8.33333333333333,0,-2.1208661042987,3,low_it_load,proposed_residual_safesac,3
340.502287185114,188.947201612145,340.502287185114,9186.86759100249,0,0,4498.26991865754,489.641313984224,1247.3,1247.3,100,1247.3,1,2161.6767369818,0.270209592122724,517.363951035525,517.363951035525,0,0,131.353799425282,98.0765693070039,100,100,0,0,100,0,100,0,0.559897174364051,0.9,0.863402610910221,0.313402610910221,17.7083333333333,0,17.7083333333333,0,-1.96820001679318,4,low_it_load,proposed_residual_safesac,3
218.542032973978,150.442042566711,218.542032973978,6894.82947653074,0,0,3245.30563291315,470.686859473439,1325.1,1325.1,100,1325.1,1,2006.63634297272,0.25082954287159,391.222835292784,391.222835292784,0,0,131.422406435936,118.676513856021,100,100,0,0,100,0,100,0,0.555776206096922,0.9,0.759749438829893,0.209749438829893,16.6666666666667,0,16.6666666666667,0,-1.5671046100699,5,low_it_load,proposed_residual_safesac,3
193.376259198458,119.594041449584,193.376259198458,4329.51399138345,16.0942909316924,16.0942909316924,2354.86195369647,543.909075795363,1989.8,1973.70570906831,99.1911603713091,1973.70570906831,0.991911603713091,2635.69615715075,0.329462019643843,259.558015297676,259.558015297676,0,0,123.740934472832,115.081410678904,100,100,0,0,100,0,100,0,0.535366787319244,0.9,0.633805023723121,0.0838050237231205,13.5416666666667,0,13.5416666666667,0,-1.24577126509984,6,low_it_load,proposed_residual_safesac,3
325.501185246019,151.475911556786,325.501185246019,9345.21858706725,0,0,4154.40717915399,444.548957356999,779.3,779.3,100,779.3,1,2458.66436358876,0.307333045448595,577.705115657692,577.705115657692,0,0,91.3258039428365,81.5865710377693,100,100,0,0,100,0,100,0,0.350543525512396,0.726306954927861,0.726306954927861,0.176306954927861,0,0,0,0,-1.57787407871652,7,low_it_load,proposed_residual_safesac,3
342.635093206934,192.673209903799,342.635093206934,9953.71493677517,0,0,4286.62819383117,430.656113929254,1103.7,1103.7,100,1103.7,1,2234.63076679759,0.279328845849698,596.450724760368,596.450724760368,0,0,136.228969349062,99.0549147049298,100,100,0,0,100,0,100,0,0.566066865842423,0.9,0.9,0.35,23.9583333333333,0,23.9583333333333,0,-2.00701260316458,8,low_it_load,proposed_residual_safesac,3
287.036222311221,170.563688182123,287.036222311221,9441.14970774807,0,0,3639.9685245741,385.542930389811,1621.7,1621.7,100,1621.7,1,2579.03071189277,0.322378838986596,586.469538122039,586.469538122039,0,0,151.747639240111,111.489808979255,100,100,0,0,100,0,100,0,0.564159672220557,0.9,0.866083946381898,0.316083946381898,17.7083333333333,0,17.7083333333333,0,-1.77670508523045,9,low_it_load,proposed_residual_safesac,3
213.252679677683,142.01336532891,213.252679677683,8967.14903978961,0,0,2888.87114896585,322.161607457083,1678,1678,100,1678,1,2119.70320670451,0.264962900838064,500.047860773057,500.047860773057,0,0,135.770688806849,89.9570000466621,100,100,0,0,100,0,100,0,0.560116935606347,0.9,0.839930456931031,0.289930456931031,18.75,0,18.75,0,-1.47930588884282,10,low_it_load,proposed_residual_safesac,3
181.221023250884,144.371768072685,181.221023250884,7675.94506920087,132.578980691321,132.578980691321,2960.68328984156,385.70928571663,2333.3,2200.72101930868,94.3179625126935,2200.72101930868,0.943179625126935,2163.10418422153,0.270388023027692,456.43666018732,456.43666018732,0,0,181.876531198268,112.542131349428,100,100,0,0,100,0,100,0,0.55844429904814,0.9,0.799387799311643,0.249387799311643,21.875,0,21.875,0,-1.50387258409047,11,low_it_load,proposed_residual_safesac,3
121.795623779629,116.60056485059,121.795623779629,5569.22368676022,58.58733067943,58.58733067943,2234.04450024407,401.141097197279,2325.2,2266.61266932057,97.4803315551596,2266.61266932057,0.974803315551596,2441.07809643767,0.305134762054708,320.844771664261,320.844771664261,0,0,152.979294187021,125.040291252305,100,100,0,0,100,0,100,0,0.532270035087067,0.9,0.683475369182455,0.133475369182455,16.6666666666667,0,16.6666666666667,0,-1.21458921719365,12,low_it_load,proposed_residual_safesac,3
139.343589534276,103.856413101318,139.343589534276,3746.8089628599,90.3483612641402,90.3483612641402,1797.7749498433,479.814948577222,2654.2,2563.85163873586,96.5960228594627,2563.85163873586,0.965960228594627,3064.8744854471,0.383109310680887,226.631434445688,226.631434445688,0,0,130.726619263183,116.092695667108,100,100,0,0,100,0,100,0,0.480406143478277,0.9,0.627971880043093,0.0779718800430932,12.5,0,12.5,0,-1.08183763647206,13,low_it_load,proposed_residual_safesac,3
356.132643570985,151.218381887567,356.132643570985,7815.68178047716,0,0,4296.65693659338,549.748193091231,2018.2,2018.2,100,2018.2,1,2809.09132480916,0.351136415601145,490.287112818257,490.287112818257,0,0,71.4716349169673,61.1985639146083,100,100,1,1,100,0,100,0,0.348211443917679,0.672685545649149,0.66928086746032,0.11928086746032,0,8.33333333333333,0,8.33333333333333,-1.57519147799549,14,low_it_load,proposed_residual_safesac,3
355.463427970542,186.833508365255,355.463427970542,9244.84312069578,0,0,4384.20103095876,474.232063618707,1613.7,1613.7,100,1613.7,1,2345.53373615314,0.293191717019143,547.83199223807,547.83199223807,0,0,116.096435827464,85.8035503809292,100,100,0,0,100,0,100,0,0.562791353075899,0.9,0.9,0.35,15.625,0,15.625,0,-1.94618237880474,15,low_it_load,proposed_residual_safesac,3
394.806234743038,193.974696687314,394.806234743038,9092.09111307249,0,0,4712.6145832355,518.320210898432,1563.5,1563.5,100,1563.5,1,2537.38526705717,0.317173158382146,540.143073588679,540.143073588679,0,0,123.294401284687,93.363534908176,100,100,1,1,100,0,100,0,0.561848990660581,0.9,0.84146140980248,0.29146140980248,12.5,8.33333333333333,12.5,8.33333333333333,-2.02056975715952,16,low_it_load,proposed_residual_safesac,3
310.907203878924,170.523117555173,310.907203878924,8938.34457044841,0,0,3883.72188173744,434.501249210915,1555.2,1555.2,100,1555.2,1,2205.11252559365,0.275639065699206,483.93575021511,483.93575021511,0,0,114.334746535724,82.6707447237525,100,100,0,0,100,0,100,0,0.559158903523936,0.9,0.884066552575941,0.334066552575941,15.625,0,15.625,0,-1.77628247453305,17,low_it_load,proposed_residual_safesac,3
303.809378571825,167.705488002507,303.809378571825,9125.67456096676,0,0,4030.31012149436,441.64517313966,908,908,100,908,1,2008.63380359417,0.251079225449271,451.396921346247,451.396921346247,0,0,74.8557699127567,63.8935670010714,100,100,0,0,100,0,100,0,0.557273511601156,0.9,0.9,0.35,13.5416666666667,0,13.5416666666667,0,-1.74693216669278,18,low_it_load,proposed_residual_safesac,3
216.716653261017,152.584465467825,216.716653261017,6260.01924914467,0,0,3455.96929223601,552.070074338544,1416.7,1416.7,100,1416.7,1,2172.75369952278,0.271594212440347,378.271536574173,378.271536574173,0,0,138.016738093977,123.285290290708,100,100,0,0,100,0,100,0,0.554466668223574,0.9,0.716034345000931,0.166034345000931,15.625,0,15.625,0,-1.58942151528985,19,low_it_load,proposed_residual_safesac,3
221.178915063293,117.210722265175,221.178915063293,4931.82667304756,0,0,2782.58050842333,564.208901263733,1177.4,1177.4,100,1177.4,1,2095.36110263302,0.261920137829128,252.852870274539,252.852870274539,0,0,95.5280194221467,93.1462792679667,100,100,0,0,100,0,100,0,0.509087706467371,0.804042378976444,0.621015289159989,0.0710152891599894,0,0,0,0,-1.22094502359558,20,low_it_load,proposed_residual_safesac,3
388.953598733953,163.207093800847,388.953598733953,8278.62593478519,0,0,4738.44091212196,572.370457301608,1432.6,1432.6,100,1432.6,1,2348.00262382858,0.293500327978572,493.747308145274,493.747308145274,0,0,70.9748715228632,63.3292584537898,100,100,1,1,100,0,100,0,0.394886691888767,0.695579403080424,0.695579403080424,0.145579403080424,0,8.33333333333333,0,8.33333333333333,-1.70007389375883,21,low_it_load,proposed_residual_safesac,3
399.437834297136,208.809760952804,399.437834297136,9338.55536053547,0,0,5283.57051347763,565.780285011307,1354.2,1354.2,100,1354.2,1,2369.0572265649,0.296132153320612,535.891482413899,535.891482413899,0,0,115.767377236944,83.4409696424974,100,100,0,0,100,0,100,0,0.561870527941859,0.9,0.9,0.35,12.5,0,12.5,0,-2.17510167659171,22,low_it_load,proposed_residual_safesac,3
349.116765379537,191.528920124924,349.116765379537,9424.9762486156,0,0,4863.81546883072,516.055992135275,1279.8,1279.8,100,1279.8,1,2439.2839249748,0.304910490621849,539.787385942446,539.787385942446,0,0,95.7523761662781,84.1925917018527,100,100,0,0,100,0,100,0,0.561985836444455,0.9,0.885423492076036,0.335423492076036,6.25,0,6.25,0,-1.99509291796795,23,low_it_load,proposed_residual_safesac,3
305.258898872312,164.195075832675,305.258898872312,8640.14326364307,0,0,3695.49893603396,427.712692170774,1652.4,1652.4,100,1652.4,1,2235.29394907891,0.279411743634863,491.747192162559,491.747192162559,0,0,133.169241849992,89.6517413594371,100,100,0,0,100,0,100,0,0.560532124984869,0.9,0.813299752703793,0.263299752703792,15.625,0,15.625,0,-1.71036537325703,24,low_it_load,proposed_residual_safesac,3
160.418509697232,130.58752966108,160.418509697232,7914.03905015827,42.9435700101261,42.9435700101261,2497.65385816222,315.597868841988,2015.9,1972.95642998987,97.8697569318852,1972.95642998987,0.978697569318852,2088.8378655221,0.261104733190263,450.40112791142,450.40112791142,0,0,160.487202044043,100.71647589045,100,100,0,0,100,0,100,0,0.556277196694102,0.9,0.834667433008358,0.284667433008358,19.7916666666667,0,19.7916666666667,0,-1.36028676730291,25,low_it_load,proposed_residual_safesac,3
168.688856443363,117.192813515473,168.688856443363,6657.80282372743,0,0,2325.68316775459,349.316918708706,1225.4,1225.4,100,1225.4,1,2067.14430668697,0.258393038335871,337.196768312546,337.196768312546,0,0,97.8528410689593,93.3208795090148,100,100,0,0,100,0,100,0,0.549356011504753,0.9,0.750412641164444,0.200412641164444,9.375,0,9.375,0,-1.22075847411951,26,low_it_load,proposed_residual_safesac,3
203.846678315146,116.680409762276,203.846678315146,4780.60592330649,0,0,2489.85176599099,520.823470065252,1398.4,1398.4,100,1398.4,1,2361.14392889338,0.295142991111672,261.158998779173,261.158998779173,0,0,98.874936092107,97.0373744145036,100,100,0,0,100,0,100,0,0.533516287359155,0.871996200646995,0.651433197701368,0.101433197701368,0,0,0,0,-1.21542093502371,27,low_it_load,proposed_residual_safesac,3
413.98575202319,165.142011200377,413.98575202319,8342.37881986289,0,0,4886.13022660349,585.699874353559,1187.9,1187.9,100,1187.9,1,2268.32760899477,0.283540951124346,506.77659022749,506.77659022749,0,0,70.8138405406324,61.3810296041536,100,100,1,1,100,0,100,0,0.368312501927548,0.656632235504441,0.656632235504441,0.106632235504441,0,8.33333333333333,0,8.33333333333333,-1.72022928333726,28,low_it_load,proposed_residual_safesac,3
427.315121015212,210.990677893844,427.315121015212,8984.54191916634,0,0,5260.48449271114,585.503917733321,1584,1584,100,1584,1,2455.6423959286,0.306955299491075,534.978155428162,534.978155428162,0,0,138.693152432669,94.8933093981929,100,100,0,0,100,0,100,0,0.562860713683263,0.9,0.85086897302709,0.30086897302709,15.625,0,15.625,0,-2.19781956139421,29,low_it_load,proposed_residual_safesac,3
358.957700633789,186.989042819299,358.957700633789,8413.2906537007,33.2446922990529,33.2446922990529,4580.15702551698,544.39543503734,2027.9,1994.65530770095,98.3606345333077,1994.65530770095,0.983606345333077,2692.47726620735,0.336559658275919,519.008216320356,519.008216320356,0,0,148.594794374657,107.841495783248,100,100,0,0,100,0,100,0,0.561595464777578,0.9,0.790307420957914,0.240307420957913,12.5,0,12.5,0,-1.94780252936769,30,low_it_load,proposed_residual_safesac,3
311.218331628534,173.112397571099,311.218331628534,9726.53314030522,0,0,4471.42571772909,459.714232525483,757.2,757.2,100,757.2,1,1927.46146707015,0.240932683383769,497.61098741725,497.61098741725,0,0,69.9381165763878,55.8743289071474,100,100,0,0,100,0,100,0,0.558576608266837,0.9,0.9,0.35,2.08333333333333,0,2.08333333333333,0,-1.80325414136561,31,low_it_load,proposed_residual_safesac,3
250.261955658827,158.428488905398,250.261955658827,9226.13497815457,0,0,3518.54836138785,381.367535779499,819,819,100,819,1,1887.30234892939,0.235912793616173,488.159168935271,488.159168935271,0,0,102.677441026153,77.6041875482553,100,100,0,0,100,0,100,0,0.559083002798843,0.9,0.9,0.35,17.7083333333333,0,17.7083333333333,0,-1.65029675943123,32,low_it_load,proposed_residual_safesac,3
189.509102755207,149.967811664373,189.509102755207,7206.77480520382,0,0,3532.72488635339,490.194987611172,700.5,700.5,100,700.5,1,1886.38597377784,0.235798246722231,391.09285470099,391.09285470099,0,0,104.628347129343,101.065804401591,100,100,0,0,100,0,100,0,0.556668213897025,0.9,0.792037034841997,0.242037034841997,10.4166666666667,0,10.4166666666667,0,-1.56216470483722,33,low_it_load,proposed_residual_safesac,3
204.675861092838,118.494644954701,204.675861092838,5268.2397140871,0,0,2821.81472831074,535.627625441055,940.7,940.7,100,940.7,1,1842.95721769663,0.230369652212079,266.847488236475,266.847488236475,0,0,96.1019478198262,94.0511647611856,100,100,0,0,100,0,100,0,0.548721189538649,0.815949796604096,0.645853061136479,0.0958530611364791,0,0,0,0,-1.23431921827814,34,low_it_load,proposed_residual_safesac,3
418.746449328471,179.17008038747,418.746449328471,9234.43286894085,0,0,5274.54911109637,571.182787936747,715.9,715.9,100,715.9,1,2004.59046483218,0.250573808104023,528.829571222563,528.829571222563,0,0,76.3672102842837,66.5146822109818,100,100,0,0,100,0,100,0,0.403259098293966,0.74072719624483,0.74072719624483,0.19072719624483,0,0,0,0,-1.86635500403614,35,low_it_load,proposed_residual_safesac,3
517.549751738293,238.21562044528,517.549751738293,9978.65203885699,0,0,6036.37435987101,604.928835715015,628.5,628.5,100,628.5,1,1999.72482533642,0.249965603167053,565.963772300852,565.963772300852,0,0,101.422274599432,75.7471409890818,100,100,0,0,100,0,100,0,0.56399928266089,0.9,0.9,0.35,18.75,0,18.75,0,-2.48141271297166,36,low_it_load,proposed_residual_safesac,3
400.195932266094,204.87778748911,400.195932266094,9526.26577093855,0,0,5105.94374964743,535.985859771407,1100.7,1100.7,100,1100.7,1,2479.69628906716,0.309962036133395,551.951691068722,551.951691068722,0,0,113.67188800954,91.9399535178188,100,100,0,0,100,0,100,0,0.561879979511686,0.9,0.872340811483393,0.322340811483393,11.4583333333333,0,11.4583333333333,0,-2.13414361967822,37,low_it_load,proposed_residual_safesac,3
472.871000957118,220.878807802671,472.871000957118,9935.01345519767,0,0,5884.82580414527,592.331941036931,656.3,656.3,100,656.3,1,2153.07284738902,0.269134105923628,508.649872747321,508.649872747321,0,0,78.3336676088588,61.2572005949914,100,100,1,1,100,0,100,0,0.560045680036198,0.897824340793628,0.897824340793628,0.347824340793628,0,8.33333333333333,0,8.33333333333333,-2.30082091461116,38,low_it_load,proposed_residual_safesac,3
390.611092188584,207.175384964303,390.611092188584,9400.01455471791,0,0,5380.20090118716,572.360911769739,615.2,615.2,100,615.2,1,2007.68440931138,0.250960551163922,496.641878856213,496.641878856213,0,0,88.8559743158703,78.8146398317896,100,100,0,0,100,0,100,0,0.561384121448782,0.9,0.898500844404551,0.348500844404551,9.375,0,9.375,0,-2.15807692671149,39,low_it_load,proposed_residual_safesac,3
270.372732756592,166.630284626364,270.372732756592,6680.1803149539,0,0,3788.42176163612,567.113697987396,1260.8,1260.8,100,1260.8,1,2035.32827194512,0.25441603399314,386.701035514565,386.701035514565,0,0,131.826466186613,121.138713944442,100,100,0,0,100,0,100,0,0.556043817679255,0.9,0.752198931205577,0.202198931205577,14.5833333333333,0,14.5833333333333,0,-1.73573213152463,40,low_it_load,proposed_residual_safesac,3
222.808674965369,111.659278801594,222.808674965369,5390.78490378667,0,0,2664.38040137154,494.247210549987,773.1,773.1,100,773.1,1,1505.71929202068,0.188214911502585,268.97019635269,268.97019635269,0,0,88.7296507754366,86.1441818997264,100,100,0,0,100,0,100,0,0.530943345211969,0.766600941402885,0.653192108156886,0.103192108156886,0,0,0,0,-1.16311748751661,41,low_it_load,proposed_residual_safesac,3
407.851745571441,164.641413983706,407.851745571441,9303.80679151521,0,0,4404.87900566617,473.449105766393,725.6,725.6,100,725.6,1,1939.76299761502,0.242470374701878,547.739350014711,547.739350014711,0,0,86.0162814797793,74.6166820637882,100,100,0,0,100,0,100,0,0.437225373894305,0.761881277112555,0.761881277112555,0.211881277112555,0,0,0,0,-1.71501472899694,42,low_it_load,proposed_residual_safesac,3
471.004913063445,221.277859698259,471.004913063445,10005.0614588963,0,0,5239.72589995479,523.707517588083,601.9,601.9,100,601.9,1,1956.19527098597,0.244524408873246,576.486502242224,576.486502242224,0,0,113.287394586833,84.3673032778166,100,100,0,0,100,0,100,0,0.565008531126079,0.9,0.9,0.35,21.875,0,21.875,0,-2.3049777051902,43,low_it_load,proposed_residual_safesac,3
414.158083570437,200.538834588641,414.158083570437,9385.40637098805,0,0,4716.40209220513,502.525080510563,1402.6,1402.6,100,1402.6,1,2539.48452348007,0.317435565435009,563.574789773799,563.574789773799,0,0,133.01294895051,100.779759845791,100,100,0,0,100,0,100,0,0.563767785826532,0.9,0.868340551412466,0.318340551412466,12.5,0,12.5,0,-2.08894619363168,44,low_it_load,proposed_residual_safesac,3
393.251766300668,195.435939536338,393.251766300668,10149.9965840304,0,0,4968.19500307426,489.477504937394,497.2,497.2,100,497.2,1,1906.10296542549,0.238262870678186,513.462711452513,513.462711452513,0,0,73.7560516426006,58.7975277671132,100,100,0,0,100,0,100,0,0.55956014142513,0.9,0.9,0.35,4.16666666666667,0,4.16666666666667,0,-2.03579103683685,45,low_it_load,proposed_residual_safesac,3
364.424074168386,196.236927325876,364.424074168386,9624.99172577381,0,0,4885.55457357516,507.590521921449,649.1,649.1,100,649.1,1,2015.17999308332,0.251897499135415,514.429071273548,514.429071273548,0,0,96.1651191202229,81.2743556674364,100,100,0,0,100,0,100,0,0.560175715080418,0.9,0.9,0.35,13.5416666666667,0,13.5416666666667,0,-2.04413465964454,46,low_it_load,proposed_residual_safesac,3
289.97169072059,170.222272794426,289.97169072059,7898.8292230133,0,0,4053.70881950934,513.203755272848,405.4,405.4,100,405.4,1,1830.31664753655,0.228789580942068,410.604592626628,410.604592626628,0,0,99.5074219890299,96.9025746700286,100,100,0,0,100,0,100,0,0.556478299271977,0.9,0.806892488145781,0.256892488145781,6.25,0,6.25,0,-1.77314867494194,47,low_it_load,proposed_residual_safesac,3
255.397489315297,133.286809301231,255.397489315297,6108.87886772391,0,0,3042.01817202591,497.966687160605,584.7,584.7,100,584.7,1,1529.3460907032,0.191168261337901,327.414794546171,327.414794546171,0,0,90.6051841242389,88.1224742159247,100,100,0,0,100,0,100,0,0.556353561521949,0.826278075787506,0.731678417552806,0.181678417552806,0,0,0,0,-1.38840426355449,48,low_it_load,proposed_residual_safesac,3
472.985208582571,177.683290042587,472.985208582571,9474.61397697122,0,0,5111.86056916647,539.532331511472,733.5,733.5,100,733.5,1,2019.3714142669,0.252421426783362,555.003514453177,555.003514453177,0,0,73.1743126758454,60.5591790352412,100,100,1,1,100,0,100,0,0.459190830062602,0.704732516088578,0.704732516088578,0.154732516088578,0,8.33333333333333,0,8.33333333333333,-1.85086760461028,49,low_it_load,proposed_residual_safesac,3
567.238927675484,260.198478490125,567.238927675484,10692.7868290559,0,0,6756.66628835316,631.890113996572,433.8,433.8,100,433.8,1,1965.30388996865,0.245662986246081,583.013601959238,583.013601959238,0,0,109.812657977512,80.6927710659025,100,100,0,0,100,0,100,0,0.564075389951474,0.9,0.9,0.35,23.9583333333333,0,23.9583333333333,0,-2.71040081760547,50,low_it_load,proposed_residual_safesac,3
546.260782970403,248.116122491573,546.260782970403,11014.3149249435,0,0,6590.20231431736,598.330659621228,384.1,384.1,100,384.1,1,2429.16624355565,0.303645780444457,593.825877013744,593.825877013744,0,0,88.8860574731723,77.6483342943657,100,100,0,0,100,0,100,0,0.563627039234676,0.9,0.9,0.35,7.29166666666667,0,7.29166666666667,0,-2.58454294262055,51,low_it_load,proposed_residual_safesac,3
452.496818889751,226.763349022478,452.496818889751,10487.5990862042,0,0,5671.31771108581,540.764160077982,593.2,593.2,100,593.2,1,2192.96778113946,0.274120972642433,580.556547099546,580.556547099546,0,0,118.018274660307,89.5576204826205,100,100,0,0,100,0,100,0,0.564351181019248,0.9,0.9,0.35,17.7083333333333,0,17.7083333333333,0,-2.36211821898415,52,low_it_load,proposed_residual_safesac,3
292.821369886198,173.724751112753,292.821369886198,9766.52675277563,0,0,3805.81639257019,389.679615784453,950.6,950.6,100,950.6,1,1940.8670617506,0.242608382718825,538.703757750681,538.703757750681,0,0,130.119874779162,92.7142855291008,100,100,0,0,100,0,100,0,0.559860245485874,0.9,0.9,0.35,20.8333333333333,0,20.8333333333333,0,-1.80963282409117,53,low_it_load,proposed_residual_safesac,3
254.243694020267,165.556453662431,254.243694020267,7639.08200844845,0,0,3829.2462375868,501.270471157639,767.5,767.5,100,767.5,1,1926.91346176553,0.240864182720691,431.240531230721,431.240531230721,0,0,120.138873940055,112.102747414769,100,100,0,0,100,0,100,0,0.555807611659998,0.9,0.780729144410733,0.230729144410733,12.5,0,12.5,0,-1.72454639231699,54,low_it_load,proposed_residual_safesac,3
326.285796734128,149.228143571974,326.285796734128,6307.8606285225,0,0,3937.25880004719,624.182909534167,278.4,278.4,100,278.4,1,1287.74383452918,0.160967979316147,334.586570260168,334.586570260168,0,0,94.0164319823874,90.2286678552628,100,100,0,0,100,0,100,0,0.552157100957829,0.754438619060526,0.653256693819524,0.103256693819524,0,0,0,0,-1.55445982887473,55,low_it_load,proposed_residual_safesac,3
501.397074185796,203.435793198395,501.397074185796,10488.9492312036,0,0,5866.34873610517,559.288505149147,447.2,447.2,100,447.2,1,2105.92166648182,0.263240208310228,607.183351281171,607.183351281171,0,0,77.5610745397122,66.5710942580287,100,100,1,1,100,0,100,0,0.452953598638317,0.783978185528437,0.783978185528437,0.233978185528437,0,8.33333333333333,0,8.33333333333333,-2.11912284581662,56,low_it_load,proposed_residual_safesac,3
440.42425186753,223.331566416418,440.42425186753,11355.3038844841,0,0,5283.8137960983,465.316811408114,329.9,329.9,100,329.9,1,1877.86355829885,0.234732944787357,640.619102435496,640.619102435496,0,0,120.931013291351,91.1747409813469,100,100,0,0,100,0,100,0,0.566221848963294,0.9,0.9,0.35,28.125,0,28.125,0,-2.32637048350435,57,low_it_load,proposed_residual_safesac,3
336.181931082488,185.889389286209,336.181931082488,11321.3926966465,0,0,4042.76269332553,357.090580783674,496.1,496.1,100,496.1,1,2317.64097706598,0.289705122133248,665.372333465216,665.372333465216,0,0,126.867669875953,97.1940823297335,100,100,1,1,100,0,100,0,0.566907712418682,0.9,0.9,0.35,19.7916666666667,8.33333333333333,19.7916666666667,8.33333333333333,-1.93634780506468,58,low_it_load,proposed_residual_safesac,3
454.85675478524,210.236510936113,454.85675478524,11230.9875131201,0,0,4875.48829800455,434.110383642488,614.3,614.3,100,614.3,1,2202.20080215454,0.275275100269318,606.327431215666,606.327431215666,0,0,118.421789336239,84.2367776769046,100,100,1,1,100,0,100,0,0.564002556230812,0.9,0.9,0.35,18.75,8.33333333333333,18.75,8.33333333333333,-2.18996365558451,59,low_it_load,proposed_residual_safesac,3
432.074192204582,227.930092240179,432.074192204582,10230.7251590915,0,0,5678.74553812875,555.067744448431,935.5,935.5,100,935.5,1,2058.60931148838,0.257326163936048,580.746511279007,580.746511279007,0,0,136.735199325081,105.797795909805,100,100,0,0,100,0,100,0,0.563404144290053,0.9,0.9,0.35,18.75,0,18.75,0,-2.37427179416853,60,low_it_load,proposed_residual_safesac,3
366.963092340132,203.17614550991,366.963092340132,8661.36694167539,0,0,5061.3896234479,584.36383743244,426.3,426.3,100,426.3,1,1714.76305060126,0.214345381325158,440.867666799533,440.867666799533,0,0,106.412679520879,104.64765798595,100,100,0,0,100,0,100,0,0.556792346329052,0.9,0.847927433584471,0.297927433584471,10.4166666666667,0,10.4166666666667,0,-2.1164181823949,61,low_it_load,proposed_residual_safesac,3
303.128980264534,151.754989558004,303.128980264534,6569.20471459002,0,0,3420.55222837729,520.695027326572,616.6,616.6,100,616.6,1,1842.82515128721,0.230353143910902,356.575576243938,356.575576243938,0,0,97.9092822235096,95.8671094849706,100,100,0,0,100,0,100,0,0.555115993268786,0.866862342469954,0.733002363566066,0.183002363566066,0,0,0,0,-1.58078114122921,62,low_it_load,proposed_residual_safesac,3
542.530429600185,205.970713740213,542.530429600185,10645.0026318283,0,0,5743.58598475182,539.557028156916,679,679,100,679,1,2273.13063814244,0.284141329767805,628.045638020774,628.045638020774,0,0,80.0751209433945,68.4448472771229,100,100,1,1,100,0,100,0,0.442337586439616,0.783124775682456,0.783124775682456,0.233124775682456,0,8.33333333333333,0,8.33333333333333,-2.14552826812722,63,low_it_load,proposed_residual_safesac,3
527.163386559942,251.446497511188,527.163386559942,10937.8210350325,0,0,5954.28214836386,544.375532319738,1164.1,1164.1,100,1164.1,1,2125.14835436538,0.265643544295673,651.867621174509,651.867621174509,0,0,175.075192148401,114.341108509176,100,100,0,0,100,0,100,0,0.567046066590728,0.9,0.9,0.35,23.9583333333333,0,23.9583333333333,0,-2.61923434907488,64,low_it_load,proposed_residual_safesac,3
466.153602031909,223.795477469601,466.153602031909,11512.284068588,0,0,5624.16160910073,488.535687235741,916.3,916.3,100,916.3,1,2741.8932563271,0.342736657040888,656.059260638582,656.059260638582,0,0,125.016550485934,94.1473856859953,100,100,1,1,100,0,100,0,0.563553933388765,0.9,0.888995323996809,0.338995323996809,12.5,8.33333333333333,12.5,8.33333333333333,-2.33120289030835,65,low_it_load,proposed_residual_safesac,3
346.139594067209,187.91701493787,346.139594067209,11467.7905589379,0,0,4119.96875957951,359.264388236359,617.4,617.4,100,617.4,1,2262.50450707413,0.282813063384267,628.285196063418,628.285196063418,0,0,135.401614601267,92.7664201179334,100,100,1,1,100,0,100,0,0.56448643018532,0.9,0.9,0.35,21.875,8.33333333333333,21.875,8.33333333333333,-1.95746890560281,66,low_it_load,proposed_residual_safesac,3
273.781589377574,169.75982918828,273.781589377574,11080.8036166041,0,0,3521.88338268333,317.836458847257,380,380,100,380,1,1779.3377668138,0.222417220851725,585.899554280492,585.899554280492,0,0,132.031475631113,98.2503765498598,100,100,0,0,100,0,100,0,0.56097560930229,0.9,0.9,0.35,32.2916666666667,0,32.2916666666667,0,-1.76833155404459,67,low_it_load,proposed_residual_safesac,3
17.7056414800207,124.29317492529,17.7056414800207,8961.90455571003,0,0,2407.51854241004,268.639163410427,476.1,476.1,100,476.1,1,1604.7787556117,0.200597344451463,519.949643977129,519.949643977129,0,0,130.074961975158,115.566367972939,100,100,0,0,100,0,100,0,0.559933888390413,0.9,0.888444780649341,0.338444780649341,26.0416666666667,0,26.0416666666667,0,-1.29472057213843,68,low_it_load,proposed_residual_safesac,3
190.899393507632,130.203518037982,190.899393507632,7031.61622334516,0,0,2700.20716161805,384.009461815235,584.2,584.2,100,584.2,1,1706.44077459736,0.213305096824671,424.829647450515,424.829647450515,0,0,89.3417466699026,86.478086002171,100,100,0,0,100,0,100,0,0.559567104412359,0.885998301001253,0.811405078139458,0.261405078139458,0,0,0,0,-1.35628664622898,69,low_it_load,proposed_residual_safesac,3
429.856110429091,179.561897220617,429.856110429091,10996.3596014921,0,0,4885.01035825123,444.238869524454,890.2,890.2,100,890.2,1,2410.88689215309,0.301360861519136,669.722878420406,669.722878420406,0,0,82.7037209753887,71.5314160973915,100,100,1,1,100,0,100,0,0.4623136590573,0.797458395698456,0.797458395698456,0.247458395698456,0,8.33333333333333,0,8.33333333333333,-1.87043642938143,70,low_it_load,proposed_residual_safesac,3
468.347439110078,244.858717242877,468.347439110078,12328.2993204126,0,0,6150.32362791918,498.878512605202,424.4,424.4,100,424.4,1,2111.35058003676,0.263918822504596,676.469865612326,676.469865612326,0,0,135.001283787546,96.2316745437723,100,100,0,0,100,0,100,0,0.567158095479938,0.9,0.9,0.35,29.1666666666667,3.125,29.1666666666667,3.125,-2.55061163794664,71,low_it_load,proposed_residual_safesac,3
543.729221867358,253.684243178834,543.729221867358,12535.400457363,0,0,6356.23447386356,507.062737683028,328.1,328.1,100,328.1,1,2493.6143640344,0.3117017955043,676.469865612326,676.469865612326,0,0,131.205217608449,100.209752457416,100,100,1,1,100,0,100,0,0.5678125,0.9,0.9,0.35,22.9166666666667,15.625,22.9166666666667,15.625,-2.64254419977953,72,low_it_load,proposed_residual_safesac,3
442.787306025737,232.455760295466,442.787306025737,12173.2964292182,0,0,5560.5036306108,456.778791426168,335.9,335.9,100,335.9,1,1970.1671615532,0.246270895194151,676.469865612326,676.469865612326,0,0,143.510334141303,104.190270407697,100,100,1,1,100,0,100,0,0.566647969226864,0.9,0.9,0.35,31.25,9.375,31.25,9.375,-2.42141416974443,73,low_it_load,proposed_residual_safesac,3
262.553478015621,177.712905550805,262.553478015621,11725.0948658424,0,0,3785.86367257526,322.885547272139,444.3,444.3,100,444.3,1,1802.86328416376,0.22535791052047,636.252400998314,636.252400998314,0,0,140.700368634673,107.462249175911,100,100,0,0,100,0,100,0,0.563978222017244,0.9,0.9,0.35,30.2083333333333,0,30.2083333333333,0,-1.85117609948755,74,low_it_load,proposed_residual_safesac,3
127.130336324653,145.122570776373,127.130336324653,9289.92068270757,0,0,2678.37534580137,288.309818488218,558,558,100,558,1,1668.53462782161,0.208566828477701,567.344611886554,567.344611886554,0,0,156.731224569008,131.201122292373,100,100,0,0,100,0,100,0,0.562431496938893,0.9,0.874356773055879,0.324356773055879,27.0833333333333,0,27.0833333333333,0,-1.51169344558722,75,low_it_load,proposed_residual_safesac,3
297.427316403388,160.005200022138,297.427316403388,7295.93250296282,0,0,3517.37292372362,482.100529616365,555.6,555.6,100,555.6,1,1892.64294050535,0.236580367563169,438.621681249965,438.621681249965,0,0,97.329740568963,95.438127424809,100,100,0,0,100,0,100,0,0.560109484180878,0.9,0.789747702637095,0.239747702637095,3.125,0,3.125,0,-1.66672083356394,76,low_it_load,proposed_residual_safesac,3
428.130368325618,181.877928326003,428.130368325618,11818.651807773,0,0,5187.64717411008,438.937305073851,659.9,659.9,100,659.9,1,2398.21035878615,0.299776294848269,676.469865612326,676.469865612326,0,0,82.3348433913893,70.5846064344619,100,100,1,1,100,0,100,0,0.451742185356885,0.755494549656994,0.755494549656994,0.205494549656994,0,21.875,0,21.875,-1.89456175339586,77,low_it_load,proposed_residual_safesac,3
501.309948614276,256.253505222026,501.309948614276,12608.6059808074,0,0,6116.09268300402,485.072869460259,601,601,100,601,1,2027.70869984537,0.253463587480672,676.469865612326,676.469865612326,0,0,169.527753319427,118.871401058756,100,100,0,0,100,0,100,0,0.565585157415647,0.9,0.9,0.35,37.5,12.5,37.5,12.5,-2.66930734606278,78,low_it_load,proposed_residual_safesac,3
423.044213040019,229.053291980339,423.044213040019,12484.8430949853,0,0,5457.44130893391,437.125342097889,841.8,841.8,100,841.8,1,2764.54666864328,0.34556833358041,676.469865612326,676.469865612326,0,0,178.980475183746,121.690462798622,100,100,0,0,100,0,100,0,0.564310282382995,0.9,0.897449458213729,0.347449458213729,23.9583333333333,17.7083333333333,23.9583333333333,17.7083333333333,-2.38597179146186,79,low_it_load,proposed_residual_safesac,3
367.027781783221,215.636913758553,367.027781783221,12546.9711554337,0,0,5002.87569337584,398.73174421137,547.9,547.9,100,547.9,1,1934.56657598978,0.241820821998722,676.469865612326,676.469865612326,0,0,155.001212622155,111.758062076308,100,100,0,0,100,0,100,0,0.565461422393565,0.9,0.9,0.35,35.4166666666667,1.04166666666667,35.4166666666667,1.04166666666667,-2.24621785165159,80,low_it_load,proposed_residual_safesac,3
325.946958834971,218.962698447458,325.946958834971,11802.1371904028,0,0,5350.08055162155,453.314553568492,623.5,623.5,100,623.5,1,1855.85795498429,0.231982244373037,662.128031961365,662.128031961365,0,0,163.137572164454,121.172140819298,100,100,0,0,100,0,100,0,0.562459951514959,0.9,0.9,0.35,28.125,0,28.125,0,-2.28086144216102,81,low_it_load,proposed_residual_safesac,3
243.195420390457,191.301499994772,243.195420390457,9778.38485910137,0,0,4425.77163951729,452.607634419087,314.4,314.4,100,314.4,1,1579.16252788069,0.197395315985086,571.025871329096,571.025871329096,0,0,139.512226633699,126.287964481139,100,100,0,0,100,0,100,0,0.56130708631217,0.9,0.9,0.35,38.5416666666667,0,38.5416666666667,0,-1.99272395827887,82,low_it_load,proposed_residual_safesac,3
192.28538892308,143.103676212322,192.28538892308,7896.53449601348,0,0,3044.03312611982,385.489752201625,328.3,328.3,100,328.3,1,1610.79160928214,0.201348951160267,463.670806138113,463.670806138113,0,0,88.16675143792,84.5899203904697,100,100,0,0,100,0,100,0,0.561519838515075,0.9,0.880002757925075,0.330002757925075,4.16666666666667,0,4.16666666666667,0,-1.49066329387835,83,low_it_load,proposed_residual_safesac,3
314.528702086301,182.776669343615,314.528702086301,12323.8064215323,0,0,5470.05005990266,443.860433440867,372.8,372.8,100,372.8,1,2183.27464006339,0.272909330007924,676.469865612326,676.469865612326,0,0,90.3307167114041,82.0669335760477,100,100,0,0,100,0,100,0,0.474996700545785,0.820146136281719,0.820146136281719,0.270146136281719,0,12.5,0,12.5,-1.90392363899599,84,low_it_load,proposed_residual_safesac,3
353.808548505445,245.531603209804,353.808548505445,12968.2891112527,0,0,6518.71247392212,502.665572767481,265.6,265.6,100,265.6,1,2222.26421540332,0.277783026925415,676.469865612326,676.469865612326,0,0,155.239215325038,109.63501740764,100,100,0,0,100,0,100,0,0.567300897114645,0.9,0.9,0.35,36.4583333333333,15.625,36.4583333333333,15.625,-2.55762086676879,85,low_it_load,proposed_residual_safesac,3
431.598932806064,267.895367752736,431.598932806064,12800.3743127635,0,0,7352.63345030035,574.407690794548,541.3,541.3,100,541.3,1,2469.67801140038,0.308709751425047,676.469865612326,676.469865612326,0,0,164.511169995908,118.391067417442,100,100,0,0,100,0,100,0,0.564858272453108,0.9,0.9,0.35,25,14.5833333333333,25,14.5833333333333,-2.79057674742433,86,low_it_load,proposed_residual_safesac,3
478.887408402651,272.900545470519,478.887408402651,12644.5164562286,0,0,7342.4915653884,580.685832535063,414.8,414.8,100,414.8,1,1997.64961542965,0.249706201928706,676.469865612326,676.469865612326,0,0,152.013445229415,111.12166665862,100,100,0,0,100,0,100,0,0.566325596733379,0.9,0.9,0.35,26.0416666666667,1.04166666666667,26.0416666666667,1.04166666666667,-2.84271401531791,87,low_it_load,proposed_residual_safesac,3
405.593971357797,252.950272598084,405.593971357797,11787.0470957489,0,0,6685.4431333097,567.185579136345,717.4,717.4,100,717.4,1,2015.12297304793,0.251890371630991,671.581345249453,671.581345249453,0,0,161.35542118159,122.905546364334,100,100,0,0,100,0,100,0,0.564735750610464,0.9,0.9,0.35,25,0,25,0,-2.63489867289671,88,low_it_load,proposed_residual_safesac,3
258.470709520103,191.119749391146,258.470709520103,8926.73396085812,0,0,4210.37517448481,471.659085276478,1087.2,1087.2,100,1087.2,1,1767.98798151859,0.220998497689823,563.015978452002,563.015978452002,0,0,185.455326710188,150.367957127964,100,100,0,0,100,0,100,0,0.559449118535139,0.9,0.82549212560576,0.27549212560576,22.9166666666667,0,22.9166666666667,0,-1.99083072282444,89,low_it_load,proposed_residual_safesac,3
175.075439280659,128.430694921992,175.075439280659,6905.01314634217,0,0,2409.03218584974,348.881621916373,1053.8,1053.8,100,1053.8,1,1826.08480861507,0.228260601076884,427.12538232425,427.12538232425,0,0,115.523039204735,101.634013228923,100,100,0,0,100,0,100,0,0.557731110700781,0.9,0.80726300050296,0.25726300050296,13.5416666666667,0,13.5416666666667,0,-1.33781973877075,90,low_it_load,proposed_residual_safesac,3
453.457418636858,203.872086700355,453.457418636858,12411.5717867516,0,0,5879.02992731366,473.673280735407,0,0,,0,,2000.37785892416,0.25004723236552,676.469865612326,676.469865612326,0,0,99.4867902810589,92.7287729045542,100,100,0,0,100,0,100,0,0.45236422133837,0.794031326425385,0.794031326425385,0.244031326425385,0,12.5,0,12.5,-2.12366756979536,91,low_it_load,proposed_residual_safesac,3
362.78597357782,142.497968325966,362.78597357782,8474.36788868002,0,0,4124.96515485088,486.757857227437,1584.7,1584.7,100,1584.7,1,2556.52811691141,0.319566014613926,547.585697299363,547.585697299363,0,0,51.8259115276371,43.6897182837129,100,100,0,0,100,0,100,0,0.481164997232544,0.781949749629674,0.641500858610889,0.0915008586108894,0,0,0,0,-1.48435383672881,0,low_it_load,proposed_residual_safesac,4
364.629444648198,176.910690252991,364.629444648198,9163.35201872956,0,0,4148.4827845893,452.725462921206,1639,1639,100,1639,1,2702.6062670091,0.337825783376137,586.568503139611,586.568503139611,0,0,122.803150157094,105.428434699977,100,100,0,0,100,0,100,0,0.564500376284317,0.9,0.763403336620447,0.213403336620447,13.5416666666667,0,13.5416666666667,0,-1.84281969013533,1,low_it_load,proposed_residual_safesac,4
352.063801573914,173.758233312735,352.063801573914,8556.57155622653,0,0,4401.4134047186,514.389831931662,1694.9,1694.9,100,1694.9,1,2702.02348990417,0.337752936238021,448.11449472556,448.11449472556,0,0,125.610584009519,113.438805819821,100,100,0,0,100,0,100,0,0.549994342853832,0.9,0.651489311603669,0.101489311603669,12.5,0,12.5,0,-1.80998159700765,2,low_it_load,proposed_residual_safesac,4
412.36337116553,187.940450867606,412.36337116553,9436.65019069183,0,0,4772.14491787269,505.703276209164,939.8,939.8,100,939.8,1,2487.51150629011,0.310938938286264,544.27561274197,544.27561274197,0,0,101.858590863093,94.6869158479517,100,100,0,0,100,0,100,0,0.530740822780425,0.9,0.724124574528328,0.174124574528328,8.33333333333333,0,8.33333333333333,0,-1.9577130298709,3,low_it_load,proposed_residual_safesac,4
310.663816412212,170.49735743584,310.663816412212,8435.81251026287,0,0,4093.83182492024,485.291940751379,1247.3,1247.3,100,1247.3,1,2520.86630813012,0.315108288516264,515.020370908763,515.020370908763,0,0,142.441470828674,129.321706418514,100,100,0,0,100,0,100,0,0.555193703661389,0.9,0.670783759029422,0.120783759029422,13.5416666666667,0,13.5416666666667,0,-1.77601413995666,4,low_it_load,proposed_residual_safesac,4
207.106450736252,144.49088248034,207.106450736252,6600.0102667704,0,0,3097.04125455738,469.247944984314,1325.1,1325.1,100,1325.1,1,2311.17223582596,0.288896529478245,490.1296950483,490.1296950483,0,0,133.755002266394,131.755077486847,100,100,0,0,100,0,100,0,0.561648800894906,0.9,0.68204078144539,0.13204078144539,9.375,0,9.375,0,-1.5051133591702,5,low_it_load,proposed_residual_safesac,4
183.136445603767,115.036392485559,183.136445603767,4101.62937509827,4.8901357961593,4.8901357961593,2230.20360371188,543.736013120017,1989.8,1984.90986420384,99.7542398333421,1984.90986420384,0.997542398333421,2912.05621247805,0.364007026559757,322.689687441613,322.689687441613,0,0,130.556387963483,124.109763226806,100,100,0,0,100,0,100,0,0.536026383213348,0.9,0.576018223363696,0.0260182233636956,12.5,0,12.5,0,-1.19829575505791,6,low_it_load,proposed_residual_safesac,4
307.107250729708,129.349886574235,307.107250729708,8865.59034973038,0,0,3933.994259475,443.737427998198,779.3,779.3,100,779.3,1,1862.93507185334,0.232866883981668,576.934956686366,576.934956686366,0,0,70.1613415714428,61.6016573272645,100,100,0,0,100,0,100,0,0.488914626690042,0.674151142176254,0.61388470287665,0.0638847028766504,0,0,0,0,-1.34739465181495,7,low_it_load,proposed_residual_safesac,4
327.485319167329,173.208900054666,327.485319167329,9466.9252508569,0,0,4076.23168646563,430.576092918519,1103.7,1103.7,100,1103.7,1,2629.83494158713,0.328729367698392,600.134282866791,600.134282866791,0,0,118.400301739871,104.587252182237,100,100,0,0,100,0,100,0,0.566285577104992,0.9,0.773072396776119,0.223072396776119,14.5833333333333,0,14.5833333333333,0,-1.80425937556943,8,low_it_load,proposed_residual_safesac,4
270.873183485916,150.329998469078,270.873183485916,8827.82300410605,0,0,3405.25925538595,385.741677625625,1621.7,1621.7,100,1621.7,1,2574.43195773076,0.321803994716345,472.924411578152,472.924411578152,0,0,127.830629216349,110.221634692497,100,100,0,0,100,0,100,0,0.550812512892377,0.9,0.712609515441353,0.162609515441353,13.5416666666667,0,13.5416666666667,0,-1.5659374840529,9,low_it_load,proposed_residual_safesac,4
202.046882387084,128.995293173586,202.046882387084,8361.1035609945,0,0,2707.50481101093,323.821465822018,1678,1678,100,1678,1,2455.40881802802,0.306926102253502,442.929924757928,442.929924757928,0,0,142.03950766295,113.796293041223,100,100,0,0,100,0,100,0,0.55432103378507,0.9,0.683912980547909,0.133912980547909,17.7083333333333,0,17.7083333333333,0,-1.34370097055819,10,low_it_load,proposed_residual_safesac,4
155.83603789429,127.659913473831,155.83603789429,6902.47567185747,143.226566019221,143.226566019221,2589.15795022732,375.105697334616,2333.3,2190.07343398078,93.8616309081892,2190.07343398078,0.938616309081892,2699.60849241128,0.33745106155141,498.590006725864,498.590006725864,0,0,202.25508585557,146.091867013619,100,100,0,0,100,0,100,0,0.560947153998866,0.9,0.596217834893135,0.0462178348931348,21.875,0,21.875,0,-1.32979076535241,11,low_it_load,proposed_residual_safesac,4
111.715573400195,109.809994867185,111.715573400195,5145.40688671719,24.8928565527765,24.8928565527765,2088.1112065236,405.820424408813,2325.2,2300.30714344722,98.9294315950122,2300.30714344722,0.989294315950122,2887.86513070072,0.36098314133759,440.86990575087,440.86990575087,0,0,158.003390430302,142.355646390094,100,100,0,0,100,0,100,0,0.533292617370153,0.9,0.580084650643435,0.0300846506434352,13.5416666666667,0,13.5416666666667,0,-1.14385411319984,12,low_it_load,proposed_residual_safesac,4
123.712823061035,98.3355010777084,123.712823061035,3531.1325282088,165.204710032147,165.204710032147,1670.35507337248,473.036641935322,2654.2,2488.99528996785,93.7757248876442,2488.99528996785,0.937757248876442,3024.6593985634,0.378082424820425,342.241831307718,342.241831307718,0,0,149.981848623343,128.988799358427,100,100,0,0,100,0,100,0,0.533561857598716,0.9,0.55575903142682,0.00575903142681977,14.5833333333333,0,14.5833333333333,0,-1.02432813622613,13,low_it_load,proposed_residual_safesac,4
342.85056395792,142.507558659937,342.85056395792,7659.07625865253,0,0,4168.22872683807,544.220815418724,2018.2,2018.2,100,2018.2,1,3008.84289134676,0.376105361418345,502.140051190007,502.140051190007,0,0,48.7450092343782,39.9230565875769,100,100,1,1,100,0,100,0,0.474225125167719,0.83152546623623,0.627515369696008,0.0775153696960076,0,0,0,0,-1.48445373604101,14,low_it_load,proposed_residual_safesac,4
331.306606012791,164.959939889844,331.306606012791,8588.99481971825,0,0,4055.59557514484,472.185122970871,1613.7,1613.7,100,1613.7,1,2867.69421946703,0.358461777433379,536.125167993087,536.125167993087,0,0,108.536382182403,96.0534585002183,100,100,0,0,100,0,100,0,0.558844215157001,0.9,0.729123415824626,0.179123415824626,11.4583333333333,0,11.4583333333333,0,-1.71833270718587,15,low_it_load,proposed_residual_safesac,4
373.851822162286,172.48369227908,373.851822162286,8429.01021503583,0,0,4367.91343737804,518.200040805084,1563.5,1563.5,100,1563.5,1,2844.19458676106,0.355524323345132,446.253077857184,446.253077857184,0,0,110.803610561021,101.624103889135,100,100,1,1,100,0,100,0,0.526309621330978,0.9,0.671537025962234,0.121537025962234,9.375,0,9.375,0,-1.79670512790708,16,low_it_load,proposed_residual_safesac,4
286.994254193367,152.064879919801,286.994254193367,8129.04835998743,0,0,3534.39736475976,434.786116190017,1555.2,1555.2,100,1555.2,1,2538.54720785591,0.317318400981989,431.478656400449,431.478656400449,0,0,123.790827893787,112.055897694219,100,100,0,0,100,0,100,0,0.534169519317453,0.9,0.677198668112444,0.127198668112444,13.5416666666667,0,13.5416666666667,0,-1.58400916583126,17,low_it_load,proposed_residual_safesac,4
276.171643021581,150.955581072303,276.171643021581,8367.22216399381,0,0,3673.47606885003,439.031735604905,908,908,100,908,1,2426.22820925424,0.30327852615678,473.369881579935,473.369881579935,0,0,102.40393039195,95.9535202131463,100,100,0,0,100,0,100,0,0.552853648676032,0.9,0.704780113185145,0.154780113185145,7.29166666666667,0,7.29166666666667,0,-1.57245396950316,18,low_it_load,proposed_residual_safesac,4
205.854737677416,146.713242847855,205.854737677416,6014.90263680831,0,0,3304.55577301602,549.394723830395,1416.7,1416.7,100,1416.7,1,2417.87031185913,0.302233788982392,491.093383774567,491.093383774567,0,0,137.15411561374,134.642123496217,100,100,0,0,100,0,100,0,0.561165465401097,0.9,0.651529973333469,0.101529973333469,8.33333333333333,0,8.33333333333333,0,-1.52826294633183,19,low_it_load,proposed_residual_safesac,4
211.057849960567,113.007651428955,211.057849960567,4736.65268083097,0,0,2662.10244700194,562.021880509701,1177.4,1177.4,100,1177.4,1,2337.04073122173,0.292130091402716,284.346074806225,284.346074806225,0,0,105.277565356926,101.278528943658,100,100,0,0,100,0,100,0,0.51159654398466,0.810070242795034,0.569057093899534,0.0190570938995341,0,0,0,0,-1.17716303571828,20,low_it_load,proposed_residual_safesac,4
376.809944269111,153.278884550798,376.809944269111,8081.54025654886,0,0,4618.67445380787,571.50918107042,1432.6,1432.6,100,1432.6,1,2437.12893051087,0.304641116313859,507.295572445127,507.295572445127,0,0,50.5863513716661,43.4382031671703,100,100,1,1,100,0,100,0,0.502202883485645,0.786433835011305,0.645099756008563,0.0950997560085632,0,0,0,0,-1.59665504740415,21,low_it_load,proposed_residual_safesac,4
372.592862417788,187.156628901188,372.592862417788,8688.76933258277,0,0,4917.42246739693,565.951549543001,1354.2,1354.2,100,1354.2,1,2869.18728905954,0.358648411132443,561.082391064103,561.082391064103,0,0,110.781995024902,98.9094755303312,100,100,0,0,100,0,100,0,0.563944308044515,0.9,0.730923605358785,0.180923605358785,10.4166666666667,0,10.4166666666667,0,-1.94954821772071,22,low_it_load,proposed_residual_safesac,4
332.710093255616,173.059050264186,332.710093255616,8772.36959219383,0,0,4570.63465118603,521.026229361477,1279.8,1279.8,100,1279.8,1,2578.02011012424,0.322252513765529,463.435119204771,463.435119204771,0,0,100.6359871203,91.1757484472399,100,100,0,0,100,0,100,0,0.543198692775216,0.9,0.720277315510973,0.170277315510973,4.16666666666667,0,4.16666666666667,0,-1.80269844025194,23,low_it_load,proposed_residual_safesac,4
288.642634548389,150.320422366016,288.642634548389,8032.48371454118,0,0,3451.10853260872,429.644012394472,1652.4,1652.4,100,1652.4,1,2521.78174552215,0.315222718190269,452.723738757654,452.723738757654,0,0,135.786521736447,113.227602587899,100,100,0,0,100,0,100,0,0.549430021968176,0.9,0.657509640556482,0.107509640556482,15.625,0,15.625,0,-1.56583773297933,24,low_it_load,proposed_residual_safesac,4
143.174344781258,117.090990714213,143.174344781258,7217.17438891613,46.0860536526216,46.0860536526216,2276.42491209348,315.417750690565,2015.9,1969.81394634738,97.7138720346931,1969.81394634738,0.977138720346931,2725.62308689574,0.340702885861967,487.226829505772,487.226829505772,0,0,178.600941776541,130.650642377192,100,100,0,0,100,0,100,0,0.553607553712937,0.9,0.651266097189023,0.101266097189023,18.75,0,18.75,0,-1.21969781993972,25,low_it_load,proposed_residual_safesac,4
149.572688826893,113.248567831018,149.572688826893,6348.50845104353,0,0,2152.77840792241,339.099872753347,1225.4,1225.4,100,1225.4,1,2350.12789610092,0.293765987012615,457.025055079552,457.025055079552,0,0,117.913108394008,107.476204611578,100,100,0,0,100,0,100,0,0.558261468128162,0.9,0.669356924848788,0.119356924848788,9.375,0,9.375,0,-1.17967258157311,26,low_it_load,proposed_residual_safesac,4
190.096853831051,111.810829936164,190.096853831051,4558.26168127015,0,0,2343.17186849138,514.049440847034,1398.4,1398.4,100,1398.4,1,2492.0959847319,0.311511998091487,356.656672529096,356.656672529096,0,0,109.305460201788,106.720933318138,100,100,0,0,100,0,100,0,0.557624967571312,0.874024171581385,0.594094020606842,0.0440940206068416,0,0,0,0,-1.16469614516838,27,low_it_load,proposed_residual_safesac,4
399.390680552722,158.207440620723,399.390680552722,8228.05390774334,0,0,4819.28166741263,585.713428892007,1187.9,1187.9,100,1187.9,1,2231.95980493529,0.278994975616912,524.777881561769,524.777881561769,0,0,54.8128646920931,44.4952826015651,100,100,1,1,100,0,100,0,0.491393169270394,0.755833949134024,0.628479961239752,0.0784799612397515,0,0,0,0,-1.64799417313253,28,low_it_load,proposed_residual_safesac,4
395.86111666509,189.306028194176,395.86111666509,8325.55472373184,0,0,4851.66627511899,582.743905494898,1584,1584,100,1584,1,3035.13912432226,0.379392390540282,569.032267862549,569.032267862549,0,0,129.84763197785,112.923618191278,100,100,0,0,100,0,100,0,0.564882676609055,0.9,0.678471069035968,0.128471069035968,13.5416666666667,0,13.5416666666667,0,-1.97193779368933,29,low_it_load,proposed_residual_safesac,4
334.559858447809,168.768671265369,334.559858447809,7781.94791295279,0,0,4236.03470806931,544.341179798771,2027.9,2027.9,100,2027.9,1,2830.6055250131,0.353825690626638,430.899275599177,430.899275599177,0,0,135.888019222926,115.925411612919,100,100,0,0,100,0,100,0,0.531000618583039,0.9,0.638814125904293,0.0888141259042933,11.4583333333333,0,11.4583333333333,0,-1.75800699234759,30,low_it_load,proposed_residual_safesac,4
290.715369545093,161.282200256656,290.715369545093,9093.85316681177,0,0,4191.36632679607,460.901033908548,757.2,757.2,100,757.2,1,2489.64511029582,0.311205638786978,531.701548492224,531.701548492224,0,0,92.2374118264611,83.1586445681751,100,100,0,0,100,0,100,0,0.519115114504692,0.89998316727957,0.734409663843975,0.184409663843975,0,0,0,0,-1.68002291934016,31,low_it_load,proposed_residual_safesac,4
228.038147773031,142.240622730906,228.038147773031,8528.39311689782,0,0,3241.63562662996,380.099226454174,819,819,100,819,1,2435.06775079568,0.304383468849459,500.172398663016,500.172398663016,0,0,119.893367791928,106.927040719948,100,100,0,0,100,0,100,0,0.559796288313927,0.9,0.718307760825931,0.168307760825931,11.4583333333333,0,11.4583333333333,0,-1.48167315344693,32,low_it_load,proposed_residual_safesac,4
172.477053499046,140.752313632979,172.477053499046,6799.79359692837,0,0,3298.39807208016,485.073263631138,700.5,700.5,100,700.5,1,2080.82980933794,0.260103726167242,511.131703816362,511.131703816362,0,0,121.639631215595,119.486742652953,100,100,0,0,100,0,100,0,0.56379552056325,0.87364851721598,0.687663347643162,0.137663347643161,0,0,0,0,-1.46616993367686,33,low_it_load,proposed_residual_safesac,4
191.595813491004,113.181678551838,191.595813491004,5005.66859084472,0,0,2667.064527977,532.808850520991,940.7,940.7,100,940.7,1,2050.56495311093,0.256320619138866,340.893533778238,340.893533778238,0,0,107.77703791206,104.991628229618,100,100,0,0,100,0,100,0,0.557260397009876,0.813994322772505,0.577460519534963,0.0274605195349633,0,0,0,0,-1.17897581824831,34,low_it_load,proposed_residual_safesac,4
391.01474092317,162.204891040094,391.01474092317,8900.29478101255,0,0,5057.21701474396,568.20781099664,715.9,715.9,100,715.9,1,1813.87663312232,0.226734579140291,549.328226337528,549.328226337528,0,0,58.0208838296775,49.707169085741,100,100,0,0,100,0,100,0,0.516077049351848,0.712566797620843,0.659529418127479,0.109529418127479,0,0,0,0,-1.68963428166764,35,low_it_load,proposed_residual_safesac,4
490.275976592019,219.763241379392,490.275976592019,9537.18471374723,0,0,5757.16435688378,603.654488162025,628.5,628.5,100,628.5,1,2632.54093300735,0.329067616625919,601.829475525987,601.829475525987,0,0,103.93900221046,94.4482728147705,100,100,0,0,100,0,100,0,0.566128808789883,0.9,0.781369584668522,0.231369584668522,5.20833333333333,0,5.20833333333333,0,-2.28920043103533,36,low_it_load,proposed_residual_safesac,4
380.004949932009,186.992304372732,380.004949932009,8935.22510143685,0,0,4773.99818732249,534.289638271653,1100.7,1100.7,100,1100.7,1,2506.38063098767,0.313297578873459,488.713113183148,488.713113183148,0,0,110.37518312448,100.00146859638,100,100,0,0,100,0,100,0,0.557478971620985,0.9,0.724043890817047,0.174043890817047,11.4583333333333,0,11.4583333333333,0,-1.94783650388262,37,low_it_load,proposed_residual_safesac,4
441.465459141448,201.857576320801,441.465459141448,9161.17714119312,0,0,5418.13462501933,591.423410061219,656.3,656.3,100,656.3,1,2314.18207544939,0.289272759431174,545.214514978606,545.214514978606,0,0,102.420424020473,93.9511111463015,100,100,1,1,100,0,100,0,0.546669464830748,0.9,0.702043849066057,0.152043849066057,4.16666666666667,0,4.16666666666667,0,-2.10268308667501,38,low_it_load,proposed_residual_safesac,4
349.650658122696,181.14479437586,349.650658122696,8433.80927960452,0,0,4830.33004979487,572.734086064295,615.2,615.2,100,615.2,1,2256.61411063255,0.282076763829069,396.253885937995,396.253885937995,0,0,120.444514831838,118.679355084896,100,100,0,0,100,0,100,0,0.551403793911017,0.858487590060688,0.653438188906916,0.103438188906916,0,0,0,0,-1.8869249414152,39,low_it_load,proposed_residual_safesac,4
258.830743109541,160.762160971274,258.830743109541,6434.4165827321,0,0,3640.34235000475,565.761060571405,1260.8,1260.8,100,1260.8,1,2285.05903562596,0.285632379453245,461.938428893777,461.938428893777,0,0,132.915408302494,131.675326938049,100,100,0,0,100,0,100,0,0.560511037911146,0.9,0.687473371993622,0.137473371993622,5.20833333333333,0,5.20833333333333,0,-1.67460584345077,40,low_it_load,proposed_residual_safesac,4
210.446568161535,105.55821471486,210.446568161535,5050.33570768643,0,0,2510.58617042452,497.112729873284,773.1,773.1,100,773.1,1,1928.57774189604,0.241072217737005,299.323868631922,299.323868631922,0,0,104.873718646511,100.32956507057,100,100,0,0,100,0,100,0,0.531620451792662,0.772161958882685,0.562542990466946,0.0125429904669458,0,0,0,0,-1.09956473661313,41,low_it_load,proposed_residual_safesac,4
379.662150643906,143.577172131917,379.662150643906,8819.84231403575,0,0,4140.70352594487,469.47591334546,725.6,725.6,100,725.6,1,1803.39748862008,0.22542468607751,564.595796129787,564.595796129787,0,0,63.609518798028,54.873423743993,100,100,0,0,100,0,100,0,0.542641858656888,0.723354803460605,0.642480384839178,0.0924803848391779,0,0,0,0,-1.4955955430408,42,low_it_load,proposed_residual_safesac,4
456.820544559086,204.466237195935,456.820544559086,9678.30050906901,0,0,5071.19647098292,523.975925962515,601.9,601.9,100,601.9,1,2634.99647876526,0.329374559845657,593.772874426978,593.772874426978,0,0,102.743134924825,93.9447913224189,100,100,0,0,100,0,100,0,0.566034909474549,0.9,0.809493970420406,0.259493970420406,8.33333333333333,0,8.33333333333333,0,-2.12985663745766,43,low_it_load,proposed_residual_safesac,4
394.608467226104,182.171229408569,394.608467226104,8764.12961831608,0,0,4433.44948866296,505.863067040626,1402.6,1402.6,100,1402.6,1,2503.93576957488,0.31299197119686,475.178237568714,475.178237568714,0,0,120.42374967634,105.933767706204,100,100,0,0,100,0,100,0,0.558519240539355,0.9,0.713273048984482,0.163273048984482,10.4166666666667,0,10.4166666666667,0,-1.89761697300592,44,low_it_load,proposed_residual_safesac,4
367.09332718454,179.961951101024,367.09332718454,9521.74320598218,0,0,4601.93306831401,483.307832269912,497.2,497.2,100,497.2,1,2219.69291501767,0.277461614377209,540.282153599185,540.282153599185,0,0,95.2019450970718,86.282910391978,100,100,0,0,100,0,100,0,0.55027591009413,0.9,0.738706964233958,0.188706964233958,6.25,0,6.25,0,-1.87460365730233,45,low_it_load,proposed_residual_safesac,4
333.451961295043,174.73944000264,333.451961295043,8808.59733632575,0,0,4485.86038646312,509.259330990632,649.1,649.1,100,649.1,1,2408.6527505883,0.301081593823537,437.07850846265,437.07850846265,0,0,117.224339816847,114.733761176467,100,100,0,0,100,0,100,0,0.549550582300499,0.882388102697331,0.690585010555044,0.140585010555044,0,0,0,0,-1.8202025000275,46,low_it_load,proposed_residual_safesac,4
262.9846575924,151.061002645937,262.9846575924,7206.60908298439,0,0,3690.68914268951,512.125619718106,405.4,405.4,100,405.4,1,1660.82988794942,0.207603735993677,522.439163392124,522.439163392124,0,0,127.868579444821,127.039146702737,100,100,0,0,100,0,100,0,0.563118476911178,0.797563969062862,0.635784085863511,0.0857840858635106,0,0,0,0,-1.57355211089518,47,low_it_load,proposed_residual_safesac,4
235.305233657274,124.367329471488,235.305233657274,5650.75800830957,0,0,2825.57418304799,500.034540302898,584.7,584.7,100,584.7,1,1835.30521050902,0.229413151313628,410.071544629141,410.071544629141,0,0,111.229392147511,107.790853735059,100,100,0,0,100,0,100,0,0.561261306058125,0.806745111827795,0.61307237160322,0.0630723716032201,0,0,0,0,-1.295493015328,48,low_it_load,proposed_residual_safesac,4
451.227537579721,170.439198869851,451.227537579721,9337.92501588256,0,0,4907.43740116776,525.538317433569,733.5,733.5,100,733.5,1,2056.32153013969,0.257040191267461,568.411744814498,568.411744814498,0,0,57.1670691924328,49.2616280515143,100,100,1,1,100,0,100,0,0.557763197422326,0.776915371830827,0.670041281250583,0.120041281250583,0,8.33333333333333,0,8.33333333333333,-1.77540832156095,49,low_it_load,proposed_residual_safesac,4
549.588939978747,244.484975517507,549.588939978747,10396.5985578802,0,0,6559.86566836214,630.96267801838,433.8,433.8,100,433.8,1,2664.24035823274,0.333030044779092,626.963957012186,626.963957012186,0,0,103.808820377155,95.1585301912889,100,100,0,0,100,0,100,0,0.566684942282742,0.9,0.816888882688498,0.266888882688498,5.20833333333333,0,5.20833333333333,0,-2.54671849497403,50,low_it_load,proposed_residual_safesac,4
517.337504097434,222.977620975363,517.337504097434,10311.7571616195,0,0,6169.91249123774,598.337644548326,384.1,384.1,100,384.1,1,2428.15408848214,0.303519261060267,536.616735513516,536.616735513516,0,0,103.504899270416,94.5461875759065,100,100,0,0,100,0,100,0,0.560214925570005,0.861285705801601,0.724142439525765,0.174142439525765,0,0,0,0,-2.3226835518267,51,low_it_load,proposed_residual_safesac,4
430.443352661691,209.746271056699,430.443352661691,9837.67095468951,0,0,5348.67609765844,543.693331713721,593.2,593.2,100,593.2,1,2319.14429405789,0.289893036757236,556.015671920346,556.015671920346,0,0,123.709942720044,113.698691377563,100,100,0,0,100,0,100,0,0.556249031298013,0.9,0.735685463129449,0.185685463129449,13.5416666666667,0,13.5416666666667,0,-2.18485699017395,52,low_it_load,proposed_residual_safesac,4
269.08825512227,156.811834966322,269.08825512227,9084.26379001811,0,0,3516.66709724737,387.116356210564,950.6,950.6,100,950.6,1,2444.55560402548,0.305569450503185,522.422301995448,522.422301995448,0,0,140.601298094875,120.80271198243,100,100,0,0,100,0,100,0,0.558893534050407,0.9,0.722748036905529,0.172748036905529,15.625,0,15.625,0,-1.63345661423252,53,low_it_load,proposed_residual_safesac,4
242.686321186212,160.918560766501,242.686321186212,7389.57495430098,0,0,3685.39323527667,498.728716884,767.5,767.5,100,767.5,1,2176.420515913,0.272052564489125,542.288311744485,542.288311744485,0,0,125.499491651861,123.951003632596,100,100,0,0,100,0,100,0,0.562401073628003,0.9,0.715069393319293,0.165069393319293,5.20833333333333,0,5.20833333333333,0,-1.67623500798438,54,low_it_load,proposed_residual_safesac,4
312.354584122692,141.4891399102,312.354584122692,6032.89247826443,0,0,3765.64998120763,624.186490108132,278.4,278.4,100,278.4,1,1429.16875351331,0.178646094189163,334.275007073159,334.275007073159,0,0,106.922221087686,101.685674116015,100,100,0,0,100,0,100,0,0.54809578692182,0.732496587481713,0.58260987336335,0.0326098733633502,0,0,0,0,-1.47384520739792,55,low_it_load,proposed_residual_safesac,4
478.455694229756,187.093719854652,478.455694229756,10095.3547028666,0,0,5672.10455425273,561.852923567128,447.2,447.2,100,447.2,1,1958.08623326342,0.244760779157928,622.231637502463,622.231637502463,0,0,59.0658978652661,48.7412592943271,100,100,1,1,100,0,100,0,0.537682507447749,0.749548286827581,0.687346654551797,0.137346654551797,0,5.20833333333333,0,5.20833333333333,-1.94889291515263,56,low_it_load,proposed_residual_safesac,4
436.880142968498,211.234175156852,436.880142968498,11297.7720229984,0,0,5204.84715500609,460.696776710558,329.9,329.9,100,329.9,1,2617.38859504248,0.32717357438031,664.424914436725,664.424914436725,0,0,104.358044254932,95.7555087556816,100,100,0,0,100,0,100,0,0.567635319050867,0.9,0.876110781900133,0.326110781900133,8.33333333333333,0,8.33333333333333,0,-2.20035599121721,57,low_it_load,proposed_residual_safesac,4
338.053225323073,170.725763814688,338.053225323073,11004.6877651551,0,0,3953.32489039647,359.240077934255,496.1,496.1,100,496.1,1,2470.26968989816,0.30878371123727,578.131444765571,578.131444765571,0,0,102.729203803785,89.6401224779748,100,100,1,1,100,0,100,0,0.5609852927384,0.9,0.818761522149556,0.268761522149556,12.5,0,12.5,0,-1.77839337306966,58,low_it_load,proposed_residual_safesac,4
429.74596443213,191.891707266388,429.74596443213,10543.6226611159,0,0,4555.79520794242,432.090122567061,614.3,614.3,100,614.3,1,2312.15707508725,0.289019634385906,594.121115159741,594.121115159741,0,0,120.218331867614,107.903858175648,100,100,1,1,100,0,100,0,0.559047719648047,0.9,0.726522056901468,0.176522056901468,14.5833333333333,0,14.5833333333333,0,-1.99887195069154,59,low_it_load,proposed_residual_safesac,4
401.455280196943,208.94031290285,401.455280196943,9544.01840835219,0,0,5275.94166722108,552.800868720452,935.5,935.5,100,935.5,1,2330.80619294394,0.291350774117992,502.392596660514,502.392596660514,0,0,142.050345099634,133.739403372201,100,100,0,0,100,0,100,0,0.55875188060958,0.9,0.724605422470592,0.174605422470592,12.5,0,12.5,0,-2.17646159273802,60,low_it_load,proposed_residual_safesac,4
339.699718125224,184.680884543429,339.699718125224,8043.80047452051,0,0,4701.12449190869,584.44071391377,426.3,426.3,100,426.3,1,1506.49084584462,0.188311355730577,497.407631475436,497.407631475436,0,0,131.556290340338,130.379594117403,100,100,0,0,100,0,100,0,0.560149406731683,0.806159765438402,0.696004583084683,0.146004583084683,0,0,0,0,-1.92375921399406,61,low_it_load,proposed_residual_safesac,4
283.00327394012,141.310422449117,283.00327394012,6163.60418766112,0,0,3205.55204858394,520.077531097975,616.6,616.6,100,616.6,1,1959.56672412552,0.24494584051569,416.907469211162,416.907469211162,0,0,115.256078482271,112.783815525472,100,100,0,0,100,0,100,0,0.558698199413715,0.831393123255645,0.629971139114228,0.0799711391142284,0,0,0,0,-1.47198356717831,62,low_it_load,proposed_residual_safesac,4
523.059206850674,189.728465594364,523.059206850674,10256.9538104114,0,0,5584.43316261582,544.453379223302,679,679,100,679,1,2148.10939252222,0.268513674065277,636.588742699548,636.588742699548,0,0,56.9664190245482,44.4028228249921,100,100,1,1,100,0,100,0,0.531884050714701,0.764481085023909,0.687588813669609,0.137588813669609,0,6.25,0,6.25,-1.97633818327462,63,low_it_load,proposed_residual_safesac,4
496.315880091978,226.672910153076,496.315880091978,10377.8488567546,0,0,5625.22170101714,542.041205134324,1164.1,1164.1,100,1164.1,1,2823.93416162525,0.352991770203157,664.775973330668,664.775973330668,0,0,155.819468382782,128.624076143981,100,100,0,0,100,0,100,0,0.5678125,0.9,0.750858067712951,0.200858067712951,15.625,0,15.625,0,-2.36117614742788,64,low_it_load,proposed_residual_safesac,4
451.781785442065,205.275221881791,451.781785442065,10971.0666020367,0,0,5388.27561490466,491.135074679464,916.3,916.3,100,916.3,1,2722.58674163927,0.340323342704909,587.640092190829,587.640092190829,0,0,107.852958156979,94.1268974060447,100,100,1,1,100,0,100,0,0.552980219656817,0.9,0.753760607558406,0.203760607558406,8.33333333333333,0,8.33333333333333,0,-2.13828356126866,65,low_it_load,proposed_residual_safesac,4
336.677733950729,173.325858623096,336.677733950729,11006.5716639391,0,0,3970.79726336698,360.766039108848,617.4,617.4,100,617.4,1,2423.42141940184,0.30292767742523,581.250519125733,581.250519125733,0,0,126.29688597684,106.033161477356,100,100,1,1,100,0,100,0,0.558672292484375,0.9,0.782479164909585,0.232479164909585,15.625,0,15.625,0,-1.80547769399058,66,low_it_load,proposed_residual_safesac,4
251.663707236112,156.5498587206,251.663707236112,10635.2447795867,0,0,3341.76546444567,314.216130771136,380,380,100,380,1,2374.88736430929,0.296860920538661,621.306796459408,621.306796459408,0,0,137.958781198523,117.552978970977,100,100,0,0,100,0,100,0,0.563077914306663,0.9,0.780823450897193,0.230823450897193,18.75,0,18.75,0,-1.63072769500625,67,low_it_load,proposed_residual_safesac,4
15.0057598587236,119.410471831785,15.0057598587236,8488.41993028457,0,0,2270.97765487909,267.538325569498,476.1,476.1,100,476.1,1,2002.01486163344,0.250251857704179,610.543703206026,610.543703206026,0,0,152.227766149081,136.80337955818,100,100,0,0,100,0,100,0,0.565312910657129,0.9,0.764821751674465,0.214821751674464,21.875,0,21.875,0,-1.2438590815811,68,low_it_load,proposed_residual_safesac,4
167.382086427822,126.90045312242,167.382086427822,6662.9805799133,0,0,2504.6769659795,375.909390090417,584.2,584.2,100,584.2,1,2184.30547348153,0.273038184185191,497.889462618895,497.889462618895,0,0,111.074824576631,103.359983961173,100,100,0,0,100,0,100,0,0.563905030937981,0.9,0.71299440448547,0.16299440448547,12.5,0,12.5,0,-1.32187972002521,69,low_it_load,proposed_residual_safesac,4
411.555421714227,164.179715035736,411.555421714227,10518.0637702761,0,0,4704.32941827961,447.261922063449,890.2,890.2,100,890.2,1,2461.22406425346,0.307653008031683,661.876185075105,661.876185075105,0,0,59.1138328904147,50.7859583333947,100,100,1,1,100,0,100,0,0.555734716915724,0.824043207655018,0.677081330807893,0.127081330807893,0,2.08333333333333,0,2.08333333333333,-1.71020536495558,70,low_it_load,proposed_residual_safesac,4
470.967934352988,227.145060295285,470.967934352988,12014.2225951655,0,0,6059.90835151356,504.394546006835,424.4,424.4,100,424.4,1,2760.97557664984,0.34512194708123,676.469865612326,676.469865612326,0,0,108.570327167525,99.2559396827449,100,100,0,0,100,0,100,0,0.567158095479938,0.9,0.813043499085201,0.263043499085201,11.4583333333333,4.16666666666667,11.4583333333333,4.16666666666667,-2.36609437807588,71,low_it_load,proposed_residual_safesac,4
532.154443747299,236.273906149167,532.154443747299,12104.9117124439,0,0,6157.64673527683,508.689933603294,328.1,328.1,100,328.1,1,2667.17982491535,0.333397478114419,645.491623584134,645.491623584134,0,0,115.616569259698,100.900582411834,100,100,1,1,100,0,100,0,0.565850003456812,0.9,0.790009543467834,0.240009543467834,15.625,0,15.625,0,-2.46118652238715,72,low_it_load,proposed_residual_safesac,4
429.587497574481,216.737861684332,429.587497574481,11699.7018621962,0,0,5357.73353417334,457.937612195497,335.9,335.9,100,335.9,1,2262.61909077396,0.282827386346744,664.209297365255,664.209297365255,0,0,134.831759905784,117.7228789942,100,100,1,1,100,0,100,0,0.561584612408029,0.9,0.777693720150204,0.227693720150204,21.875,0,21.875,0,-2.25768605921179,73,low_it_load,proposed_residual_safesac,4
248.530976584686,163.236850773082,248.530976584686,11352.1423001955,0,0,3654.75163502175,321.943782801138,444.3,444.3,100,444.3,1,2484.28892276058,0.310536115345073,597.357875827988,597.357875827988,0,0,135.106970327003,122.198235782716,100,100,0,0,100,0,100,0,0.561668859585256,0.9,0.797897203170221,0.247897203170221,14.5833333333333,0,14.5833333333333,0,-1.7003838622196,74,low_it_load,proposed_residual_safesac,4
115.328079805117,139.960296742833,115.328079805117,8924.48837229624,0,0,2552.79927773302,286.044327835927,558,558,100,558,1,2000.21361078747,0.250026701348433,641.216653588824,641.216653588824,0,0,172.733017409284,147.812056517967,100,100,0,0,100,0,100,0,0.566817649414965,0.9,0.778623395240519,0.228623395240519,23.9583333333333,0,23.9583333333333,0,-1.45791975773785,75,low_it_load,proposed_residual_safesac,4
284.332364136808,156.235370466027,284.332364136808,7024.67872537523,0,0,3358.87569366925,478.153638761583,555.6,555.6,100,555.6,1,2154.19789894275,0.269274737367844,518.538134611476,518.538134611476,0,0,112.848898988479,108.263310417533,100,100,0,0,100,0,100,0,0.564854523599218,0.898848265225915,0.718489555228144,0.168489555228144,0,0,0,0,-1.62745177568778,76,low_it_load,proposed_residual_safesac,4
414.463111763703,170.329899248926,414.463111763703,11514.029898677,0,0,5105.78450257716,443.440267873879,659.9,659.9,100,659.9,1,2384.166043585,0.298020755448125,676.469865612326,676.469865612326,0,0,57.4581044052606,46.1115030074775,100,100,1,1,100,0,100,0,0.539575460697967,0.79015223414543,0.679419041588165,0.129419041588165,0,7.29166666666667,0,7.29166666666667,-1.77426978384298,77,low_it_load,proposed_residual_safesac,4
492.262348674275,239.03226895173,492.262348674275,12307.2476378845,0,0,6006.89232188643,488.077635116066,601,601,100,601,1,2739.67490957082,0.342459363696352,676.469865612326,676.469865612326,0,0,147.968401736765,122.522882321836,100,100,0,0,100,0,100,0,0.565585157415647,0.9,0.815427506202748,0.265427506202748,18.75,7.29166666666667,18.75,7.29166666666667,-2.48991946824719,78,low_it_load,proposed_residual_safesac,4
410.674321313666,211.309645106464,410.674321313666,11940.2978695104,0,0,5238.20662613628,438.699828377988,841.8,841.8,100,841.8,1,2776.2586785017,0.347032334812712,667.154569403466,667.154569403466,0,0,161.168365209978,126.996849367155,100,100,0,0,100,0,100,0,0.563757186670593,0.9,0.760983772368057,0.210983772368057,15.625,0,15.625,0,-2.20114213652566,79,low_it_load,proposed_residual_safesac,4
357.41488937206,201.674249596485,357.41488937206,12222.5432250234,0,0,4863.03837655567,397.874508359235,547.9,547.9,100,547.9,1,2232.45926200883,0.279057407751103,653.481924380083,653.481924380083,0,0,139.566001567235,118.332654585313,100,100,0,0,100,0,100,0,0.559992118463087,0.9,0.814964648093086,0.264964648093086,20.8333333333333,0,20.8333333333333,0,-2.10077343329672,80,low_it_load,proposed_residual_safesac,4
314.323113888325,205.26087436844,314.323113888325,11335.5429837982,0,0,5144.96188266103,453.878732586051,623.5,623.5,100,623.5,1,2303.78596149468,0.287973245186835,661.077750436707,661.077750436707,0,0,159.015695211194,140.591685229393,100,100,0,0,100,0,100,0,0.562397591049432,0.9,0.777451518592101,0.227451518592101,16.6666666666667,0,16.6666666666667,0,-2.13813410800458,81,low_it_load,proposed_residual_safesac,4
238.390654161214,187.882353310763,238.390654161214,9489.19719661196,0,0,4309.94591867364,454.194999784857,314.4,314.4,100,314.4,1,1759.4076746421,0.219925959330263,645.149629406717,645.149629406717,0,0,144.060741004439,139.666097554887,100,100,0,0,100,0,100,0,0.565708184448029,0.9,0.825295601355875,0.275295601355875,17.7083333333333,0,17.7083333333333,0,-1.95710784698711,82,low_it_load,proposed_residual_safesac,4
170.795154472479,136.993433143132,170.795154472479,7393.25164239803,0,0,2836.07190155731,383.6027824744,328.3,328.3,100,328.3,1,2049.82439312506,0.256228049140633,525.43151184757,525.43151184757,0,0,111.352126906249,106.809891322582,100,100,0,0,100,0,100,0,0.565186880416574,0.9,0.748384162474013,0.198384162474013,9.375,0,9.375,0,-1.42701492857429,83,low_it_load,proposed_residual_safesac,4
273.912809570318,162.181538155255,273.912809570318,11804.0532684874,0,0,5168.66612599971,437.87214513833,372.8,372.8,100,372.8,1,2158.6002810102,0.269825035126275,676.469865612326,676.469865612326,0,0,66.8288640302297,59.0569612637092,100,100,0,0,100,0,100,0,0.557419669379298,0.783475469687841,0.690353422642221,0.140353422642221,0,3.125,0,3.125,-1.68939102245058,84,low_it_load,proposed_residual_safesac,4
349.788380166243,230.907202763352,349.788380166243,12682.6040109309,0,0,6369.62197822961,502.232977765431,265.6,265.6,100,265.6,1,2760.57887023465,0.345072358779331,676.469865612326,676.469865612326,0,0,137.959357965947,117.483488518666,100,100,0,0,100,0,100,0,0.567300897114645,0.9,0.821578739183114,0.271578739183114,19.7916666666667,10.4166666666667,19.7916666666667,10.4166666666667,-2.40528336211825,85,low_it_load,proposed_residual_safesac,4
417.391435848182,251.887971811491,417.391435848182,12347.6580153815,0,0,7089.75604582815,574.178199379705,541.3,541.3,100,541.3,1,2635.29536213181,0.329411920266476,676.469865612326,676.469865612326,0,0,152.652775606334,125.746852368095,100,100,0,0,100,0,100,0,0.564858272453108,0.9,0.784547309544001,0.234547309544001,20.8333333333333,1.04166666666667,20.8333333333333,1.04166666666667,-2.62383303970303,86,low_it_load,proposed_residual_safesac,4
464.253141211344,257.561613955781,464.253141211344,12186.639247323,0,0,7064.9894294613,579.732384464672,414.8,414.8,100,414.8,1,2230.06263934445,0.278757829918057,676.469865612326,676.469865612326,0,0,143.515279104753,127.353783185856,100,100,0,0,100,0,100,0,0.557879515560445,0.9,0.782398465819131,0.232398465819131,18.75,2.08333333333333,18.75,2.08333333333333,-2.68293347870605,87,low_it_load,proposed_residual_safesac,4
385.775678982414,236.374787991408,385.775678982414,11243.4550711986,0,0,6361.12625558148,565.762589462044,717.4,717.4,100,717.4,1,2356.36974468563,0.294546218085703,583.074110909076,583.074110909076,0,0,159.716037241896,144.582084036409,100,100,0,0,100,0,100,0,0.556952887194686,0.9,0.759545343823479,0.209545343823479,15.625,0,15.625,0,-2.4622373749105,88,low_it_load,proposed_residual_safesac,4
249.54993979884,185.358423859093,249.54993979884,8629.9814968716,0,0,4064.84078098855,471.013846606979,1087.2,1087.2,100,1087.2,1,2052.99395583976,0.25662424447997,626.354216452872,626.354216452872,0,0,185.515447568203,163.669461250266,100,100,0,0,100,0,100,0,0.56320982641644,0.9,0.747550067022777,0.197550067022777,19.7916666666667,0,19.7916666666667,0,-1.93081691519888,89,low_it_load,proposed_residual_safesac,4
154.757409191035,122.324379222831,154.757409191035,6399.56697390661,0,0,2245.27188880439,350.847471080339,1053.8,1053.8,100,1053.8,1,2331.53098105063,0.291441372631329,499.806862970383,499.806862970383,0,0,140.149533416494,123.839081179719,100,100,0,0,100,0,100,0,0.562046573614146,0.9,0.674250849862023,0.124250849862023,14.5833333333333,0,14.5833333333333,0,-1.27421228357115,90,low_it_load,proposed_residual_safesac,4
419.010316729743,184.952524215162,419.010316729743,12043.4899644763,0,0,5538.3053477252,459.858841918834,0,0,,0,,1845.34795434309,0.230668494292886,676.469865612326,676.469865612326,0,0,76.5484565055441,67.5867197922008,100,100,0,0,100,0,100,0,0.55681957333595,0.739115458484932,0.703878661796164,0.153878661796163,0,4.16666666666667,0,4.16666666666667,-1.92658879390794,91,low_it_load,proposed_residual_safesac,4
360.733382896677,151.248609216627,360.733382896677,8596.33762206725,0,0,4224.2027142446,491.395626830762,1584.7,1584.7,100,1584.7,1,2545.32461104698,0.318165576380872,612.332819229485,612.332819229485,0,0,79.7401872676199,67.6554777659476,100,100,0,0,100,0,100,0,0.554756645835658,0.810317029890448,0.672177142767598,0.122177142767598,0,0,0,0,-1.57550634600653,0,low_it_load,proposed_residual_safesac,5
343.350562315894,163.216186091175,343.350562315894,8552.93723908957,0,0,3892.98737955925,455.163795867354,1639,1639,100,1639,1,2905.46983631522,0.363183729539402,599.413584230539,599.413584230539,0,0,134.354555745362,125.107848088327,100,100,0,0,100,0,100,0,0.565263052974091,0.9,0.607996321321444,0.0579963213214443,10.4166666666667,0,10.4166666666667,0,-1.70016860511641,1,low_it_load,proposed_residual_safesac,5
345.064421375689,170.194039832909,345.064421375689,8384.70186383852,0,0,4299.21348084714,512.744943190974,1694.9,1694.9,100,1694.9,1,2775.25766317382,0.346907207896728,483.352395483191,483.352395483191,0,0,133.743061329576,120.911369238187,100,100,0,0,100,0,100,0,0.551293979689358,0.9,0.6075258350692,0.0575258350691997,13.5416666666667,0,13.5416666666667,0,-1.7728545815928,2,low_it_load,proposed_residual_safesac,5
417.53279435746,190.717103288518,417.53279435746,9614.07731911231,0,0,4850.87649846269,504.559755185179,939.8,939.8,100,939.8,1,2606.92249784008,0.32586531223001,580.857830675895,580.857830675895,0,0,101.002183425705,89.7299177060511,100,100,0,0,100,0,100,0,0.551677124983708,0.9,0.767007803494622,0.217007803494622,9.375,0,9.375,0,-1.98663649258873,3,low_it_load,proposed_residual_safesac,5
316.735887110796,174.702978881344,316.735887110796,8619.00306309203,0,0,4186.6139670314,485.742253063949,1247.3,1247.3,100,1247.3,1,2678.32044366229,0.334790055457786,575.258672662761,575.258672662761,0,0,141.552974369339,123.474951959535,100,100,0,0,100,0,100,0,0.563334673460668,0.9,0.7146216864693,0.1646216864693,14.5833333333333,0,14.5833333333333,0,-1.81982269668067,4,low_it_load,proposed_residual_safesac,5
206.530673176752,145.542892584731,206.530673176752,6573.49526540347,0,0,3098.51485736849,471.36488766883,1325.1,1325.1,100,1325.1,1,2369.66237376135,0.296207796720169,543.287492504088,543.287492504088,0,0,147.711838805121,135.925952626812,100,100,0,0,100,0,100,0,0.564805045118843,0.9,0.674652942162589,0.124652942162589,14.5833333333333,0,14.5833333333333,0,-1.51607179775761,5,low_it_load,proposed_residual_safesac,5
179.795485154427,116.01982068179,179.795485154427,4072.22341293985,61.0767894582727,61.0767894582727,2215.61212307172,544.079216290397,1989.8,1928.72321054173,96.9305061082384,1928.72321054173,0.969305061082384,3052.92773461963,0.381615966827454,468.969186376358,468.969186376358,0,0,147.941415890764,132.006102384094,100,100,0,0,100,0,100,0,0.552403439480368,0.9,0.552784680599568,0.00278468059956771,12.5,0,12.5,0,-1.20853979876864,6,low_it_load,proposed_residual_safesac,5
300.415661448671,130.782235095628,300.415661448671,8970.9957928921,0,0,3941.82232181152,439.396295886651,779.3,779.3,100,779.3,1,1612.03430756649,0.201504288445811,628.106068746913,628.106068746913,0,0,74.04752080433,63.5121304541826,100,100,0,0,100,0,100,0,0.527945423382919,0.68004456600425,0.64348952920996,0.0934895292099603,0,0,0,0,-1.3623149489128,7,low_it_load,proposed_residual_safesac,5
307.889051124474,158.239513746944,307.889051124474,8833.88936495456,0,0,3807.22365255925,430.979322388065,1103.7,1103.7,100,1103.7,1,2835.05857522041,0.354382321902552,579.862433234528,579.862433234528,0,0,128.16903865335,122.041556849859,100,100,0,0,100,0,100,0,0.565081936033076,0.9,0.611972386617114,0.0619723866171136,11.4583333333333,0,11.4583333333333,0,-1.64832826819733,8,low_it_load,proposed_residual_safesac,5
262.49074976443,144.944595121798,262.49074976443,8480.21283439011,0,0,3286.02811508891,387.493589991393,1621.7,1621.7,100,1621.7,1,2629.85267477653,0.328731584347066,442.136862814437,442.136862814437,0,0,139.630640591655,124.646822936187,100,100,0,0,100,0,100,0,0.551006680958688,0.9,0.624881638099703,0.0748816380997027,13.5416666666667,0,13.5416666666667,0,-1.50983953251873,9,low_it_load,proposed_residual_safesac,5
209.420996453713,135.085402690668,209.420996453713,8490.84425575531,0,0,2762.27300847703,325.323716378932,1678,1678,100,1678,1,2411.3803916149,0.301422548951863,497.889174254388,497.889174254388,0,0,146.948478772349,109.940247449908,100,100,0,0,100,0,100,0,0.559988763594301,0.9,0.716955670463399,0.166955670463399,18.75,0,18.75,0,-1.40713961136112,10,low_it_load,proposed_residual_safesac,5
160.11929178025,129.141869466193,160.11929178025,7065.14088214634,102.743902730402,102.743902730402,2662.17381603666,376.804066676715,2333.3,2230.5560972696,95.5966269776539,2230.5560972696,0.955966269776539,2745.51713411424,0.343189641764281,443.470754520969,443.470754520969,0,0,181.639083692995,136.638020114563,100,100,0,0,100,0,100,0,0.557674448399201,0.9,0.646482668697808,0.0964826686978081,18.75,0,18.75,0,-1.34522780693952,11,low_it_load,proposed_residual_safesac,5
113.215677373975,111.033025290226,113.215677373975,5155.39304160224,58.58733067943,58.58733067943,2099.29608878872,407.203887627602,2325.2,2266.61266932057,97.4803315551596,2266.61266932057,0.974803315551596,2856.47654500003,0.357059568125004,459.639568868477,459.639568868477,0,0,166.870108498938,144.818172472872,100,100,0,0,100,0,100,0,0.552662853853329,0.9,0.574552454557731,0.024552454557731,15.625,0,15.625,0,-1.15659401343986,12,low_it_load,proposed_residual_safesac,5
129.937052197182,100.42118203179,129.937052197182,3479.94042165636,165.204710032147,165.204710032147,1688.2300383681,485.131879805157,2654.2,2488.99528996785,93.7757248876442,2488.99528996785,0.937757248876442,3427.6294039858,0.428453675498225,290.457258916871,290.457258916871,0,0,153.831565416862,130.438508443865,100,100,0,0,100,0,100,0,0.478037243876231,0.9,0.537774484289358,0.0122255157106423,12.5,0,12.5,0,-1.04605397949781,13,low_it_load,proposed_residual_safesac,5
331.066012618368,148.959097492488,331.066012618368,7769.4144183031,0,0,4182.4890270305,538.327446812135,2018.2,2018.2,100,2018.2,1,3095.18214899907,0.386897768624884,574.786385957349,574.786385957349,0,0,77.5061827818667,67.3370235599577,100,100,1,1,100,0,100,0,0.554729984735879,0.886733275871032,0.654028563263653,0.104028563263653,0,0,0,0,-1.55165726554675,14,low_it_load,proposed_residual_safesac,5
313.15505000528,152.915058859133,313.15505000528,8070.57631344939,0,0,3818.43565453129,473.130481173689,1613.7,1613.7,100,1613.7,1,3126.00103232662,0.390750129040828,538.702180770415,538.702180770415,0,0,120.023502578322,113.724776065337,100,100,0,0,100,0,100,0,0.550549053031069,0.9,0.596034452346952,0.0460344523469518,8.33333333333333,0,8.33333333333333,0,-1.5928651964493,15,low_it_load,proposed_residual_safesac,5
360.171027781821,165.51860169625,360.171027781821,8126.30883190441,0,0,4198.37651791546,516.640039747489,1563.5,1563.5,100,1563.5,1,2928.916349623,0.366114543702875,422.443225566278,422.443225566278,0,0,121.539866480215,114.236661519611,100,100,1,1,100,0,100,0,0.529463267316395,0.9,0.594675216319265,0.0446752163192649,8.33333333333333,0,8.33333333333333,0,-1.72415210100261,16,low_it_load,proposed_residual_safesac,5
299.285045214638,160.563808330674,299.285045214638,8414.93417605921,0,0,3672.77080528178,436.458649401078,1555.2,1555.2,100,1555.2,1,2495.92918290185,0.311991147862732,499.74933931118,499.74933931118,0,0,128.801814472522,102.812150753992,100,100,0,0,100,0,100,0,0.547467134932265,0.9,0.749310907916338,0.199310907916338,16.6666666666667,0,16.6666666666667,0,-1.67253967011119,17,low_it_load,proposed_residual_safesac,5
283.57401196263,153.759517399398,283.57401196263,8573.26686974747,0,0,3771.82085684368,439.951411072169,908,908,100,908,1,2509.1662903832,0.3136457862979,497.309589455187,497.309589455187,0,0,97.32269080886,87.9853801075274,100,100,0,0,100,0,100,0,0.553758228966957,0.9,0.755295059209653,0.205295059209653,7.29166666666667,0,7.29166666666667,0,-1.60166163957707,18,low_it_load,proposed_residual_safesac,5
203.101633228112,146.494289301702,203.101633228112,5956.19021249058,0,0,3268.08213294928,548.686663178732,1416.7,1416.7,100,1416.7,1,2524.99255260928,0.31562406907616,518.038971767235,518.038971767235,0,0,154.041382452353,139.029430103638,100,100,0,0,100,0,100,0,0.562765359688162,0.9,0.635458288367994,0.0854582883679942,13.5416666666667,0,13.5416666666667,0,-1.52598218022606,19,low_it_load,proposed_residual_safesac,5
218.785991498233,122.455141773274,218.785991498233,4956.63838942529,0,0,2773.89695536325,559.632706166583,1177.4,1177.4,100,1177.4,1,2752.01300427068,0.344001625533835,439.992214189541,439.992214189541,0,0,106.609513276401,95.4579189419746,100,100,0,0,100,0,100,0,0.528634948939758,0.883944121465575,0.618802227317748,0.0688022273177477,0,0,0,0,-1.27557439347161,20,low_it_load,proposed_residual_safesac,5
371.010659883407,158.427083357959,371.010659883407,8197.84583057855,0,0,4694.2732526539,572.622777942948,1432.6,1432.6,100,1432.6,1,2593.16132141591,0.324145165176989,587.094151661131,587.094151661131,0,0,67.7819264852457,54.6940200030804,100,100,1,1,100,0,100,0,0.552639696017448,0.811063250584276,0.672212676597804,0.122212676597804,0,0,0,0,-1.65028211831207,21,low_it_load,proposed_residual_safesac,5
353.739380143335,175.216099788464,353.739380143335,8193.96034375468,0,0,4644.56682213689,566.828081573145,1354.2,1354.2,100,1354.2,1,3077.19053233821,0.384648816542277,573.927570502694,573.927570502694,0,0,123.82147141946,116.578431381916,100,100,0,0,100,0,100,0,0.564706990573681,0.9,0.604390129376533,0.0543901293765332,8.33333333333333,0,8.33333333333333,0,-1.82516770612983,22,low_it_load,proposed_residual_safesac,5
324.807950414835,168.685831629135,324.807950414835,8512.16878351693,0,0,4453.09645567418,523.14475534099,1279.8,1279.8,100,1279.8,1,2589.19845167285,0.323649806459106,479.486386842233,479.486386842233,0,0,109.699607028677,102.789941495498,100,100,0,0,100,0,100,0,0.544294225512888,0.9,0.654998114615077,0.104998114615077,5.20833333333333,0,5.20833333333333,0,-1.75714407947016,23,low_it_load,proposed_residual_safesac,5
293.605599806731,154.811398967192,293.605599806731,8118.54203751562,0,0,3498.37362028629,430.911560735952,1652.4,1652.4,100,1652.4,1,2566.12045788055,0.320765057235069,516.278157252357,516.278157252357,0,0,145.298850092352,110.845734107313,100,100,0,0,100,0,100,0,0.56154918796191,0.9,0.678483710951737,0.128483710951737,16.6666666666667,0,16.6666666666667,0,-1.61261873924158,24,low_it_load,proposed_residual_safesac,5
146.24255322746,120.059600017021,146.24255322746,7409.09676123515,29.6608998263192,29.6608998263192,2322.23603116877,313.43038240759,2015.9,1986.23910017368,98.5286522235072,1986.23910017368,0.985286522235072,2566.13402989121,0.320766753736401,502.338636494489,502.338636494489,0,0,162.175139444191,122.284324766735,100,100,0,0,100,0,100,0,0.546868130090134,0.9,0.705467590813948,0.155467590813948,16.6666666666667,0,16.6666666666667,0,-1.25062083351064,25,low_it_load,proposed_residual_safesac,5
156.073666217364,109.809111766845,156.073666217364,6283.46275899047,0,0,2162.83691723401,344.21098687016,1225.4,1225.4,100,1225.4,1,2514.56038830678,0.314320048538348,356.571152766184,356.571152766184,0,0,117.167400665199,108.918382206388,100,100,0,0,100,0,100,0,0.540607001842393,0.9,0.650964609438128,0.100964609438127,6.25,0,6.25,0,-1.14384491423797,26,low_it_load,proposed_residual_safesac,5
192.601041492129,114.344752949528,192.601041492129,4630.36486136075,0,0,2383.52007638161,514.758587659365,1398.4,1398.4,100,1398.4,1,2836.67492680427,0.354584365850534,368.564258984441,368.564258984441,0,0,112.882872820355,103.964708865516,100,100,0,0,100,0,100,0,0.534498334875468,0.9,0.607722948668723,0.0577229486687233,5.20833333333333,0,5.20833333333333,0,-1.19109117655758,27,low_it_load,proposed_residual_safesac,5
394.656754028418,165.814560408914,394.656754028418,8387.93828158701,0,0,4906.5533850115,584.953443897202,1187.9,1187.9,100,1187.9,1,2523.17209682669,0.315396512103336,597.627348958505,597.627348958505,0,0,73.1982847236081,61.0910077579319,100,100,1,1,100,0,100,0,0.555542993736577,0.81218095250322,0.664767701078985,0.114767701078984,0,0,0,0,-1.72723500425952,28,low_it_load,proposed_residual_safesac,5
375.509201894443,179.205504048718,375.509201894443,7906.84098879307,0,0,4604.02822160841,582.284154712865,1584,1584,100,1584,1,3273.883998772,0.409235499846499,586.180533105126,586.180533105126,0,0,140.179090690515,129.590763863804,100,100,0,0,100,0,100,0,0.53268558086152,0.9,0.57059205509125,0.02059205509125,12.5,0,12.5,0,-1.86672400050748,29,low_it_load,proposed_residual_safesac,5
324.314801086762,164.002583947538,324.314801086762,7546.06835140925,7.352155969531,7.352155969531,4124.30195087069,546.54977384355,2027.9,2020.54784403047,99.6374497771324,2020.54784403047,0.996374497771324,2892.12318084224,0.36151539760528,417.042699514708,417.042699514708,0,0,147.687946826293,126.060066509297,100,100,0,0,100,0,100,0,0.537815193056441,0.9,0.577136979323771,0.0271369793237707,12.5,0,12.5,0,-1.70836024945353,30,low_it_load,proposed_residual_safesac,5
300.713574890315,167.355821501553,300.713574890315,9401.89981395406,0,0,4318.35046780955,459.306156549378,757.2,757.2,100,757.2,1,2490.35547601154,0.311294434501442,560.545411954545,560.545411954545,0,0,81.5198732108146,69.6283392616065,100,100,0,0,100,0,100,0,0.537729762165577,0.9,0.811513543519096,0.261513543519096,8.33333333333333,0,8.33333333333333,0,-1.74328980730785,31,low_it_load,proposed_residual_safesac,5
236.562888278951,146.812680937731,236.562888278951,8794.75312224702,0,0,3334.67295479172,379.166181067255,819,819,100,819,1,2377.99670240123,0.297249587800153,542.103202319594,542.103202319594,0,0,108.417005712987,96.9957959107555,100,100,0,0,100,0,100,0,0.562285929781037,0.9,0.785717542062157,0.235717542062157,11.4583333333333,0,11.4583333333333,0,-1.52929875976803,32,low_it_load,proposed_residual_safesac,5
177.102342033702,142.457638373704,177.102342033702,6863.29096159805,0,0,3339.8895894104,486.6309192045,700.5,700.5,100,700.5,1,2303.9170829852,0.28798963537315,466.969802938409,466.969802938409,0,0,123.10127412104,115.920979523425,100,100,0,0,100,0,100,0,0.561173407698622,0.9,0.700696601209406,0.150696601209406,7.29166666666667,0,7.29166666666667,0,-1.48393373305942,33,low_it_load,proposed_residual_safesac,5
198.564141890364,121.617930977331,198.564141890364,5192.26511556015,0,0,2756.75843969005,530.93560870546,940.7,940.7,100,940.7,1,2601.12782586502,0.325140978233128,448.529821586657,448.529821586657,0,0,109.100408057684,100.086675584316,100,100,0,0,100,0,100,0,0.561725943850632,0.886490892844402,0.617107889032012,0.067107889032012,0,0,0,0,-1.26685344768053,34,low_it_load,proposed_residual_safesac,5
384.03927420653,165.811723152747,384.03927420653,9022.01629383685,0,0,5106.63368002285,566.019115207242,715.9,715.9,100,715.9,1,1929.69280409127,0.241211600511409,621.459380278683,621.459380278683,0,0,68.5933640352648,54.1837478987873,100,100,0,0,100,0,100,0,0.556123355440957,0.723216307600486,0.688514036743105,0.138514036743105,0,0,0,0,-1.72720544950778,35,low_it_load,proposed_residual_safesac,5
469.984909027297,208.995929270052,469.984909027297,9144.03335767109,0,0,5512.49554350817,602.851644114316,628.5,628.5,100,628.5,1,2871.38662533138,0.358923328166423,614.98828566469,614.98828566469,0,0,116.87146723749,110.24276133637,100,100,0,0,100,0,100,0,0.566910113141868,0.9,0.679888280729517,0.129888280729517,6.25,0,6.25,0,-2.17704092989637,36,low_it_load,proposed_residual_safesac,5
368.040584642192,180.32978026482,368.040584642192,8656.3634161168,0,0,4637.60932023119,535.745681794815,1100.7,1100.7,100,1100.7,1,2614.8556153963,0.326856951924538,503.51027566272,503.51027566272,0,0,117.567524788763,111.122075037447,100,100,0,0,100,0,100,0,0.557642880715393,0.9,0.652845118803726,0.102845118803726,8.33333333333333,0,8.33333333333333,0,-1.87843521109187,37,low_it_load,proposed_residual_safesac,5
448.084861997074,204.374072532909,448.084861997074,9398.41448027507,0,0,5556.27179265371,591.192461698187,656.3,656.3,100,656.3,1,2583.78964364403,0.322973705455504,571.410340329716,571.410340329716,0,0,91.3244128304,85.1229811587807,100,100,1,1,100,0,100,0,0.562316566179868,0.9,0.75797244113243,0.20797244113243,3.125,0,3.125,0,-2.12889658888447,38,low_it_load,proposed_residual_safesac,5
364.621442109679,191.520562619351,364.621442109679,8807.48798502285,0,0,5043.56827876394,572.645490671181,615.2,615.2,100,615.2,1,2540.69292797335,0.317586615996669,526.879413498433,526.879413498433,0,0,112.619592889113,104.205333365987,100,100,0,0,100,0,100,0,0.563179475068163,0.9,0.743336353692133,0.193336353692133,7.29166666666667,0,7.29166666666667,0,-1.99500586061824,39,low_it_load,proposed_residual_safesac,5
254.976864371556,160.626314068635,254.976864371556,6372.39978467467,0,0,3603.74987291845,565.524762207372,1260.8,1260.8,100,1260.8,1,2376.68036519534,0.297085045649418,526.790335789414,526.790335789414,0,0,148.968890090284,137.396232690623,100,100,0,0,100,0,100,0,0.564361619883074,0.9,0.670773367001875,0.120773367001875,12.5,0,12.5,0,-1.67319077154828,40,low_it_load,proposed_residual_safesac,5
223.617157786424,120.133454876027,223.617157786424,5331.06379004527,0,0,2662.461893786,499.424129712655,773.1,773.1,100,773.1,1,2480.88463394111,0.310110579242638,454.493227481447,454.493227481447,0,0,105.100652919434,94.1841874271631,100,100,0,0,100,0,100,0,0.552039222680938,0.866360195018445,0.625731839771327,0.0757318397713266,0,0,0,0,-1.25139015495862,41,low_it_load,proposed_residual_safesac,5
377.295046373858,145.146786721935,377.295046373858,8932.48682251677,0,0,4175.31661612988,467.430481465123,725.6,725.6,100,725.6,1,1942.31271460793,0.242789089325992,620.296998283946,620.296998283946,0,0,68.1443648399579,55.07004680112,100,100,0,0,100,0,100,0,0.544998601294146,0.724973812736032,0.668896429951196,0.118896429951196,0,0,0,0,-1.51194569502015,42,low_it_load,proposed_residual_safesac,5
432.689672483062,192.034907885395,432.689672483062,9192.87182238474,0,0,4803.25597649131,522.497873275611,601.9,601.9,100,601.9,1,2784.78597354716,0.348098246693395,602.722046923773,602.722046923773,0,0,117.56681701378,110.988475929735,100,100,0,0,100,0,100,0,0.566566266591546,0.9,0.686055476715398,0.136055476715398,7.29166666666667,0,7.29166666666667,0,-2.00036362380619,43,low_it_load,proposed_residual_safesac,5
379.208899096857,174.346139728716,379.208899096857,8410.03078056133,0,0,4270.80361196186,507.822589880796,1402.6,1402.6,100,1402.6,1,2602.41942195777,0.325302427744722,467.244656693317,467.244656693317,0,0,129.113680344998,119.707012353787,100,100,0,0,100,0,100,0,0.558048184174878,0.9,0.623368418071885,0.0733684180718849,9.375,0,9.375,0,-1.81610562217412,44,low_it_load,proposed_residual_safesac,5
381.113409238601,186.326686966416,381.113409238601,9879.64075639138,0,0,4812.89671110861,487.153007865699,497.2,497.2,100,497.2,1,2408.42442705054,0.301053053381317,584.405697024044,584.405697024044,0,0,82.1317085728384,73.8416536622113,100,100,0,0,100,0,100,0,0.561129594958869,0.9,0.825877854658997,0.275877854658997,5.20833333333333,0,5.20833333333333,0,-1.9409029892335,45,low_it_load,proposed_residual_safesac,5
344.176410725122,182.832954193844,344.176410725122,9110.02039845783,0,0,4637.58164576727,509.063804791517,649.1,649.1,100,649.1,1,2511.70748364844,0.313963435456055,572.735243763668,572.735243763668,0,0,112.559906703225,103.957679567806,100,100,0,0,100,0,100,0,0.563637644072019,0.9,0.764717844664637,0.214717844664637,9.375,0,9.375,0,-1.90450993951921,46,low_it_load,proposed_residual_safesac,5
276.26056897439,164.561444524653,276.26056897439,7579.81383578724,0,0,3883.38430355888,512.332411809894,405.4,405.4,100,405.4,1,2177.04179253252,0.272130224066565,551.422541802463,551.422541802463,0,0,120.857568302796,114.383549150079,100,100,0,0,100,0,100,0,0.564839365004292,0.891904800645403,0.722585583430691,0.172585583430691,0,0,0,0,-1.71418171379847,47,low_it_load,proposed_residual_safesac,5
243.326400901157,133.320441874857,243.326400901157,5780.70985714432,0,0,2913.92603259359,504.077544904334,584.7,584.7,100,584.7,1,2341.579661454,0.29269745768175,466.214971524282,466.214971524282,0,0,113.346326075082,105.034343898296,100,100,0,0,100,0,100,0,0.564594822030024,0.876254857890177,0.639108112845455,0.0891081128454548,0,0,0,0,-1.3887546028631,48,low_it_load,proposed_residual_safesac,5
446.39089700643,172.066955796418,446.39089700643,9424.91053711171,0,0,4956.56045861695,525.900000758617,733.5,733.5,100,733.5,1,2352.21953650841,0.294027442063551,644.297481756789,644.297481756789,0,0,70.4879999946965,55.912686791271,100,100,1,1,100,0,100,0,0.55199542987796,0.773089739814729,0.688020215266044,0.138020215266044,0,0,0,0,-1.79236412287935,49,low_it_load,proposed_residual_safesac,5
531.298799847672,235.914080390178,531.298799847672,10047.9497756171,0,0,6337.69613358697,630.74520425713,433.8,433.8,100,433.8,1,2896.95257875961,0.362119072344951,641.13717860032,641.13717860032,0,0,119.115949431725,112.13447102519,100,100,0,0,100,0,100,0,0.567526477314538,0.9,0.726626547194152,0.176626547194152,6.25,0,6.25,0,-2.45743833739769,50,low_it_load,proposed_residual_safesac,5
514.634300622219,223.87071608155,514.634300622219,10262.3648078762,0,0,6141.47492415587,598.446365835913,384.1,384.1,100,384.1,1,2622.91779580589,0.327864724475737,613.912224336587,613.912224336587,0,0,109.955788967968,101.365574263036,100,100,0,0,100,0,100,0,0.560743009972909,0.885669856030473,0.709279490254618,0.159279490254618,0,0,0,0,-2.33198662584948,51,low_it_load,proposed_residual_safesac,5
436.606842944719,213.86688396766,436.606842944719,10071.3629468794,0,0,5452.69223531245,541.405593669124,593.2,593.2,100,593.2,1,2484.87193420848,0.31060899177606,628.189816528753,628.189816528753,0,0,121.300502934436,108.59459304623,100,100,0,0,100,0,100,0,0.567179406391607,0.9,0.792059222369784,0.242059222369784,12.5,0,12.5,0,-2.22778004132979,52,low_it_load,proposed_residual_safesac,5
277.707948329346,162.70927495412,277.707948329346,9385.00194214523,0,0,3641.13819172776,387.974154312798,950.6,950.6,100,950.6,1,2425.25834122081,0.303157292652601,600.975880253008,600.975880253008,0,0,127.697800870223,110.903432165292,100,100,0,0,100,0,100,0,0.563557652759449,0.9,0.79827906552991,0.24827906552991,14.5833333333333,0,14.5833333333333,0,-1.69488828077208,53,low_it_load,proposed_residual_safesac,5
239.528572518628,158.905219814576,239.528572518628,7333.66604698661,0,0,3649.83536183841,497.682242203833,767.5,767.5,100,767.5,1,2316.93218982158,0.289616523727697,557.278873945031,557.278873945031,0,0,137.618997748425,127.794571499024,100,100,0,0,100,0,100,0,0.563291138258661,0.9,0.699271158533546,0.149271158533546,11.4583333333333,0,11.4583333333333,0,-1.65526270640183,54,low_it_load,proposed_residual_safesac,5
320.54948661073,153.643713373618,320.54948661073,6272.26617933021,0,0,3910.60256006704,623.475223828054,278.4,278.4,100,278.4,1,1864.51069383071,0.233063836728838,513.962662045236,513.962662045236,0,0,108.406592284055,99.1922390647233,100,100,0,0,100,0,100,0,0.565410670411784,0.806044939747617,0.636947061139232,0.0869470611392316,0,0,0,0,-1.60045534764185,55,low_it_load,proposed_residual_safesac,5
472.896507676461,187.875181096992,472.896507676461,10179.5476150245,0,0,5706.07770848286,560.543348710405,447.2,447.2,100,447.2,1,1950.97005064173,0.243871256330216,676.469865612326,676.469865612326,0,0,67.7325475212276,51.1776080230214,100,100,1,1,100,0,100,0,0.558135303503107,0.720203772488982,0.708513870760499,0.158513870760499,0,9.375,0,9.375,-1.957033136427,56,low_it_load,proposed_residual_safesac,5
414.445618539069,197.197454658946,414.445618539069,10652.9415302049,0,0,4938.5918407461,463.589500303123,329.9,329.9,100,329.9,1,2771.58357002916,0.346447946253645,668.982793845776,668.982793845776,0,0,122.369417650405,115.169070894444,100,100,0,0,100,0,100,0,0.5678125,0.9,0.712712884189505,0.162712884189505,9.375,0,9.375,0,-2.05414015269735,57,low_it_load,proposed_residual_safesac,5
323.315784113096,161.195449425061,323.315784113096,10548.9578553622,0,0,3789.86974446208,359.264848378897,496.1,496.1,100,496.1,1,2597.3323457833,0.324666543222913,580.482103575551,580.482103575551,0,0,114.178242396387,105.948434445204,100,100,1,1,100,0,100,0,0.559805896293468,0.9,0.70304905342195,0.15304905342195,8.33333333333333,0,8.33333333333333,0,-1.67911926484439,58,low_it_load,proposed_residual_safesac,5
438.357412858899,196.295222988702,438.357412858899,10802.9058194088,0,0,4683.70697148274,433.559918949571,614.3,614.3,100,614.3,1,2611.69323849054,0.326461654811317,668.710818102761,668.710818102761,0,0,119.803320948722,103.918324940298,100,100,1,1,100,0,100,0,0.566056609272896,0.9,0.787585403312052,0.237585403312052,13.5416666666667,0,13.5416666666667,0,-2.04474190613231,59,low_it_load,proposed_residual_safesac,5
408.092808231999,213.672443481377,408.092808231999,9724.31516589587,0,0,5378.81156239684,553.130114628623,935.5,935.5,100,935.5,1,2541.05230581567,0.317631538226959,654.992502183377,654.992502183377,0,0,146.43214419437,129.221873760063,100,100,0,0,100,0,100,0,0.5678125,0.9,0.767041683683994,0.217041683683994,15.625,0,15.625,0,-2.22575461959768,60,low_it_load,proposed_residual_safesac,5
352.51682963381,198.586220447869,352.51682963381,8370.74688692922,0,0,4881.22268080894,583.128691709802,426.3,426.3,100,426.3,1,2084.98464818384,0.26062308102298,608.869375187861,608.869375187861,0,0,128.054122364014,122.329882081831,100,100,0,0,100,0,100,0,0.566767447764609,0.9,0.77042726780567,0.22042726780567,4.16666666666667,0,4.16666666666667,0,-2.06860646299863,61,low_it_load,proposed_residual_safesac,5
290.384905797214,151.935079982833,290.384905797214,6370.40684624602,0,0,3312.47149618869,519.978013357292,616.6,616.6,100,616.6,1,2346.91439977159,0.293364299971448,554.363832650722,554.363832650722,0,0,117.651227056322,111.88000205295,100,100,0,0,100,0,100,0,0.566859670992938,0.9,0.676770568006633,0.126770568006633,1.04166666666667,0,1.04166666666667,0,-1.58265708315451,62,low_it_load,proposed_residual_safesac,5
511.961071543416,191.066721925902,511.961071543416,10352.5807420592,0,0,5618.69863433952,542.734104116913,679,679,100,679,1,2168.79615268517,0.271099519085647,676.469865612326,676.469865612326,0,0,66.6590101844005,52.207755363841,100,100,1,1,100,0,100,0,0.558051981364032,0.742860899677093,0.711261613451726,0.161261613451726,0,10.4166666666667,0,10.4166666666667,-1.99027835339481,63,low_it_load,proposed_residual_safesac,5
475.178446986201,215.369719245519,475.178446986201,9980.04357810491,0,0,5399.03187659453,540.982795750451,1164.1,1164.1,100,1164.1,1,3032.35808805431,0.379044761006788,674.025926151856,674.025926151856,0,0,162.489765490383,143.206339911318,100,100,0,0,100,0,100,0,0.5678125,0.9,0.648602031468493,0.0986020314684933,13.5416666666667,0,13.5416666666667,0,-2.24343457547415,64,low_it_load,proposed_residual_safesac,5
434.544477821958,195.519803002622,434.544477821958,10527.1694804775,0,0,5194.01080677224,493.391012313847,916.3,916.3,100,916.3,1,2821.26278819694,0.352657848524618,584.16809397091,584.16809397091,0,0,118.457406716684,111.30816903269,100,100,1,1,100,0,100,0,0.560693393348928,0.9,0.641374398570818,0.0913743985708179,8.33333333333333,0,8.33333333333333,0,-2.03666461461065,65,low_it_load,proposed_residual_safesac,5
337.586045236193,176.774865077503,337.586045236193,11095.0388259437,0,0,3993.44229519716,359.930447999807,617.4,617.4,100,617.4,1,2502.47531239756,0.312809414049695,676.469865612326,676.469865612326,0,0,134.387974444775,109.318477839333,100,100,1,1,100,0,100,0,0.567347394939787,0.9,0.803610878218353,0.253610878218353,14.5833333333333,1.04166666666667,14.5833333333333,1.04166666666667,-1.84140484455733,66,low_it_load,proposed_residual_safesac,5
269.019070079223,163.655691217008,269.019070079223,11021.5019236505,0,0,3489.51761402956,316.609990017929,380,380,100,380,1,2360.41651310047,0.295052064137559,633.367250947209,633.367250947209,0,0,120.008899862306,103.184166883054,100,100,0,0,100,0,100,0,0.563794003791876,0.9,0.877700440972729,0.327700440972729,15.625,0,15.625,0,-1.7047467835105,67,low_it_load,proposed_residual_safesac,5
15.5310546926521,120.094317593689,15.5310546926521,8582.30567183128,0,0,2297.31147858706,267.679987922973,476.1,476.1,100,476.1,1,1936.51754154339,0.242064692692924,598.231612809145,598.231612809145,0,0,143.87148477686,132.634971777132,100,100,0,0,100,0,100,0,0.564581880289814,0.9,0.789164332200963,0.239164332200963,20.8333333333333,0,20.8333333333333,0,-1.25098247493426,68,low_it_load,proposed_residual_safesac,5
178.374203198957,123.139128184771,178.374203198957,6521.17717612779,0,0,2504.15241156834,384.003124579308,584.2,584.2,100,584.2,1,2343.59190878661,0.292948988598326,353.587053465515,353.587053465515,0,0,113.131140034864,107.746094278991,100,100,0,0,100,0,100,0,0.553721607050043,0.897390781782186,0.67545343038755,0.12545343038755,0,0,0,0,-1.28269925192469,69,low_it_load,proposed_residual_safesac,5
401.462159481374,162.684337884343,401.462159481374,10563.993706941,0,0,4639.51435614279,439.181855352152,890.2,890.2,100,890.2,1,2400.52575417529,0.300065719271911,676.469865612326,676.469865612326,0,0,69.6345491731435,56.2308223141375,100,100,1,1,100,0,100,0,0.557655103077379,0.790865656032978,0.689357618931255,0.139357618931255,0,11.4583333333333,0,11.4583333333333,-1.69462851962857,70,low_it_load,proposed_residual_safesac,5
452.508448005682,217.113091291785,452.508448005682,11642.6913900363,0,0,5847.68964323134,502.262702611504,424.4,424.4,100,424.4,1,3015.49011965821,0.376936264957276,676.469865612326,676.469865612326,0,0,121.268878849748,115.088411792895,100,100,0,0,100,0,100,0,0.567039029028885,0.9,0.716773329913945,0.166773329913945,8.33333333333333,4.16666666666667,8.33333333333333,4.16666666666667,-2.26159470095609,71,low_it_load,proposed_residual_safesac,5
515.623635968965,228.138706556055,515.623635968965,11727.2771044491,0,0,5981.5601842364,510.055329209125,328.1,328.1,100,328.1,1,2767.71416788411,0.345964270985514,673.786639195211,673.786639195211,0,0,126.496234165734,118.141017507458,100,100,1,1,100,0,100,0,0.5678125,0.9,0.694186919763931,0.144186919763931,13.5416666666667,0,13.5416666666667,0,-2.3764448599589,72,low_it_load,proposed_residual_safesac,5
438.167914854125,221.781901175177,438.167914854125,11976.5356166355,0,0,5466.05678669017,456.397155375866,335.9,335.9,100,335.9,1,2520.54870943814,0.315068588679767,676.469865612326,676.469865612326,0,0,134.458613188873,114.513232850977,100,100,1,1,100,0,100,0,0.566647969226864,0.9,0.843684256992433,0.293684256992433,17.7083333333333,5.20833333333333,17.7083333333333,5.20833333333333,-2.31022813724142,73,low_it_load,proposed_residual_safesac,5
259.381494676579,174.636035542893,259.381494676579,11742.0381395888,0,0,3771.06875816232,321.159641395474,444.3,444.3,100,444.3,1,2133.47434367728,0.266684292959661,676.469865612326,676.469865612326,0,0,128.87639907895,109.251896906624,100,100,0,0,100,0,100,0,0.566366133978701,0.9,0.9,0.35,20.8333333333333,1.04166666666667,20.8333333333333,1.04166666666667,-1.81912537023847,74,low_it_load,proposed_residual_safesac,5
117.22724343688,140.952738438727,117.22724343688,8992.45292910948,0,0,2575.70287374232,286.429397412191,558,558,100,558,1,2080.58179285057,0.260072724106321,657.972031863093,657.972031863093,0,0,167.545199676241,146.072185823773,100,100,0,0,100,0,100,0,0.5678125,0.9,0.794605852028155,0.244605852028155,22.9166666666667,0,22.9166666666667,0,-1.46825769207007,75,low_it_load,proposed_residual_safesac,5
280.496360864599,153.525105874647,280.496360864599,6951.33298237436,0,0,3320.78060874563,477.718535015619,555.6,555.6,100,555.6,1,2252.99858263342,0.281624822829178,530.600359357227,530.600359357227,0,0,119.799923034721,114.282718482132,100,100,0,0,100,0,100,0,0.565570718193497,0.9,0.69886148381775,0.14886148381775,5.20833333333333,0,5.20833333333333,0,-1.59921985286091,76,low_it_load,proposed_residual_safesac,5
409.873639933664,172.276823851538,409.873639933664,11561.3721870075,0,0,5101.59028852865,441.2616604681,659.9,659.9,100,659.9,1,2205.26517719772,0.275658147149714,676.469865612326,676.469865612326,0,0,71.7846592219522,62.6583183860843,100,100,1,1,100,0,100,0,0.554086248593742,0.75206441315024,0.693565296591015,0.143565296591015,0,16.6666666666667,0,16.6666666666667,-1.79455024845352,77,low_it_load,proposed_residual_safesac,5
472.980987615845,227.078401860798,472.980987615845,11861.6138817518,0,0,5764.45036733458,485.975215919207,601,601,100,601,1,2959.03182777265,0.369878978471581,676.469865612326,676.469865612326,0,0,155.61721770604,140.206749229194,100,100,0,0,100,0,100,0,0.565585157415647,0.9,0.701058358759703,0.151058358759703,15.625,8.33333333333333,15.625,8.33333333333333,-2.36540001938332,78,low_it_load,proposed_residual_safesac,5
399.241665688577,204.976627542855,399.241665688577,11626.2377471983,0,0,5097.03472379294,438.407921343361,841.8,841.8,100,841.8,1,2853.14528108257,0.356643160135322,676.469865612326,676.469865612326,0,0,168.229876438414,139.586669873326,100,100,0,0,100,0,100,0,0.564310282382995,0.9,0.681379058361423,0.131379058361423,15.625,3.125,15.625,3.125,-2.13517320357141,79,low_it_load,proposed_residual_safesac,5
361.351302873276,205.876481296493,361.351302873276,12418.7378214456,0,0,4934.98089978415,397.381841112876,547.9,547.9,100,547.9,1,2425.56893394051,0.303196116742564,676.469865612326,676.469865612326,0,0,142.512068415001,117.233815722433,100,100,0,0,100,0,100,0,0.565461422393565,0.9,0.86160044107728,0.31160044107728,18.75,5.20833333333333,18.75,5.20833333333333,-2.1445466801718,80,low_it_load,proposed_residual_safesac,5
323.211257545886,214.105006134338,323.211257545886,11742.1193341295,0,0,5320.89218747477,453.145810910738,623.5,623.5,100,623.5,1,2545.86128189912,0.31823266023739,676.469865612326,676.469865612326,0,0,154.346999248965,130.835131452938,100,100,0,0,100,0,100,0,0.563311497887985,0.9,0.876123776850769,0.326123776850769,18.75,2.08333333333333,18.75,2.08333333333333,-2.23026048056602,81,low_it_load,proposed_residual_safesac,5
232.484917615588,188.644480393102,232.484917615588,9506.33742447395,0,0,4294.73058115678,451.775525040806,314.4,314.4,100,314.4,1,1919.85372252942,0.239981715316178,676.469865612326,676.469865612326,0,0,154.87044645496,144.519334731917,100,100,0,0,100,0,100,0,0.567567823472737,0.9,0.827527942650403,0.277527942650403,17.7083333333333,2.08333333333333,17.7083333333333,2.08333333333333,-1.96504667076147,82,low_it_load,proposed_residual_safesac,5
174.00409323496,134.547746354873,174.00409323496,7257.19020413535,0,0,2795.8884446336,385.257705253533,328.3,328.3,100,328.3,1,2190.42900596993,0.273803625746241,512.542115403751,512.542115403751,0,0,117.261472202453,112.766574541071,100,100,0,0,100,0,100,0,0.563117875875311,0.9,0.712520236678337,0.162520236678337,7.29166666666667,0,7.29166666666667,0,-1.40153902452993,83,low_it_load,proposed_residual_safesac,5
269.365160586183,160.792998392852,269.365160586183,11832.5853937737,0,0,5164.88003016599,436.496324200096,372.8,372.8,100,372.8,1,2117.93479746276,0.264741849682844,676.469865612326,676.469865612326,0,0,73.9490300467725,65.2200030015528,100,100,0,0,100,0,100,0,0.558654881923277,0.735213230381299,0.698017534879471,0.148017534879471,0,8.33333333333333,0,8.33333333333333,-1.6749270665922,84,low_it_load,proposed_residual_safesac,5
335.736390334106,219.005894497412,335.736390334106,12251.064240851,0,0,6146.51595300919,501.712817121121,265.6,265.6,100,265.6,1,3021.7686600656,0.3777210825082,676.469865612326,676.469865612326,0,0,144.250584762228,131.142233578741,100,100,0,0,100,0,100,0,0.567300897114645,0.9,0.710201052724504,0.160201052724504,16.6666666666667,8.33333333333333,16.6666666666667,8.33333333333333,-2.28131140101471,85,low_it_load,proposed_residual_safesac,5
412.051865072032,248.649008044483,412.051865072032,12223.5411119935,0,0,7011.64262379665,573.617952404721,541.3,541.3,100,541.3,1,2773.02365546465,0.346627956933082,676.469865612326,676.469865612326,0,0,156.656472102522,134.139596519244,100,100,0,0,100,0,100,0,0.564858272453108,0.9,0.751710346741946,0.201710346741946,17.7083333333333,5.20833333333333,17.7083333333333,5.20833333333333,-2.5900938337967,86,low_it_load,proposed_residual_safesac,5
470.985817516203,262.139834204444,470.985817516203,12470.6353703479,0,0,7233.85778198996,580.07130889179,414.8,414.8,100,414.8,1,2561.4697075447,0.320183713443087,676.469865612326,676.469865612326,0,0,141.816695844954,119.733492952933,100,100,0,0,100,0,100,0,0.566325596733379,0.9,0.849239312517211,0.299239312517211,16.6666666666667,7.29166666666667,16.6666666666667,7.29166666666667,-2.73062327296296,87,low_it_load,proposed_residual_safesac,5
395.748410957712,244.771771368638,395.748410957712,11577.1587820825,0,0,6541.12874233981,565.002939448604,717.4,717.4,100,717.4,1,2611.2981092422,0.326412263655275,676.469865612326,676.469865612326,0,0,160.549391779168,136.032915782209,100,100,0,0,100,0,100,0,0.56502600650701,0.9,0.839810579930357,0.289810579930357,18.75,2.08333333333333,18.75,2.08333333333333,-2.54970595175665,88,low_it_load,proposed_residual_safesac,5
246.438973801023,188.108419031286,246.438973801023,8631.12071275953,0,0,4072.43129402739,471.831113195654,1087.2,1087.2,100,1087.2,1,2198.69758852191,0.274837198565238,676.469865612326,676.469865612326,0,0,199.64438677696,170.335709644445,100,100,0,0,100,0,100,0,0.566185443085283,0.9,0.745966021501762,0.195966021501762,20.8333333333333,3.125,20.8333333333333,3.125,-1.95946269824256,89,low_it_load,proposed_residual_safesac,5
155.806699276446,121.228947909194,155.806699276446,6285.64543795055,0,0,2206.24754385906,350.997771929435,1053.8,1053.8,100,1053.8,1,2465.2440829405,0.308155510367563,515.95328738311,515.95328738311,0,0,143.802656589796,130.274011521129,100,100,0,0,100,0,100,0,0.563005267563651,0.9,0.644017593336935,0.0940175933369346,13.5416666666667,0,13.5416666666667,0,-1.26280154072077,90,low_it_load,proposed_residual_safesac,5
416.771110520655,181.469601815148,416.771110520655,12021.9297474619,0,0,5584.27363392827,464.507258920492,0,0,,0,,1690.40709164785,0.211300886455981,676.469865612326,676.469865612326,0,0,81.1292376330158,72.3592892353432,100,100,0,0,100,0,100,0,0.556211605092428,0.700469243538647,0.700469243538647,0.150469243538647,0,10.4166666666667,0,10.4166666666667,-1.89030835224112,91,low_it_load,proposed_residual_safesac,5
