controller,seed,daily_cost_EUR,objective_value,grid_energy_cost_EUR,imported_energy_kWh,exported_energy_kWh,export_energy_kWh,carbon_emissions_kgCO2,carbon_intensity_avg_gCO2_per_kWh,pv_generation_kWh,pv_used_locally_kWh,renewable_self_consumption_ratio_pct,PV_self_consumption_kWh,renewable_self_consumption_ratio,battery_throughput_kWh,equivalent_full_cycles,mean_daily_peak_import_kW,horizon_max_grid_import_kW,peak_contract_violation_count,peak_contract_violation_energy_kWh,VPP_tracking_RMSE_kW,VPP_tracking_MAE_kW,DR_success_rate_pct,DR_interval_compliance_pct,DR_event_count,DR_successful_event_count,DR_event_compliance_pct,DR_max_violation_kW,feasible_DR_success_pct,DR_violation_energy_kWh,min_SOC,max_SOC,final_SOC,terminal_SOC_error,hard_clip_fraction_pct,soft_coach_fraction_pct,physical_projection_fraction_pct,service_coaching_fraction_pct,mean_reward
no_battery,0,481.8721828093005,192.3049197902669,481.8721828093005,11165.33671756259,0.0,0.0,5543.072521531214,496.4536817606406,1584.7,1584.7,100.0,1584.7,1.0,0.0,0.0,811.6169429714466,811.6169429714466,14.0,212.4884090911066,192.30730932731225,163.05511329957912,100.0,100.0,0.0,0.0,100.0,0.0,100.0,0.0,0.55,0.55,0.55,0.0,0.0,0.0,0.0,0.0,-2.00317624781528
no_battery,0,458.6560264253471,178.53026386440655,458.6560264253471,11442.808319778673,0.0,0.0,5190.76871115363,453.6271661722662,1639.0,1639.0,100.0,1639.0,1.0,0.0,0.0,795.4336587732491,795.4336587732491,17.0,253.801831470524,172.1718674013727,139.59788525711545,100.0,100.0,0.0,0.0,100.0,0.0,100.0,0.0,0.55,0.55,0.55,0.0,0.0,0.0,0.0,0.0,-1.8596902485875682
no_battery,0,470.62848194693754,202.3101443543933,470.62848194693754,11248.531328790134,0.0,0.0,6010.945461676052,534.3760252764105,1694.9,1694.9,100.0,1694.9,1.0,0.0,0.0,810.0615173918482,810.0615173918482,18.0,337.9046077021537,192.07725497629605,155.99799081557137,100.0,100.0,0.0,0.0,100.0,0.0,100.0,0.0,0.55,0.55,0.55,0.0,0.0,0.0,0.0,0.0,-2.10739733702493
no_battery,0,510.8497725897579,193.63387202718422,510.8497725897579,11798.048339562074,0.0,0.0,5938.765931998125,503.36850308400784,939.8,939.8,100.0,939.8,1.0,0.0,0.0,774.5253635904298,774.5253635904298,20.0,223.79761394069683,147.72453853194892,124.09044988618227,100.0,100.0,0.0,0.0,100.0,0.0,100.0,0.0,0.55,0.55,0.55,0.0,0.0,0.0,0.0,0.0,-2.017019500283169
no_battery,0,411.7097001086996,171.75335775341603,411.7097001086996,10847.929446944425,0.0,0.0,5427.888113864246,500.3616718205279,1247.3000000000002,1247.3000000000002,100.0,1247.3000000000002,1.0,0.0,0.0,701.0119055646873,701.0119055646873,5.0,13.27775451054228,149.41100889300117,125.7777943949568,100.0,100.0,0.0,0.0,100.0,0.0,100.0,0.0,0.55,0.55,0.55,0.0,0.0,0.0,0.0,0.0,-1.7890974765980836
no_battery,0,267.16664446218317,124.09016852924239,267.16664446218317,8380.496531267767,0.0,0.0,3976.8341299076683,474.534428248975,1325.1,1325.1,100.0,1325.1,1.0,0.0,0.0,504.23859481789145,504.23859481789145,0.0,0.0,138.3645389945197,109.38170617284784,100.0,100.0,0.0,0.0,100.0,0.0,100.0,0.0,0.55,0.55,0.55,0.0,0.0,0.0,0.0,0.0,-1.2926059221796082
no_battery,0,243.55822575700589,110.82825783384266,243.55822575700589,5832.332309145439,44.31230074136512,44.31230074136512,3172.577662082611,543.9638028011236,1989.8,1945.4876992586348,97.77302740268544,1945.4876992586348,0.9777302740268544,0.0,0.0,422.9399710178714,422.9399710178714,0.0,0.0,164.15773466791313,130.1013107174375,100.0,100.0,0.0,0.0,100.0,0.0,100.0,0.0,0.55,0.55,0.55,0.0,0.0,0.0,0.0,0.0,-1.1544610191025277
no_battery,0,400.3368994743834,172.43688754171302,400.3368994743834,11612.986625663634,0.0,0.0,5171.561276652715,445.32568953657784,779.3,779.3,100.0,779.3,1.0,0.0,0.0,795.4139719101449,795.4139719101449,13.0,196.21494824990708,176.20049705580016,144.55423414314689,100.0,100.0,0.0,0.0,100.0,0.0,100.0,0.0,0.55,0.55,0.55,0.0,0.0,0.0,0.0,0.0,-1.7962175785595107
no_battery,0,411.63150806400876,171.26118542728906,411.63150806400876,11622.611286869556,0.0,0.0,5073.352449035227,436.5071087567696,1103.7,1103.7,100.0,1103.7,1.0,0.0,0.0,809.0128265708923,809.0128265708923,20.0,240.97910921203584,166.28060147003433,141.06887966845096,100.0,100.0,0.0,0.0,100.0,0.0,100.0,0.0,0.55,0.55,0.55,0.0,0.0,0.0,0.0,0.0,-1.783970681534261
no_battery,0,353.097828148398,155.03800459821446,353.097828148398,11268.972330847992,0.0,0.0,4383.989205045464,389.0318545768909,1621.7,1621.7,100.0,1621.7,1.0,0.0,0.0,787.3619287900422,787.3619287900422,19.0,265.0658029469328,186.55718616650518,154.88483411440453,100.0,100.0,0.0,0.0,100.0,0.0,100.0,0.0,0.55,0.55,0.55,0.0,0.0,0.0,0.0,0.0,-1.614979214564734
no_battery,0,258.15547166203345,122.73065532235283,258.15547166203345,10826.426465436845,0.0,0.0,3496.173102517854,322.92955701304754,1678.0,1678.0,100.0,1678.0,1.0,0.0,0.0,760.4569655249235,760.4569655249235,12.0,113.55531861936174,172.5843652418719,141.8749337213809,100.0,100.0,0.0,0.0,100.0,0.0,100.0,0.0,0.55,0.55,0.55,0.0,0.0,0.0,0.0,0.0,-1.2784443262745087
no_battery,0,244.36236381788484,129.74554219943926,244.36236381788484,9359.460263274177,0.0,0.0,3808.158793014106,406.8780341914626,2333.3,2333.3,100.0,2333.3,1.0,0.0,0.0,650.4643310394085,650.4643310394085,0.0,0.0,195.5071342327939,156.04743886164846,100.0,100.0,0.0,0.0,100.0,0.0,100.0,0.0,0.55,0.55,0.55,0.0,0.0,0.0,0.0,0.0,-1.3515160645774922
no_battery,0,146.31997952575665,97.38482319903511,146.31997952575665,7303.066103103371,58.21914926762703,58.21914926762703,2843.8957278685393,389.4111990387232,2325.2,2266.9808507323733,97.49616595270831,2266.9808507323733,0.9749616595270831,0.0,0.0,460.4790183228996,460.4790183228996,0.0,0.0,185.0822434060004,142.90875887597971,100.0,100.0,0.0,0.0,100.0,0.0,100.0,0.0,0.55,0.55,0.55,0.0,0.0,0.0,0.0,0.0,-1.0144252416566157
no_battery,0,182.82406462901127,98.15944010884901,182.82406462901127,5581.408938724138,446.1247555424802,446.1247555424802,2660.8343402457813,476.7316585216967,2654.2000000000003,2208.07524445752,83.1917430659905,2208.07524445752,0.831917430659905,0.0,0.0,390.6425766880872,390.6425766880872,0.0,0.0,191.42519278160864,144.64494304770358,100.0,100.0,0.0,0.0,100.0,0.0,100.0,0.0,0.55,0.55,0.55,0.0,0.0,0.0,0.0,0.0,-1.0224941678005106
no_battery,0,456.8316663193324,223.23116744018188,456.8316663193324,10266.365284618816,0.0,0.0,5680.59840045223,553.3212819694782,2018.2,2018.2,100.0,2018.2,1.0,0.0,0.0,741.2655754395753,741.2655754395753,16.0,104.70136378955766,202.92641013389016,176.06305089454705,0.0,0.0,1.0,0.0,0.0,240.0281038313732,0.0,410.35249458105466,0.55,0.55,0.55,0.0,0.0,0.0,0.0,0.0,-2.325324660835228
no_battery,0,423.0745457051204,171.30994771394668,423.0745457051204,10839.87073874641,0.0,0.0,5197.192631491116,479.4515319185579,1613.6999999999998,1613.6999999999998,100.0,1613.6999999999998,1.0,0.0,0.0,757.7252632275367,757.7252632275367,11.0,77.22998970347504,166.40224720291513,135.64914181900642,100.0,100.0,0.0,0.0,100.0,0.0,100.0,0.0,0.55,0.55,0.55,0.0,0.0,0.0,0.0,0.0,-1.784478622020278
no_battery,0,485.64143938109544,238.76479727223904,485.64143938109544,10918.1541845526,0.0,0.0,5770.599329631899,528.5325002825433,1563.5,1563.5,100.0,1563.5,1.0,0.0,0.0,768.2314695589882,768.2314695589882,14.0,137.08349480593097,183.76866146665245,149.35702519812483,0.0,0.0,1.0,0.0,0.0,320.0803914875313,0.0,507.2718939550338,0.55,0.55,0.55,0.0,0.0,0.0,0.0,0.0,-2.4871333049191566
no_battery,0,361.88686262191135,150.53199306390457,361.88686262191135,10506.167866460308,0.0,0.0,4555.611547599529,433.6130552551685,1555.2,1555.2,100.0,1555.2,1.0,0.0,0.0,703.3638810466146,703.3638810466146,7.0,24.928889449972985,159.31387381277543,129.7885560956623,100.0,100.0,0.0,0.0,100.0,0.0,100.0,0.0,0.55,0.55,0.55,0.0,0.0,0.0,0.0,0.0,-1.5680415944156725
no_battery,0,353.4179524434091,142.33041204341697,353.4179524434091,10468.766749987793,0.0,0.0,4685.326071969585,447.55281914892686,908.0,908.0,100.0,908.0,1.0,0.0,0.0,626.5059014885586,626.5059014885586,0.0,0.0,106.2663783716742,87.04264918308701,100.0,100.0,0.0,0.0,100.0,0.0,100.0,0.0,0.55,0.55,0.55,0.0,0.0,0.0,0.0,0.0,-1.4826084587855934
no_battery,0,274.6045416787148,134.8776494369888,274.6045416787148,7786.106036819747,0.0,0.0,4365.285724316463,560.6506903031434,1416.7,1416.7,100.0,1416.7,1.0,0.0,0.0,486.3204982146208,486.3204982146208,0.0,0.0,148.9760501207986,120.21510635759053,100.0,100.0,0.0,0.0,100.0,0.0,100.0,0.0,0.55,0.55,0.55,0.0,0.0,0.0,0.0,0.0,-1.4049755149686334
no_battery,0,283.0475517669971,113.92061595972928,283.0475517669971,6446.806633622663,0.0,0.0,3684.2038927611957,571.4773378724601,1177.4,1177.4,100.0,1177.4,1.0,0.0,0.0,402.5107911177191,402.5107911177191,0.0,0.0,105.0109957689901,81.15599384700776,100.0,100.0,0.0,0.0,100.0,0.0,100.0,0.0,0.55,0.55,0.55,0.0,0.0,0.0,0.0,0.0,-1.1866730829138465
no_battery,0,494.8650690892798,235.76103221532094,494.8650690892798,10579.856327074427,0.0,0.0,6098.078956616708,576.3858003450758,1432.6,1432.6,100.0,1432.6,1.0,0.0,0.0,721.2649869756434,721.2649869756434,9.0,52.88781078700694,172.03169009123235,141.59617753189062,0.0,0.0,1.0,0.0,0.0,283.7322965769233,0.0,466.54452867581006,0.55,0.55,0.55,0.0,0.0,0.0,0.0,0.0,-2.4558440855762598
no_battery,0,468.7128423035073,195.6804810812689,468.7128423035073,10876.713004873345,0.0,0.0,6153.836926565081,565.7809417061786,1354.2,1354.2,100.0,1354.2,1.0,0.0,0.0,775.7734077336806,775.7734077336806,10.0,99.49541330472982,163.23686500761144,137.34041451162884,100.0,100.0,0.0,0.0,100.0,0.0,100.0,0.0,0.55,0.55,0.55,0.0,0.0,0.0,0.0,0.0,-2.0383383445965513
no_battery,0,407.83948535278364,177.98185537121788,407.83948535278364,11039.98140378678,0.0,0.0,5728.626710106435,518.8982209826443,1279.8000000000002,1279.8000000000002,100.0,1279.8000000000002,1.0,0.0,0.0,730.6218019660682,730.6218019660682,10.0,74.92652614436705,152.78782366483426,124.76717195871271,100.0,100.0,0.0,0.0,100.0,0.0,100.0,0.0,0.55,0.55,0.55,0.0,0.0,0.0,0.0,0.0,-1.853977660116853
no_battery,0,374.9420550855479,157.5198716292074,374.9420550855479,10515.830768986008,0.0,0.0,4584.500058304245,435.96175699452664,1652.3999999999999,1652.3999999999999,100.00000000000001,1652.3999999999999,1.0000000000000002,0.0,0.0,753.4461405378477,753.4461405378477,9.0,78.72116143854956,182.7592031561322,148.64072466338158,100.0,100.0,0.0,0.0,100.0,0.0,100.0,0.0,0.55,0.55,0.55,0.0,0.0,0.0,0.0,0.0,-1.640831996137577
no_battery,0,199.34545923577303,105.96174363611789,199.34545923577303,9507.796692583379,0.0,0.0,3035.78552816439,319.2943251018898,2015.9,2015.9,100.0,2015.9,1.0,0.0,0.0,657.1419722936665,657.1419722936665,0.0,0.0,177.17444765998658,140.400591863552,100.0,100.0,0.0,0.0,100.0,0.0,100.0,0.0,0.55,0.55,0.55,0.0,0.0,0.0,0.0,0.0,-1.103768162876228
no_battery,0,209.05927069863893,93.88074051939884,209.05927069863893,8076.823901455757,0.0,0.0,2943.30851078069,364.4140997366789,1225.4,1225.4,100.0,1225.4,1.0,0.0,0.0,472.2869344878961,472.2869344878961,0.0,0.0,117.08350955474123,91.1000200014863,100.0,100.0,0.0,0.0,100.0,0.0,100.0,0.0,0.55,0.55,0.55,0.0,0.0,0.0,0.0,0.0,-0.9779243804104046
no_battery,0,264.62106870982313,107.52050553965776,264.62106870982313,6138.668722553208,0.0,0.0,3285.3271236051396,535.1856032782788,1398.4,1398.4,100.0,1398.4,1.0,0.0,0.0,403.8385264232869,403.8385264232869,0.0,0.0,126.46624816991533,97.35130450286401,100.0,100.0,0.0,0.0,100.0,0.0,100.0,0.0,0.55,0.55,0.55,0.0,0.0,0.0,0.0,0.0,-1.1200052660381017
no_battery,0,528.1021159213294,236.67344856103415,528.1021159213294,10796.183064794324,0.0,0.0,6353.45906528632,588.4912313134585,1187.9,1187.9,100.0,1187.9,1.0,0.0,0.0,720.4068496111588,720.4068496111588,6.0,43.32809507420609,173.24524690334167,147.75061496508735,0.0,0.0,1.0,0.0,0.0,258.09844510633224,0.0,406.06742590536805,0.55,0.55,0.55,0.0,0.0,0.0,0.0,0.0,-2.4653484225107722
no_battery,0,524.180381027668,210.44043720512602,524.180381027668,10737.066437217725,0.0,0.0,6325.953798823628,589.1696615470379,1584.0,1584.0,100.0,1584.0,1.0,0.0,0.0,770.674951011103,770.674951011103,13.0,151.58327108227115,191.52527737771285,159.18100676144468,100.0,100.0,0.0,0.0,100.0,0.0,100.0,0.0,0.55,0.55,0.55,0.0,0.0,0.0,0.0,0.0,-2.192087887553396
no_battery,0,456.89772320368456,193.0931327336463,456.89772320368456,10385.425805576017,0.0,0.0,5721.360397343829,550.9028232883803,2027.8999999999999,2027.8999999999999,100.0,2027.8999999999999,1.0,0.0,0.0,732.3290369200805,732.3290369200805,16.0,142.65440669080294,208.27734794986705,166.6197507991801,100.0,100.0,0.0,0.0,100.0,0.0,100.0,0.0,0.55,0.55,0.55,0.0,0.0,0.0,0.0,0.0,-2.011386799308816
no_battery,0,359.0337794838535,155.64073053444727,359.0337794838535,11225.191454325955,0.0,0.0,5174.256759177006,460.9504238952606,757.2,757.2,100.0,757.2,1.0,0.0,0.0,721.5807891334169,721.5807891334169,1.0,11.277730880272799,121.11253822542993,100.4687537656173,100.0,100.0,0.0,0.0,100.0,0.0,100.0,0.0,0.55,0.55,0.55,0.0,0.0,0.0,0.0,0.0,-1.6212576097338258
no_battery,0,291.17859003581293,125.90065918787747,291.17859003581293,10581.33802324552,0.0,0.0,4056.6833824645664,383.3809461102818,819.0,819.0,100.0,819.0,1.0,0.0,0.0,627.6472448886155,627.6472448886155,0.0,0.0,115.35348974830316,98.96228916209073,100.0,100.0,0.0,0.0,100.0,0.0,100.0,0.0,0.55,0.55,0.55,0.0,0.0,0.0,0.0,0.0,-1.3114651998737237
no_battery,0,230.75284462293993,119.8801630615828,230.75284462293993,8424.466251183705,0.0,0.0,4194.972429726452,497.9511229138136,700.5,700.5,100.0,700.5,1.0,0.0,0.0,462.7654810169641,462.7654810169641,0.0,0.0,105.29521081376599,87.15314271093366,100.0,100.0,0.0,0.0,100.0,0.0,100.0,0.0,0.55,0.55,0.55,0.0,0.0,0.0,0.0,0.0,-1.2487516985581542
no_battery,0,255.51964999661396,109.76794156919034,255.51964999661396,6701.410354928112,0.0,0.0,3618.6039861049567,539.9764817332657,940.7,940.7,100.0,940.7,1.0,0.0,0.0,390.2974023509597,390.2974023509597,0.0,0.0,101.08987706135123,83.33651440192335,100.0,100.0,0.0,0.0,100.0,0.0,100.0,0.0,0.55,0.55,0.55,0.0,0.0,0.0,0.0,0.0,-1.1434160580123993
no_battery,0,503.6071751942153,201.33130838310967,503.6071751942153,11398.359498118694,0.0,0.0,6490.499153887478,569.4239732444603,715.9,715.9,100.0,715.9,1.0,0.0,0.0,694.9039931101418,694.9039931101418,10.0,19.441685225615743,150.12816640824104,122.1573010641964,100.0,100.0,0.0,0.0,100.0,0.0,100.0,0.0,0.55,0.55,0.55,0.0,0.0,0.0,0.0,0.0,-2.0972011289907257
no_battery,0,612.7127881990193,222.18375104370654,612.7127881990193,11513.512147844149,0.0,0.0,6998.127733721975,607.8186780766407,628.5,628.5,100.0,628.5,1.0,0.0,0.0,737.1372488216783,737.1372488216783,12.0,76.53434382845325,138.4446919608182,120.3042501441959,100.0,100.0,0.0,0.0,100.0,0.0,100.0,0.0,0.55,0.55,0.55,0.0,0.0,0.0,0.0,0.0,-2.314414073371943
no_battery,0,476.19634869485503,192.6544783335849,476.19634869485503,11182.255286029093,0.0,0.0,5955.873184810671,532.6182449305938,1100.6999999999998,1100.6999999999998,100.0,1100.6999999999998,1.0,0.0,0.0,744.4042214195229,744.4042214195229,14.0,88.02649353245863,164.2402775416428,140.835403904658,100.0,100.0,0.0,0.0,100.0,0.0,100.0,0.0,0.55,0.55,0.55,0.0,0.0,0.0,0.0,0.0,-2.0068174826415093
no_battery,0,552.3862267959885,249.1088281270063,552.3862267959885,11465.70385868529,0.0,0.0,6831.218728564935,595.7958458337711,656.3,656.3,100.0,656.3,1.0,0.0,0.0,751.8500254188737,751.8500254188737,8.0,80.86036922404921,139.19468559649806,115.50058234875665,0.0,0.0,1.0,0.0,0.0,276.7502043453776,0.0,456.5519956012711,0.55,0.55,0.55,0.0,0.0,0.0,0.0,0.0,-2.594883626322982
no_battery,0,450.0411252842664,183.9271689227919,450.0411252842664,10745.003271462721,0.0,0.0,6149.8240114382725,572.3426839497923,615.2,615.2,100.0,615.2,1.0,0.0,0.0,636.5021034732625,636.5021034732625,0.0,0.0,115.65928320098817,101.50717912771506,100.0,100.0,0.0,0.0,100.0,0.0,100.0,0.0,0.55,0.55,0.55,0.0,0.0,0.0,0.0,0.0,-1.9159080096124157
no_battery,0,337.90234072094916,144.3023044417305,337.90234072094916,8111.120221128525,0.0,0.0,4652.216409953227,573.5602830586513,1260.8,1260.8,100.0,1260.8,1.0,0.0,0.0,486.35033440055895,486.35033440055895,0.0,0.0,138.57042779473616,108.4586393857601,100.0,100.0,0.0,0.0,100.0,0.0,100.0,0.0,0.55,0.55,0.55,0.0,0.0,0.0,0.0,0.0,-1.5031490046013596
no_battery,0,270.76611653410856,102.90505320183371,270.76611653410856,6792.890977829019,0.0,0.0,3340.3552788909974,491.74280726621663,773.1,773.1,100.0,773.1,1.0,0.0,0.0,369.31907726276455,369.31907726276455,0.0,0.0,86.85254792007566,68.24779726560193,100.0,100.0,0.0,0.0,100.0,0.0,100.0,0.0,0.55,0.55,0.55,0.0,0.0,0.0,0.0,0.0,-1.0719276375191011
no_battery,0,497.97366183870224,181.0390754237357,497.97366183870224,11385.847619822898,0.0,0.0,5377.002276877556,472.2531388454673,725.6,725.6,100.0,725.6,1.0,0.0,0.0,749.94450575196,749.94450575196,13.0,96.4335864230068,164.96035844624168,131.15297040406088,100.0,100.0,0.0,0.0,100.0,0.0,100.0,0.0,0.55,0.55,0.55,0.0,0.0,0.0,0.0,0.0,-1.8858237023305804
no_battery,0,557.1864768645573,199.4751882734067,557.1864768645573,11542.832465443073,0.0,0.0,6103.950545854645,528.8087273317576,601.9,601.9,100.0,601.9,1.0,0.0,0.0,772.5818878340139,772.5818878340139,9.0,115.25936095719601,139.00183427257687,119.53450547871289,100.0,100.0,0.0,0.0,100.0,0.0,100.0,0.0,0.55,0.55,0.55,0.0,0.0,0.0,0.0,0.0,-2.077866544514653
no_battery,0,500.77457745881946,191.03821494003088,500.77457745881946,11112.297372951889,0.0,0.0,5594.443022107294,503.44612228651846,1402.6000000000001,1402.6000000000001,99.99999999999999,1402.6000000000001,0.9999999999999999,0.0,0.0,794.4698252557835,794.4698252557835,15.0,164.4198886387777,177.38744079685176,146.8357800129895,100.0,100.0,0.0,0.0,100.0,0.0,100.0,0.0,0.55,0.55,0.55,0.0,0.0,0.0,0.0,0.0,-1.9899814056253218
no_battery,0,462.33383846090874,178.97918818222155,462.33383846090874,11704.602163461263,0.0,0.0,5809.1665543048075,496.3147378421388,497.19999999999993,497.19999999999993,100.0,497.19999999999993,1.0,0.0,0.0,759.4973055579129,759.4973055579129,6.0,47.44740476438355,117.67869483926474,100.75182832955879,100.0,100.0,0.0,0.0,100.0,0.0,100.0,0.0,0.55,0.55,0.55,0.0,0.0,0.0,0.0,0.0,-1.8643665435648078
no_battery,0,417.77733619294145,170.1743282136764,417.77733619294145,11047.775661118914,0.0,0.0,5565.429469403773,503.76018124539905,649.0999999999999,649.0999999999999,100.0,649.0999999999999,1.0,0.0,0.0,674.8804354786224,674.8804354786224,0.0,0.0,121.13148716241581,105.1401675511831,100.0,100.0,0.0,0.0,100.0,0.0,100.0,0.0,0.55,0.55,0.55,0.0,0.0,0.0,0.0,0.0,-1.772649252225796
no_battery,0,336.61418686934064,138.15651494693407,336.61418686934064,9173.545116944408,0.0,0.0,4677.502157355355,509.89035293624545,405.4,405.4,100.0,405.4,1.0,0.0,0.0,483.5657207749684,483.5657207749684,0.0,0.0,92.64241123235408,79.60661311612323,100.0,100.0,0.0,0.0,100.0,0.0,100.0,0.0,0.55,0.55,0.55,0.0,0.0,0.0,0.0,0.0,-1.4391303640305633
no_battery,0,295.41093049207706,110.75944386868802,295.41093049207706,7267.891557494421,0.0,0.0,3538.4741373046822,486.86391497626556,584.7,584.7,100.0,584.7,1.0,0.0,0.0,412.88471390158577,412.88471390158577,0.0,0.0,90.22603212410851,76.5717219197435,100.0,100.0,0.0,0.0,100.0,0.0,100.0,0.0,0.55,0.55,0.55,0.0,0.0,0.0,0.0,0.0,-1.1537442069655002
no_battery,0,603.9396928624487,265.57444026513315,603.9396928624487,11915.177008163668,0.0,0.0,6371.079136651462,534.7028526967183,733.5,733.5,100.0,733.5,1.0,0.0,0.0,788.3637528766355,788.3637528766355,24.0,316.30357695516363,178.21891535892627,137.80113877605825,0.0,0.0,1.0,0.0,0.0,299.3379153661884,0.0,527.9582956564457,0.55,0.55,0.55,0.0,0.0,0.0,0.0,0.0,-2.76640041942847
no_battery,0,664.5372359900176,247.85150156002584,664.5372359900176,12403.143889974152,0.0,0.0,7837.598488216767,631.9041815319214,433.79999999999995,433.79999999999995,100.0,433.79999999999995,1.0,0.0,0.0,833.0484558166872,833.0484558166872,21.0,301.12440785806064,136.9333095876809,116.73078581604345,100.0,100.0,0.0,0.0,100.0,0.0,100.0,0.0,0.55,0.55,0.55,0.0,0.0,0.0,0.0,0.0,-2.5817864745836023
no_battery,0,644.6668102526355,245.9085328560364,644.6668102526355,12783.585106234445,0.0,0.0,7633.809180169108,597.1571446296521,384.09999999999997,384.09999999999997,100.00000000000001,384.09999999999997,1.0000000000000002,0.0,0.0,801.7018396740541,801.7018396740541,27.0,481.0785159513616,146.1183786612017,127.14838770202131,100.0,100.0,0.0,0.0,100.0,0.0,100.0,0.0,0.55,0.55,0.55,0.0,0.0,0.0,0.0,0.0,-2.561547217250379
no_battery,0,527.4802812236987,212.84597148313003,527.4802812236987,12167.137032215389,0.0,0.0,6567.5683292506,539.7792686859202,593.2,593.2,100.0,593.2,1.0,0.0,0.0,805.5730425219309,805.5730425219309,22.0,312.857451733406,156.64820593246674,139.27737721992318,100.0,100.0,0.0,0.0,100.0,0.0,100.0,0.0,0.55,0.55,0.55,0.0,0.0,0.0,0.0,0.0,-2.2171455362826045
no_battery,0,346.362247591617,143.0116332271329,346.362247591617,11342.066918009597,0.0,0.0,4456.092719639755,392.88189285535867,950.6000000000001,950.6000000000001,100.0,950.6000000000001,1.0,0.0,0.0,690.6397423445828,690.6397423445828,1.0,3.54246918306427,136.546283927855,115.59677479414586,100.0,100.0,0.0,0.0,100.0,0.0,100.0,0.0,0.55,0.55,0.55,0.0,0.0,0.0,0.0,0.0,-1.4897045127826345
no_battery,0,318.56649256039793,140.93799648390112,318.56649256039793,9080.669398881797,0.0,0.0,4694.91654147273,517.0231769533276,767.5,767.5,100.0,767.5,1.0,0.0,0.0,515.1446402686846,515.1446402686846,0.0,0.0,119.17034230989907,98.18255753961743,100.0,100.0,0.0,0.0,100.0,0.0,100.0,0.0,0.55,0.55,0.55,0.0,0.0,0.0,0.0,0.0,-1.4681041300406366
no_battery,0,399.5761851521452,144.52626564318024,399.5761851521452,7865.309118786913,0.0,0.0,4902.701355273888,623.3323167888467,278.4,278.4,100.0,278.4,1.0,0.0,0.0,421.7092472913647,421.7092472913647,0.0,0.0,66.93381920545238,57.11774499250809,100.0,100.0,0.0,0.0,100.0,0.0,100.0,0.0,0.55,0.55,0.55,0.0,0.0,0.0,0.0,0.0,-1.5054819337831276
no_battery,0,605.8378353525421,277.7693484593187,605.8378353525421,12744.188411645579,0.0,0.0,7170.744864216752,562.6678320028727,447.20000000000005,447.20000000000005,100.0,447.20000000000005,1.0,0.0,0.0,781.7709401903224,781.7709401903224,27.0,363.6123192611192,166.99055271212282,133.60706299409006,0.0,0.0,1.0,0.0,0.0,304.07186806148417,0.0,509.4162994360894,0.55,0.55,0.55,0.0,0.0,0.0,0.0,0.0,-2.893430713117903
no_battery,0,515.7338307613289,204.99985512137684,515.7338307613289,13257.841528372715,0.0,0.0,6108.866759648636,460.773855727211,329.9,329.9,100.0,329.9,1.0,0.0,0.0,846.6156441530153,846.6156441530153,25.0,518.2696689983093,141.04822914393839,121.36203566574528,100.0,100.0,0.0,0.0,100.0,0.0,100.0,0.0,0.55,0.55,0.55,0.0,0.0,0.0,0.0,0.0,-2.135415157514342
no_battery,0,412.42524718724826,223.23681344724218,412.42524718724826,13237.976117463648,0.0,0.0,4775.8050875577055,360.76550109932765,496.1,496.1,100.0,496.1,1.0,0.0,0.0,828.3552502918573,828.3552502918573,30.0,571.3278537672711,160.9092582264667,140.82307022711407,0.0,0.0,1.0,0.0,0.0,341.512231291885,0.0,528.909008682472,0.55,0.55,0.55,0.0,0.0,0.0,0.0,0.0,-2.3253834734087726
no_battery,0,553.2629099506089,248.17448439640074,553.2629099506089,13164.724031888476,0.0,0.0,5809.694213931392,441.3077098964446,614.3000000000001,614.3000000000001,100.0,614.3000000000001,1.0,0.0,0.0,818.2437450476598,818.2437450476598,24.0,520.1753637787929,157.44718949183252,133.52082392647625,0.0,0.0,1.0,0.0,0.0,324.0549780521273,0.0,481.67314002478787,0.55,0.55,0.55,0.0,0.0,0.0,0.0,0.0,-2.5851508791291744
no_battery,0,512.0689103384043,207.36934199256933,512.0689103384043,11947.9193305661,0.0,0.0,6689.762529359583,559.9102525111055,935.5,935.5,100.0,935.5,1.0,0.0,0.0,753.096224906765,753.096224906765,14.0,104.40329536913828,146.72643631543883,126.0319442326135,100.0,100.0,0.0,0.0,100.0,0.0,100.0,0.0,0.55,0.55,0.55,0.0,0.0,0.0,0.0,0.0,-2.160097312422597
no_battery,0,424.26815630271915,171.03004390130477,424.26815630271915,9986.559194997335,0.0,0.0,5861.119289472003,586.9007708288628,426.29999999999995,426.29999999999995,100.0,426.29999999999995,1.0,0.0,0.0,541.9792726181598,541.9792726181598,0.0,0.0,98.46475192120631,77.93833166876793,100.0,100.0,0.0,0.0,100.0,0.0,100.0,0.0,0.55,0.55,0.55,0.0,0.0,0.0,0.0,0.0,-1.781562957305258
no_battery,0,365.71454593300916,131.69283032690137,365.71454593300916,7863.820537296473,0.0,0.0,4150.744283558496,527.8279512957315,616.6,616.6,100.0,616.6,1.0,0.0,0.0,442.85993678477513,442.85993678477513,0.0,0.0,100.62444130644349,84.02153841952013,100.0,100.0,0.0,0.0,100.0,0.0,100.0,0.0,0.55,0.55,0.55,0.0,0.0,0.0,0.0,0.0,-1.3718003159052226
no_battery,0,657.3713824876049,291.9818406316483,657.3713824876049,13022.646237160068,0.0,0.0,7091.903696642246,544.5823811450492,679.0,679.0,100.0,679.0,1.0,0.0,0.0,852.3146944615239,852.3146944615239,28.0,604.3778566825617,180.76793400955523,141.32951380766102,0.0,0.0,1.0,0.0,0.0,317.59094871907513,0.0,512.2834550603825,0.55,0.55,0.55,0.0,0.0,0.0,0.0,0.0,-3.0414775065796698
no_battery,0,644.2209025471514,250.32366673588672,644.2209025471514,12962.367142951385,0.0,0.0,7098.198250580945,547.6004631176312,1164.1000000000001,1164.1000000000001,100.0,1164.1000000000001,1.0,0.0,0.0,896.3103475772866,896.3103475772866,30.0,707.3470371877675,187.60632867611037,161.28109223182744,100.0,100.0,0.0,0.0,100.0,0.0,100.0,0.0,0.55,0.55,0.55,0.0,0.0,0.0,0.0,0.0,-2.607538195165487
no_battery,0,561.8250281996742,299.2286244339881,561.8250281996742,13662.189451158016,0.0,0.0,6680.542193820846,488.98035104136244,916.3,916.3,100.0,916.3,1.0,0.0,0.0,912.1182717028122,912.1182717028122,30.0,1061.2156906655305,188.68427085901885,155.0832794122941,0.0,0.0,1.0,0.0,0.0,339.25336931098866,0.0,534.8256595454372,0.55,0.55,0.55,0.0,0.0,0.0,0.0,0.0,-3.116964837854043
no_battery,0,416.21252524639027,240.58882751198615,416.21252524639027,13477.374138547228,0.0,0.0,4841.435955966447,359.22694630248816,617.4000000000001,617.4000000000001,100.0,617.4000000000001,1.0,0.0,0.0,900.5956762136864,900.5956762136864,26.0,769.5063277022393,169.9940728842631,144.66370822679536,0.0,0.0,1.0,0.0,0.0,319.67217025704355,0.0,567.695261989991,0.55,0.55,0.55,0.0,0.0,0.0,0.0,0.0,-2.5061336199165223
no_battery,0,343.69479205591114,138.59338644902851,343.69479205591114,12915.273551169485,0.0,0.0,4213.964258554781,326.2775845869098,380.0,380.0,100.0,380.0,1.0,0.0,0.0,765.5454758562737,765.5454758562737,21.0,223.83111634695035,123.57165550554102,110.32064985805395,100.0,100.0,0.0,0.0,100.0,0.0,100.0,0.0,0.55,0.55,0.55,0.0,0.0,0.0,0.0,0.0,-1.443681108844047
no_battery,0,23.733920426761312,72.67921571785922,23.733920426761312,10195.582807275485,0.0,0.0,2756.3229484128506,270.3448150551983,476.1,476.1,100.0,476.1,1.0,0.0,0.0,568.8055648631881,568.8055648631881,0.0,0.0,117.69370100314913,96.11354159613893,100.0,100.0,0.0,0.0,100.0,0.0,100.0,0.0,0.55,0.55,0.55,0.0,0.0,0.0,0.0,0.0,-0.7570751637277002
no_battery,0,213.6596046374837,95.06382989446897,213.6596046374837,8061.290176456267,0.0,0.0,3092.7823440747543,383.6584810093436,584.2,584.2,100.0,584.2,1.0,0.0,0.0,445.5685782452309,445.5685782452309,0.0,0.0,100.60527939268414,82.41581228181205,100.0,100.0,0.0,0.0,100.0,0.0,100.0,0.0,0.55,0.55,0.55,0.0,0.0,0.0,0.0,0.0,-0.9902482280673851
no_battery,0,527.0648960712385,273.38838703398164,527.0648960712385,13475.76363559917,0.0,0.0,6020.671827779473,446.7777849616295,890.2,890.2,100.0,890.2,1.0,0.0,0.0,945.2637778753495,945.2637778753495,32.0,863.2221608927332,199.22382176859537,159.6570055102079,0.0,0.0,1.0,0.0,0.0,299.2646194511595,0.0,524.5391312086239,0.55,0.55,0.55,0.0,0.0,0.0,0.0,0.0,-2.8477956982706423
no_battery,0,596.1257480464433,269.75124133194333,596.1257480464433,14570.714341152143,0.0,0.0,7485.509527237698,513.736619356838,424.4,424.4,100.0,424.4,1.0,0.0,0.0,961.892277368952,961.892277368952,31.0,1163.6242659507898,159.19913272692517,132.81155066690312,100.0,100.0,0.0,0.0,100.0,0.0,100.0,0.0,0.55,0.55,0.55,0.0,0.0,0.0,0.0,0.0,-2.8099087638744096
no_battery,0,648.6420853945715,338.21351490970255,648.6420853945715,14788.628669042322,0.0,0.0,7501.824625044988,507.26979444340793,328.1,328.1,100.0,328.1,1.0,0.0,0.0,954.0440728546614,954.0440728546614,32.0,1286.310047122926,175.81734122431396,152.2327565279305,0.0,0.0,1.0,0.0,0.0,356.40551977989185,0.0,546.9615060734592,0.55,0.55,0.55,0.0,0.0,0.0,0.0,0.0,-3.5230574469760683
no_battery,0,541.0443432142038,287.02636545237795,541.0443432142038,14344.191043950083,0.0,0.0,6718.1520882113,468.3535005652898,335.9,335.9,100.0,335.9,1.0,0.0,0.0,886.4957298203406,886.4957298203406,33.0,868.410439233761,159.08490218053655,144.26126652314483,0.0,0.0,1.0,0.0,0.0,341.8328140743888,0.0,548.3215804052023,0.55,0.55,0.55,0.0,0.0,0.0,0.0,0.0,-2.98985797346227
no_battery,0,301.8240279890603,149.22770604071647,301.8240279890603,13794.15435799152,0.0,0.0,4367.213895928814,316.59888548359675,444.3,444.3,100.0,444.3,1.0,0.0,0.0,840.3033763872144,840.3033763872144,27.0,569.5095154551881,135.88425747915332,121.74792558593856,100.0,100.0,0.0,0.0,100.0,0.0,100.0,0.0,0.55,0.55,0.55,0.0,0.0,0.0,0.0,0.0,-1.5544552712574633
no_battery,0,172.6771275104917,98.74584428536087,172.6771275104917,10730.91843883583,0.0,0.0,3161.983730907703,294.66105337864616,558.0,558.0,100.0,558.0,1.0,0.0,0.0,594.1586259426491,594.1586259426491,0.0,0.0,134.00601373531043,111.37450577543864,100.0,100.0,0.0,0.0,100.0,0.0,100.0,0.0,0.55,0.55,0.55,0.0,0.0,0.0,0.0,0.0,-1.0286025446391758
no_battery,0,349.3558937694389,131.06742237322226,349.3558937694389,8506.809363220718,0.0,0.0,4176.078260771792,490.910055987279,555.5999999999999,555.5999999999999,100.0,555.5999999999999,1.0,0.0,0.0,469.13942434653967,469.13942434653967,0.0,0.0,101.65122709045677,86.99855016633772,100.0,100.0,0.0,0.0,100.0,0.0,100.0,0.0,0.55,0.55,0.55,0.0,0.0,0.0,0.0,0.0,-1.3652856497210653
no_battery,0,534.037121451649,325.53748569427086,534.037121451649,14719.765862050514,0.0,0.0,6549.4463875990305,444.94229385022777,659.9,659.9,100.0,659.9,1.0,0.0,0.0,996.5413985647466,996.5413985647466,34.0,1450.345495143038,217.3274154241918,168.35356174735188,0.0,0.0,1.0,0.0,0.0,333.5112852757579,0.0,566.6695804979646,0.55,0.55,0.55,0.0,0.0,0.0,0.0,0.0,-3.391015475981988
no_battery,0,622.7494344485898,295.4235533578385,622.7494344485898,15009.03856697408,0.0,0.0,7553.388104781722,503.25595947246165,601.0,601.0,100.0,601.0,1.0,0.0,0.0,969.7223141277173,969.7223141277173,34.0,1499.975186846737,176.18220718506498,157.20799277782083,100.0,100.0,0.0,0.0,100.0,0.0,100.0,0.0,0.55,0.55,0.55,0.0,0.0,0.0,0.0,0.0,-3.0773286808108176
no_battery,0,521.488160379753,292.86227056483597,521.488160379753,14887.524086267149,0.0,0.0,6587.614051794047,442.4922514732135,841.8,841.8,100.0,841.8,1.0,0.0,0.0,1001.8836827118964,1001.8836827118964,32.0,1721.8482019341789,214.00965198106758,186.4656148374319,100.0,100.0,0.0,0.0,100.0,0.0,100.0,0.0,0.55,0.55,0.55,0.0,0.0,0.0,0.0,0.0,-3.0506486517170415
no_battery,0,441.7846822981304,230.30336798892583,441.7846822981304,14915.523307615369,0.0,0.0,5956.537174356172,399.3515380928648,547.9,547.9,100.0,547.9,1.0,0.0,0.0,949.434106456694,949.434106456694,35.0,1285.0032780512718,167.1595342657832,146.54355370611484,100.0,100.0,0.0,0.0,100.0,0.0,100.0,0.0,0.55,0.55,0.55,0.0,0.0,0.0,0.0,0.0,-2.3989934165513107
no_battery,0,403.25296775501397,204.76119381452838,403.25296775501397,13952.989604296374,0.0,0.0,6405.428805018387,459.0721405716551,623.5,623.5,100.0,623.5,1.0,0.0,0.0,836.6368138347107,836.6368138347107,28.0,669.7960208124554,150.82244906591805,133.7704020288339,100.0,100.0,0.0,0.0,100.0,0.0,100.0,0.0,0.55,0.55,0.55,0.0,0.0,0.0,0.0,0.0,-2.132929102234671
no_battery,0,289.9393602652092,144.79059706982247,289.9393602652092,11170.526744089006,0.0,0.0,5071.974051632933,454.04967624439183,314.4,314.4,100.0,314.4,1.0,0.0,0.0,577.2346817969986,577.2346817969986,0.0,0.0,112.04729732533114,91.63154893019384,100.0,100.0,0.0,0.0,100.0,0.0,100.0,0.0,0.55,0.55,0.55,0.0,0.0,0.0,0.0,0.0,-1.5082353861439841
no_battery,0,216.04749949498566,100.62189897718767,216.04749949498566,8770.376819293957,0.0,0.0,3386.422197425685,386.12049028222975,328.3,328.3,100.0,328.3,1.0,0.0,0.0,455.306182888145,455.306182888145,0.0,0.0,92.99490957554659,79.7638548478955,100.0,100.0,0.0,0.0,100.0,0.0,100.0,0.0,0.55,0.55,0.55,0.0,0.0,0.0,0.0,0.0,-1.0481447810123716
no_battery,0,370.0761190870236,244.70177631257678,370.0761190870236,14967.93678760785,0.0,0.0,6601.7840198213125,441.06172503928633,372.8,372.8,100.0,372.8,1.0,0.0,0.0,951.4660436896088,951.4660436896088,31.0,1339.1223318394805,203.26177670129388,159.8366398357583,100.0,100.0,0.0,0.0,100.0,0.0,100.0,0.0,0.55,0.55,0.55,0.0,0.0,0.0,0.0,0.0,-2.5489768365893415
no_battery,0,445.27345973283593,295.34683146838256,445.27345973283593,15363.521873434205,0.0,0.0,7786.315691189016,506.80538976240234,265.6,265.6,100.0,265.6,1.0,0.0,0.0,1013.624244210376,1013.624244210376,34.0,1653.475719571457,180.59494935167046,159.4252588932486,100.0,100.0,0.0,0.0,100.0,0.0,100.0,0.0,0.55,0.55,0.55,0.0,0.0,0.0,0.0,0.0,-3.0765294944623185
no_battery,0,528.9824801183258,318.11437711684,528.9824801183258,15214.629407916658,0.0,0.0,8812.258257804717,579.1963787970686,541.3,541.3,100.0,541.3,1.0,0.0,0.0,1004.139815379388,1004.139815379388,33.0,1551.556841916767,188.1363238115195,165.76018740261884,100.0,100.0,0.0,0.0,100.0,0.0,100.0,0.0,0.55,0.55,0.55,0.0,0.0,0.0,0.0,0.0,-3.3136914283004164
no_battery,0,580.3879977788636,304.96791142193524,580.3879977788636,14996.906505804978,0.0,0.0,8733.195069962218,582.333100935302,414.8,414.8,100.0,414.8,1.0,0.0,0.0,974.9679454269752,974.9679454269752,32.0,1332.8799973570785,170.02708654012122,148.10808006815122,100.0,100.0,0.0,0.0,100.0,0.0,100.0,0.0,0.55,0.55,0.55,0.0,0.0,0.0,0.0,0.0,-3.1767490773118254
no_battery,0,489.11733286607154,247.63386953185307,489.11733286607154,13953.28671732987,0.0,0.0,7904.158675188834,566.4728916787708,717.4,717.4,100.0,717.4,1.0,0.0,0.0,856.6412202555838,856.6412202555838,30.0,736.0490522383132,160.26266152078682,143.77242604463342,100.0,100.0,0.0,0.0,100.0,0.0,100.0,0.0,0.55,0.55,0.55,0.0,0.0,0.0,0.0,0.0,-2.579519474290136
no_battery,0,316.7109968635673,154.37201736386905,316.7109968635673,10676.542708878304,0.0,0.0,4997.4325439885815,468.07591935476097,1087.2,1087.2,100.0,1087.2,1.0,0.0,0.0,624.5605383292323,624.5605383292323,0.0,0.0,163.80627580844686,131.38672279028629,100.0,100.0,0.0,0.0,100.0,0.0,100.0,0.0,0.55,0.55,0.55,0.0,0.0,0.0,0.0,0.0,-1.6080418475403027
no_battery,0,208.82124091848647,95.68584798582233,208.82124091848647,8062.906045206144,0.0,0.0,2836.4202364868815,351.78634360663233,1053.8000000000002,1053.8000000000002,100.0,1053.8000000000002,1.0,0.0,0.0,485.7590157923692,485.7590157923692,0.0,0.0,136.93872216399578,111.35663801721448,100.0,100.0,0.0,0.0,100.0,0.0,100.0,0.0,0.55,0.55,0.55,0.0,0.0,0.0,0.0,0.0,-0.9967275831856494
no_battery,0,537.3204552132888,273.0473882085191,537.3204552132888,15112.284118943115,0.0,0.0,7057.102534875935,466.9778889367173,0.0,0.0,,0.0,,0.0,0.0,940.3754550204424,940.3754550204424,36.0,1423.7123295177998,208.08891552562068,178.88870793019703,100.0,100.0,0.0,0.0,100.0,0.0,100.0,0.0,0.55,0.55,0.55,0.0,0.0,0.0,0.0,0.0,-2.8442436271720744
rule_based,0,418.8113857581825,482.65398897439337,418.8113857581825,9965.673464743184,130.3367471805911,130.3367471805911,4958.598614733211,497.56783947174966,1584.7,1584.7,100.0,1584.7,1.0,1329.9999999999993,0.16624999999999993,811.6169429714466,811.6169429714466,14.0,212.4884090911066,222.11474424204542,193.81219909353544,100.0,100.0,0.0,0.0,100.0,0.0,100.0,0.0,0.2,0.55,0.2,0.35000000000000003,29.166666666666668,0.0,29.166666666666668,0.0,-5.027645718483265
rule_based,0,391.816215402539,472.04858781516714,391.816215402539,10172.656352611184,59.84803283251128,59.84803283251128,4551.50080026886,447.425003116374,1639.0,1639.0,100.0,1639.0,1.0,1329.9999999999993,0.16624999999999993,795.4336587732491,795.4336587732491,17.0,253.801831470524,244.43844421533666,195.01455192378214,100.0,100.0,0.0,0.0,100.0,0.0,100.0,0.0,0.2,0.55,0.2,0.35000000000000003,25.0,0.0,25.0,0.0,-4.917172789741325
rule_based,0,416.0742460763129,475.6454857061707,416.0742460763129,10315.03208117817,396.5007523880354,396.5007523880354,5580.269452062143,540.9842071402237,1694.9,1694.9,100.0,1694.9,1.0,1329.9999999999993,0.16624999999999993,810.0615173918482,810.0615173918482,18.0,337.9046077021537,283.04199872967143,211.414657482238,100.0,100.0,0.0,0.0,100.0,0.0,100.0,0.0,0.2,0.55,0.2,0.35000000000000003,42.70833333333333,0.0,42.70833333333333,0.0,-4.954640476105944
rule_based,0,466.80617885131386,558.3333550517117,466.80617885131386,10468.048339562076,0.0,0.0,5181.626139257701,494.99447950337526,939.8,939.8,100.0,939.8,1.0,1329.9999999999993,0.16624999999999993,774.5253635904298,774.5253635904298,20.0,223.79761394069683,209.9479516636481,177.6638932068914,100.0,100.0,0.0,0.0,100.0,0.0,100.0,0.0,0.2,0.5302631578947369,0.2,0.35000000000000003,62.5,0.0,62.5,0.0,-5.81597244845533
rule_based,0,347.6212001437473,275.7738528840102,347.6212001437473,9517.929446944427,0.0,0.0,4656.880857195507,489.2745720751819,1247.3000000000002,1247.3000000000002,100.0,1247.3000000000002,1.0,1329.9999999999993,0.16624999999999993,680.716792237602,680.716792237602,1.0,1.0617316563190684,157.5263297966477,131.52532928481483,100.0,100.0,0.0,0.0,100.0,0.0,100.0,0.0,0.2,0.55,0.2,0.35000000000000003,4.166666666666666,0.0,4.166666666666666,0.0,-2.872644300875106
rule_based,0,267.16664446218317,124.09016852924239,267.16664446218317,8380.496531267767,0.0,0.0,3976.8341299076683,474.534428248975,1325.1,1325.1,100.0,1325.1,1.0,0.0,0.0,504.23859481789145,504.23859481789145,0.0,0.0,138.3645389945197,109.38170617284784,100.0,100.0,0.0,0.0,100.0,0.0,100.0,0.0,0.55,0.55,0.55,0.0,0.0,0.0,0.0,0.0,-1.2926059221796082
rule_based,0,192.90718965191013,435.83799538554916,192.90718965191013,4882.789261803427,424.76925339935235,424.76925339935235,2621.628565870038,536.9120855528704,1989.8,1945.4876992586348,97.77302740268544,1945.4876992586348,0.9777302740268544,1329.9999999999993,0.16624999999999993,422.9399710178714,422.9399710178714,0.0,0.0,233.4424679603162,185.51797738410414,100.0,100.0,0.0,0.0,100.0,0.0,100.0,0.0,0.2,0.55,0.2,0.35000000000000003,56.25,0.0,56.25,0.0,-4.5399791185994705
rule_based,0,361.4839053458961,187.37886350424927,361.4839053458961,10823.047286072098,35.06067828985607,35.06067828985607,4800.3180366574425,443.5274012740246,779.3,779.3,100.0,779.3,1.0,825.0000178813934,0.10312500223517418,795.4139719101449,795.4139719101449,9.0,149.1460042575088,174.22871045953173,142.58388844442496,100.0,100.0,0.0,0.0,100.0,0.0,100.0,0.0,0.3328947321364753,0.55,0.3328947321364753,0.21710526786352474,4.166666666666666,0.0,4.166666666666666,0.0,-1.9518631615025965
rule_based,0,373.4350474433635,190.1972993969276,373.4350474433635,10886.014753128742,88.40348414057824,88.40348414057824,4735.537657761943,435.01113723926426,1103.7,1103.7,100.0,1103.7,1.0,825.0000178813934,0.10312500223517418,809.0128265708923,809.0128265708923,16.0,195.66199540354864,198.71841120541714,155.5511345492255,100.0,100.0,0.0,0.0,100.0,0.0,100.0,0.0,0.3328947321364753,0.55,0.3328947321364753,0.21710526786352474,4.166666666666666,0.0,4.166666666666666,0.0,-1.9812218687179959
rule_based,0,321.795178775084,162.83015079107867,321.795178775084,11110.117260369276,66.14498316546441,66.14498316546441,4231.048928677174,380.82846737987927,1621.7,1621.7,100.0,1621.7,1.0,2250.0,0.28125,764.5613623192751,764.5613623192751,14.0,189.801925011032,204.48348093496767,147.95259047169876,100.0,100.0,0.0,0.0,100.0,0.0,100.0,0.0,0.3328947321364753,0.573363475766229,0.4648108418344667,0.08518915816553335,6.25,0.0,6.25,0.0,-1.696147404073736
rule_based,0,275.6757524515205,146.8443088225315,275.6757524515205,11585.801445320278,0.0,0.0,3722.548882154449,321.3026651391524,1678.0,1678.0,100.0,1678.0,1.0,759.3749798834324,0.09492187248542905,760.4569655249235,760.4569655249235,12.0,113.55531861936174,146.65563614699295,117.67549567739049,100.0,100.0,0.0,0.0,100.0,0.0,100.0,0.0,0.55,0.7303515577223156,0.7303515577223156,0.1803515577223156,2.083333333333333,0.0,2.083333333333333,0.0,-1.5296282169013697
rule_based,0,260.03103636180856,174.47471055510277,260.03103636180856,10833.14447380049,0.0,0.0,4196.690040407085,387.3935264646941,2333.3,2333.3,100.0,2333.3,1.0,1473.6842105263127,0.18421052631578907,650.4643310394085,650.4643310394085,0.0,0.0,124.99102959084173,100.416932578476,100.0,100.0,0.0,0.0,100.0,0.0,100.0,0.0,0.55,0.9,0.9,0.35,5.208333333333334,0.0,5.208333333333334,0.0,-1.817444901615654
rule_based,0,174.48744575490647,144.7239569500179,174.48744575490647,8718.531164362055,0.0,0.0,3355.3663632525304,384.85454717050914,2325.2,2325.2,100.0,2325.2,1.0,1473.6842105263127,0.18421052631578907,460.4790183228996,460.4790183228996,0.0,0.0,100.64233480419634,83.47165453650331,100.0,100.0,0.0,0.0,100.0,0.0,100.0,0.0,0.55,0.9,0.9,0.35,7.291666666666667,0.0,7.291666666666667,0.0,-1.5075412182293533
rule_based,0,136.66551764653406,386.25842964878575,136.66551764653406,5045.743120880738,1240.4589376990793,1240.4589376990793,2368.3775231289483,469.3813114123705,2654.2000000000003,2208.07524445752,83.1917430659905,2208.07524445752,0.831917430659905,1329.9999999999993,0.16624999999999993,390.6425766880872,390.6425766880872,0.0,0.0,270.159318854082,199.65158634335378,100.0,100.0,0.0,0.0,100.0,0.0,100.0,0.0,0.2,0.55,0.2,0.35000000000000003,29.166666666666668,0.0,29.166666666666668,0.0,-4.023525308841518
rule_based,0,394.24201254957177,510.0449945491055,394.24201254957177,9278.08109478941,341.71581017059503,341.71581017059503,5144.627994726963,554.4926738801838,2018.2,2018.2,100.0,2018.2,1.0,1329.9999999999993,0.16624999999999993,741.2655754395753,741.2655754395753,16.0,104.70136378955766,242.59871997091537,213.71793072357332,0.0,0.0,1.0,0.0,0.0,240.0281038313732,0.0,410.35249458105466,0.2,0.55,0.2,0.35000000000000003,46.875,0.0,46.875,0.0,-5.312968693219849
rule_based,0,362.1789169701258,449.31207015190444,362.1789169701258,9744.281745107468,234.41100636105597,234.41100636105597,4641.657830156559,476.346841314097,1613.6999999999998,1613.6999999999998,100.0,1613.6999999999998,1.0,1329.9999999999993,0.16624999999999993,757.7252632275367,757.7252632275367,11.0,77.22998970347504,246.30396166542297,191.06580848567305,100.0,100.0,0.0,0.0,100.0,0.0,100.0,0.0,0.2,0.55,0.2,0.35000000000000003,16.666666666666664,0.0,16.666666666666664,0.0,-4.680334064082338
rule_based,0,420.0069178343032,526.0923125846452,420.0069178343032,9789.71181362135,201.5576290687513,201.5576290687513,5197.915580827103,530.956955606676,1563.5,1563.5,100.0,1563.5,1.0,1329.9999999999993,0.16624999999999993,768.2314695589882,768.2314695589882,14.0,137.08349480593097,260.90780726393274,204.77369186479146,0.0,0.0,1.0,0.0,0.0,320.0803914875313,0.0,507.2718939550338,0.2,0.55,0.2,0.35000000000000003,37.5,0.0,37.5,0.0,-5.480128256090055
rule_based,0,306.6871745164689,317.2415255092502,306.6871745164689,9482.885298009172,214.2174583709537,214.2174583709537,4058.888246965229,428.0224973107444,1555.2,1555.2,100.0,1555.2,1.0,1237.5000268220901,0.15468750335276127,703.3638810466146,703.3638810466146,7.0,24.928889449972985,241.6063325276232,181.3510572132494,100.0,100.0,0.0,0.0,100.0,0.0,100.0,0.0,0.22434209820471296,0.55,0.22434209820471296,0.3256579017952871,2.083333333333333,0.0,2.083333333333333,0.0,-3.3045992240546895
rule_based,0,333.90417078461803,148.016830161938,333.90417078461803,10056.266741047097,0.0,0.0,4483.557582411093,445.84712178629496,908.0,908.0,100.0,908.0,1.0,412.5000089406967,0.05156250111758709,626.5059014885586,626.5059014885586,0.0,0.0,111.20757678701429,89.02671162370136,100.0,100.0,0.0,0.0,100.0,0.0,100.0,0.0,0.4414473660682377,0.55,0.4414473660682377,0.10855263393176234,2.083333333333333,0.0,2.083333333333333,0.0,-1.5418419808535209
rule_based,0,239.0029590638324,392.05071610437017,239.0029590638324,6702.019987780484,245.91395096073657,245.91395096073657,3750.256056256756,559.5710044276864,1416.7,1416.7,100.0,1416.7,1.0,1329.9999999999993,0.16624999999999993,486.3204982146208,486.3204982146208,0.0,0.0,233.8557651871397,175.63177302425717,100.0,100.0,0.0,0.0,100.0,0.0,100.0,0.0,0.2,0.55,0.2,0.35000000000000003,35.41666666666667,0.0,35.41666666666667,0.0,-4.083861626087189
rule_based,0,235.62577568372973,433.43782166677954,235.62577568372973,5527.75048125694,410.9438476342759,410.9438476342759,3156.463132199425,571.0212758159239,1177.4,1177.4,100.0,1177.4,1.0,1329.9999999999993,0.16624999999999993,402.5107911177191,402.5107911177191,0.0,0.0,192.96718938740625,136.57266051367438,100.0,100.0,0.0,0.0,100.0,0.0,100.0,0.0,0.2,0.55,0.2,0.35000000000000003,61.458333333333336,0.0,61.458333333333336,0.0,-4.514977309028954
rule_based,0,450.4541472500344,600.0441818857387,450.4541472500344,9266.639024872697,16.782697798269353,16.782697798269353,5351.247059909821,577.4744268711098,1432.6,1432.6,100.0,1432.6,1.0,1329.9999999999993,0.16624999999999993,721.2649869756434,721.2649869756434,9.0,52.88781078700694,189.112811135919,156.07469065514667,0.0,0.0,1.0,0.0,0.0,283.7322965769233,0.0,466.54452867581006,0.2,0.5302631578947369,0.2,0.35000000000000003,75.0,0.0,75.0,0.0,-6.250460227976444
rule_based,0,427.5156235009756,556.8864901638692,427.5156235009756,9547.687007731976,0.9740028586302003,0.9740028586302003,5368.31179639063,562.2630687456789,1354.2,1354.2,100.0,1354.2,1.0,1329.9999999999993,0.16624999999999993,775.7734077336806,775.7734077336806,10.0,99.49541330472982,217.69251745872975,187.95673223727,100.0,100.0,0.0,0.0,100.0,0.0,100.0,0.0,0.2,0.5302631578947369,0.2,0.35000000000000003,53.125,0.0,53.125,0.0,-5.800900939206971
rule_based,0,367.5384844663853,527.7568228279976,367.5384844663853,9729.963483493128,19.982079706344834,19.982079706344834,4987.337251919924,512.5751253209671,1279.8000000000002,1279.8000000000002,100.0,1279.8000000000002,1.0,1329.9999999999993,0.16624999999999993,730.6218019660682,730.6218019660682,10.0,74.92652614436705,219.32612482265154,180.09415623487303,100.0,100.0,0.0,0.0,100.0,0.0,100.0,0.0,0.2,0.55,0.2,0.35000000000000003,33.33333333333333,0.0,33.33333333333333,0.0,-5.4974669044583075
rule_based,0,313.7504258144155,378.94664914246295,313.7504258144155,9331.2143893494,145.3836203633896,145.3836203633896,4033.5750460586605,432.2668923631808,1652.3999999999999,1652.3999999999999,100.00000000000001,1652.3999999999999,1.0000000000000002,1329.9999999999993,0.16624999999999993,753.4461405378477,753.4461405378477,9.0,78.72116143854956,251.8958998625153,198.66045568273532,100.0,100.0,0.0,0.0,100.0,0.0,100.0,0.0,0.2,0.55,0.2,0.35000000000000003,10.416666666666668,0.0,10.416666666666668,0.0,-3.9473609285673223
rule_based,0,214.71187349461226,150.1659706659609,214.71187349461226,10981.480903109692,0.0,0.0,3422.0871374842527,311.62346569443105,2015.9,2015.9,100.0,2015.9,1.0,1473.6842105263127,0.18421052631578907,657.1419722936665,657.1419722936665,0.0,0.0,112.73902037882517,88.2912666519248,100.0,100.0,0.0,0.0,100.0,0.0,100.0,0.0,0.55,0.9,0.9,0.35,3.125,0.0,3.125,0.0,-1.5642288611037596
rule_based,0,209.3754885397948,104.82705412497867,209.3754885397948,8339.323874633666,0.0,0.0,2964.517735802857,355.4865814505955,1225.4,1225.4,100.0,1225.4,1.0,1087.4999910593033,0.1359374988824129,511.0560525395757,511.0560525395757,0.0,0.0,110.64804539121687,85.26738816683729,100.0,100.0,0.0,0.0,100.0,0.0,100.0,0.0,0.55,0.7103124957531695,0.6017598618214073,0.05175986182140724,6.25,0.0,6.25,0.0,-1.0919484804685278
rule_based,0,214.31100451330613,308.71736948834973,214.31100451330613,5372.954645524078,564.2859229708698,564.2859229708698,2877.9700478932346,535.6401156839688,1398.4,1398.4,100.0,1398.4,1.0,1329.9999999999993,0.16624999999999993,403.8385264232869,403.8385264232869,0.0,0.0,216.9338117193626,152.76797116953063,100.0,100.0,0.0,0.0,100.0,0.0,100.0,0.0,0.2,0.55,0.2,0.35000000000000003,43.75,0.0,43.75,0.0,-3.21580593217031
rule_based,0,480.4834846553926,602.1521177169876,480.4834846553926,9466.183064794324,0.0,0.0,5574.284069421095,588.8629061223644,1187.9,1187.9,100.0,1187.9,1.0,1329.9999999999993,0.16624999999999993,720.4068496111588,720.4068496111588,6.0,43.32809507420609,183.66207924597617,156.3556458002848,0.0,0.0,1.0,0.0,0.0,258.09844510633224,0.0,406.06742590536805,0.2,0.5302631578947369,0.2,0.35000000000000003,87.5,0.0,87.5,0.0,-6.272417892885287
rule_based,0,476.06722477809274,580.504884365324,476.06722477809274,9407.066437217727,0.0,0.0,5537.307328476804,588.6327438455448,1584.0,1584.0,100.0,1584.0,1.0,1329.9999999999993,0.16624999999999993,770.674951011103,770.674951011103,13.0,151.58327108227115,238.16172709842485,207.21474428395518,100.0,100.0,0.0,0.0,100.0,0.0,100.0,0.0,0.2,0.5302631578947369,0.2,0.35000000000000003,87.5,0.0,87.5,0.0,-6.046925878805458
rule_based,0,411.68917320171767,552.5491362867509,411.68917320171767,9055.425805576018,0.0,0.0,4939.5704534704655,545.4818535897946,2027.8999999999999,2027.8999999999999,100.0,2027.8999999999999,1.0,1329.9999999999993,0.16624999999999993,732.3290369200805,732.3290369200805,16.0,142.65440669080294,255.19683569633503,220.05163157210484,100.0,100.0,0.0,0.0,100.0,0.0,100.0,0.0,0.2,0.5302631578947369,0.2,0.35000000000000003,46.875,0.0,46.875,0.0,-5.755720169653656
rule_based,0,359.0337794838535,155.64073053444727,359.0337794838535,11225.191454325955,0.0,0.0,5174.256759177006,460.9504238952606,757.2,757.2,100.0,757.2,1.0,0.0,0.0,721.5807891334169,721.5807891334169,1.0,11.277730880272799,121.11253822542993,100.4687537656173,100.0,100.0,0.0,0.0,100.0,0.0,100.0,0.0,0.55,0.55,0.55,0.0,0.0,0.0,0.0,0.0,-1.6212576097338258
rule_based,0,291.17859003581293,125.90065918787747,291.17859003581293,10581.33802324552,0.0,0.0,4056.6833824645664,383.3809461102818,819.0,819.0,100.0,819.0,1.0,0.0,0.0,627.6472448886155,627.6472448886155,0.0,0.0,115.35348974830316,98.96228916209073,100.0,100.0,0.0,0.0,100.0,0.0,100.0,0.0,0.55,0.55,0.55,0.0,0.0,0.0,0.0,0.0,-1.3114651998737237
rule_based,0,182.0194222417647,272.9929895848385,182.0194222417647,7181.291585162348,86.82533397864296,86.82533397864296,3473.2215119083785,483.64858475940287,700.5,700.5,100.0,700.5,1.0,1329.9999999999993,0.16624999999999993,462.5677459396909,462.5677459396909,0.0,0.0,185.83580944208362,136.78282408790537,100.0,100.0,0.0,0.0,100.0,0.0,100.0,0.0,0.2,0.55,0.2,0.35000000000000003,10.416666666666668,0.0,10.416666666666668,0.0,-2.8436769748420674
rule_based,0,198.50538482181938,257.79574327489814,198.50538482181938,5640.655914593437,269.2455596653245,269.2455596653245,2994.8114934652945,530.9331997573464,940.7,940.7,100.0,940.7,1.0,1329.9999999999993,0.16624999999999993,390.2974023509597,390.2974023509597,0.0,0.0,174.35305108937615,130.58358267196377,100.0,100.0,0.0,0.0,100.0,0.0,100.0,0.0,0.2,0.55,0.2,0.35000000000000003,17.708333333333336,0.0,17.708333333333336,0.0,-2.685372325780189
rule_based,0,446.0253326120012,486.039857561326,446.0253326120012,10139.789229886355,71.42973176766148,71.42973176766148,5785.417284619394,570.5658326276902,715.9,715.9,100.0,715.9,1.0,1329.9999999999993,0.16624999999999993,694.9039931101418,694.9039931101418,10.0,19.441685225615743,190.40387785969176,156.15336629402236,100.0,100.0,0.0,0.0,100.0,0.0,100.0,0.0,0.2,0.55,0.2,0.35000000000000003,66.66666666666666,0.0,66.66666666666666,0.0,-5.062915182930479
rule_based,0,566.8624752463855,594.5557850782013,566.8624752463855,10190.558565758412,7.0464179142618235,7.0464179142618235,6229.402627200508,611.2915780820987,628.5,628.5,100.0,628.5,1.0,1329.9999999999993,0.16624999999999993,737.1372488216783,737.1372488216783,12.0,76.53434382845325,212.2847328881415,175.7209168108625,100.0,100.0,0.0,0.0,100.0,0.0,100.0,0.0,0.2,0.5302631578947369,0.2,0.35000000000000003,87.5,0.0,87.5,0.0,-6.1932894278979305
rule_based,0,431.2368936208492,555.777812286474,431.2368936208492,9857.77001239256,5.5147263634690376,5.5147263634690376,5144.7442268632385,521.8973683090186,1100.6999999999998,1100.6999999999998,100.0,1100.6999999999998,1.0,1329.9999999999993,0.16624999999999993,744.4042214195229,744.4042214195229,14.0,88.02649353245863,231.2193656254694,195.76011850140125,100.0,100.0,0.0,0.0,100.0,0.0,100.0,0.0,0.2,0.5302631578947369,0.2,0.35000000000000003,58.333333333333336,0.0,58.333333333333336,0.0,-5.789352211317438
rule_based,0,487.65581593119316,545.8079125444217,487.65581593119316,10186.478393943104,50.77453525781418,50.77453525781418,6092.736977167637,598.1200510659688,656.3,656.3,100.0,656.3,1.0,1329.9999999999993,0.16624999999999993,751.8500254188737,751.8500254188737,8.0,80.86036922404921,222.68709193219655,170.91724901542327,0.0,0.0,1.0,0.0,0.0,276.7502043453776,0.0,456.5519956012711,0.2,0.55,0.2,0.35000000000000003,67.70833333333334,0.0,67.70833333333334,0.0,-5.685499089004392
rule_based,0,399.1371877303093,547.6418507842577,399.1371877303093,9415.003271462723,0.0,0.0,5336.513046279742,566.8094733917875,615.2,615.2,100.0,615.2,1.0,1329.9999999999993,0.16624999999999993,636.5021034732625,636.5021034732625,0.0,0.0,199.31319894327038,156.69905537433954,100.0,100.0,0.0,0.0,100.0,0.0,100.0,0.0,0.2,0.5302631578947369,0.2,0.35000000000000003,62.5,0.0,62.5,0.0,-5.704602612336018
rule_based,0,292.7429697209837,509.54977013523614,292.7429697209837,6844.035993861775,62.915772733248716,62.915772733248716,3930.7036431259608,574.32539025968,1260.8,1260.8,100.0,1260.8,1.0,1329.9999999999993,0.16624999999999993,486.35033440055895,486.35033440055895,0.0,0.0,217.65568286479095,163.87530605242674,100.0,100.0,0.0,0.0,100.0,0.0,100.0,0.0,0.2,0.5302631578947369,0.2,0.35000000000000003,58.333333333333336,0.0,58.333333333333336,0.0,-5.307810105575377
rule_based,0,219.32438731247782,370.80002025662765,219.32438731247782,6039.053696089194,576.1627182601734,576.1627182601734,2943.0006440628995,487.3281133381452,773.1,773.1,100.0,773.1,1.0,1329.9999999999993,0.16624999999999993,369.31907726276455,369.31907726276455,0.0,0.0,199.87446237965162,123.66446393226859,100.0,100.0,0.0,0.0,100.0,0.0,100.0,0.0,0.2,0.55,0.2,0.35000000000000003,20.833333333333336,0.0,20.833333333333336,0.0,-3.862500211006538
rule_based,0,434.62606406399016,339.1065225650027,434.62606406399016,10090.791887230385,34.94426740748676,34.94426740748676,4741.502636893889,469.8840972921191,725.6,725.6,100.0,725.6,1.0,1329.9999999999993,0.16624999999999993,732.6182862468092,732.6182862468092,9.0,59.429769413441306,159.841601045764,127.66191821303251,100.0,100.0,0.0,0.0,100.0,0.0,100.0,0.0,0.2,0.55,0.2,0.35000000000000003,22.916666666666664,0.0,22.916666666666664,0.0,-3.5323596100521115
rule_based,0,493.59823456764997,469.17651335480974,493.59823456764997,10353.31307498812,140.48060954504587,140.48060954504587,5491.368752886477,530.3972470563755,601.9,601.9,100.0,601.9,1.0,1329.9999999999993,0.16624999999999993,772.5818878340139,772.5818878340139,9.0,115.25936095719601,233.73803781274623,174.95117214537956,100.0,100.0,0.0,0.0,100.0,0.0,100.0,0.0,0.2,0.55,0.2,0.35000000000000003,45.83333333333333,0.0,45.83333333333333,0.0,-4.887255347445935
rule_based,0,452.6878198991383,532.9588216732719,452.6878198991383,9786.638686578679,4.341313626789784,4.341313626789784,4853.923831832282,495.9745615712692,1402.6000000000001,1402.6000000000001,99.99999999999999,1402.6000000000001,0.9999999999999999,1329.999999999999,0.1662499999999999,794.4698252557835,794.4698252557835,15.0,164.4198886387777,242.5774172034304,202.25244667965612,100.0,100.0,0.0,0.0,100.0,0.0,100.0,0.0,0.2,0.55,0.2,0.35000000000000003,55.208333333333336,0.0,55.208333333333336,0.0,-5.551654392429916
rule_based,0,397.7798821755707,290.6786886086702,397.7798821755707,10374.602163461264,0.0,0.0,5081.573134365894,489.8089636885445,497.19999999999993,497.19999999999993,100.0,497.19999999999993,1.0,1329.9999999999993,0.16624999999999993,759.4973055579129,759.4973055579129,4.0,34.73284947157572,133.58836749595545,110.07200979543988,100.0,100.0,0.0,0.0,100.0,0.0,100.0,0.0,0.2,0.55,0.2,0.35000000000000003,25.0,0.0,25.0,0.0,-3.0279030063403147
rule_based,0,368.6899651496983,521.9663123063992,368.6899651496983,9721.66822257953,3.892561460613848,3.892561460613848,4775.470915233074,491.21928519856027,649.0999999999999,649.0999999999999,100.0,649.0999999999999,1.0,1329.9999999999993,0.16624999999999993,674.8804354786224,674.8804354786224,0.0,0.0,200.23429619289374,160.23105295928107,100.0,100.0,0.0,0.0,100.0,0.0,100.0,0.0,0.2,0.5302631578947369,0.2,0.35000000000000003,19.791666666666664,0.0,19.791666666666664,0.0,-5.437149086524992
rule_based,0,336.61418686934064,138.15651494693407,336.61418686934064,9173.545116944408,0.0,0.0,4677.502157355355,509.89035293624545,405.4,405.4,100.0,405.4,1.0,0.0,0.0,483.5657207749684,483.5657207749684,0.0,0.0,92.64241123235408,79.60661311612323,100.0,100.0,0.0,0.0,100.0,0.0,100.0,0.0,0.55,0.55,0.55,0.0,0.0,0.0,0.0,0.0,-1.4391303640305633
rule_based,0,241.7141564374025,380.9233369058185,241.7141564374025,6442.543847754483,504.65229026006176,504.65229026006176,3081.1781227991246,478.25489365866775,584.7,584.7,100.0,584.7,1.0,1329.9999999999993,0.16624999999999993,412.88471390158577,412.88471390158577,0.0,0.0,207.2677889158534,131.98838858641014,100.0,100.0,0.0,0.0,100.0,0.0,100.0,0.0,0.2,0.55,0.2,0.35000000000000003,33.33333333333333,0.0,33.33333333333333,0.0,-3.967951426102276
rule_based,0,529.4680387299975,427.2631036050403,529.4680387299975,10594.075611145998,8.898602982329876,8.898602982329876,5636.574804485988,532.0497050781631,733.5,733.5,100.0,733.5,1.0,1329.9999999999993,0.16624999999999993,788.3637528766355,788.3637528766355,21.0,262.2124720968184,178.18937223212467,138.73761512950742,0.0,0.0,1.0,0.0,0.0,299.3379153661884,0.0,527.9582956564457,0.2,0.55,0.2,0.35000000000000003,37.5,0.0,37.5,0.0,-4.45065732921917
rule_based,0,611.6634234833568,617.6015099705759,611.6634234833568,11073.143889974152,0.0,0.0,6985.76345261071,630.8744401791583,433.79999999999995,433.79999999999995,100.0,433.79999999999995,1.0,1329.9999999999993,0.16624999999999993,833.0484558166872,833.0484558166872,21.0,301.12440785806064,208.0116080095735,171.70844155356903,100.0,100.0,0.0,0.0,100.0,0.0,100.0,0.0,0.2,0.5302631578947369,0.2,0.35000000000000003,87.5,0.0,87.5,0.0,-6.433349062193499
rule_based,0,594.7653602764178,616.6028956063158,594.7653602764178,11453.585106234446,0.0,0.0,6799.159119652519,593.6271531218275,384.09999999999997,384.09999999999997,100.00000000000001,384.09999999999997,1.0000000000000002,1329.9999999999993,0.16624999999999993,801.7018396740541,801.7018396740541,27.0,481.0785159513616,218.21564500081124,182.565054368688,100.0,100.0,0.0,0.0,100.0,0.0,100.0,0.0,0.2,0.5302631578947369,0.2,0.35000000000000003,87.5,0.0,87.5,0.0,-6.422946829232456
rule_based,0,480.27786247515155,578.4571741920327,480.27786247515155,10837.13703221539,0.0,0.0,5811.033382200821,536.2148106946005,593.2,593.2,100.0,593.2,1.0,1329.9999999999993,0.16624999999999993,805.5730425219309,805.5730425219309,22.0,312.857451733406,231.8239266531354,194.69404388658984,100.0,100.0,0.0,0.0,100.0,0.0,100.0,0.0,0.2,0.5302631578947369,0.2,0.35000000000000003,62.5,0.0,62.5,0.0,-6.02559556450034
rule_based,0,346.362247591617,143.0116332271329,346.362247591617,11342.066918009597,0.0,0.0,4456.092719639755,392.88189285535867,950.6000000000001,950.6000000000001,100.0,950.6000000000001,1.0,0.0,0.0,690.6397423445828,690.6397423445828,1.0,3.54246918306427,136.546283927855,115.59677479414586,100.0,100.0,0.0,0.0,100.0,0.0,100.0,0.0,0.55,0.55,0.55,0.0,0.0,0.0,0.0,0.0,-1.4897045127826345
rule_based,0,255.02829890921504,267.31441442854737,255.02829890921504,7750.669398881799,0.0,0.0,3931.7537192257723,507.2792447827813,767.5,767.5,100.0,767.5,1.0,1329.9999999999993,0.16624999999999993,512.3887685486521,512.3887685486521,0.0,0.0,173.8020752982884,136.94745221695723,100.0,100.0,0.0,0.0,100.0,0.0,100.0,0.0,0.2,0.55,0.2,0.35000000000000003,27.083333333333332,0.0,27.083333333333332,0.0,-2.7845251502973682
rule_based,0,355.93636481823023,518.7781433499819,355.93636481823023,6760.800985192847,225.49186640593433,225.49186640593433,4211.832267792233,622.9782945862137,278.4,278.4,100.0,278.4,1.0,1329.9999999999993,0.16624999999999993,421.7092472913647,421.7092472913647,0.0,0.0,175.24485515519885,112.53441165917472,100.0,100.0,0.0,0.0,100.0,0.0,100.0,0.0,0.2,0.5302631578947369,0.2,0.35000000000000003,87.5,0.0,87.5,0.0,-5.403938993228977
rule_based,0,557.0374128854544,640.8437771001437,557.0374128854544,11417.333008681813,3.1445970362345292,3.1445970362345292,6385.434092671352,559.2754531917242,447.20000000000005,447.20000000000005,100.0,447.20000000000005,1.0,1329.9999999999993,0.16624999999999993,781.7709401903224,781.7709401903224,27.0,363.6123192611192,190.03963992548967,153.37784835931149,0.0,0.0,1.0,0.0,0.0,304.07186806148417,0.0,509.4162994360894,0.2,0.5302631578947369,0.2,0.35000000000000003,70.83333333333334,0.0,70.83333333333334,0.0,-6.67545601145983
rule_based,0,450.9098662977278,414.4110517156035,450.9098662977278,11934.445324677039,6.603796304323595,6.603796304323595,5447.28754538073,456.43407776290104,329.9,329.9,100.0,329.9,1.0,1329.9999999999993,0.16624999999999993,846.6156441530153,846.6156441530153,25.0,518.2696689983093,228.48559971457692,173.0046396374921,100.0,100.0,0.0,0.0,100.0,0.0,100.0,0.0,0.2,0.55,0.2,0.35000000000000003,6.25,0.0,6.25,0.0,-4.316781788704203
rule_based,0,358.597656509701,278.6975926642279,358.597656509701,11908.03325432397,0.057136860322373195,0.057136860322373195,4263.3078938887775,358.0194817091825,496.1,496.1,100.0,496.1,1.0,1330.0000000000005,0.16625000000000006,828.3552502918573,828.3552502918573,22.0,392.03450912090995,178.29165387923254,147.4333773735344,87.5,87.5,1.0,0.0,0.0,41.51223129188497,87.5,10.378057822971243,0.2,0.55,0.2,0.35000000000000003,3.125,0.0,3.125,0.0,-2.903099923585707
rule_based,0,488.6644913018401,417.35877887412886,488.6644913018401,11834.724031888478,0.0,0.0,5210.989353139992,440.3135501173549,614.3000000000001,614.3000000000001,100.0,614.3000000000001,1.0,1329.9999999999993,0.16624999999999993,798.2256737994526,798.2256737994526,19.0,394.27930659791747,199.10510088050341,164.08007041060606,0.0,0.0,1.0,0.0,0.0,324.0549780521273,0.0,481.67314002478787,0.2,0.55,0.2,0.35000000000000003,27.083333333333332,0.0,27.083333333333332,0.0,-4.347487279938842
rule_based,0,450.7077855142679,350.3192827634847,450.7077855142679,10617.919330566101,0.0,0.0,5906.81944507688,556.3066794143701,935.5,935.5,100.0,935.5,1.0,1329.9999999999993,0.16624999999999993,753.096224906765,753.096224906765,9.0,84.37635251566701,175.04950861690637,148.54925191545232,100.0,100.0,0.0,0.0,100.0,0.0,100.0,0.0,0.2,0.55,0.2,0.35000000000000003,32.29166666666667,0.0,32.29166666666667,0.0,-3.6491591954529654
rule_based,0,375.91538754040334,542.4321302308858,375.91538754040334,8656.559194997335,0.0,0.0,5089.2380339920655,587.9054159224324,426.29999999999995,426.29999999999995,100.0,426.29999999999995,1.0,1329.9999999999993,0.16624999999999993,541.9792726181598,541.9792726181598,0.0,0.0,192.77907741095527,133.35499833543454,100.0,100.0,0.0,0.0,100.0,0.0,100.0,0.0,0.2,0.5302631578947369,0.2,0.35000000000000003,84.375,0.0,84.375,0.0,-5.650334689905061
rule_based,0,306.690994239867,406.2632802763875,306.690994239867,6975.079069739528,441.258532443053,441.258532443053,3698.2952783530495,530.2155346736673,616.6,616.6,100.0,616.6,1.0,1329.9999999999993,0.16624999999999993,442.85993678477513,442.85993678477513,0.0,0.0,214.41055659495174,139.43820508618677,100.0,100.0,0.0,0.0,100.0,0.0,100.0,0.0,0.2,0.55,0.2,0.35000000000000003,50.0,0.0,50.0,0.0,-4.231909169545703
rule_based,0,605.1578387446905,652.8737073053074,605.1578387446905,11692.646237160068,0.0,0.0,6313.8065288486,539.9809761440374,679.0,679.0,100.0,679.0,1.0,1329.9999999999993,0.16624999999999993,852.3146944615239,852.3146944615239,28.0,604.3778566825617,199.13349883993075,157.89815375877876,0.0,0.0,1.0,0.0,0.0,317.59094871907513,0.0,512.2834550603825,0.2,0.5302631578947369,0.2,0.35000000000000003,66.66666666666666,0.0,66.66666666666666,0.0,-6.800767784430286
rule_based,0,575.8564949891211,522.9311950845894,575.8564949891211,11690.35246330802,57.98532035663561,57.98532035663561,6401.807444660765,547.61457918004,1164.1000000000001,1164.1000000000001,100.0,1164.1000000000001,1.0,1329.9999999999993,0.16624999999999993,896.3103475772866,896.3103475772866,30.0,707.3470371877675,271.14765833754893,216.69775889849407,100.0,100.0,0.0,0.0,100.0,0.0,100.0,0.0,0.2,0.55,0.2,0.35000000000000003,50.0,0.0,50.0,0.0,-5.447199948797806
rule_based,0,490.50491475090564,565.2159361503058,490.50491475090564,12425.11804388418,92.92859272616495,92.92859272616495,6020.643876697272,484.55425980123533,916.3,916.3,100.0,916.3,1.0,1329.9999999999993,0.16624999999999993,912.1182717028122,912.1182717028122,30.0,1061.2156906655305,270.10792720384705,210.49994607896073,0.0,0.0,1.0,0.0,0.0,339.25336931098866,0.0,534.8256595454372,0.2,0.55,0.2,0.35000000000000003,25.0,0.0,25.0,0.0,-5.887666001565685
rule_based,0,365.12230040025963,287.12505763489486,365.12230040025963,12147.374138547228,0.0,0.0,4349.045187506441,358.02348210430335,617.4000000000001,617.4000000000001,100.0,617.4000000000001,1.0,1330.0000000000005,0.16625000000000006,900.5956762136864,900.5956762136864,17.0,494.9368249735637,178.97185006917547,146.62301927846613,87.5,87.5,1.0,0.0,0.0,4.684148627523484,87.5,1.171037156880871,0.2,0.55,0.2,0.35000000000000003,3.125,0.0,3.125,0.0,-2.9908860170301548
rule_based,0,343.69479205591114,138.59338644902851,343.69479205591114,12915.273551169485,0.0,0.0,4213.964258554781,326.2775845869098,380.0,380.0,100.0,380.0,1.0,0.0,0.0,765.5454758562737,765.5454758562737,21.0,223.83111634695035,123.57165550554102,110.32064985805395,100.0,100.0,0.0,0.0,100.0,0.0,100.0,0.0,0.55,0.55,0.55,0.0,0.0,0.0,0.0,0.0,-1.443681108844047
rule_based,0,23.733920426761312,72.67921571785922,23.733920426761312,10195.582807275485,0.0,0.0,2756.3229484128506,270.3448150551983,476.1,476.1,100.0,476.1,1.0,0.0,0.0,568.8055648631881,568.8055648631881,0.0,0.0,117.69370100314913,96.11354159613893,100.0,100.0,0.0,0.0,100.0,0.0,100.0,0.0,0.55,0.55,0.55,0.0,0.0,0.0,0.0,0.0,-0.7570751637277002
rule_based,0,213.6596046374837,95.06382989446897,213.6596046374837,8061.290176456267,0.0,0.0,3092.7823440747543,383.6584810093436,584.2,584.2,100.0,584.2,1.0,0.0,0.0,445.5685782452309,445.5685782452309,0.0,0.0,100.60527939268414,82.41581228181205,100.0,100.0,0.0,0.0,100.0,0.0,100.0,0.0,0.55,0.55,0.55,0.0,0.0,0.0,0.0,0.0,-0.9902482280673851
rule_based,0,457.5549336337788,552.5009771415334,457.5549336337788,12145.76363559917,0.0,0.0,5315.234803248582,437.6204710315336,890.2,890.2,100.0,890.2,1.0,1329.9999999999993,0.16624999999999993,945.2637778753495,945.2637778753495,32.0,863.2221608927332,231.10906165186577,193.2302054404678,0.0,0.0,1.0,0.0,0.0,299.2646194511595,0.0,524.5391312086239,0.2,0.55,0.2,0.35000000000000003,37.5,0.0,37.5,0.0,-5.755218511890973
rule_based,0,529.2587234387721,471.8770087169002,529.2587234387721,13278.006828865193,37.29248771304957,37.29248771304957,6788.637719971265,511.2693348834086,424.4,424.4,100.0,424.4,1.0,1329.9999999999993,0.16624999999999993,961.892277368952,961.892277368952,31.0,1163.6242659507898,246.83384432081616,185.90867753071316,100.0,100.0,0.0,0.0,100.0,0.0,100.0,0.0,0.2,0.55,0.2,0.35000000000000003,34.375,0.0,34.375,0.0,-4.91538550746771
rule_based,0,573.3716479775859,622.3647826260576,573.3716479775859,13458.628669042322,0.0,0.0,6757.6509644587595,502.1054619036172,328.1,328.1,100.0,328.1,1.0,1329.9999999999993,0.16624999999999993,954.0440728546614,954.0440728546614,32.0,1286.310047122926,261.2612569273477,207.64942319459712,0.0,0.0,1.0,0.0,0.0,356.40551977989185,0.0,546.9615060734592,0.2,0.55,0.2,0.35000000000000003,41.66666666666667,0.0,41.66666666666667,0.0,-6.4829664856881
rule_based,0,476.91296834965533,332.85920516460925,476.91296834965533,13014.19104395008,0.0,0.0,6007.124749503812,461.58264691345147,335.9,335.9,100.0,335.9,1.0,1330.0000000000005,0.16625000000000006,886.4957298203406,886.4957298203406,24.0,626.2756530974298,171.98000911510175,149.77467818663044,100.0,100.0,1.0,1.0,100.0,0.0,100.0,0.0,0.2,0.55,0.2,0.35000000000000003,3.125,0.0,3.125,0.0,-3.467283387131346
rule_based,0,301.8240279890603,149.22770604071647,301.8240279890603,13794.15435799152,0.0,0.0,4367.213895928814,316.59888548359675,444.3,444.3,100.0,444.3,1.0,0.0,0.0,840.3033763872144,840.3033763872144,27.0,569.5095154551881,135.88425747915332,121.74792558593856,100.0,100.0,0.0,0.0,100.0,0.0,100.0,0.0,0.55,0.55,0.55,0.0,0.0,0.0,0.0,0.0,-1.5544552712574633
rule_based,0,172.6771275104917,98.74584428536087,172.6771275104917,10730.91843883583,0.0,0.0,3161.983730907703,294.66105337864616,558.0,558.0,100.0,558.0,1.0,0.0,0.0,594.1586259426491,594.1586259426491,0.0,0.0,134.00601373531043,111.37450577543864,100.0,100.0,0.0,0.0,100.0,0.0,100.0,0.0,0.55,0.55,0.55,0.0,0.0,0.0,0.0,0.0,-1.0286025446391758
rule_based,0,288.3360216747872,301.4755079720943,288.3360216747872,7289.106382812441,112.29701959172225,112.29701959172225,3541.9705737106087,485.9265851932825,555.5999999999999,555.5999999999999,100.0,555.5999999999999,1.0,1329.9999999999993,0.16624999999999993,469.13942434653967,469.13942434653967,0.0,0.0,188.8842034543894,140.1380526058963,100.0,100.0,0.0,0.0,100.0,0.0,100.0,0.0,0.2,0.55,0.2,0.35000000000000003,18.75,0.0,18.75,0.0,-3.140369874709316
rule_based,0,475.95714015799604,401.8136341298789,475.95714015799604,13389.765862050514,0.0,0.0,5936.651935445461,443.37234844943885,659.9,659.9,100.0,659.9,1.0,1329.9999999999998,0.16624999999999998,996.5413985647466,996.5413985647466,28.0,1244.8862884902885,230.67955457659085,180.18589658691863,75.0,75.0,1.0,0.0,0.0,333.5112852757579,75.0,138.80777561330285,0.2,0.55,0.2,0.35000000000000003,6.25,0.0,6.25,0.0,-4.185558688852905
rule_based,0,560.4319345726728,530.1429781087271,560.4319345726728,13684.675073123959,5.6365061498784,5.6365061498784,6860.6865374183835,501.3408430056509,601.0,601.0,100.0,601.0,1.0,1329.9999999999993,0.16624999999999993,969.7223141277173,969.7223141277173,34.0,1499.975186846737,268.58788847394436,212.62465944448743,100.0,100.0,0.0,0.0,100.0,0.0,100.0,0.0,0.2,0.55,0.2,0.35000000000000003,35.41666666666667,0.0,35.41666666666667,0.0,-5.522322688632574
rule_based,0,521.488160379753,292.86227056483597,521.488160379753,14887.524086267149,0.0,0.0,6587.614051794047,442.4922514732135,841.8,841.8,100.0,841.8,1.0,0.0,0.0,1001.8836827118964,1001.8836827118964,32.0,1721.8482019341789,214.00965198106758,186.4656148374319,100.0,100.0,0.0,0.0,100.0,0.0,100.0,0.0,0.55,0.55,0.55,0.0,0.0,0.0,0.0,0.0,-3.0506486517170415
rule_based,0,441.7846822981304,230.30336798892583,441.7846822981304,14915.523307615369,0.0,0.0,5956.537174356172,399.3515380928648,547.9,547.9,100.0,547.9,1.0,0.0,0.0,949.434106456694,949.434106456694,35.0,1285.0032780512718,167.1595342657832,146.54355370611484,100.0,100.0,0.0,0.0,100.0,0.0,100.0,0.0,0.55,0.55,0.55,0.0,0.0,0.0,0.0,0.0,-2.3989934165513107
rule_based,0,403.25296775501397,204.76119381452838,403.25296775501397,13952.989604296374,0.0,0.0,6405.428805018387,459.0721405716551,623.5,623.5,100.0,623.5,1.0,0.0,0.0,836.6368138347107,836.6368138347107,28.0,669.7960208124554,150.82244906591805,133.7704020288339,100.0,100.0,0.0,0.0,100.0,0.0,100.0,0.0,0.55,0.55,0.55,0.0,0.0,0.0,0.0,0.0,-2.132929102234671
rule_based,0,289.9393602652092,144.79059706982247,289.9393602652092,11170.526744089006,0.0,0.0,5071.974051632933,454.04967624439183,314.4,314.4,100.0,314.4,1.0,0.0,0.0,577.2346817969986,577.2346817969986,0.0,0.0,112.04729732533114,91.63154893019384,100.0,100.0,0.0,0.0,100.0,0.0,100.0,0.0,0.55,0.55,0.55,0.0,0.0,0.0,0.0,0.0,-1.5082353861439841
rule_based,0,216.04749949498566,100.62189897718767,216.04749949498566,8770.376819293957,0.0,0.0,3386.422197425685,386.12049028222975,328.3,328.3,100.0,328.3,1.0,0.0,0.0,455.306182888145,455.306182888145,0.0,0.0,92.99490957554659,79.7638548478955,100.0,100.0,0.0,0.0,100.0,0.0,100.0,0.0,0.55,0.55,0.55,0.0,0.0,0.0,0.0,0.0,-1.0481447810123716
rule_based,0,370.0761190870236,244.70177631257678,370.0761190870236,14967.93678760785,0.0,0.0,6601.7840198213125,441.06172503928633,372.8,372.8,100.0,372.8,1.0,0.0,0.0,951.4660436896088,951.4660436896088,31.0,1339.1223318394805,203.26177670129388,159.8366398357583,100.0,100.0,0.0,0.0,100.0,0.0,100.0,0.0,0.55,0.55,0.55,0.0,0.0,0.0,0.0,0.0,-2.5489768365893415
rule_based,0,445.27345973283593,295.34683146838256,445.27345973283593,15363.521873434205,0.0,0.0,7786.315691189016,506.80538976240234,265.6,265.6,100.0,265.6,1.0,0.0,0.0,1013.624244210376,1013.624244210376,34.0,1653.475719571457,180.59494935167046,159.4252588932486,100.0,100.0,0.0,0.0,100.0,0.0,100.0,0.0,0.55,0.55,0.55,0.0,0.0,0.0,0.0,0.0,-3.0765294944623185
rule_based,0,490.9708490261961,604.4255175080898,490.9708490261961,13884.629407916658,0.0,0.0,8056.667168362068,580.2579911688795,541.3,541.3,100.0,541.3,1.0,1329.9999999999993,0.16624999999999993,1004.139815379388,1004.139815379388,33.0,1551.556841916767,271.92636269513497,221.17685406928547,100.0,100.0,0.0,0.0,100.0,0.0,100.0,0.0,0.2,0.55,0.2,0.35000000000000003,51.041666666666664,0.0,51.041666666666664,0.0,-6.296099140709269
rule_based,0,541.6628915323281,675.7886682432908,541.6628915323281,13666.906505804978,0.0,0.0,7965.109406870226,582.802655706108,414.8,414.8,100.0,414.8,1.0,1329.9999999999993,0.16624999999999993,974.9679454269752,974.9679454269752,32.0,1332.8799973570785,246.90606801646848,203.52474673481788,100.0,100.0,0.0,0.0,100.0,0.0,100.0,0.0,0.2,0.5302631578947369,0.2,0.35000000000000003,78.125,0.0,78.125,0.0,-7.039465294200945
rule_based,0,450.56446410447097,609.426692213341,450.56446410447097,12623.28671732987,0.0,0.0,7113.153264482398,563.4945496973551,717.4,717.4,100.0,717.4,1.0,1329.9999999999993,0.16624999999999993,856.6412202555838,856.6412202555838,30.0,736.0490522383132,233.58270348013042,199.18909271130005,100.0,100.0,0.0,0.0,100.0,0.0,100.0,0.0,0.2,0.5302631578947369,0.2,0.35000000000000003,48.95833333333333,0.0,48.95833333333333,0.0,-6.348194710555635
rule_based,0,316.7109968635673,154.37201736386905,316.7109968635673,10676.542708878304,0.0,0.0,4997.4325439885815,468.07591935476097,1087.2,1087.2,100.0,1087.2,1.0,0.0,0.0,624.5605383292323,624.5605383292323,0.0,0.0,163.80627580844686,131.38672279028629,100.0,100.0,0.0,0.0,100.0,0.0,100.0,0.0,0.55,0.55,0.55,0.0,0.0,0.0,0.0,0.0,-1.6080418475403027
rule_based,0,225.28092797999,115.70172196327034,225.28092797999,8653.531029559927,0.0,0.0,3018.114062929712,348.7725476016693,1053.8000000000002,1053.8000000000002,100.0,1053.8000000000002,1.0,590.6249843537807,0.0738281230442226,485.7590157923692,485.7590157923692,0.0,0.0,114.08300701759035,94.4565508667582,100.0,100.0,0.0,0.0,100.0,0.0,100.0,0.0,0.55,0.6902734337840233,0.6902734337840233,0.14027343378402324,2.083333333333333,0.0,2.083333333333333,0.0,-1.2052262704507328
rule_based,0,475.8621426039889,333.37171010601617,475.8621426039889,13782.284118943115,0.0,0.0,6321.842440330802,458.693376640068,0.0,0.0,,0.0,,1329.9999999999993,0.16624999999999993,892.3535736431467,892.3535736431467,23.0,762.6223392643742,170.40674295997556,144.14679796844155,100.0,100.0,0.0,0.0,100.0,0.0,100.0,0.0,0.2,0.55,0.2,0.35000000000000003,21.875,0.0,21.875,0.0,-3.472621980271002
tou_self_consumption,0,422.40662706687135,495.1120444381584,422.40662706687135,10108.39560065671,273.05888309411887,273.05888309411887,5023.7016020040755,496.9830822289644,1584.7,1584.7,100.0,1584.7,1.0,1329.9999999999995,0.16624999999999995,811.6169429714466,811.6169429714466,14.0,212.4884090911066,227.70221396652818,194.08957253347606,100.0,100.0,0.0,0.0,100.0,0.0,100.0,0.0,0.2,0.55,0.2,0.35000000000000003,31.25,0.0,31.25,0.0,-5.15741712956415
tou_self_consumption,0,396.1582324993133,484.27330118118135,396.1582324993133,10336.964400978892,224.15608120021886,224.15608120021886,4633.707700201498,448.26580807056797,1639.0,1639.0,100.0,1639.0,1.0,1329.9999999999995,0.16624999999999995,795.4336587732491,795.4336587732491,17.0,253.801831470524,251.08595379796756,195.01455192378208,100.0,100.0,0.0,0.0,100.0,0.0,100.0,0.0,0.2,0.55,0.2,0.35000000000000003,27.083333333333332,0.0,27.083333333333332,0.0,-5.044513553970639
tou_self_consumption,0,417.8767653814245,483.24542968922185,417.8767653814245,10394.410301605067,475.87897281493275,475.87897281493275,5616.560389149892,540.3443029647005,1694.9,1694.9,100.0,1694.9,1.0,1329.9999999999995,0.16624999999999995,810.0615173918482,810.0615173918482,18.0,337.9046077021537,286.5879293455646,211.414657482238,100.0,100.0,0.0,0.0,100.0,0.0,100.0,0.0,0.2,0.55,0.2,0.35000000000000003,31.25,0.0,31.25,0.0,-5.033806559262728
tou_self_consumption,0,451.6156304394946,490.73870086182023,451.6156304394946,10738.06835995624,270.02002039416556,270.02002039416556,5362.021543241266,499.3469368510444,939.8,939.8,100.0,939.8,1.0,1329.9999999999995,0.16624999999999995,774.5253635904298,774.5253635904298,20.0,223.79761394069683,240.73058595236805,179.50711655284894,100.0,100.0,0.0,0.0,100.0,0.0,100.0,0.0,0.2,0.55,0.2,0.35000000000000003,43.75,0.0,43.75,0.0,-5.111861467310628
tou_self_consumption,0,345.12407512854804,267.37527252655286,345.12407512854804,9517.929446944427,0.0,0.0,4658.561973491319,489.4511983367215,1247.3000000000002,1247.3000000000002,100.0,1247.3000000000002,1.0,1329.9999999999995,0.16624999999999995,665.63943153062,665.63943153062,0.0,0.0,167.0895308497713,136.48333015221817,100.0,100.0,0.0,0.0,100.0,0.0,100.0,0.0,0.2,0.55,0.2,0.35000000000000003,2.083333333333333,0.0,2.083333333333333,0.0,-2.785159088818259
tou_self_consumption,0,281.74692602977916,146.8319579878049,281.74692602977916,8896.121542443638,0.0,0.0,4191.3049803257945,471.13845739730107,1325.1,1325.1,100.0,1325.1,1.0,515.6250111758709,0.06445312639698386,744.8657105339771,744.8657105339771,4.0,29.068926227611286,148.7581485094999,116.58800001677763,100.0,100.0,0.0,0.0,100.0,0.0,100.0,0.0,0.55,0.6724609401542693,0.6724609401542693,0.12246094015426923,2.083333333333333,0.0,2.083333333333333,0.0,-1.529499562372968
tou_self_consumption,0,186.1786804110511,429.6836762971715,186.1786804110511,5090.706939629259,632.686931225185,632.686931225185,2738.540289311318,537.9489178590896,1989.8,1945.4876992586348,97.77302740268544,1945.4876992586348,0.9777302740268544,1329.9999999999995,0.16624999999999995,422.9399710178714,422.9399710178714,0.0,0.0,248.21532188613133,185.51797738410417,100.0,100.0,0.0,0.0,100.0,0.0,100.0,0.0,0.2,0.55,0.2,0.35000000000000003,52.083333333333336,0.0,52.083333333333336,0.0,-4.475871628095536
tou_self_consumption,0,355.82562611945514,192.10216321664564,355.82562611945514,10729.297319599711,91.31065817328846,91.31065817328846,4755.359008026397,443.21252980281935,779.3,779.3,100.0,779.3,1.0,974.9999642372131,0.12187499552965164,795.4139719101449,795.4139719101449,9.0,149.1460042575088,180.42132938836826,147.27138676804432,100.0,100.0,0.0,0.0,100.0,0.0,100.0,0.0,0.2934210620428386,0.55,0.2934210620428386,0.25657893795716147,4.166666666666666,0.0,4.166666666666666,0.0,-2.001064200173392
tou_self_consumption,0,367.6075495274399,194.88075590889974,367.6075495274399,10792.264786656355,144.65346402401065,144.65346402401065,4692.185380277828,434.773003909178,1103.7,1103.7,100.0,1103.7,1.0,974.9999642372131,0.12187499552965164,809.0128265708923,809.0128265708923,16.0,195.66199540354864,209.65421948728127,160.23863287284487,100.0,100.0,0.0,0.0,100.0,0.0,100.0,0.0,0.2934210620428386,0.55,0.2934210620428386,0.25657893795716147,4.166666666666666,0.0,4.166666666666666,0.0,-2.030007874051039
tou_self_consumption,0,337.0273081125401,189.03841518175614,337.0273081125401,11963.242363187288,197.39493622680664,197.39493622680664,4517.332691363944,377.6010344206067,1621.7,1621.7,100.0,1621.7,1.0,3421.874988824129,0.42773437360301614,934.2875510189435,934.2875510189435,21.0,391.597237529595,239.2904302083397,180.26571341783347,100.0,100.0,0.0,0.0,100.0,0.0,100.0,0.0,0.2934210620428386,0.7587726346290616,0.6304831656504811,0.08048316565048108,6.25,0.0,6.25,0.0,-1.969150158143293
tou_self_consumption,0,291.505504570986,180.5459059412372,291.505504570986,12300.110675963162,0.0,0.0,3938.114458839963,320.1690263272032,1678.0,1678.0,100.0,1678.0,1.0,1473.6842105263167,0.1842105263157896,858.2137960931773,858.2137960931773,17.0,221.92899788356166,164.0788968351478,135.41635087712768,100.0,100.0,0.0,0.0,100.0,0.0,100.0,0.0,0.55,0.9,0.9,0.35,2.083333333333333,0.0,2.083333333333333,0.0,-1.8806865202212208
tou_self_consumption,0,266.951097514864,188.09990977137724,266.951097514864,10833.144473800494,0.0,0.0,4221.99803963112,389.7296901967702,2333.3,2333.3,100.0,2333.3,1.0,1473.6842105263167,0.1842105263157896,691.3149068393162,691.3149068393162,1.0,3.7112603067476186,164.39863204585967,129.98767242983834,100.0,100.0,0.0,0.0,100.0,0.0,100.0,0.0,0.55,0.9,0.9,0.35,16.666666666666664,0.0,16.666666666666664,0.0,-1.959374060118513
tou_self_consumption,0,183.33963262928842,161.83352813214714,183.33963262928842,8734.878255933303,16.347091571243595,16.347091571243595,3424.4856032988737,392.04731914525973,2325.2,2308.8529084287566,99.29695976383782,2308.8529084287566,0.9929695976383782,1473.6842105263167,0.1842105263157896,675.8245608895901,675.8245608895901,0.0,0.0,152.76111829306456,118.33033494683359,100.0,100.0,0.0,0.0,100.0,0.0,100.0,0.0,0.55,0.9,0.9,0.35,19.791666666666664,0.0,19.791666666666664,0.0,-1.6857659180431994
tou_self_consumption,0,137.52295562861556,328.9506162397058,137.52295562861556,5135.7800010246565,1260.1130065416096,1260.1130065416096,2381.9896208205264,463.80289271450255,2654.2000000000003,2484.614478354286,93.61067283378365,2484.614478354286,0.9361067283378365,2703.367164111696,0.33792089551396204,390.6425766880872,390.6425766880872,0.0,0.0,269.24962023339873,195.15009231500457,100.0,100.0,0.0,0.0,100.0,0.0,100.0,0.0,0.2,0.55,0.2,0.35000000000000003,27.083333333333332,0.0,27.083333333333332,0.0,-3.426568919163602
tou_self_consumption,0,396.15122597023174,517.5385689730872,396.15122597023174,9356.566982316921,420.20169769810605,420.20169769810605,5185.022402980852,554.1586366858788,2018.2,2018.2,100.0,2018.2,1.0,1329.9999999999995,0.16624999999999995,741.2655754395753,741.2655754395753,16.0,104.70136378955766,245.780878444428,213.71793072357335,0.0,0.0,1.0,0.0,0.0,240.0281038313732,0.0,410.35249458105466,0.2,0.55,0.2,0.35000000000000003,43.75,0.0,43.75,0.0,-5.391026760136325
tou_self_consumption,0,364.49470965532885,459.708267282287,364.49470965532885,9850.503112313361,340.63237356695066,340.63237356695066,4690.570022722497,476.1756804948545,1613.6999999999998,1613.6999999999998,100.0,1613.6999999999998,1.0,1329.9999999999995,0.16624999999999995,757.7252632275367,757.7252632275367,11.0,77.22998970347504,250.1767203822282,191.06580848567305,100.0,100.0,0.0,0.0,100.0,0.0,100.0,0.0,0.2,0.55,0.2,0.35000000000000003,18.75,0.0,18.75,0.0,-4.788627784190489
tou_self_consumption,0,423.2909130610151,535.2134315808744,423.2909130610151,9917.730529931894,329.57634537929243,329.57634537929243,5261.232875673916,530.4875807822584,1563.5,1563.5,100.0,1563.5,1.0,1329.9999999999995,0.16624999999999995,768.2314695589882,768.2314695589882,14.0,137.08349480593097,265.8009983391294,204.77369186479152,0.0,0.0,1.0,0.0,0.0,320.0803914875313,0.0,507.2718939550338,0.2,0.55,0.2,0.35000000000000003,39.58333333333333,0.0,39.58333333333333,0.0,-5.5751399123007745
tou_self_consumption,0,305.5096477776616,433.11683601239804,305.5096477776616,9538.752859245113,362.5849927848045,362.5849927848045,4083.6520277780296,428.11173410579437,1555.2,1555.2,100.0,1555.2,1.0,1329.9999999999995,0.16624999999999995,703.3638810466146,703.3638810466146,7.0,24.928889449972985,252.77840334465972,185.20522276232893,100.0,100.0,0.0,0.0,100.0,0.0,100.0,0.0,0.2,0.55,0.2,0.35000000000000003,2.083333333333333,0.0,2.083333333333333,0.0,-4.51163370846248
tou_self_consumption,0,330.47498451099113,149.65049428867266,330.47498451099113,9981.266767869187,0.0,0.0,4446.976458642139,445.5322718111746,908.0,908.0,100.0,908.0,1.0,487.49998211860657,0.06093749776482582,626.5059014885586,626.5059014885586,0.0,0.0,117.63306517077494,92.15171050611427,100.0,100.0,0.0,0.0,100.0,0.0,100.0,0.0,0.4217105310214193,0.55,0.4217105310214193,0.12828946897858073,2.083333333333333,0.0,2.083333333333333,0.0,-1.558859315507007
tou_self_consumption,0,212.12241887870772,236.10909479613952,212.12241887870772,6550.139323763589,94.03328694384072,94.03328694384072,3625.754443522317,553.5385225117664,1416.7,1416.7,100.0,1416.7,1.0,1329.9999999999995,0.16624999999999995,435.9629926945688,435.9629926945688,0.0,0.0,192.26228828100554,150.29131007552303,100.0,100.0,0.0,0.0,100.0,0.0,100.0,0.0,0.2,0.55,0.2,0.35000000000000003,2.083333333333333,0.0,2.083333333333333,0.0,-2.4594697374597865
tou_self_consumption,0,229.1196448021497,412.80128301746265,229.1196448021497,5707.2396893365785,590.4330557139149,590.4330557139149,3265.0607605157616,572.0910524603005,1177.4,1177.4,100.0,1177.4,1.0,1329.9999999999995,0.16624999999999995,402.5107911177191,402.5107911177191,0.0,0.0,207.79712168560354,136.5726605136744,100.0,100.0,0.0,0.0,100.0,0.0,100.0,0.0,0.2,0.55,0.2,0.35000000000000003,39.58333333333333,0.0,39.58333333333333,0.0,-4.300013364765236
tou_self_consumption,0,430.3245107560903,542.6305667632389,430.3245107560903,9550.38466492144,300.52833784701124,300.52833784701124,5491.681863108545,575.0220599259726,1432.6,1432.6,100.0,1432.6,1.0,1329.9999999999995,0.16624999999999995,721.2649869756434,721.2649869756434,9.0,52.88781078700694,216.56192431752132,177.93600059882763,0.0,0.0,1.0,0.0,0.0,283.7322965769233,0.0,466.54452867581006,0.2,0.55,0.2,0.35000000000000003,43.75,0.0,43.75,0.0,-5.652401737117072
tou_self_consumption,0,402.8075684306923,486.57509385933986,402.8075684306923,9872.949862950147,326.236858076801,326.236858076801,5553.242628492885,562.4704577233126,1354.2,1354.2,100.0,1354.2,1.0,1329.9999999999995,0.16624999999999995,775.7734077336806,775.7734077336806,10.0,99.49541330472982,250.22788041894538,192.7570811782955,100.0,100.0,0.0,0.0,100.0,0.0,100.0,0.0,0.2,0.55,0.2,0.35000000000000003,31.25,0.0,31.25,0.0,-5.06849056103479
tou_self_consumption,0,345.31752865432514,460.5506500092415,345.31752865432514,9982.13322811073,272.1518243239484,272.1518243239484,5118.504708262499,512.7666192481037,1279.8000000000002,1279.8000000000002,100.0,1279.8000000000002,1.0,1329.9999999999995,0.16624999999999995,730.6218019660682,730.6218019660682,10.0,74.92652614436705,240.31599934429732,180.18383862537937,100.0,100.0,0.0,0.0,100.0,0.0,100.0,0.0,0.2,0.55,0.2,0.35000000000000003,10.416666666666668,0.0,10.416666666666668,0.0,-4.797402604262932
tou_self_consumption,0,317.033180955823,443.08130084067125,317.033180955823,9479.199175804544,293.3684068185338,293.3684068185338,4105.335318230825,433.0888339923911,1652.3999999999999,1652.3999999999999,100.00000000000001,1652.3999999999999,1.0000000000000002,1329.9999999999995,0.16624999999999995,753.4461405378477,753.4461405378477,9.0,78.72116143854956,263.1205792839836,204.05739133004826,100.0,100.0,0.0,0.0,100.0,0.0,100.0,0.0,0.2,0.55,0.2,0.35000000000000003,10.416666666666668,0.0,10.416666666666668,0.0,-4.615430217090325
tou_self_consumption,0,228.3803231633691,166.1787107238165,228.3803231633691,10981.480903109696,0.0,0.0,3462.56765507635,315.3097187553122,2015.9,2015.9,100.0,2015.9,1.0,1473.6842105263167,0.1842105263157896,694.4503476882837,694.4503476882837,2.0,5.429699486833442,154.94577717757588,123.15844868618315,100.0,100.0,0.0,0.0,100.0,0.0,100.0,0.0,0.55,0.9,0.9,0.35,15.625,0.0,15.625,0.0,-1.7310282367064218
tou_self_consumption,0,229.46442579402395,141.27059680868183,229.46442579402395,9083.13532340061,20.127193537143512,20.127193537143512,3185.367367296617,350.6902907292651,1225.4,1225.4,100.0,1225.4,1.0,1961.1841926449233,0.24514802408061542,635.2017927096651,635.2017927096651,0.0,0.0,127.99828113922617,96.00291214117078,100.0,100.0,0.0,0.0,100.0,0.0,100.0,0.0,0.55,0.9,0.7717105310214195,0.22171053102141947,13.541666666666666,0.0,13.541666666666666,0.0,-1.4715687167571023
tou_self_consumption,0,217.4209409500607,316.6333190359238,217.4209409500607,5482.879340316744,674.210617763537,674.210617763537,2940.4744522826977,536.3011421135574,1398.4,1398.4,100.0,1398.4,1.0,1329.9999999999995,0.16624999999999995,403.8385264232869,403.8385264232869,0.0,0.0,226.79642468836812,152.76797116953065,100.0,100.0,0.0,0.0,100.0,0.0,100.0,0.0,0.2,0.55,0.2,0.35000000000000003,29.166666666666668,0.0,29.166666666666668,0.0,-3.2982637399575396
tou_self_consumption,0,467.67765970376377,521.1927891857607,467.67765970376377,9919.433854109497,453.2507893151722,453.2507893151722,5845.676567125795,589.315544929412,1187.9,1187.9,100.0,1187.9,1.0,1329.9999999999995,0.16624999999999995,720.4068496111588,720.4068496111588,6.0,43.32809507420609,232.53168970719798,197.41507865286448,0.0,0.0,1.0,0.0,0.0,258.09844510633224,0.0,406.06742590536805,0.2,0.55,0.2,0.35000000000000003,52.083333333333336,0.0,52.083333333333336,0.0,-5.429091554018341
tou_self_consumption,0,464.5285106493259,511.2540275697795,464.5285106493259,9792.982065672091,385.91562845436414,385.91562845436414,5767.531770025449,588.9454030803051,1584.0,1584.0,100.0,1584.0,1.0,1329.9999999999995,0.16624999999999995,770.674951011103,770.674951011103,13.0,151.58327108227115,275.7908931589768,214.5976734281113,100.0,100.0,0.0,0.0,100.0,0.0,100.0,0.0,0.2,0.55,0.2,0.35000000000000003,52.083333333333336,0.0,52.083333333333336,0.0,-5.325562787185203
tou_self_consumption,0,401.99308588528083,378.05783128165046,401.99308588528083,9402.573150808978,347.14734523296056,347.14734523296056,5164.607258342576,549.2759455849831,2027.8999999999999,2027.8999999999999,100.0,2027.8999999999999,1.0,1329.9999999999995,0.16624999999999995,732.3290369200805,732.3290369200805,16.0,142.65440669080294,274.8612857973301,208.65349094793805,100.0,100.0,0.0,0.0,100.0,0.0,100.0,0.0,0.2,0.55,0.2,0.35000000000000003,25.0,0.0,25.0,0.0,-3.938102409183859
tou_self_consumption,0,359.0337794838535,155.64073053444727,359.0337794838535,11225.191454325955,0.0,0.0,5174.256759177006,460.9504238952606,757.2,757.2,100.0,757.2,1.0,0.0,0.0,721.5807891334169,721.5807891334169,1.0,11.277730880272799,121.11253822542993,100.4687537656173,100.0,100.0,0.0,0.0,100.0,0.0,100.0,0.0,0.55,0.55,0.55,0.0,0.0,0.0,0.0,0.0,-1.6212576097338258
tou_self_consumption,0,332.67711967250267,187.62862559955215,332.67711967250267,12055.022233771837,0.0,0.0,4567.793107168878,378.91204334508177,819.0,819.0,100.0,819.0,1.0,1473.6842105263167,0.1842105263157896,769.7225654229992,769.7225654229992,7.0,63.09920833443783,122.14475235563883,102.99525539001361,100.0,100.0,0.0,0.0,100.0,0.0,100.0,0.0,0.55,0.9,0.9,0.35,2.083333333333333,0.0,2.083333333333333,0.0,-1.954464849995335
tou_self_consumption,0,232.93609462293992,123.32736626384707,232.93609462293992,8499.466251183705,0.0,0.0,4232.528289831071,497.9757745660339,700.5,700.5,100.0,700.5,1.0,75.0,0.009375,564.5150992495935,564.5150992495935,0.0,0.0,105.20054347452022,87.08671913433034,100.0,100.0,0.0,0.0,100.0,0.0,100.0,0.0,0.55,0.5678125,0.5678125,0.01781250000000001,1.0416666666666665,0.0,1.0416666666666665,0.0,-1.284660065248407
tou_self_consumption,0,199.33953096475278,252.63624614638232,199.33953096475278,5740.052336758088,368.64198182997643,368.64198182997643,3048.2611232629315,531.051102747358,940.7,940.7,100.0,940.7,1.0,1329.9999999999995,0.16624999999999995,390.2974023509597,390.2974023509597,0.0,0.0,179.10026092403646,129.32973768592953,100.0,100.0,0.0,0.0,100.0,0.0,100.0,0.0,0.2,0.55,0.2,0.35000000000000003,10.416666666666668,0.0,10.416666666666668,0.0,-2.6316275640248157
tou_self_consumption,0,449.1834735471135,467.48982005020423,449.1834735471135,10450.253338870356,381.89384075166106,381.89384075166106,5969.26885016145,571.2080517663998,715.9,715.9,100.0,715.9,1.0,1329.9999999999995,0.16624999999999995,694.9039931101418,694.9039931101418,10.0,19.441685225615743,216.71242851778473,172.19609762607925,100.0,100.0,0.0,0.0,100.0,0.0,100.0,0.0,0.2,0.55,0.2,0.35000000000000003,43.75,0.0,43.75,0.0,-4.869685625522961
tou_self_consumption,0,549.0865740750423,522.6311418937044,549.0865740750423,10443.386818973086,259.87467112893506,259.87467112893506,6356.720461939892,608.6838084357157,628.5,628.5,100.0,628.5,1.0,1329.9999999999995,0.16624999999999995,737.1372488216783,737.1372488216783,12.0,76.53434382845325,235.24421883570625,175.72091681086258,100.0,100.0,0.0,0.0,100.0,0.0,100.0,0.0,0.2,0.55,0.2,0.35000000000000003,56.25,0.0,56.25,0.0,-5.444074394726087
tou_self_consumption,0,420.49938457063763,472.5236877334604,420.49938457063763,10257.95068652993,405.69540050083924,405.69540050083924,5438.410559529262,530.1654029854742,1100.6999999999998,1100.6999999999998,100.0,1100.6999999999998,1.0,1329.9999999999995,0.16624999999999995,744.4042214195229,744.4042214195229,14.0,88.02649353245863,264.3917841981514,196.25207057132465,100.0,100.0,0.0,0.0,100.0,0.0,100.0,0.0,0.2,0.55,0.2,0.35000000000000003,35.41666666666667,0.0,35.41666666666667,0.0,-4.922121747223546
tou_self_consumption,0,486.7316396144724,530.5285920446022,486.7316396144724,10358.134603072678,222.43074438738876,222.43074438738876,6189.048553919445,597.5060945899951,656.3,656.3,100.0,656.3,1.0,1329.9999999999995,0.16624999999999995,751.8500254188737,751.8500254188737,8.0,80.86036922404921,230.53904902563448,170.9172490154233,0.0,0.0,1.0,0.0,0.0,276.7502043453776,0.0,456.5519956012711,0.2,0.55,0.2,0.35000000000000003,47.91666666666667,0.0,47.91666666666667,0.0,-5.526339500464606
tou_self_consumption,0,383.6985628499805,282.87330443480124,383.6985628499805,9415.003271462721,0.0,0.0,5403.276716122823,573.9006732478135,615.2,615.2,100.0,615.2,1.0,1329.9999999999995,0.16624999999999995,626.048963257005,626.048963257005,0.0,0.0,156.68619019720308,123.91623371332214,100.0,100.0,0.0,0.0,100.0,0.0,100.0,0.0,0.2,0.55,0.2,0.35000000000000003,2.083333333333333,0.0,2.083333333333333,0.0,-2.9465969211958463
tou_self_consumption,0,273.45327723515175,267.78334358004804,273.45327723515175,6893.211870701705,112.0916495731797,112.0916495731797,3916.1616280657972,568.1185638164848,1260.8,1260.8,100.0,1260.8,1.0,1329.9999999999995,0.16624999999999995,448.8280697184847,448.8280697184847,0.0,0.0,194.24005305743245,146.99306370982245,100.0,100.0,0.0,0.0,100.0,0.0,100.0,0.0,0.2,0.55,0.2,0.35000000000000003,14.583333333333334,0.0,14.583333333333334,0.0,-2.7894098289588336
tou_self_consumption,0,220.68936933708136,381.2068872336377,220.68936933708136,6099.614542532038,636.7235647030182,636.7235647030182,2973.200391084695,487.4407014333199,773.1,773.1,100.0,773.1,1.0,1329.9999999999995,0.16624999999999995,369.31907726276455,369.31907726276455,0.0,0.0,205.90751647767723,123.66446393226857,100.0,100.0,0.0,0.0,100.0,0.0,100.0,0.0,0.2,0.55,0.2,0.35000000000000003,22.916666666666664,0.0,22.916666666666664,0.0,-3.9709050753503927
tou_self_consumption,0,436.59353210851333,353.11490078084285,436.59353210851333,10147.041867113818,91.19424729091915,91.19424729091915,4772.6758509004685,470.35144955580915,725.6,725.6,100.0,725.6,1.0,1329.9999999999995,0.16624999999999995,732.6182862468092,732.6182862468092,11.0,66.5556051934526,176.5088107332159,140.7336635926818,100.0,100.0,0.0,0.0,100.0,0.0,100.0,0.0,0.2,0.55,0.2,0.35000000000000003,25.0,0.0,25.0,0.0,-3.678280216467113
tou_self_consumption,0,497.0460749908069,483.4522909558839,497.0460749908069,10489.399368272909,276.56690282983703,276.56690282983703,5560.599792047631,530.1161293244944,601.9,601.9,100.0,601.9,1.0,1329.9999999999995,0.16624999999999995,772.5818878340139,772.5818878340139,9.0,115.25936095719601,238.9649516168274,174.95117214537956,100.0,100.0,0.0,0.0,100.0,0.0,100.0,0.0,0.2,0.55,0.2,0.35000000000000003,47.91666666666667,0.0,47.91666666666667,0.0,-5.03596136412379
tou_self_consumption,0,442.70008581954346,473.123004801834,442.70008581954346,10204.289496284078,421.99212333218884,421.99212333218884,5115.1470636964405,501.2742009680474,1402.6000000000001,1402.6000000000001,99.99999999999999,1402.6000000000001,0.9999999999999999,1329.9999999999995,0.16624999999999995,794.4698252557835,794.4698252557835,15.0,164.4198886387777,274.88152244662666,202.25244667965617,100.0,100.0,0.0,0.0,100.0,0.0,100.0,0.0,0.2,0.55,0.2,0.35000000000000003,39.58333333333333,0.0,39.58333333333333,0.0,-4.928364633352437
tou_self_consumption,0,397.372132345511,293.9093146562398,397.372132345511,10374.602163461263,0.0,0.0,5085.007240705423,490.1399745827863,497.19999999999993,497.19999999999993,100.0,497.19999999999993,1.0,1329.9999999999995,0.16624999999999995,759.4973055579129,759.4973055579129,4.0,34.73284947157572,147.9693293315762,116.45135568493225,100.0,100.0,0.0,0.0,100.0,0.0,100.0,0.0,0.2,0.55,0.2,0.35000000000000003,6.25,0.0,6.25,0.0,-3.061555361002498
tou_self_consumption,0,417.77733619294145,170.1743282136764,417.77733619294145,11047.775661118914,0.0,0.0,5565.429469403773,503.76018124539905,649.0999999999999,649.0999999999999,100.0,649.0999999999999,1.0,0.0,0.0,674.8804354786224,674.8804354786224,0.0,0.0,121.13148716241581,105.1401675511831,100.0,100.0,0.0,0.0,100.0,0.0,100.0,0.0,0.55,0.55,0.55,0.0,0.0,0.0,0.0,0.0,-1.772649252225796
tou_self_consumption,0,336.61418686934064,138.15651494693407,336.61418686934064,9173.545116944408,0.0,0.0,4677.502157355355,509.89035293624545,405.4,405.4,100.0,405.4,1.0,0.0,0.0,483.5657207749684,483.5657207749684,0.0,0.0,92.64241123235408,79.60661311612323,100.0,100.0,0.0,0.0,100.0,0.0,100.0,0.0,0.55,0.55,0.55,0.0,0.0,0.0,0.0,0.0,-1.4391303640305633
tou_self_consumption,0,243.57215577844187,393.09481156302223,243.57215577844187,6523.096154554143,585.2045970597211,585.2045970597211,3125.1431937128873,479.08893563236035,584.7,584.7,100.0,584.7,1.0,1329.9999999999995,0.16624999999999995,412.88471390158577,412.88471390158577,0.0,0.0,214.08109127504665,131.98838858641014,100.0,100.0,0.0,0.0,100.0,0.0,100.0,0.0,0.2,0.55,0.2,0.35000000000000003,35.41666666666667,0.0,35.41666666666667,0.0,-4.094737620448148
tou_self_consumption,0,533.1218212481895,433.6845994943632,533.1218212481895,10645.17914592789,60.002137764223846,60.002137764223846,5670.200394318175,532.6542951122811,733.5,733.5,100.0,733.5,1.0,1329.9999999999995,0.16624999999999995,788.3637528766355,788.3637528766355,21.0,262.2124720968184,194.0015610463063,151.56124560862006,0.0,0.0,1.0,0.0,0.0,299.3379153661884,0.0,527.9582956564457,0.2,0.55,0.2,0.35000000000000003,27.083333333333332,0.0,27.083333333333332,0.0,-4.517547911399617
tou_self_consumption,0,590.4052847923741,543.8707479346756,590.4052847923741,11264.315626884054,191.1717369099023,191.1717369099023,7111.81267183673,631.3577235765016,433.79999999999995,433.79999999999995,100.0,433.79999999999995,1.0,1329.9999999999995,0.16624999999999995,833.0484558166872,833.0484558166872,21.0,301.12440785806064,234.81701174071043,172.14745248271012,100.0,100.0,0.0,0.0,100.0,0.0,100.0,0.0,0.2,0.55,0.2,0.35000000000000003,52.083333333333336,0.0,52.083333333333336,0.0,-5.665320290986204
tou_self_consumption,0,577.7305426202639,542.9307186487539,577.7305426202639,11635.0139981735,181.42889193905302,181.42889193905302,6922.223606771899,594.9475959254171,384.09999999999997,384.09999999999997,100.00000000000001,384.09999999999997,1.0000000000000002,1329.9999999999995,0.16624999999999995,801.7018396740541,801.7018396740541,27.0,481.0785159513616,242.87726956178065,182.565054368688,100.0,100.0,0.0,0.0,100.0,0.0,100.0,0.0,0.2,0.55,0.2,0.35000000000000003,52.083333333333336,0.0,52.083333333333336,0.0,-5.655528319257853
tou_self_consumption,0,464.2456111320658,491.53046150283166,464.2456111320658,11071.934291212125,234.79725899673508,234.79725899673508,5944.0582709964565,536.8581599797154,593.2,593.2,100.0,593.2,1.0,1329.9999999999995,0.16624999999999995,805.5730425219309,805.5730425219309,22.0,312.857451733406,256.1141607584594,194.69404388658984,100.0,100.0,0.0,0.0,100.0,0.0,100.0,0.0,0.2,0.55,0.2,0.35000000000000003,39.58333333333333,0.0,39.58333333333333,0.0,-5.12010897398783
tou_self_consumption,0,346.362247591617,143.0116332271329,346.362247591617,11342.066918009597,0.0,0.0,4456.092719639755,392.88189285535867,950.6000000000001,950.6000000000001,100.0,950.6000000000001,1.0,0.0,0.0,690.6397423445828,690.6397423445828,1.0,3.54246918306427,136.546283927855,115.59677479414586,100.0,100.0,0.0,0.0,100.0,0.0,100.0,0.0,0.55,0.55,0.55,0.0,0.0,0.0,0.0,0.0,-1.4897045127826345
tou_self_consumption,0,252.02121253856325,246.50776048192955,252.02121253856325,7784.769352489076,34.09995360727747,34.09995360727747,3942.4355494096862,506.4293328291281,767.5,767.5,100.0,767.5,1.0,1329.9999999999995,0.16624999999999995,515.1446402686846,515.1446402686846,0.0,0.0,179.44552127905183,135.26105077695297,100.0,100.0,0.0,0.0,100.0,0.0,100.0,0.0,0.2,0.55,0.2,0.35000000000000003,10.416666666666668,0.0,10.416666666666668,0.0,-2.567789171686766
tou_self_consumption,0,338.81723246925327,449.32655806540686,338.81723246925327,7035.233742167048,499.924623380134,499.924623380134,4380.833148970245,622.6990188986708,278.4,278.4,100.0,278.4,1.0,1329.9999999999995,0.16624999999999995,421.7092472913647,421.7092472913647,0.0,0.0,195.58444299546736,112.53441165917475,100.0,100.0,0.0,0.0,100.0,0.0,100.0,0.0,0.2,0.55,0.2,0.35000000000000003,60.416666666666664,0.0,60.416666666666664,0.0,-4.680484979847988
tou_self_consumption,0,537.69615929396,554.7005715444994,537.69615929396,11563.29404358481,149.10563193923127,149.10563193923127,6491.96320798577,561.4285326928481,447.20000000000005,447.20000000000005,100.0,447.20000000000005,1.0,1329.9999999999995,0.16624999999999995,781.7709401903224,781.7709401903224,27.0,363.6123192611192,217.07411050449107,174.52976628271207,0.0,0.0,1.0,0.0,0.0,304.07186806148417,0.0,509.4162994360894,0.2,0.55,0.2,0.35000000000000003,47.91666666666667,0.0,47.91666666666667,0.0,-5.778130953588536
tou_self_consumption,0,453.51901715031806,470.7426625395971,453.51901715031806,12065.226670928982,137.38514255626666,137.38514255626666,5509.173239326252,456.6158091833068,329.9,329.9,100.0,329.9,1.0,1329.9999999999995,0.16624999999999995,846.6156441530153,846.6156441530153,25.0,518.2696689983093,240.67240390787563,176.77870233241194,100.0,100.0,0.0,0.0,100.0,0.0,100.0,0.0,0.2,0.55,0.2,0.35000000000000003,6.25,0.0,6.25,0.0,-4.903569401454137
tou_self_consumption,0,412.42524718724826,223.23681344724218,412.42524718724826,13237.976117463648,0.0,0.0,4775.8050875577055,360.76550109932765,496.1,496.1,100.0,496.1,1.0,0.0,0.0,828.3552502918573,828.3552502918573,30.0,571.3278537672711,160.9092582264667,140.82307022711407,0.0,0.0,1.0,0.0,0.0,341.512231291885,0.0,528.909008682472,0.55,0.55,0.55,0.0,0.0,0.0,0.0,0.0,-2.3253834734087726
tou_self_consumption,0,489.743060359624,427.34246339866024,489.743060359624,11848.825984705467,14.10195281698897,14.10195281698897,5222.037648775684,440.7219462515797,614.3000000000001,614.3000000000001,100.0,614.3000000000001,1.0,1329.9999999999995,0.16624999999999995,798.2256737994526,798.2256737994526,20.0,441.1280514650666,215.30160009623685,173.1879331038722,0.0,0.0,1.0,0.0,0.0,324.0549780521273,0.0,481.67314002478787,0.2,0.55,0.2,0.35000000000000003,29.166666666666668,0.0,29.166666666666668,0.0,-4.451483993736044
tou_self_consumption,0,443.35437902970875,321.29142318685496,443.35437902970875,10617.919330566101,0.0,0.0,5902.903180082072,555.9378439699782,935.5,935.5,100.0,935.5,1.0,1329.9999999999995,0.16624999999999995,720.1509708091103,720.1509708091103,6.0,34.03026168674796,169.27932342427587,139.9049615313728,100.0,100.0,0.0,0.0,100.0,0.0,100.0,0.0,0.2,0.55,0.2,0.35000000000000003,10.416666666666668,0.0,10.416666666666668,0.0,-3.346785658196406
tou_self_consumption,0,371.2849470004418,384.3146550335567,371.2849470004418,9078.263682013821,421.7044870164848,421.7044870164848,5334.3579581030635,587.5967194775013,426.29999999999995,426.29999999999995,100.0,426.29999999999995,1.0,1329.9999999999995,0.16624999999999995,541.9792726181598,541.9792726181598,0.0,0.0,230.15868974271254,133.35499833543454,100.0,100.0,0.0,0.0,100.0,0.0,100.0,0.0,0.2,0.55,0.2,0.35000000000000003,22.916666666666664,0.0,22.916666666666664,0.0,-4.003277656599549
tou_self_consumption,0,308.3072333349245,415.24623822651046,308.3072333349245,7063.011892036116,529.1913547396413,529.1913547396413,3741.5433318319856,529.7376514473599,616.6,616.6,100.0,616.6,1.0,1329.9999999999995,0.16624999999999995,442.85993678477513,442.85993678477513,0.0,0.0,220.57088337915405,139.43820508618677,100.0,100.0,0.0,0.0,100.0,0.0,100.0,0.0,0.2,0.55,0.2,0.35000000000000003,39.58333333333333,0.0,39.58333333333333,0.0,-4.3254816481928176
tou_self_consumption,0,573.1337247976742,580.4317056340158,573.1337247976742,11806.080325384877,113.43408822480903,113.43408822480903,6359.746493465437,538.6839931785836,679.0,679.0,100.0,679.0,1.0,1329.9999999999995,0.16624999999999995,852.3146944615239,852.3146944615239,28.0,604.3778566825617,222.74690373809597,176.9074239516922,0.0,0.0,1.0,0.0,0.0,317.59094871907513,0.0,512.2834550603825,0.2,0.55,0.2,0.35000000000000003,47.91666666666667,0.0,47.91666666666667,0.0,-6.046163600354331
tou_self_consumption,0,578.3226383847887,530.3956988918244,578.3226383847887,11821.622241713358,189.25509876197304,189.25509876197304,6472.883275691136,547.5461102835066,1164.1000000000001,1164.1000000000001,100.0,1164.1000000000001,1.0,1329.9999999999995,0.16624999999999995,896.3103475772866,896.3103475772866,30.0,707.3470371877675,277.14860094731387,216.69775889849407,100.0,100.0,0.0,0.0,100.0,0.0,100.0,0.0,0.2,0.55,0.2,0.35000000000000003,43.75,0.0,43.75,0.0,-5.524955196789837
tou_self_consumption,0,490.90692175448527,570.2810542479592,490.90692175448527,12493.145804018823,160.95635286080653,160.95635286080653,6052.071035067622,484.43131377853433,916.3,916.3,100.0,916.3,1.0,1329.9999999999995,0.16624999999999995,912.1182717028122,912.1182717028122,30.0,1061.2156906655305,273.9953640454423,210.49994607896076,0.0,0.0,1.0,0.0,0.0,339.25336931098866,0.0,534.8256595454372,0.2,0.55,0.2,0.35000000000000003,22.916666666666664,0.0,22.916666666666664,0.0,-5.940427648416242
tou_self_consumption,0,416.21252524639027,240.58882751198615,416.21252524639027,13477.374138547228,0.0,0.0,4841.435955966447,359.22694630248816,617.4000000000001,617.4000000000001,100.0,617.4000000000001,1.0,0.0,0.0,900.5956762136864,900.5956762136864,26.0,769.5063277022393,169.9940728842631,144.66370822679536,0.0,0.0,1.0,0.0,0.0,319.67217025704355,0.0,567.695261989991,0.55,0.55,0.55,0.0,0.0,0.0,0.0,0.0,-2.5061336199165223
tou_self_consumption,0,343.69479205591114,138.59338644902851,343.69479205591114,12915.273551169485,0.0,0.0,4213.964258554781,326.2775845869098,380.0,380.0,100.0,380.0,1.0,0.0,0.0,765.5454758562737,765.5454758562737,21.0,223.83111634695035,123.57165550554102,110.32064985805395,100.0,100.0,0.0,0.0,100.0,0.0,100.0,0.0,0.55,0.55,0.55,0.0,0.0,0.0,0.0,0.0,-1.443681108844047
tou_self_consumption,0,23.733920426761312,90.2850040891129,23.733920426761312,10711.207818451358,0.0,0.0,2887.8968589892056,269.61449240247697,476.1,476.1,100.0,476.1,1.0,515.6250111758709,0.06445312639698386,699.2403513030672,699.2403513030672,3.0,13.962198354801387,108.9062300982331,90.25031247649072,100.0,100.0,0.0,0.0,100.0,0.0,100.0,0.0,0.55,0.6724609401542693,0.6724609401542693,0.12246094015426923,2.083333333333333,0.0,2.083333333333333,0.0,-0.9404687925949261
tou_self_consumption,0,213.6596046374837,95.06382989446897,213.6596046374837,8061.290176456267,0.0,0.0,3092.7823440747543,383.6584810093436,584.2,584.2,100.0,584.2,1.0,0.0,0.0,445.5685782452309,445.5685782452309,0.0,0.0,100.60527939268414,82.41581228181205,100.0,100.0,0.0,0.0,100.0,0.0,100.0,0.0,0.55,0.55,0.55,0.0,0.0,0.0,0.0,0.0,-0.9902482280673851
tou_self_consumption,0,460.6661119722793,560.1284598184111,460.6661119722793,12238.928222546303,93.16458694713452,93.16458694713452,5364.746081358333,438.3346305990673,890.2,890.2,100.0,890.2,1.0,1329.9999999999995,0.16624999999999995,945.2637778753495,945.2637778753495,32.0,863.2221608927332,237.992936069114,195.33675666497598,0.0,0.0,1.0,0.0,0.0,299.2646194511595,0.0,524.5391312086239,0.2,0.55,0.2,0.35000000000000003,35.41666666666667,0.0,35.41666666666667,0.0,-5.834671456441782
tou_self_consumption,0,532.3686450784014,483.0470920221028,532.3686450784014,13396.904178109266,156.18983695712348,156.18983695712348,6856.817771135236,511.82106552194165,424.4,424.4,100.0,424.4,1.0,1329.9999999999995,0.16624999999999995,961.892277368952,961.892277368952,31.0,1163.6242659507898,259.25150247429315,187.59746192834132,100.0,100.0,0.0,0.0,100.0,0.0,100.0,0.0,0.2,0.55,0.2,0.35000000000000003,31.25,0.0,31.25,0.0,-5.031740541896904
tou_self_consumption,0,575.5500542846374,631.1237189907179,575.5500542846374,13508.415862323003,49.787193280679304,49.787193280679304,6784.387081146911,502.23409985989434,328.1,328.1,100.0,328.1,1.0,1329.9999999999995,0.16624999999999995,954.0440728546614,954.0440728546614,32.0,1286.310047122926,268.58891776913174,207.64942319459715,0.0,0.0,1.0,0.0,0.0,356.40551977989185,0.0,546.9615060734592,0.2,0.55,0.2,0.35000000000000003,43.75,0.0,43.75,0.0,-6.574205406153311
tou_self_consumption,0,493.8362511742462,237.789653930069,493.8362511742462,13369.19107971287,0.0,0.0,6196.680235989719,463.5045006868737,335.9,335.9,100.0,335.9,1.0,974.9999642372131,0.12187499552965164,886.4957298203406,886.4957298203406,24.0,626.2756530974298,147.5136027579497,135.28655037179087,100.0,100.0,1.0,1.0,100.0,0.0,100.0,0.0,0.2934210620428386,0.55,0.2934210620428386,0.25657893795716147,2.083333333333333,0.0,2.083333333333333,0.0,-2.476975561771552
tou_self_consumption,0,301.8240279890603,149.22770604071647,301.8240279890603,13794.15435799152,0.0,0.0,4367.213895928814,316.59888548359675,444.3,444.3,100.0,444.3,1.0,0.0,0.0,840.3033763872144,840.3033763872144,27.0,569.5095154551881,135.88425747915332,121.74792558593856,100.0,100.0,0.0,0.0,100.0,0.0,100.0,0.0,0.55,0.55,0.55,0.0,0.0,0.0,0.0,0.0,-1.5544552712574633
tou_self_consumption,0,178.72465890016773,133.11126813823267,178.72465890016773,11762.168461187572,0.0,0.0,3398.6281928003227,288.9457164310312,558.0,558.0,100.0,558.0,1.0,1031.2500223517418,0.12890625279396772,740.6976914333272,740.6976914333272,4.0,41.28848505418108,112.59317113069987,97.4764095926547,100.0,100.0,0.0,0.0,100.0,0.0,100.0,0.0,0.55,0.7949218803085385,0.7949218803085385,0.24492188030853845,2.083333333333333,0.0,2.083333333333333,0.0,-1.386575709773257
tou_self_consumption,0,292.6350260484928,313.8122595647786,292.6350260484928,7456.729616562416,279.9202533416977,279.9202533416977,3634.627184895704,487.4291239986361,555.5999999999999,555.5999999999999,100.0,555.5999999999999,1.0,1329.9999999999995,0.16624999999999995,469.13942434653967,469.13942434653967,0.0,0.0,200.10786917210507,141.7283596287006,100.0,100.0,0.0,0.0,100.0,0.0,100.0,0.0,0.2,0.55,0.2,0.35000000000000003,20.833333333333336,0.0,20.833333333333336,0.0,-3.2688777037997774
tou_self_consumption,0,511.2890623193174,340.73411414977716,511.2890623193174,14274.610678497662,42.34479856575466,42.34479856575466,6332.46192856062,443.6171375307227,659.9,659.9,100.0,659.9,1.0,487.49998211860657,0.06093749776482582,996.5413985647466,996.5413985647466,34.0,1450.345495143038,232.94884431551466,183.61157887356504,0.0,0.0,1.0,0.0,0.0,333.5112852757579,0.0,566.6695804979646,0.4217105310214193,0.55,0.4217105310214193,0.12828946897858073,2.083333333333333,0.0,2.083333333333333,0.0,-3.549313689060179
tou_self_consumption,0,562.1980965237748,542.3881460897749,562.1980965237748,13756.120668337853,77.08210136377329,77.08210136377329,6898.669430648351,501.49817648276814,601.0,601.0,100.0,601.0,1.0,1329.9999999999995,0.16624999999999995,969.7223141277173,969.7223141277173,34.0,1499.975186846737,273.4162942579981,212.6246594444875,100.0,100.0,0.0,0.0,100.0,0.0,100.0,0.0,0.2,0.55,0.2,0.35000000000000003,37.5,0.0,37.5,0.0,-5.649876521768488
tou_self_consumption,0,521.488160379753,292.86227056483597,521.488160379753,14887.524086267149,0.0,0.0,6587.614051794047,442.4922514732135,841.8,841.8,100.0,841.8,1.0,0.0,0.0,1001.8836827118964,1001.8836827118964,32.0,1721.8482019341789,214.00965198106758,186.4656148374319,100.0,100.0,0.0,0.0,100.0,0.0,100.0,0.0,0.55,0.55,0.55,0.0,0.0,0.0,0.0,0.0,-3.0506486517170415
tou_self_consumption,0,441.7846822981304,230.30336798892583,441.7846822981304,14915.523307615369,0.0,0.0,5956.537174356172,399.3515380928648,547.9,547.9,100.0,547.9,1.0,0.0,0.0,949.434106456694,949.434106456694,35.0,1285.0032780512718,167.1595342657832,146.54355370611484,100.0,100.0,0.0,0.0,100.0,0.0,100.0,0.0,0.55,0.55,0.55,0.0,0.0,0.0,0.0,0.0,-2.3989934165513107
tou_self_consumption,0,403.25296775501397,204.76119381452838,403.25296775501397,13952.989604296374,0.0,0.0,6405.428805018387,459.0721405716551,623.5,623.5,100.0,623.5,1.0,0.0,0.0,836.6368138347107,836.6368138347107,28.0,669.7960208124554,150.82244906591805,133.7704020288339,100.0,100.0,0.0,0.0,100.0,0.0,100.0,0.0,0.55,0.55,0.55,0.0,0.0,0.0,0.0,0.0,-2.132929102234671
tou_self_consumption,0,289.9393602652092,144.79059706982247,289.9393602652092,11170.526744089006,0.0,0.0,5071.974051632933,454.04967624439183,314.4,314.4,100.0,314.4,1.0,0.0,0.0,577.2346817969986,577.2346817969986,0.0,0.0,112.04729732533114,91.63154893019384,100.0,100.0,0.0,0.0,100.0,0.0,100.0,0.0,0.55,0.55,0.55,0.0,0.0,0.0,0.0,0.0,-1.5082353861439841
tou_self_consumption,0,216.04749949498566,100.62189897718767,216.04749949498566,8770.376819293957,0.0,0.0,3386.422197425685,386.12049028222975,328.3,328.3,100.0,328.3,1.0,0.0,0.0,455.306182888145,455.306182888145,0.0,0.0,92.99490957554659,79.7638548478955,100.0,100.0,0.0,0.0,100.0,0.0,100.0,0.0,0.55,0.55,0.55,0.0,0.0,0.0,0.0,0.0,-1.0481447810123716
tou_self_consumption,0,370.0761190870236,244.70177631257678,370.0761190870236,14967.93678760785,0.0,0.0,6601.7840198213125,441.06172503928633,372.8,372.8,100.0,372.8,1.0,0.0,0.0,951.4660436896088,951.4660436896088,31.0,1339.1223318394805,203.26177670129388,159.8366398357583,100.0,100.0,0.0,0.0,100.0,0.0,100.0,0.0,0.55,0.55,0.55,0.0,0.0,0.0,0.0,0.0,-2.5489768365893415
tou_self_consumption,0,445.27345973283593,295.34683146838256,445.27345973283593,15363.521873434205,0.0,0.0,7786.315691189016,506.80538976240234,265.6,265.6,100.0,265.6,1.0,0.0,0.0,1013.624244210376,1013.624244210376,34.0,1653.475719571457,180.59494935167046,159.4252588932486,100.0,100.0,0.0,0.0,100.0,0.0,100.0,0.0,0.55,0.55,0.55,0.0,0.0,0.0,0.0,0.0,-3.0765294944623185
tou_self_consumption,0,528.9824801183258,318.11437711684,528.9824801183258,15214.629407916658,0.0,0.0,8812.258257804717,579.1963787970686,541.3,541.3,100.0,541.3,1.0,0.0,0.0,1004.139815379388,1004.139815379388,33.0,1551.556841916767,188.1363238115195,165.76018740261884,100.0,100.0,0.0,0.0,100.0,0.0,100.0,0.0,0.55,0.55,0.55,0.0,0.0,0.0,0.0,0.0,-3.3136914283004164
tou_self_consumption,0,533.7092182364918,304.9652599334664,533.7092182364918,14021.906541567765,0.0,0.0,8143.328839061885,580.7576034629163,414.8,414.8,100.0,414.8,1.0,974.9999642372131,0.12187499552965164,974.9679454269752,974.9679454269752,24.0,947.0828975604923,173.92573238865256,149.48683176172815,100.0,100.0,0.0,0.0,100.0,0.0,100.0,0.0,0.2934210620428386,0.55,0.2934210620428386,0.25657893795716147,2.083333333333333,0.0,2.083333333333333,0.0,-3.176721457640275
tou_self_consumption,0,489.11733286607154,247.63386953185307,489.11733286607154,13953.28671732987,0.0,0.0,7904.158675188834,566.4728916787708,717.4,717.4,100.0,717.4,1.0,0.0,0.0,856.6412202555838,856.6412202555838,30.0,736.0490522383132,160.26266152078682,143.77242604463342,100.0,100.0,0.0,0.0,100.0,0.0,100.0,0.0,0.55,0.55,0.55,0.0,0.0,0.0,0.0,0.0,-2.579519474290136
tou_self_consumption,0,316.7109968635673,154.37201736386905,316.7109968635673,10676.542708878304,0.0,0.0,4997.4325439885815,468.07591935476097,1087.2,1087.2,100.0,1087.2,1.0,0.0,0.0,624.5605383292323,624.5605383292323,0.0,0.0,163.80627580844686,131.38672279028629,100.0,100.0,0.0,0.0,100.0,0.0,100.0,0.0,0.55,0.55,0.55,0.0,0.0,0.0,0.0,0.0,-1.6080418475403027
tou_self_consumption,0,231.9561164219371,126.06205088897997,231.9561164219371,8887.90606308754,0.0,0.0,3091.358661420633,347.8163067293644,1053.8000000000002,1053.8000000000002,100.0,1053.8000000000002,1.0,825.0000178813934,0.10312500223517418,569.9360495115916,569.9360495115916,0.0,0.0,115.24014573519368,98.03628835075521,100.0,100.0,0.0,0.0,100.0,0.0,100.0,0.0,0.55,0.7459375042468308,0.7459375042468308,0.19593750424683076,2.083333333333333,0.0,2.083333333333333,0.0,-1.3131463634268747
tou_self_consumption,0,475.27064274502834,340.51563724230647,475.27064274502834,13782.284118943116,0.0,0.0,6322.817918910456,458.76415435523006,0.0,0.0,,0.0,,1329.9999999999995,0.16624999999999995,892.3535736431467,892.3535736431467,25.0,835.5762543872785,178.33742938172236,154.65253282903146,100.0,100.0,0.0,0.0,100.0,0.0,100.0,0.0,0.2,0.55,0.2,0.35000000000000003,2.083333333333333,0.0,2.083333333333333,0.0,-3.5470378879406925
carbon_aware,0,528.397119087599,243.6512597412411,528.397119087599,12262.211688505326,0.0,0.0,5989.055602296443,488.4156100412637,1584.7,1584.7,100.0,1584.7,1.0,1096.8749709427357,0.13710937136784196,811.6169429714466,811.6169429714466,14.0,212.4884090911066,205.65089012368472,178.60006383821494,100.0,100.0,0.0,0.0,100.0,0.0,100.0,0.0,0.55,0.8105078055989003,0.8105078055989003,0.2605078055989003,2.083333333333333,0.0,2.083333333333333,0.0,-2.538033955637928
carbon_aware,0,498.6485566855449,265.6501971185472,498.6485566855449,12783.43328625106,0.0,0.0,5706.951256510445,446.4333742523169,1639.0,1639.0,100.0,1639.0,1.0,1340.6249664723873,0.1675781208090484,1089.1864843203443,1089.1864843203443,29.0,1070.7243699654414,239.3765987746952,192.6217549589297,100.0,100.0,0.0,0.0,100.0,0.0,100.0,0.0,0.55,0.8683984295371927,0.8683984295371927,0.31839842953719266,1.0416666666666665,0.0,1.0416666666666665,0.0,-2.7671895533182003
carbon_aware,0,384.6901498077423,315.6369156705385,384.6901498077423,10000.796951610835,0.0,0.0,5069.628973953351,506.9224981251902,1694.9,1694.9,100.0,1694.9,1.0,2935.2343324758135,0.3669042915594767,808.9546867733119,808.9546867733119,17.0,436.64257370520806,214.04777594733264,183.07414532673837,100.0,100.0,0.0,0.0,100.0,0.0,100.0,0.0,0.2,0.7503906196914618,0.2,0.35000000000000003,23.958333333333336,0.0,23.958333333333336,0.0,-3.287884538234776
carbon_aware,0,477.89676170990106,547.9564950439649,477.89676170990106,10827.410175142675,31.23684228612281,31.23684228612281,5334.441146429091,492.67932590895845,939.8,939.8,100.0,939.8,1.0,1658.124993294477,0.20726562416180963,784.1712270641347,784.1712270641347,24.0,313.36657857845876,223.7756627211087,186.79939699627437,100.0,100.0,0.0,0.0,100.0,0.0,100.0,0.0,0.2,0.5302631578947369,0.2779296859074384,0.27207031409256166,14.583333333333334,0.0,14.583333333333334,0.0,-5.707880156707968
carbon_aware,0,353.2951088608877,222.29344430418038,353.2951088608877,10163.554484942386,0.0,0.0,4819.686282626705,474.2126674056027,1247.3000000000002,1247.3000000000002,100.0,1247.3000000000002,1.0,3215.6248949468136,0.4019531118683517,850.2398949120211,850.2398949120211,15.0,487.80795081645124,216.4019762293703,188.03198404943376,100.0,100.0,0.0,0.0,100.0,0.0,100.0,0.0,0.3374280536228703,0.8505859295371927,0.3374280536228703,0.21257194637712973,4.166666666666666,0.0,4.166666666666666,0.0,-2.315556711501879
carbon_aware,0,290.6297376024053,152.46361970389847,290.6297376024053,9139.8715111512,0.0,0.0,4287.207198601156,469.06646262701867,1325.1,1325.1,100.0,1325.1,1.0,759.3749798834324,0.09492187248542905,604.1010323517661,604.1010323517661,0.0,0.0,120.6653253965648,95.33365196309249,100.0,100.0,0.0,0.0,100.0,0.0,100.0,0.0,0.55,0.7303515577223156,0.7303515577223156,0.1803515577223156,2.083333333333333,0.0,2.083333333333333,0.0,-1.5881627052489424
carbon_aware,0,196.9638198965976,439.7391688397049,196.9638198965976,4981.66625829749,523.646249893416,523.646249893416,2679.460428788882,537.8642987827533,1989.8,1945.4876992586348,97.77302740268544,1945.4876992586348,0.9777302740268544,1329.9999999999995,0.16624999999999995,422.9399710178714,422.9399710178714,0.0,0.0,239.32466771488004,185.51797738410417,100.0,100.0,0.0,0.0,100.0,0.0,100.0,0.0,0.2,0.55,0.2,0.35000000000000003,30.208333333333332,0.0,30.208333333333332,0.0,-4.580616342080259
carbon_aware,0,435.07903930211586,261.9787279537385,435.07903930211586,13086.670836189947,0.0,0.0,5767.027215991035,440.6794736551994,779.3,779.3,100.0,779.3,1.0,1473.6842105263127,0.18421052631578907,924.9894266472672,924.9894266472672,30.0,695.9176557862219,261.0890443952521,205.3033230071654,100.0,100.0,0.0,0.0,100.0,0.0,100.0,0.0,0.55,0.9,0.9,0.35,8.333333333333332,0.0,8.333333333333332,0.0,-2.7289450828514425
carbon_aware,0,446.0541546361808,266.2439551438322,446.0541546361808,13096.29549739587,0.0,0.0,5649.254658894024,431.362797213712,1103.7,1103.7,100.0,1103.7,1.0,1473.6842105263127,0.18421052631578907,929.518459915731,929.518459915731,38.0,806.7885916728095,215.14066697800774,190.94537227291184,100.0,100.0,0.0,0.0,100.0,0.0,100.0,0.0,0.5678125,0.9,0.9,0.35,13.541666666666666,0.0,13.541666666666666,0.0,-2.7733745327482517
carbon_aware,0,385.3231705710558,255.69970257621574,385.3231705710558,12742.656541374305,0.0,0.0,4947.550784544496,388.2668239923305,1621.7,1621.7,100.0,1621.7,1.0,1473.6842105263127,0.18421052631578907,824.5921312232301,824.5921312232301,35.0,712.0363953751033,221.50744600773055,196.26301690468253,100.0,100.0,0.0,0.0,100.0,0.0,100.0,0.0,0.5678125,0.9,0.9,0.35,56.25,0.0,56.25,0.0,-2.6635385685022475
carbon_aware,0,283.3619900863078,227.96601899620075,283.3619900863078,12300.110675963158,0.0,0.0,3974.719334630412,323.1450057110297,1678.0,1678.0,100.0,1678.0,1.0,1473.6842105263127,0.18421052631578907,837.443995104661,837.443995104661,29.0,539.2424530453734,216.0181106862926,191.81622091012537,100.0,100.0,0.0,0.0,100.0,0.0,100.0,0.0,0.5678125,0.9,0.9,0.35,83.33333333333334,0.0,83.33333333333334,0.0,-2.3746460312104243
carbon_aware,0,252.58252715048394,223.08667632437016,252.58252715048394,10833.14447380049,0.0,0.0,4211.168534299317,388.7300261234264,2333.3,2333.3,100.0,2333.3,1.0,1473.6842105263127,0.18421052631578907,851.0135301203717,851.0135301203717,17.0,384.045344354755,236.76039808756678,205.62145527071166,100.0,100.0,0.0,0.0,100.0,0.0,100.0,0.0,0.5678125,0.9,0.9,0.35,42.70833333333333,0.0,42.70833333333333,0.0,-2.3238195450455224
carbon_aware,0,174.48744575490647,153.02645651013563,174.48744575490647,8718.531164362055,0.0,0.0,3355.3663632525304,384.85454717050914,2325.2,2325.2,100.0,2325.2,1.0,1473.6842105263127,0.18421052631578907,460.4790183228996,460.4790183228996,0.0,0.0,100.64233480419634,83.47165453650331,100.0,100.0,0.0,0.0,100.0,0.0,100.0,0.0,0.55,0.9,0.9,0.35,50.0,0.0,50.0,0.0,-1.594025588647246
carbon_aware,0,168.55098666385464,127.7956787542624,168.55098666385464,5997.997323352452,628.3381401707932,628.3381401707932,2717.671061914011,453.0964112526524,2654.2000000000003,2208.07524445752,83.1917430659905,2208.07524445752,0.831917430659905,1453.1249552965164,0.18164061941206455,683.6117785868183,683.6117785868183,2.0,3.1303073486048447,241.73512028665053,197.70135132572418,100.0,100.0,0.0,0.0,100.0,0.0,100.0,0.0,0.5678125,0.7503906196914618,0.5900287834682362,0.04002878346823613,4.166666666666666,0.0,4.166666666666666,0.0,-1.3312049870235667
carbon_aware,0,387.82901604038267,342.55075413221914,387.82901604038267,8936.365284618816,0.0,0.0,4885.329466431979,546.6796970397528,2018.2,2018.2,100.0,2018.2,1.0,1329.9999999999995,0.16624999999999995,741.2655754395753,741.2655754395753,11.0,78.57904940823138,179.80223123356126,157.94632664619732,25.0,25.0,1.0,0.0,0.0,240.0281038313732,25.0,275.7093110022515,0.2,0.55,0.2,0.35000000000000003,19.791666666666664,0.0,19.791666666666664,0.0,-3.568237022210616
carbon_aware,0,425.8907957051204,173.97049976874197,425.8907957051204,10914.87073874641,0.0,0.0,5228.1762442248855,478.99570864046257,1613.6999999999998,1613.6999999999998,100.0,1613.6999999999998,1.0,75.0,0.009375,757.7252632275367,757.7252632275367,11.0,77.22998970347504,163.5626867858241,132.5259572670648,100.0,100.0,0.0,0.0,100.0,0.0,100.0,0.0,0.55,0.5678125,0.5678125,0.01781250000000001,1.0416666666666665,0.0,1.0416666666666665,0.0,-1.8121927059243956
carbon_aware,0,415.6117767064836,349.8888500599526,415.6117767064836,9588.1541845526,0.0,0.0,4982.625024344992,519.6646746015474,1563.5,1563.5,100.0,1563.5,1.0,1329.9999999999995,0.16624999999999995,768.2314695589882,768.2314695589882,14.0,137.08349480593097,193.47451445067207,156.5345852198384,37.5,37.5,1.0,0.0,0.0,320.0803914875313,37.5,302.77079432240873,0.2,0.55,0.2,0.35000000000000003,10.416666666666668,0.0,10.416666666666668,0.0,-3.6446755214578395
carbon_aware,0,410.65557470800485,213.65209539150044,410.65557470800485,11979.85207698662,0.0,0.0,5108.672457662554,426.4386926343063,1555.2,1555.2,100.0,1555.2,1.0,1473.6842105263127,0.18421052631578907,734.3264411157969,734.3264411157969,9.0,53.321319779209915,135.4417685825375,109.38698342327537,100.0,100.0,0.0,0.0,100.0,0.0,100.0,0.0,0.55,0.9,0.9,0.35,34.375,0.0,34.375,0.0,-2.2255426603281294
carbon_aware,0,390.03191469132923,234.588338196704,390.03191469132923,11942.450960514108,0.0,0.0,5260.776046480643,440.5105839558895,908.0,908.0,100.0,908.0,1.0,1473.6842105263127,0.18421052631578907,803.5362807019858,803.5362807019858,17.0,328.79527415670356,170.80430199304868,138.1120462095473,100.0,100.0,0.0,0.0,100.0,0.0,100.0,0.0,0.5678125,0.9,0.9,0.35,13.541666666666666,0.0,13.541666666666666,0.0,-2.4436285228823333
carbon_aware,0,241.84687139105233,451.47227501136945,241.84687139105233,6856.428464248411,400.3224274286625,400.3224274286625,3837.014782394295,559.6229585711723,1416.7,1416.7,100.0,1416.7,1.0,1329.9999999999995,0.16624999999999995,486.3204982146208,486.3204982146208,0.0,0.0,243.29941433851903,175.6317730242572,100.0,100.0,0.0,0.0,100.0,0.0,100.0,0.0,0.2,0.55,0.2,0.35000000000000003,35.41666666666667,0.0,35.41666666666667,0.0,-4.702836198035098
carbon_aware,0,239.5198113624308,444.34083238568985,239.5198113624308,5636.325192430149,519.5185588074862,519.5185588074862,3218.157727637418,570.9673622025136,1177.4,1177.4,100.0,1177.4,1.0,1329.9999999999995,0.16624999999999995,402.5107911177191,402.5107911177191,0.0,0.0,201.19030047948877,136.5726605136744,100.0,100.0,0.0,0.0,100.0,0.0,100.0,0.0,0.2,0.55,0.2,0.35000000000000003,51.041666666666664,0.0,51.041666666666664,0.0,-4.628550337350936
carbon_aware,0,452.984387290965,608.8483788352792,452.984387290965,9395.723746363537,145.8674192891098,145.8674192891098,5425.871897239714,577.483123568816,1432.6,1432.6,100.0,1432.6,1.0,1329.9999999999995,0.16624999999999995,721.2649869756434,721.2649869756434,9.0,52.88781078700694,196.2211723637449,159.10617651926748,0.0,0.0,1.0,0.0,0.0,283.7322965769233,0.0,466.54452867581006,0.2,0.5302631578947369,0.2,0.35000000000000003,63.541666666666664,0.0,63.541666666666664,0.0,-6.342170612867491
carbon_aware,0,428.9521557566861,566.9550665855784,428.9521557566861,9608.004644069153,61.29163919580779,61.29163919580779,5405.090408426911,562.5611777533201,1354.2,1354.2,100.0,1354.2,1.0,1329.9999999999995,0.16624999999999995,775.7734077336806,775.7734077336806,10.0,99.49541330472982,224.60673757280009,187.95673223727,100.0,100.0,0.0,0.0,100.0,0.0,100.0,0.0,0.2,0.5302631578947369,0.2,0.35000000000000003,44.79166666666667,0.0,44.79166666666667,0.0,-5.9057819435997745
carbon_aware,0,388.7858710217071,523.2289886456795,388.7858710217071,10580.145081531664,120.1636956262764,120.1636956262764,5346.164412632986,505.30161651233556,1279.8000000000002,1279.8000000000002,100.0,1279.8000000000002,1.0,2079.999982118606,0.25999999776482574,826.4580663884084,826.4580663884084,19.0,325.1829470998799,246.8225647444188,208.3702192643034,100.0,100.0,0.0,0.0,100.0,0.0,100.0,0.0,0.2,0.55,0.378124995753169,0.17187500424683105,30.208333333333332,0.0,30.208333333333332,0.0,-5.450301965059161
carbon_aware,0,426.5949383673242,226.64980479784157,426.5949383673242,11989.514979512322,0.0,0.0,5154.904514356625,429.9510466574606,1652.3999999999999,1652.3999999999999,100.00000000000001,1652.3999999999999,1.0000000000000002,1473.6842105263127,0.18421052631578907,788.976984139558,788.976984139558,14.0,182.78248173963436,160.80502118676628,127.99329878761544,100.0,100.0,0.0,0.0,100.0,0.0,100.0,0.0,0.5678125,0.9,0.9,0.35,27.083333333333332,0.0,27.083333333333332,0.0,-2.360935466644183
carbon_aware,0,221.3745661413208,212.86213133864413,221.3745661413208,10981.480903109692,0.0,0.0,3507.0311135990796,319.35866797400456,2015.9,2015.9,100.0,2015.9,1.0,1473.6842105263127,0.18421052631578907,820.6371617701204,820.6371617701204,17.0,444.4812594341886,228.34921081446197,196.3684341003117,100.0,100.0,0.0,0.0,100.0,0.0,100.0,0.0,0.5678125,0.9,0.9,0.35,83.33333333333334,0.0,83.33333333333334,0.0,-2.2173138681108764
carbon_aware,0,213.25528438564402,182.97374855231,213.25528438564402,9550.508111982072,0.0,0.0,3284.775460046485,343.9372462210052,1225.4,1225.4,100.0,1225.4,1.0,1473.6842105263127,0.18421052631578907,760.9151967730388,760.9151967730388,17.0,201.79622066920112,183.48864688595566,148.69151457864152,100.0,100.0,0.0,0.0,100.0,0.0,100.0,0.0,0.5678125,0.9,0.9,0.35,50.0,0.0,50.0,0.0,-1.905976547419896
carbon_aware,0,187.57941700245289,261.6401805229817,187.57941700245289,5527.949115043448,645.2413319516072,645.2413319516072,2782.2141145656137,503.29951608893316,1398.4,1398.4,100.0,1398.4,1.0,2774.710899228232,0.346838862403529,674.3350813793477,674.3350813793477,0.0,0.0,241.73735244871887,193.06593441229026,100.0,100.0,0.0,0.0,100.0,0.0,100.0,0.0,0.2,0.7303515577223156,0.2,0.35000000000000003,29.166666666666668,0.0,29.166666666666668,0.0,-2.725418547114393
carbon_aware,0,482.7648856379692,613.7660809598675,482.7648856379692,9600.321572986193,134.13850819186885,134.13850819186885,5652.524596696334,588.7849228510903,1187.9,1187.9,100.0,1187.9,1.0,1329.9999999999995,0.16624999999999995,720.4068496111588,720.4068496111588,6.0,43.32809507420609,192.45664565177273,161.11292817426906,0.0,0.0,1.0,0.0,0.0,258.09844510633224,0.0,406.06742590536805,0.2,0.5302631578947369,0.2,0.35000000000000003,78.125,0.0,78.125,0.0,-6.3933966766652865
carbon_aware,0,476.7003867763407,590.3630020040098,476.7003867763407,9443.914385475027,36.84794825730009,36.84794825730009,5559.985228435664,588.7373605363321,1584.0,1584.0,100.0,1584.0,1.0,1329.9999999999995,0.16624999999999995,770.674951011103,770.674951011103,13.0,151.58327108227115,244.17622615779385,207.21474428395518,100.0,100.0,0.0,0.0,100.0,0.0,100.0,0.0,0.2,0.5302631578947369,0.2,0.35000000000000003,69.79166666666666,0.0,69.79166666666666,0.0,-6.149614604208435
carbon_aware,0,413.01219761272307,560.4905888926315,413.01219761272307,9137.475267769209,82.04946219319277,82.04946219319277,4988.35837805992,545.9230511578457,2027.8999999999999,2027.8999999999999,100.0,2027.8999999999999,1.0,1329.9999999999995,0.16624999999999995,732.3290369200805,732.3290369200805,16.0,142.65440669080294,261.812685022368,220.05163157210487,100.0,100.0,0.0,0.0,100.0,0.0,100.0,0.0,0.2,0.5302631578947369,0.2,0.35000000000000003,34.375,0.0,34.375,0.0,-5.838443634298245
carbon_aware,0,367.496123060918,166.46318385085294,367.496123060918,11553.316447620433,0.0,0.0,5308.1946259630295,459.45202401656076,757.2,757.2,100.0,757.2,1.0,328.12499329447746,0.041015624161809684,790.1270975578693,790.1270975578693,5.0,107.02221536720302,136.07143652441943,112.13978480406831,100.0,100.0,0.0,0.0,100.0,0.0,100.0,0.0,0.55,0.6279296859074386,0.6279296859074386,0.07792968590743854,1.0416666666666665,0.0,1.0416666666666665,0.0,-1.733991498446385
carbon_aware,0,323.3902331336625,230.57551516398786,323.3902331336625,12055.022233771831,0.0,0.0,4634.492398481236,384.44494822231235,819.0,819.0,100.0,819.0,1.0,1473.6842105263127,0.18421052631578907,808.0344588328446,808.0344588328446,17.0,401.43887576104544,171.59443830174874,147.23603672301917,100.0,100.0,0.0,0.0,100.0,0.0,100.0,0.0,0.5678125,0.9,0.9,0.35,73.95833333333334,0.0,73.95833333333334,0.0,-2.4018282829582067
carbon_aware,0,140.77155770046915,271.7865169942455,140.77155770046915,7606.736162763158,368.58570105314095,368.58570105314095,3423.4774919508145,450.05866099439305,700.5,700.5,100.0,700.5,1.0,4133.684210526314,0.5167105263157893,758.3039984385748,758.3039984385748,14.0,142.94648741400107,267.8547576561961,217.50014786644638,100.0,100.0,0.0,0.0,100.0,0.0,100.0,0.0,0.2,0.9,0.2,0.35000000000000003,5.208333333333334,0.0,5.208333333333334,0.0,-2.8311095520233907
carbon_aware,0,203.30558035807195,269.9447591499808,203.30558035807195,5800.249249574994,428.8388946468824,428.8388946468824,3090.109698339702,532.7546395641749,940.7,940.7,100.0,940.7,1.0,1329.9999999999995,0.16624999999999995,390.2974023509597,390.2974023509597,0.0,0.0,186.2091305233585,132.59733721040712,100.0,100.0,0.0,0.0,100.0,0.0,100.0,0.0,0.2,0.55,0.2,0.35000000000000003,19.791666666666664,0.0,19.791666666666664,0.0,-2.811924574478967
carbon_aware,0,449.3993525610699,458.30583202462293,449.3993525610699,10270.253601423756,201.89410330506144,201.89410330506144,5856.969836438905,570.2848307102133,715.9,715.9,100.0,715.9,1.0,1329.9999999999995,0.16624999999999995,694.9039931101418,694.9039931101418,10.0,19.441685225615743,195.31176002754955,156.5202044886006,100.0,100.0,0.0,0.0,100.0,0.0,100.0,0.0,0.2,0.55,0.2,0.35000000000000003,51.041666666666664,0.0,51.041666666666664,0.0,-4.774019083589822
carbon_aware,0,568.2091436726981,613.00239916699,568.2091436726981,10272.598067962139,89.08592011799055,89.08592011799055,6277.681438946487,611.1094191960187,628.5,628.5,100.0,628.5,1.0,1329.9999999999995,0.16624999999999995,737.1372488216783,737.1372488216783,12.0,76.53434382845325,218.90517073278218,175.72091681086258,100.0,100.0,0.0,0.0,100.0,0.0,100.0,0.0,0.2,0.5302631578947369,0.2,0.35000000000000003,89.58333333333334,0.0,89.58333333333334,0.0,-6.385441657989479
carbon_aware,0,432.5601739420832,554.9577108903018,432.5601739420832,9950.000875057707,97.74558902861477,97.74558902861477,5200.5540842467735,522.6687062192456,1100.6999999999998,1100.6999999999998,100.0,1100.6999999999998,1.0,1329.9999999999995,0.16624999999999995,744.4042214195229,744.4042214195229,14.0,88.02649353245863,237.36850770712977,195.76011850140128,100.0,100.0,0.0,0.0,100.0,0.0,100.0,0.0,0.2,0.5302631578947369,0.2,0.35000000000000003,20.833333333333336,0.0,20.833333333333336,0.0,-5.780809488440643
carbon_aware,0,493.21393891672005,559.5466750622089,493.21393891672005,10373.97832688788,238.2744682025888,238.2744682025888,6201.142033319524,597.7593010048076,656.3,656.3,100.0,656.3,1.0,1329.9999999999995,0.16624999999999995,751.8500254188737,751.8500254188737,8.0,80.86036922404921,231.37689521698258,170.91724901542327,0.0,0.0,1.0,0.0,0.0,276.7502043453776,0.0,456.5519956012711,0.2,0.55,0.2,0.35000000000000003,69.79166666666666,0.0,69.79166666666666,0.0,-5.828611198564676
carbon_aware,0,400.61275368654276,561.7247511400694,400.61275368654276,9511.365380182797,96.36210872007389,96.36210872007389,5394.383492228137,567.1513265032894,615.2,615.2,100.0,615.2,1.0,1329.9999999999995,0.16624999999999995,636.5021034732625,636.5021034732625,0.0,0.0,206.86396584632337,156.69905537433957,100.0,100.0,0.0,0.0,100.0,0.0,100.0,0.0,0.2,0.5302631578947369,0.2,0.35000000000000003,60.416666666666664,0.0,60.416666666666664,0.0,-5.85129949104239
carbon_aware,0,295.7127123980438,525.9338142502926,295.7127123980438,7023.87479638854,242.7545752600147,242.7545752600147,4034.1809719165776,574.3526313981038,1260.8,1260.8,100.0,1260.8,1.0,1329.9999999999995,0.16624999999999995,486.35033440055895,486.35033440055895,0.0,0.0,226.25254860639686,163.87530605242674,100.0,100.0,0.0,0.0,100.0,0.0,100.0,0.0,0.2,0.5302631578947369,0.2,0.35000000000000003,60.416666666666664,0.0,60.416666666666664,0.0,-5.478477231773881
carbon_aware,0,273.08361653410856,105.07687180227731,273.08361653410856,6867.890977829019,0.0,0.0,3371.2168236544335,490.866385989152,773.1,773.1,100.0,773.1,1.0,75.0,0.009375,665.1987047393156,665.1987047393156,0.0,0.0,94.83810178836208,71.37279726560193,100.0,100.0,0.0,0.0,100.0,0.0,100.0,0.0,0.55,0.5678125,0.5678125,0.01781250000000001,1.0416666666666665,0.0,1.0416666666666665,0.0,-1.0945507479403886
carbon_aware,0,523.8277549084717,234.61326581559615,523.8277549084717,12229.597597471155,0.0,0.0,5722.760970365853,467.94352183339294,725.6,725.6,100.0,725.6,1.0,843.7499776482582,0.10546874720603228,771.8938828543332,771.8938828543332,22.0,250.34940803870148,216.95214731243186,166.3092194727383,100.0,100.0,0.0,0.0,100.0,0.0,100.0,0.0,0.5678125,0.7503906196914618,0.7503906196914618,0.20039061969146177,2.083333333333333,0.0,2.083333333333333,0.0,-2.4438881855791266
carbon_aware,0,520.8193531679321,206.8911731749803,520.8193531679321,10933.457487794814,0.0,0.0,5764.116569387756,527.1997971201998,601.9,601.9,100.0,601.9,1.0,609.3749776482582,0.07617187220603228,772.5818878340139,772.5818878340139,8.0,107.52939810422313,148.99075865871123,124.5054717971708,100.0,100.0,0.0,0.0,100.0,0.0,100.0,0.0,0.3896381637767741,0.55,0.3896381637767741,0.16036183622322592,2.083333333333333,0.0,2.083333333333333,0.0,-2.1551163872393784
carbon_aware,0,468.19327575108514,527.771880828372,468.19327575108514,10332.170948809711,137.3735847985186,137.3735847985186,5092.28867642167,492.8575709452729,1402.6000000000001,1402.6000000000001,99.99999999999999,1402.6000000000001,0.9999999999999999,1742.4999910593028,0.21781249888241286,805.0741275744435,805.0741275744435,20.0,291.5990620957433,260.9994415721105,217.94686431807006,100.0,100.0,0.0,0.0,100.0,0.0,100.0,0.0,0.2,0.55,0.2979687478765845,0.25203125212341554,7.291666666666667,0.0,7.291666666666667,0.0,-5.497623758628875
carbon_aware,0,390.4913573274055,254.55695599095597,390.4913573274055,10558.343245028416,40.05687104084038,40.05687104084038,4800.611322021192,454.67467865108904,497.19999999999993,497.19999999999993,100.0,497.19999999999993,1.0,4133.684210526314,0.5167105263157893,799.2211443832184,799.2211443832184,21.0,443.17289024119475,249.16269819936417,212.10730693908548,100.0,100.0,0.0,0.0,100.0,0.0,100.0,0.0,0.2,0.9,0.2,0.35000000000000003,12.5,0.0,12.5,0.0,-2.6516349582391245
carbon_aware,0,369.48985051924444,532.0685991427374,369.48985051924444,9760.898254088335,43.12259296941838,43.12259296941838,4799.267136291199,491.6829385329402,649.0999999999999,649.0999999999999,100.0,649.0999999999999,1.0,1329.9999999999995,0.16624999999999995,674.8804354786224,674.8804354786224,0.0,0.0,206.59893226901337,160.23105295928107,100.0,100.0,0.0,0.0,100.0,0.0,100.0,0.0,0.2,0.5302631578947369,0.2,0.35000000000000003,21.875,0.0,21.875,0.0,-5.542381241070181
carbon_aware,0,336.61418686934064,138.15651494693407,336.61418686934064,9173.545116944408,0.0,0.0,4677.502157355355,509.89035293624545,405.4,405.4,100.0,405.4,1.0,0.0,0.0,483.5657207749684,483.5657207749684,0.0,0.0,92.64241123235408,79.60661311612323,100.0,100.0,0.0,0.0,100.0,0.0,100.0,0.0,0.55,0.55,0.55,0.0,0.0,0.0,0.0,0.0,-1.4391303640305633
carbon_aware,0,310.37558449730443,145.75414940368967,310.37558449730443,8024.064673804242,118.67312748569192,118.67312748569192,3773.874697238426,470.31957625650796,584.7,584.7,100.0,584.7,1.0,1368.749962002039,0.17109374525025486,750.384704960889,750.384704960889,8.0,61.50719940933186,189.41636295747756,133.60297033649513,100.0,100.0,0.0,0.0,100.0,0.0,100.0,0.0,0.4537828982660645,0.6920250799266724,0.6920250799266724,0.14202507992667235,3.125,0.0,3.125,0.0,-1.5182723896217674
carbon_aware,0,454.71711104506886,330.31081802125004,454.71711104506886,10728.861218689979,0.0,0.0,5306.568487906399,494.60687203803207,733.5,733.5,100.0,733.5,1.0,4133.684210526314,0.5167105263157893,824.4173361214379,824.4173361214379,23.0,436.2980997137852,226.2742036036288,170.64759401933597,100.0,100.0,1.0,1.0,100.0,0.0,100.0,0.0,0.2,0.9,0.2,0.35000000000000003,23.958333333333336,0.0,23.958333333333336,0.0,-3.4407376877213545
carbon_aware,0,612.0030734695088,635.2237550743873,612.0030734695088,11092.042408328769,18.89851835461637,18.89851835461637,6997.801681693025,630.8848653912944,433.79999999999995,433.79999999999995,100.0,433.79999999999995,1.0,1329.9999999999995,0.16624999999999995,833.0484558166872,833.0484558166872,21.0,301.12440785806064,215.3442359269726,171.70844155356903,100.0,100.0,0.0,0.0,100.0,0.0,100.0,0.0,0.2,0.5302631578947369,0.2,0.35000000000000003,89.58333333333334,0.0,89.58333333333334,0.0,-6.616914115358202
carbon_aware,0,595.2802113980824,634.2479213005661,595.2802113980824,11473.601095488826,20.01598925438077,20.01598925438077,6811.47678760895,593.6651214314115,384.09999999999997,384.09999999999997,100.00000000000001,384.09999999999997,1.0000000000000002,1329.9999999999995,0.16624999999999995,801.7018396740541,801.7018396740541,27.0,481.0785159513616,225.08873260328534,182.565054368688,100.0,100.0,0.0,0.0,100.0,0.0,100.0,0.0,0.2,0.5302631578947369,0.2,0.35000000000000003,89.58333333333334,0.0,89.58333333333334,0.0,-6.60674918021423
carbon_aware,0,481.0878526325032,585.4657410227583,481.0878526325032,10880.630464290225,43.49343207483564,43.49343207483564,5835.468140014827,536.3170966210635,593.2,593.2,100.0,593.2,1.0,1329.9999999999995,0.16624999999999995,805.5730425219309,805.5730425219309,22.0,312.857451733406,238.90087687299888,194.69404388658984,100.0,100.0,0.0,0.0,100.0,0.0,100.0,0.0,0.2,0.5302631578947369,0.2,0.35000000000000003,44.79166666666667,0.0,44.79166666666667,0.0,-6.098601468987066
carbon_aware,0,382.75481994510693,247.2197503279643,382.75481994510693,12815.751128535909,0.0,0.0,5014.944162231072,391.31098223846266,950.6000000000001,950.6000000000001,100.0,950.6000000000001,1.0,1473.6842105263127,0.18421052631578907,855.8992689990291,855.8992689990291,18.0,468.1330358074968,177.88575722921414,154.3131411158522,100.0,100.0,0.0,0.0,100.0,0.0,100.0,0.0,0.55,0.9,0.9,0.35,70.83333333333334,0.0,70.83333333333334,0.0,-2.5752057325829614
carbon_aware,0,218.47240820708765,271.4509655131727,218.47240820708765,7950.662251134358,76.59441802150482,76.59441802150482,3813.6120005223897,479.65966608357485,767.5,767.5,100.0,767.5,1.0,3737.8514987137205,0.46723143733921507,780.3151129006002,780.3151129006002,15.0,269.4585427101479,247.40783725105706,206.69335143836724,100.0,100.0,0.0,0.0,100.0,0.0,100.0,0.0,0.2,0.8505859295371927,0.2,0.35000000000000003,21.875,0.0,21.875,0.0,-2.8276142240955493
carbon_aware,0,358.4346735167471,538.1869540950929,358.4346735167471,6904.813659173204,369.50454038629044,369.50454038629044,4302.273957827729,623.0832822131354,278.4,278.4,100.0,278.4,1.0,1329.9999999999995,0.16624999999999995,421.7092472913647,421.7092472913647,0.0,0.0,184.7018454969465,112.53441165917474,100.0,100.0,0.0,0.0,100.0,0.0,100.0,0.0,0.2,0.5302631578947369,0.2,0.35000000000000003,89.58333333333334,0.0,89.58333333333334,0.0,-5.606114105157218
carbon_aware,0,557.561874397963,647.276186562105,557.561874397963,11453.885309130887,39.69689748530709,39.69689748530709,6405.699919383613,559.2600018682807,447.20000000000005,447.20000000000005,100.0,447.20000000000005,1.0,1329.9999999999995,0.16624999999999995,781.7709401903224,781.7709401903224,27.0,363.6123192611192,197.0221967926832,155.652884053704,0.0,0.0,1.0,0.0,0.0,304.07186806148417,0.0,509.4162994360894,0.2,0.5302631578947369,0.2,0.35000000000000003,58.333333333333336,0.0,58.333333333333336,0.0,-6.742460276688593
carbon_aware,0,558.5012763557529,317.3841450470977,558.5012763557529,14731.525738899029,0.0,0.0,6651.095884776758,451.48723918082317,329.9,329.9,100.0,329.9,1.0,1473.6842105263127,0.18421052631578907,1139.6306575426343,1139.6306575426343,36.0,1541.4201512809777,214.9829768938615,171.2746152336739,100.0,100.0,0.0,0.0,100.0,0.0,100.0,0.0,0.55,0.9,0.9,0.35,2.083333333333333,0.0,2.083333333333333,0.0,-3.3060848442406012
carbon_aware,0,425.8988290033288,372.5190978662397,425.8988290033288,14816.992734098687,0.0,0.0,5256.840700461456,354.7845905575541,496.1,496.1,100.0,496.1,1.0,3529.0165451094645,0.4411270681386831,1165.8552413511607,1165.8552413511607,41.0,2095.59818579339,262.4499842103738,218.3749693360904,87.5,87.5,1.0,0.0,0.0,41.51223129188497,87.5,10.378057822971243,0.5678125,0.9,0.9,0.35,63.541666666666664,0.0,63.541666666666664,0.0,-3.880407269439997
carbon_aware,0,528.6810717428922,266.87426103420444,528.6810717428922,13663.408278177576,0.0,0.0,5824.800707130777,426.30656923527783,614.3000000000001,614.3000000000001,100.0,614.3000000000001,1.0,2448.684174763526,0.30608552184544074,898.8299213786389,898.8299213786389,36.0,1090.8775925067846,192.64372642877558,170.2038518739836,100.0,100.0,1.0,1.0,100.0,0.0,100.0,0.0,0.5678125,0.9,0.643421062042839,0.09342106204283895,25.0,0.0,25.0,0.0,-2.779940219106296
carbon_aware,0,452.18303498667734,362.4828675585807,452.18303498667734,10617.9193305661,0.0,0.0,5907.121244688497,556.3351030256468,935.5,935.5,100.0,935.5,1.0,1329.9999999999995,0.16624999999999995,753.096224906765,753.096224906765,9.0,84.37635251566701,185.4717719001852,152.60436695111957,100.0,100.0,0.0,0.0,100.0,0.0,100.0,0.0,0.2,0.55,0.2,0.35000000000000003,34.375,0.0,34.375,0.0,-3.775863203735216
carbon_aware,0,377.4920128789705,560.6369349916324,377.4920128789705,8748.076925330957,91.51773033362171,91.51773033362171,5142.226521087757,587.8122203290086,426.29999999999995,426.29999999999995,100.0,426.29999999999995,1.0,1329.9999999999995,0.16624999999999995,541.9792726181598,541.9792726181598,0.0,0.0,201.50686879184326,133.35499833543454,100.0,100.0,0.0,0.0,100.0,0.0,100.0,0.0,0.2,0.5302631578947369,0.2,0.35000000000000003,86.45833333333334,0.0,86.45833333333334,0.0,-5.839968072829504
carbon_aware,0,314.8431453277775,151.60343875479393,314.8431453277775,6764.155692442185,230.33515514571098,230.33515514571098,3526.5222833958705,521.3543927346573,616.6,616.6,100.0,616.6,1.0,1329.9999999999995,0.16624999999999995,431.1308267492957,431.1308267492957,0.0,0.0,168.68262512868282,121.66237190099999,100.0,100.0,0.0,0.0,100.0,0.0,100.0,0.0,0.2,0.55,0.2,0.35000000000000003,2.083333333333333,0.0,2.083333333333333,0.0,-1.5792024870291035
carbon_aware,0,605.9633053132729,651.7822855575703,605.9633053132729,11734.630381513853,41.9841443537851,41.9841443537851,6339.6947197403115,540.2551689849173,679.0,679.0,100.0,679.0,1.0,1329.9999999999995,0.16624999999999995,852.3146944615239,852.3146944615239,28.0,604.3778566825617,207.33148106693,161.62128223083258,0.0,0.0,1.0,0.0,0.0,317.59094871907513,0.0,512.2834550603825,0.2,0.5302631578947369,0.2,0.35000000000000003,35.41666666666667,0.0,35.41666666666667,0.0,-6.789398807891357
carbon_aware,0,572.6825739338144,419.40077145114236,572.6825739338144,11697.866239864406,65.49909691302209,65.49909691302209,6385.3187494636895,545.853287987135,1164.1000000000001,1164.1000000000001,100.0,1164.1000000000001,1.0,1329.9999999999995,0.16624999999999995,833.2700575387852,833.2700575387852,24.0,504.1199063539977,229.45996710849107,184.69457369440633,100.0,100.0,0.0,0.0,100.0,0.0,100.0,0.0,0.2,0.55,0.2,0.35000000000000003,35.41666666666667,0.0,35.41666666666667,0.0,-4.3687580359494
carbon_aware,0,540.4548105009437,279.34219230942,540.4548105009437,13521.564466804235,0.0,0.0,6531.751219936451,483.0617962863733,916.3,916.3,100.0,916.3,1.0,1809.3749441206455,0.22617186801508068,929.6414651626758,929.6414651626758,31.0,1296.946648361929,205.71081154132312,175.11164077221034,100.0,100.0,1.0,1.0,100.0,0.0,100.0,0.0,0.2934210620428386,0.55,0.4915851197651537,0.05841488023484637,3.125,0.0,3.125,0.0,-2.909814503223125
carbon_aware,0,437.64333126470353,383.96503055708115,437.64333126470353,15056.390755182267,0.0,0.0,5360.790858609767,356.04753793764513,617.4000000000001,617.4000000000001,100.0,617.4000000000001,1.0,3529.0165451094645,0.4411270681386831,1231.028025606777,1231.028025606777,40.0,2201.040288649724,259.9942971662783,214.66352439391574,87.5,87.5,1.0,0.0,0.0,4.684148627523484,87.5,1.171037156880871,0.5678125,0.9,0.9,0.35,55.208333333333336,0.0,55.208333333333336,0.0,-3.9996357349695955
carbon_aware,0,345.0893561745635,249.93221417526453,345.0893561745635,14388.9577616958,0.0,0.0,4557.679791364493,316.74843076524195,380.0,380.0,100.0,380.0,1.0,1473.6842105263127,0.18421052631578907,895.432979864272,895.432979864272,38.0,935.1893608949683,169.4378315544445,150.28471937112303,100.0,100.0,0.0,0.0,100.0,0.0,100.0,0.0,0.5678125,0.9,0.9,0.35,83.33333333333334,0.0,83.33333333333334,0.0,-2.603460564325672
carbon_aware,0,23.733920426761312,171.30316020574125,23.733920426761312,11669.267017801798,0.0,0.0,3149.2134549884295,269.87243073487093,476.1,476.1,100.0,476.1,1.0,1473.6842105263127,0.18421052631578907,846.3717471770153,846.3717471770153,17.0,476.45308494344215,155.02606670256426,125.97963415924312,100.0,100.0,0.0,0.0,100.0,0.0,100.0,0.0,0.5678125,0.9,0.9,0.35,83.33333333333334,0.0,83.33333333333334,0.0,-1.7844079188098048
carbon_aware,0,213.6596046374837,180.64906539473122,213.6596046374837,9534.97438698258,0.0,0.0,3507.237600378358,367.82873849840007,584.2,584.2,100.0,584.2,1.0,1473.6842105263127,0.18421052631578907,742.6202739685995,742.6202739685995,14.0,90.5341364214029,153.1812481224245,122.21198855217908,100.0,100.0,0.0,0.0,100.0,0.0,100.0,0.0,0.5678125,0.9,0.9,0.35,51.041666666666664,0.0,51.041666666666664,0.0,-1.8817610978617836
carbon_aware,0,554.3725616983842,403.473979103852,554.3725616983842,15054.780252234206,0.0,0.0,6494.77182196433,431.40927420713916,890.2,890.2,100.0,890.2,1.0,3529.0165451094645,0.4411270681386831,1215.0759053448105,1215.0759053448105,44.0,2401.4761037974804,316.1399615813101,254.0500477159451,100.0,100.0,1.0,1.0,100.0,0.0,100.0,0.0,0.5338898056725931,0.9,0.9,0.35,6.25,0.0,6.25,0.0,-4.202853948998459
carbon_aware,0,462.79729352858175,400.89757658465084,462.79729352858175,13384.398551678452,0.0,0.0,6446.5027907392,481.6430686704846,424.4,424.4,100.0,424.4,1.0,4133.684210526314,0.5167105263157893,961.892277368952,961.892277368952,29.0,1195.8701646421544,217.49610758758723,190.6175176406126,100.0,100.0,0.0,0.0,100.0,0.0,100.0,0.0,0.2,0.9,0.2,0.35000000000000003,16.666666666666664,0.0,16.666666666666664,0.0,-4.1760164227567795
carbon_aware,0,598.1463454689597,482.97270492450025,598.1463454689597,14241.986150691442,33.3574995305119,33.3574995305119,7067.3129954500255,496.2308571762591,328.1,328.1,100.0,328.1,1.0,2079.999982118606,0.25999999776482574,954.0440728546614,954.0440728546614,38.0,1692.9197586463029,265.33071264355596,216.0917213313196,25.0,25.0,1.0,0.0,0.0,356.40551977989185,25.0,393.12170237823057,0.2,0.55,0.378124995753169,0.17187500424683105,10.416666666666668,0.0,10.416666666666668,0.0,-5.030965676296877
carbon_aware,0,526.0062283472631,289.33199148033214,526.0062283472631,14917.87529023918,0.0,0.0,6733.977885641418,451.4032832844154,335.9,335.9,100.0,335.9,1.0,2523.684174763526,0.3154605218454407,896.4280847337677,896.4280847337677,43.0,1385.3905798392507,171.96816155660866,158.55821307014432,100.0,100.0,1.0,1.0,100.0,0.0,100.0,0.0,0.5678125,0.9,0.661233562042839,0.11123356204283896,10.416666666666668,0.0,10.416666666666668,0.0,-3.0138749112534597
carbon_aware,0,339.36682549373427,277.02974564467326,339.36682549373427,15267.838568517833,0.0,0.0,4929.44980811224,322.86494162158147,444.3,444.3,100.0,444.3,1.0,1473.6842105263127,0.18421052631578907,938.3872137674371,938.3872137674371,44.0,1414.0639990257882,176.09258248696216,158.6364425699228,100.0,100.0,0.0,0.0,100.0,0.0,100.0,0.0,0.5678125,0.9,0.9,0.35,83.33333333333334,0.0,83.33333333333334,0.0,-2.8857265171320132
carbon_aware,0,176.13994489192973,199.19775676616595,176.13994489192973,12204.602649362143,0.0,0.0,3578.667238689023,293.2227571436795,558.0,558.0,100.0,558.0,1.0,1473.6842105263127,0.18421052631578907,854.9213891888614,854.9213891888614,17.0,539.1827128941878,160.56280104587344,134.2661879764898,100.0,100.0,0.0,0.0,100.0,0.0,100.0,0.0,0.5678125,0.9,0.9,0.35,83.33333333333334,0.0,83.33333333333334,0.0,-2.074976632980895
carbon_aware,0,392.47376762404633,211.19611629695794,392.47376762404633,9941.184325222757,0.0,0.0,4724.350660484053,475.2301643273466,555.5999999999999,555.5999999999999,100.0,555.5999999999999,1.0,1434.374962002039,0.17929687025025487,739.962386553238,739.962386553238,16.0,105.50792199625164,146.97783325610953,120.31231052819642,100.0,100.0,0.0,0.0,100.0,0.0,100.0,0.0,0.5678125,0.890664053475485,0.890664053475485,0.340664053475485,2.083333333333333,0.0,2.083333333333333,0.0,-2.1999595447599787
carbon_aware,0,535.2432156229793,391.1636878630112,535.2432156229793,15169.765862050514,0.0,0.0,6621.791182862196,436.5124183905579,659.9,659.9,100.0,659.9,1.0,2399.9999284744263,0.2999999910593033,1296.5413985647465,1296.5413985647465,35.0,2392.7130771065504,274.11989150055,210.32822380057178,100.0,100.0,1.0,1.0,100.0,0.0,100.0,0.0,0.2934210620428386,0.6318585535491769,0.6318585535491769,0.08185855354917682,3.125,0.0,3.125,0.0,-4.074621748573033
carbon_aware,0,529.3109924926619,407.22712693290225,529.3109924926619,13822.722777500392,0.0,0.0,6486.174706719998,469.24001957687483,601.0,601.0,100.0,601.0,1.0,4133.684210526314,0.5167105263157893,932.2349857282168,932.2349857282168,31.0,1324.8965449873988,210.20676666330073,194.02292525438108,100.0,100.0,0.0,0.0,100.0,0.0,100.0,0.0,0.2,0.9,0.2,0.35000000000000003,4.166666666666666,0.0,4.166666666666666,0.0,-4.2419492388843985
carbon_aware,0,560.1389696273832,391.47473973578735,560.1389696273832,16361.20829679346,0.0,0.0,7175.517933373316,438.5689493837448,841.8,841.8,100.0,841.8,1.0,1473.6842105263127,0.18421052631578907,1001.8836827118964,1001.8836827118964,50.0,2479.586207022324,229.55269506451594,207.37477464413152,100.0,100.0,0.0,0.0,100.0,0.0,100.0,0.0,0.55,0.9,0.9,0.35,8.333333333333332,0.0,8.333333333333332,0.0,-4.077861872247785
carbon_aware,0,476.20874815465925,358.78760053586797,476.20874815465925,16389.20751814168,0.0,0.0,6525.247401772753,398.14294831216034,547.9,547.9,100.0,547.9,1.0,1473.6842105263127,0.18421052631578907,956.3434688997859,956.3434688997859,53.0,2195.164993282177,199.51797545093268,181.5552136098378,100.0,100.0,0.0,0.0,100.0,0.0,100.0,0.0,0.5678125,0.9,0.9,0.35,64.58333333333334,0.0,64.58333333333334,0.0,-3.7373708389152913
carbon_aware,0,418.52827377383306,319.8568645009659,418.52827377383306,15426.673814822685,0.0,0.0,6943.458690410079,450.0943478650901,623.5,623.5,100.0,623.5,1.0,1473.6842105263127,0.18421052631578907,967.932545875508,967.932545875508,46.0,1597.1616832413229,186.85327024744123,169.65750434310837,100.0,100.0,0.0,0.0,100.0,0.0,100.0,0.0,0.5678125,0.9,0.9,0.35,2.083333333333333,0.0,2.083333333333333,0.0,-3.3318423385517284
carbon_aware,0,299.30582882841566,175.48374683027558,299.30582882841566,11911.151728442786,0.0,0.0,5356.06720717427,449.66828811226134,314.4,314.4,100.0,314.4,1.0,740.6249843537807,0.0925781230442226,840.1141475488798,840.1141475488798,9.0,298.1578460169644,151.33748832838106,120.73479696804098,100.0,100.0,0.0,0.0,100.0,0.0,100.0,0.0,0.55,0.7258984337840233,0.7258984337840233,0.17589843378402326,2.083333333333333,0.0,2.083333333333333,0.0,-1.827955696148704
carbon_aware,0,216.33490746214216,188.93015815646334,216.33490746214216,10244.061029820268,0.0,0.0,3880.407310455511,378.79580170009905,328.3,328.3,100.0,328.3,1.0,1473.6842105263127,0.18421052631578907,764.4540492171609,764.4540492171609,16.0,147.5055203229711,137.85744537979056,110.49781305326853,100.0,100.0,0.0,0.0,100.0,0.0,100.0,0.0,0.5678125,0.9,0.9,0.35,62.5,0.0,62.5,0.0,-1.968022480796493
carbon_aware,0,370.0761190870236,348.9537722744435,370.0761190870236,16441.620998134164,0.0,0.0,7131.070581425658,433.7206521324698,372.8,372.8,100.0,372.8,1.0,1473.6842105263127,0.18421052631578907,951.4660436896088,951.4660436896088,48.0,2022.6338538196474,277.37728814137796,221.24014860768798,100.0,100.0,0.0,0.0,100.0,0.0,100.0,0.0,0.5678125,0.9,0.9,0.35,10.416666666666668,0.0,10.416666666666668,0.0,-3.6349351278587867
carbon_aware,0,445.27345973283593,295.34683146838256,445.27345973283593,15363.521873434205,0.0,0.0,7786.315691189016,506.80538976240234,265.6,265.6,100.0,265.6,1.0,0.0,0.0,1013.624244210376,1013.624244210376,34.0,1653.475719571457,180.59494935167046,159.4252588932486,100.0,100.0,0.0,0.0,100.0,0.0,100.0,0.0,0.55,0.55,0.55,0.0,0.0,0.0,0.0,0.0,-3.0765294944623185
carbon_aware,0,492.05834894188285,617.7826201551745,492.05834894188285,13895.170955093423,10.541547176765448,10.541547176765448,8061.766173387967,580.184741838879,541.3,541.3,100.0,541.3,1.0,1329.9999999999995,0.16624999999999995,1004.139815379388,1004.139815379388,33.0,1551.556841916767,277.74448670518507,221.17685406928547,100.0,100.0,0.0,0.0,100.0,0.0,100.0,0.0,0.2,0.55,0.2,0.35000000000000003,53.125,0.0,53.125,0.0,-6.435235626616401
carbon_aware,0,541.6499977960298,692.0358194309331,541.6499977960298,13666.906505804978,0.0,0.0,7964.21286452359,582.7370561978172,414.8,414.8,100.0,414.8,1.0,1329.9999999999995,0.16624999999999995,974.9679454269752,974.9679454269752,32.0,1332.8799973570785,252.91154894365565,203.52474673481788,100.0,100.0,0.0,0.0,100.0,0.0,100.0,0.0,0.2,0.5302631578947369,0.2,0.35000000000000003,80.20833333333334,0.0,80.20833333333334,0.0,-7.208706452405553
carbon_aware,0,450.43889540550003,622.2877022161705,450.43889540550003,12623.28671732987,0.0,0.0,7111.512975958087,563.3646082200646,717.4,717.4,100.0,717.4,1.0,1329.9999999999995,0.16624999999999995,856.6412202555838,856.6412202555838,30.0,736.0490522383132,239.22948340654492,199.18909271130005,100.0,100.0,0.0,0.0,100.0,0.0,100.0,0.0,0.2,0.5302631578947369,0.2,0.35000000000000003,51.041666666666664,0.0,51.041666666666664,0.0,-6.482163564751776
carbon_aware,0,344.6751211712891,197.9922106248147,344.6751211712891,11848.41767982104,0.0,0.0,5466.192109901037,461.3436374048893,1087.2,1087.2,100.0,1087.2,1.0,1171.8749709427357,0.14648437136784195,847.8546089822473,847.8546089822473,8.0,270.29512571944457,172.43789153695232,138.29071481616793,100.0,100.0,0.0,0.0,100.0,0.0,100.0,0.0,0.55,0.8283203055989004,0.8283203055989004,0.2783203055989003,3.125,0.0,3.125,0.0,-2.062418860675153
carbon_aware,0,219.06727910830267,190.6710895133794,219.06727910830267,9536.590255732457,0.0,0.0,3358.6742273767277,352.1881655089275,1053.8000000000002,1053.8000000000002,100.0,1053.8000000000002,1.0,1473.6842105263127,0.18421052631578907,754.9230925931766,754.9230925931766,13.0,137.3176066289789,176.278104685095,148.0070139675864,100.0,100.0,0.0,0.0,100.0,0.0,100.0,0.0,0.5678125,0.9,0.9,0.35,83.33333333333334,0.0,83.33333333333334,0.0,-1.9861571824310353
carbon_aware,0,465.97938133036183,330.81167174574637,465.97938133036183,14317.218409935698,0.0,0.0,6191.445596405576,432.4475201208712,0.0,0.0,,0.0,,3742.434130060042,0.46780426625750526,940.3754550204424,940.3754550204424,42.0,1650.7213518188305,326.9002753681808,285.56063784810107,100.0,100.0,0.0,0.0,100.0,0.0,100.0,0.0,0.30296054749112417,0.9,0.30296054749112417,0.24703945250887588,33.33333333333333,0.0,33.33333333333333,0.0,-3.4459549140181913
greedy_tracking,0,432.86381058060874,334.81249887481295,432.86381058060874,9878.669172894864,0.0,0.0,4879.411808580297,493.93412444344705,1584.7,1584.7,100.0,1584.7,1.0,2175.5384232784854,0.2719423029098107,811.6169429714466,811.6169429714466,14.0,212.4884090911066,143.9934448779011,72.40768110930217,100.0,100.0,0.0,0.0,100.0,0.0,100.0,0.0,0.2,0.5384452163486889,0.2,0.35000000000000003,33.33333333333333,0.0,33.33333333333333,0.0,-3.487630196612635
greedy_tracking,0,454.27408224706386,172.28680544435628,454.27408224706386,11254.439347595046,0.0,0.0,5118.335419382252,454.78368680142086,1639.0,1639.0,100.0,1639.0,1.0,3240.9529009418193,0.40511911261772743,480.3448303923145,480.3448303923145,0.0,0.0,21.41078383188268,4.558183481884294,100.0,100.0,0.0,0.0,100.0,0.0,100.0,0.0,0.4531865932666969,0.9,0.46126777928668705,0.08873222071331299,5.208333333333334,0.0,5.208333333333334,0.0,-1.7946542233787113
greedy_tracking,0,445.76920502595317,188.49484480599273,445.76920502595317,10878.690253571178,0.0,0.0,5561.08598442473,511.1907642189901,1694.9,1694.9,100.0,1694.9,1.0,3343.5391555463684,0.41794239444329606,476.7836795845548,476.7836795845548,0.0,0.0,60.80983996889496,16.683862450255607,100.0,100.0,0.0,0.0,100.0,0.0,100.0,0.0,0.4123193418457003,0.9,0.41452398509607435,0.1354760149039257,10.416666666666668,0.0,10.416666666666668,0.0,-1.963487966729091
greedy_tracking,0,503.4132211581146,189.38022401014246,503.4132211581146,11644.942411145012,0.0,0.0,5895.991401901505,506.3134873263637,939.8,939.8,100.0,939.8,1.0,2978.170794871403,0.37227134935892536,501.27459146721253,501.27459146721253,0.0,0.0,4.12568794327745e-06,2.9151048881459474e-06,100.0,100.0,0.0,0.0,100.0,0.0,100.0,0.0,0.452006490840722,0.8581958807229393,0.473466357721918,0.07653364227808207,0.0,0.0,0.0,0.0,-1.9727106667723173
greedy_tracking,0,416.1265913103058,177.2315020862934,416.1265913103058,11255.575786173837,0.0,0.0,5483.5312732753755,487.18354151293215,1247.3000000000002,1247.3000000000002,100.0,1247.3000000000002,1.0,2746.4268958602215,0.3433033619825277,495.58456439066805,495.58456439066805,0.0,0.0,44.02425591980957,11.343343273493621,100.0,100.0,0.0,0.0,100.0,0.0,100.0,0.0,0.5483393037192161,0.9,0.6168119128996821,0.06681191289968202,8.333333333333332,0.0,8.333333333333332,0.0,-1.8461614800655564
greedy_tracking,0,291.83007356787607,158.33802651187966,291.83007356787607,9222.884911724506,0.0,0.0,4342.855544442498,470.8782106693843,1325.1,1325.1,100.0,1325.1,1.0,2104.98004059589,0.26312250507448626,451.99705790387554,451.99705790387554,0.0,0.0,65.48564957087585,21.674205747495293,100.0,100.0,0.0,0.0,100.0,0.0,100.0,0.0,0.5535671256482602,0.9,0.7338695184027431,0.18386951840274302,15.625,0.0,15.625,0.0,-1.6493544428320799
greedy_tracking,0,281.4160748799699,138.1308584435255,281.4160748799699,6348.856488191738,2.701436499750386,2.701436499750386,3463.069600308352,545.4635187847337,1989.8,1987.0985635002494,99.8642357774776,1987.0985635002494,0.9986423577747761,2393.212966079157,0.29915162075989465,349.18735492512127,349.18735492512127,0.0,0.0,85.72436280581238,30.384106347376107,100.0,100.0,0.0,0.0,100.0,0.0,100.0,0.0,0.5525249466998503,0.9,0.6590149546924391,0.10901495469243905,17.708333333333336,0.0,17.708333333333336,0.0,-1.438863108786724
greedy_tracking,0,360.15611263728806,358.6041480948722,360.15611263728806,10295.144928710088,0.0,0.0,4606.424752748043,447.43661062041963,779.3,779.3,100.0,779.3,1.0,1496.1985759659729,0.1870248219957466,795.4139719101449,795.4139719101449,13.0,196.21494824990708,148.7515974128708,82.21262809675727,100.0,100.0,0.0,0.0,100.0,0.0,100.0,0.0,0.2,0.538271540373956,0.200911422419631,0.34908857758036904,33.33333333333333,0.0,33.33333333333333,0.0,-3.735459875988252
greedy_tracking,0,402.6013719306613,165.49012861429236,402.6013719306613,11457.374979670236,0.0,0.0,4950.058167976398,432.0412116003617,1103.7,1103.7,100.0,1103.7,1.0,3218.293925099332,0.4022867406374165,488.6830923757479,488.6830923757479,0.0,0.0,29.28283907523043,6.973302258382655,100.0,100.0,0.0,0.0,100.0,0.0,100.0,0.0,0.454798653644914,0.9,0.46734924577054027,0.08265075422945978,9.375,0.0,9.375,0.0,-1.7238555063988787
greedy_tracking,0,338.2714605207717,150.06970966823224,338.2714605207717,11015.79156711835,0.0,0.0,4257.718222413488,386.51041974346975,1621.7,1621.7,100.0,1621.7,1.0,3261.2910096777787,0.4076613762097223,487.9920423407725,487.9920423407725,0.0,0.0,65.29211564290162,18.997711954927542,100.0,100.0,0.0,0.0,100.0,0.0,100.0,0.0,0.4379750823906618,0.9,0.44478259520536473,0.10521740479463532,10.416666666666668,0.0,10.416666666666668,0.0,-1.5632261423774192
greedy_tracking,0,259.89094126292093,121.1065783682693,259.89094126292093,10740.600109172106,0.0,0.0,3468.873868460092,322.968347503953,1678.0,1678.0,100.0,1678.0,1.0,3053.383933719737,0.3816729917149671,469.5405141637689,469.5405141637689,0.0,0.0,54.99878893458695,14.65060631334205,100.0,100.0,0.0,0.0,100.0,0.0,100.0,0.0,0.489343476798508,0.9,0.489343476798508,0.06065652320149206,10.416666666666668,0.0,10.416666666666668,0.0,-1.2615268580028052
greedy_tracking,0,215.2691242563291,120.92771189331569,215.2691242563291,9481.011147147252,0.0,0.0,3556.556058969751,375.1241300923779,2333.3,2333.3,100.0,2333.3,1.0,2984.4402253373987,0.37305502816717484,451.10110144457593,451.10110144457593,0.0,0.0,98.46422557372436,31.695765784095258,100.0,100.0,0.0,0.0,100.0,0.0,100.0,0.0,0.5348954102828237,0.9,0.5421404782365961,0.007859521763403987,12.5,0.0,12.5,0.0,-1.2596636655553717
greedy_tracking,0,165.17819310870024,115.7852249635716,165.17819310870024,7715.025032918542,0.0,0.0,3074.554727205311,398.51519782330865,2325.2,2325.2,100.0,2325.2,1.0,2633.231904405802,0.32915398805072527,389.9944019988907,389.9944019988907,0.0,0.0,92.8636132612045,33.190765400794966,100.0,100.0,0.0,0.0,100.0,0.0,100.0,0.0,0.5317116470627584,0.9,0.6339175901020339,0.08391759010203381,15.625,0.0,15.625,0.0,-1.2060960933705374
greedy_tracking,0,211.38215609101064,115.50816945239305,211.38215609101064,5727.811497258292,90.95106059824269,90.95106059824269,2749.635004623122,480.0498420625886,2654.2000000000003,2563.2489394017575,96.57331547742285,2563.2489394017575,0.9657331547742285,2665.653768493769,0.3332067210617211,304.2944214743451,304.2944214743451,0.0,0.0,96.82096901063304,33.576039567528646,100.0,100.0,0.0,0.0,100.0,0.0,100.0,0.0,0.5252813245244015,0.9,0.6413615236598019,0.09136152365980188,15.625,0.0,15.625,0.0,-1.2032100984624277
greedy_tracking,0,408.7373707593469,337.61628685954474,408.7373707593469,9007.251818083398,0.0,0.0,4955.592051868169,550.1780289876076,2018.2,2018.2,100.0,2018.2,1.0,2713.1962042704254,0.3391495255338032,741.2655754395753,741.2655754395753,11.0,78.57904940823138,130.74225452728837,63.013211605801494,25.0,25.0,1.0,0.0,0.0,240.0281038313732,25.0,264.2907327016696,0.2,0.5388224269900668,0.2,0.35000000000000003,31.25,0.0,31.25,0.0,-3.516836321453591
greedy_tracking,0,413.9062879810979,164.79168337907055,413.9062879810979,10623.85541486992,0.0,0.0,5035.2883410296845,473.96054863302527,1613.6999999999998,1613.6999999999998,100.0,1613.6999999999998,1.0,3255.5794086692913,0.4069474260836614,454.937266804965,454.937266804965,0.0,0.0,4.716855854244267e-06,3.2159919456375974e-06,100.0,100.0,0.0,0.0,100.0,0.0,100.0,0.0,0.45415945447101613,0.8915826038115124,0.45415945447101613,0.09584054552898391,0.0,0.0,0.0,0.0,-1.7165800351986515
greedy_tracking,0,469.454789777006,184.09966757136704,469.454789777006,10652.32460756234,0.0,0.0,5494.370776306968,515.7907760721433,1563.5,1563.5,100.0,1563.5,1.0,3368.9044715178456,0.4211130589397307,458.0753396840361,458.0753396840361,0.0,0.0,36.235640577657314,8.986008126200685,37.5,37.5,1.0,0.0,0.0,8.309284112328896e-06,37.5,6.608532231666686e-06,0.4306489294958546,0.9,0.44023566365829453,0.10976433634170552,7.291666666666667,0.0,7.291666666666667,0.0,-1.9177048705350732
greedy_tracking,0,373.8126190939903,149.93467926993972,373.8126190939903,10665.078537697449,0.0,0.0,4634.5079241514695,434.5498167472514,1555.2,1555.2,100.0,1555.2,1.0,2961.6139940507546,0.3702017492563443,456.8309049653257,456.8309049653257,0.0,0.0,29.595503526662423,6.387974915034101,100.0,100.0,0.0,0.0,100.0,0.0,100.0,0.0,0.5401894210238855,0.9,0.5517855510011461,0.0017855510011460796,7.291666666666667,0.0,7.291666666666667,0.0,-1.5618195757285387
greedy_tracking,0,353.78479217221263,142.2281682791363,353.78479217221263,10652.300199455882,0.0,0.0,4701.824495208093,441.3905360504449,908.0,908.0,100.0,908.0,1.0,2089.0235837287037,0.26112794796608796,457.4027502066456,457.4027502066456,0.0,0.0,2.8029686097315515e-06,1.9296670838997443e-06,100.0,100.0,0.0,0.0,100.0,0.0,100.0,0.0,0.5417066004893154,0.7886235128682625,0.5691437616051953,0.019143761605195264,0.0,0.0,0.0,0.0,-1.4815434195743364
greedy_tracking,0,295.13133487980076,166.7078418937715,295.13133487980076,8533.589059497719,0.0,0.0,4724.8870590813,553.681109570491,1416.7,1416.7,100.0,1416.7,1.0,2199.885398374663,0.2749856747968329,436.19861572613536,436.19861572613536,0.0,0.0,82.05418197896334,28.55321602147819,100.0,100.0,0.0,0.0,100.0,0.0,100.0,0.0,0.5519083537947154,0.9,0.7088944242504353,0.1588944242504352,16.666666666666664,0.0,16.666666666666664,0.0,-1.7365400197267864
greedy_tracking,0,317.53393528551754,143.89891328510376,317.53393528551754,7167.337366317559,0.0,0.0,4045.13771516396,564.3850021869802,1177.4,1177.4,100.0,1177.4,1.0,1947.7438518806593,0.24346798148508242,324.42108488398867,324.42108488398867,0.0,0.0,3.2001533196302506e-06,1.9977530557232135e-06,100.0,100.0,0.0,0.0,100.0,0.0,100.0,0.0,0.5434311484834901,0.8597999643625948,0.7053821964991686,0.1553821964991685,0.0,0.0,0.0,0.0,-1.4989470133864975
greedy_tracking,0,436.60449291244146,341.2525859213052,436.60449291244146,9307.170409424485,0.0,0.0,5334.293821419607,573.1380845910027,1432.6,1432.6,100.0,1432.6,1.0,2167.5730186715373,0.27094662733394215,721.2649869756434,721.2649869756434,5.0,27.068065980394323,110.95926206200394,51.28063704844863,37.5,37.5,1.0,0.0,0.0,283.7322965769233,37.5,275.63328062969083,0.2,0.5414343860980712,0.20360219373033034,0.3463978062696697,26.041666666666668,0.0,26.041666666666668,0.0,-3.5547144366802623
greedy_tracking,0,467.8851369322199,190.71903299229558,467.8851369322199,10784.813781981024,0.0,0.0,6109.894949449159,566.5276260641057,1354.2,1354.2,100.0,1354.2,1.0,3289.954105994471,0.41124426324930885,455.48027882455034,455.48027882455034,0.0,0.0,2.1410392222592924,0.2589960579551989,100.0,100.0,0.0,0.0,100.0,0.0,100.0,0.0,0.47017829540602274,0.9,0.48478831619906587,0.06521168380093417,2.083333333333333,0.0,2.083333333333333,0.0,-1.9866565936697456
greedy_tracking,0,416.8953536182227,176.63691663773574,416.8953536182227,10958.07011785507,0.0,0.0,5731.735242303728,523.0606466885482,1279.8000000000002,1279.8000000000002,100.0,1279.8000000000002,1.0,2994.4121541338973,0.37430151926673716,460.5098086107372,460.5098086107372,0.0,0.0,4.129995237957513e-06,2.9698368019618706e-06,100.0,100.0,0.0,0.0,100.0,0.0,100.0,0.0,0.48529405445078755,0.8870267665648213,0.49108007809037735,0.0589199219096227,0.0,0.0,0.0,0.0,-1.8399678816430807
greedy_tracking,0,369.1455793045449,153.62063387110493,369.1455793045449,10322.811811606654,0.0,0.0,4416.253178317553,427.81494605491616,1652.3999999999999,1652.3999999999999,100.00000000000001,1652.3999999999999,1.0000000000000002,3158.596194091114,0.39482452426138925,460.2178623834146,460.2178623834146,0.0,0.0,64.1778230094678,17.032552455639955,100.0,100.0,0.0,0.0,100.0,0.0,100.0,0.0,0.4611603032449862,0.9,0.4611603032449862,0.08883969675501385,9.375,0.0,9.375,0.0,-1.600214936157343
greedy_tracking,0,186.3200006944663,105.6833468508481,186.3200006944663,9832.82223009627,0.0,0.0,3056.533105735906,310.85003208747935,2015.9,2015.9,100.0,2015.9,1.0,2920.2662926359785,0.3650332865794973,445.20804257031097,445.20804257031097,0.0,0.0,66.56122780207819,18.722832192899055,100.0,100.0,0.0,0.0,100.0,0.0,100.0,0.0,0.5299769430874698,0.9,0.593899358103456,0.04389935810345591,10.416666666666668,0.0,10.416666666666668,0.0,-1.100868196363001
greedy_tracking,0,226.85306357459913,120.13222020119255,226.85306357459913,8897.50392732069,0.0,0.0,3135.0318609886967,352.3495900195405,1225.4,1225.4,100.0,1225.4,1.0,2186.400474382026,0.27330005929775325,396.1581953882475,396.1581953882475,0.0,0.0,2.831785491035066e-06,1.8717669565404549e-06,100.0,100.0,0.0,0.0,100.0,0.0,100.0,0.0,0.5436626975939266,0.8989203805971839,0.7273907503889183,0.17739075038891827,0.0,0.0,0.0,0.0,-1.2513772937624223
greedy_tracking,0,293.5410610534412,139.2290885142392,293.5410610534412,6931.58012199607,0.0,0.0,3617.730732705649,521.9200628187876,1398.4,1398.4,100.0,1398.4,1.0,2158.5085166694334,0.26981356458367917,336.53432876280124,336.53432876280124,0.0,0.0,28.240071299139974,7.413451811749407,100.0,100.0,0.0,0.0,100.0,0.0,100.0,0.0,0.5519130292901537,0.9,0.7207972838243129,0.1707972838243128,9.375,0.0,9.375,0.0,-1.4503030053566583
greedy_tracking,0,470.4602849727876,371.424145363923,470.4602849727876,9506.28447340053,0.0,0.0,5566.510050464194,585.5610639508851,1187.9,1187.9,100.0,1187.9,1.0,2112.491588444173,0.2640614485555216,670.739982659524,670.739982659524,0.0,0.0,113.18135363153044,59.73013470929654,0.0,0.0,1.0,0.0,0.0,258.09844510633224,0.0,403.3579691119131,0.2,0.539480370361554,0.2,0.35000000000000003,33.33333333333333,0.0,33.33333333333333,0.0,-3.869001514207531
greedy_tracking,0,499.51834468576527,201.33703659955404,499.51834468576527,10424.773963978108,0.0,0.0,6070.090730190463,582.2755247418436,1584.0,1584.0,100.0,1584.0,1.0,3491.461883682965,0.43643273546037065,455.49235147801363,455.49235147801363,0.0,0.0,50.89728234124903,13.703431077101312,100.0,100.0,0.0,0.0,100.0,0.0,100.0,0.0,0.42282051914249,0.9,0.42703237315822895,0.1229676268417711,9.375,0.0,9.375,0.0,-2.0972607979120212
greedy_tracking,0,427.4111807181234,185.78963122401322,427.4111807181234,9999.723148873007,0.0,0.0,5455.900686520005,545.6051737927263,2027.8999999999999,2027.8999999999999,100.0,2027.8999999999999,1.0,3434.439350322415,0.42930491879030186,447.7409536495796,447.7409536495796,0.0,0.0,81.02723145256192,23.5181137936669,100.0,100.0,0.0,0.0,100.0,0.0,100.0,0.0,0.40938721828501196,0.9,0.40938721828501196,0.1406127817149881,10.416666666666668,0.0,10.416666666666668,0.0,-1.9353086585834711
greedy_tracking,0,349.17337716874067,154.11822344503048,349.17337716874067,10946.878248544795,0.0,0.0,5035.286952619112,459.9746921720326,757.2,757.2,100.0,757.2,1.0,2411.2500825722236,0.30140626032152795,483.122309879064,483.122309879064,0.0,0.0,2.7108384275722513e-06,1.9677568232623344e-06,100.0,100.0,0.0,0.0,100.0,0.0,100.0,0.0,0.436838882410944,0.7738803788817105,0.44939634775665194,0.10060365224334811,0.0,0.0,0.0,0.0,-1.6053981608857342
greedy_tracking,0,299.2691979122301,137.61936317903286,299.2691979122301,11078.414056890564,0.0,0.0,4205.670386590098,379.62747781341955,819.0,819.0,100.0,819.0,1.0,2375.0949526161094,0.29688686907701367,471.3389977736471,471.3389977736471,0.0,0.0,2.808246208050466e-06,2.09492768081058e-06,100.0,100.0,0.0,0.0,100.0,0.0,100.0,0.0,0.5512353921716567,0.8681161810464162,0.643962552122319,0.09396255212231897,0.0,0.0,0.0,0.0,-1.4335350331149257
greedy_tracking,0,249.86978477940283,159.84051956924202,249.86978477940283,9463.570422069597,0.0,0.0,4648.320769563656,491.18044905372085,700.5,700.5,100.0,700.5,1.0,1922.8917308133332,0.24036146635166664,440.88908586872185,440.88908586872185,0.0,0.0,27.85101862103401,7.032656095431146,100.0,100.0,0.0,0.0,100.0,0.0,100.0,0.0,0.5541072236723267,0.9,0.7854491764942253,0.23544917649422525,8.333333333333332,0.0,8.333333333333332,0.0,-1.6650054121796043
greedy_tracking,0,289.0163379913391,145.3924412753044,289.0163379913391,7525.46767054987,0.0,0.0,4023.297601910331,534.6242623106449,940.7,940.7,100.0,940.7,1.0,2000.0763467105571,0.25000954333881964,351.01942839961976,351.01942839961976,0.0,0.0,3.0819633857354575e-06,2.0702475485023797e-06,100.0,100.0,0.0,0.0,100.0,0.0,100.0,0.0,0.5535349031502848,0.8853658724019625,0.7306265262060679,0.1806265262060679,0.0,0.0,0.0,0.0,-1.5145045966177542
greedy_tracking,0,454.8614032801114,349.3973190020823,454.8614032801114,10103.153460583304,0.0,0.0,5768.614647304263,570.9716941161075,715.9,715.9,100.0,715.9,1.0,1547.7159912223583,0.1934644989027948,693.4787584616676,693.4787584616676,7.0,13.145990122509971,112.18153275871796,57.66913582953574,100.0,100.0,0.0,0.0,100.0,0.0,100.0,0.0,0.2,0.5418110725028735,0.20591686900588685,0.3440831309941132,31.25,0.0,31.25,0.0,-3.639555406271691
greedy_tracking,0,593.7270470841631,218.38706147907448,593.7270470841631,11444.533250286322,0.0,0.0,6907.870510758666,603.5956521499767,628.5,628.5,100.0,628.5,1.0,2887.3020023165736,0.3609127502895717,483.13138686110744,483.13138686110744,0.0,0.0,3.5178785566733378e-06,2.477035595897329e-06,100.0,100.0,0.0,0.0,100.0,0.0,100.0,0.0,0.4764191225130114,0.8654034514438537,0.49569153975925906,0.054308460240740986,0.0,0.0,0.0,0.0,-2.2748652237403593
greedy_tracking,0,469.74925518619534,191.8240288922628,469.74925518619534,11081.503379875729,0.0,0.0,5957.52434120189,537.6097571761693,1100.6999999999998,1100.6999999999998,100.0,1100.6999999999998,1.0,3157.8449655351324,0.3947306206918915,480.94713301010694,480.94713301010694,0.0,0.0,37.67209163837252,9.25853233887535,100.0,100.0,0.0,0.0,100.0,0.0,100.0,0.0,0.474471265230769,0.9,0.4842670545267825,0.06573294547321756,8.333333333333332,0.0,8.333333333333332,0.0,-1.9981669676277374
greedy_tracking,0,534.8961212961672,207.66023645524473,534.8961212961672,11274.875685904251,0.0,0.0,6647.671032854421,589.6003839018181,656.3,656.3,100.0,656.3,1.0,2772.0139860757627,0.34650174825947033,486.0867050309831,486.0867050309831,0.0,0.0,3.6288598375198915e-06,2.646601469535881e-06,75.0,75.0,1.0,0.0,0.0,1.0988870030814724e-05,75.0,4.16347567977482e-06,0.4541661760753316,0.8436916189619392,0.4666681628475901,0.08333183715240994,0.0,0.0,0.0,0.0,-2.1631274630754658
greedy_tracking,0,467.84439591408847,201.82250364812467,467.84439591408847,11282.113791276442,0.0,0.0,6466.051724465387,573.1241364951547,615.2,615.2,100.0,615.2,1.0,2436.1723081528908,0.30452153851911135,481.0635373577925,481.0635373577925,0.0,0.0,2.5011201905699467e-06,1.9500776945828116e-06,100.0,100.0,0.0,0.0,100.0,0.0,100.0,0.0,0.5542270201374777,0.8784479772626295,0.6532007847237764,0.10320078472377636,0.0,0.0,0.0,0.0,-2.102317746334632
greedy_tracking,0,366.13991249412163,183.64555325265405,366.13991249412163,9021.495377269668,0.0,0.0,5126.134969244302,568.2134452077626,1260.8,1260.8,100.0,1260.8,1.0,2036.993264911488,0.254624158113936,447.7084709478407,447.7084709478407,0.0,0.0,68.5495634995457,23.583921234035312,100.0,100.0,0.0,0.0,100.0,0.0,100.0,0.0,0.5540272820566315,0.9,0.751760775161797,0.2017607751617969,15.625,0.0,15.625,0.0,-1.9129745130484797
greedy_tracking,0,305.84594786171294,132.77638738849924,305.84594786171294,7458.245268995315,0.0,0.0,3695.88769134518,495.5438656206925,773.1,773.1,100.0,773.1,1.0,1637.947127528605,0.20474339094107563,337.963342018663,337.963342018663,0.0,0.0,2.4629884755220588e-06,1.55556780138492e-06,100.0,100.0,0.0,0.0,100.0,0.0,100.0,0.0,0.5512158619749243,0.8235170434700193,0.6955443018433995,0.1455443018433995,0.0,0.0,0.0,0.0,-1.3830873686302005
greedy_tracking,0,441.8522815348126,326.4077642373136,441.8522815348126,10076.152523500796,0.0,0.0,4760.521966429765,472.4543376379736,725.6,725.6,100.0,725.6,1.0,1653.3642662537748,0.20667053328172186,732.6182862468092,732.6182862468092,8.0,52.1398730137594,120.93355456654531,62.26279424315996,100.0,100.0,0.0,0.0,100.0,0.0,100.0,0.0,0.2,0.5444793925571599,0.20093448201150751,0.3490655179884925,33.33333333333333,0.0,33.33333333333333,0.0,-3.4000808774720164
greedy_tracking,0,548.519280265481,195.7525390359918,548.519280265481,11604.339066318946,0.0,0.0,6072.578320574476,523.3023859325044,601.9,601.9,100.0,601.9,1.0,2868.8281248905696,0.3586035156113212,488.59777346333965,488.59777346333965,0.0,0.0,3.860289850263713e-06,2.8503970839940016e-06,100.0,100.0,0.0,0.0,100.0,0.0,100.0,0.0,0.5055940599754791,0.8749784710300444,0.5285928376301996,0.021407162369800448,0.0,0.0,0.0,0.0,-2.0390889482915813
greedy_tracking,0,490.28653562376974,188.19939992869513,490.28653562376974,10939.37955063382,0.0,0.0,5553.15209046181,507.6295291482107,1402.6000000000001,1402.6000000000001,99.99999999999999,1402.6000000000001,0.9999999999999999,3180.439203729818,0.39755490046622727,485.0472742687349,485.0472742687349,0.0,0.0,55.127631317934465,14.31748230095117,100.0,100.0,0.0,0.0,100.0,0.0,100.0,0.0,0.45911457733332334,0.9,0.4659119764047653,0.08408802359523476,9.375,0.0,9.375,0.0,-1.9604104159239075
greedy_tracking,0,440.5972760808885,174.57491081741813,440.5972760808885,11485.391627634985,0.0,0.0,5561.965595753425,484.26433996127633,497.19999999999993,497.19999999999993,100.0,497.19999999999993,1.0,2418.043883793871,0.30225548547423386,495.18202676357305,495.18202676357305,0.0,0.0,2.904973799896162e-06,2.0905693620676402e-06,100.0,100.0,0.0,0.0,100.0,0.0,100.0,0.0,0.44400132729909914,0.7910084877754344,0.46410429959481647,0.08589570040518357,0.0,0.0,0.0,0.0,-1.8184886543481056
greedy_tracking,0,437.18384166709507,185.6340926880713,437.18384166709507,11562.207606472777,0.0,0.0,5892.352998875089,509.62179537205515,649.0999999999999,649.0999999999999,100.0,649.0999999999999,1.0,2523.364021166344,0.315420502645793,492.2606213744796,492.2606213744796,0.0,0.0,2.900257873755541e-06,2.144758212215455e-06,100.0,100.0,0.0,0.0,100.0,0.0,100.0,0.0,0.5517986833670876,0.87886989533628,0.6464051031542113,0.09640510315421125,0.0,0.0,0.0,0.0,-1.9336884655007427
greedy_tracking,0,374.2429588328178,183.23834478589478,374.2429588328178,10219.489868671826,0.0,0.0,5236.904483789198,512.4428470586479,405.4,405.4,100.0,405.4,1.0,1905.557568439307,0.2381946960549134,460.3239849351562,460.3239849351562,0.0,0.0,1.8240702879950519,0.2083825807954748,100.0,100.0,0.0,0.0,100.0,0.0,100.0,0.0,0.5534632720518857,0.9,0.7873839509524453,0.23738395095244524,2.083333333333333,0.0,2.083333333333333,0.0,-1.908732758186404
greedy_tracking,0,340.9509062294259,155.17090858544813,340.9509062294259,8223.818259244708,0.0,0.0,4090.759834087732,497.428287582736,584.7,584.7,100.0,584.7,1.0,1837.7213281019067,0.22971516601273834,382.23104729985,382.23104729985,0.0,0.0,2.2703715696904826e-06,1.6958667110600345e-06,100.0,100.0,0.0,0.0,100.0,0.0,100.0,0.0,0.5552460458944553,0.8814879169254709,0.7657200948144717,0.21572009481447163,0.0,0.0,0.0,0.0,-1.616363631098418
greedy_tracking,0,537.6614508011808,395.14938725175466,537.6614508011808,10608.236926534957,0.0,0.0,5724.970628692513,539.6722064504738,733.5,733.5,100.0,733.5,1.0,1764.2747265538492,0.22053434081923115,788.3637528766355,788.3637528766355,19.0,253.6289284164748,132.45033801038008,64.28969308865753,0.0,0.0,1.0,0.0,0.0,299.3379153661884,0.0,474.05093635987333,0.2,0.5447982827985758,0.20020127748189226,0.3497987225181078,31.25,0.0,31.25,0.0,-4.116139450539111
greedy_tracking,0,657.7574379343188,241.893746975693,657.7574379343188,12337.76876047107,0.0,0.0,7786.070876012585,631.0760905941395,433.79999999999995,433.79999999999995,100.0,433.79999999999995,1.0,2801.538860236178,0.35019235752952227,525.3566846198802,525.3566846198802,0.0,0.0,3.6325099222742593e-06,2.5654418115787316e-06,100.0,100.0,0.0,0.0,100.0,0.0,100.0,0.0,0.46564576929005497,0.841298205126192,0.4976939180588634,0.05230608194113662,0.0,0.0,0.0,0.0,-2.519726530996802
greedy_tracking,0,627.6101954439523,237.61750007666575,627.6101954439523,12566.885476416122,0.0,0.0,7531.841140177844,599.3403181967889,384.09999999999997,384.09999999999997,100.00000000000001,384.09999999999997,1.0000000000000002,3051.561291940743,0.3814451614925929,533.7445471690824,533.7445471690824,0.0,0.0,3.711018124527727e-06,2.8096190961927428e-06,100.0,100.0,0.0,0.0,100.0,0.0,100.0,0.0,0.41913593044335257,0.8491702622537559,0.456605490566634,0.09339450943336602,0.0,0.0,0.0,0.0,-2.475182292465268
greedy_tracking,0,532.103572950957,210.19580394966957,532.103572950957,12264.821810073381,0.0,0.0,6659.511055538664,542.9765844677053,593.2,593.2,100.0,593.2,1.0,3098.3055945176384,0.3872881993147048,532.6493769104266,532.6493769104266,0.0,0.0,39.907238598029934,10.181313050629173,100.0,100.0,0.0,0.0,100.0,0.0,100.0,0.0,0.5051814714921514,0.9,0.534705328211758,0.015294671788242065,8.333333333333332,0.0,8.333333333333332,0.0,-2.189539624475725
greedy_tracking,0,354.4722629967963,154.14204555876597,354.4722629967963,11902.116874099622,0.0,0.0,4612.571165710434,387.54208301784706,950.6000000000001,950.6000000000001,100.0,950.6000000000001,1.0,2700.6397165318244,0.33757996456647804,512.3542577713376,512.3542577713376,0.0,0.0,15.676840729263944,3.0701221592641192,100.0,100.0,0.0,0.0,100.0,0.0,100.0,0.0,0.5501258189096462,0.9,0.6555503511972927,0.10555035119729261,4.166666666666666,0.0,4.166666666666666,0.0,-1.6056463079038121
greedy_tracking,0,335.6131896895172,175.6589359737054,335.6131896895172,10001.677006355581,0.0,0.0,5039.730174862126,503.88851506198625,767.5,767.5,100.0,767.5,1.0,2028.5104362915984,0.2535638045364498,472.58612282095567,472.58612282095567,0.0,0.0,45.362368574418234,13.661290772607046,100.0,100.0,0.0,0.0,100.0,0.0,100.0,0.0,0.5516634078667266,0.9,0.7545312112737421,0.20453121127374208,11.458333333333332,0.0,11.458333333333332,0.0,-1.8297805830594314
greedy_tracking,0,432.9148482082734,175.9877081234458,432.9148482082734,8473.348652866493,0.0,0.0,5285.357325076053,623.762521950285,278.4,278.4,100.0,278.4,1.0,1370.825881826022,0.17135323522825274,378.3612250654854,378.3612250654854,0.0,0.0,1.735238620033811e-06,1.307581626382633e-06,100.0,100.0,0.0,0.0,100.0,0.0,100.0,0.0,0.5523240475420608,0.7842129535440399,0.6846236434353113,0.1346236434353113,0.0,0.0,0.0,0.0,-1.8332052929525604
greedy_tracking,0,546.0968382352883,424.5563414126077,546.0968382352883,11457.07978667661,0.0,0.0,6415.814251563503,559.986870216652,447.20000000000005,447.20000000000005,100.0,447.20000000000005,1.0,1607.1420513655182,0.20089275642068977,781.7709401903224,781.7709401903224,22.0,288.7942926178487,128.71998932146678,66.64281203944564,0.0,0.0,1.0,0.0,0.0,304.07186806148417,0.0,509.4162994360894,0.2,0.5416867350571251,0.20718151197215776,0.3428184880278423,32.29166666666667,0.0,32.29166666666667,0.0,-4.422461889714664
greedy_tracking,0,511.2493167905506,194.8033346824497,511.2493167905506,13101.1096154701,0.0,0.0,6080.613807463628,464.1296795413035,329.9,329.9,100.0,329.9,1.0,2912.688842137868,0.3640861052672335,556.7757165219754,556.7757165219754,0.0,0.0,3.303636959634325e-06,2.405806246959704e-06,100.0,100.0,0.0,0.0,100.0,0.0,100.0,0.0,0.4406495849749163,0.8374842824788317,0.4733987333676751,0.07660126663232497,0.0,0.0,0.0,0.0,-2.0292014029421845
greedy_tracking,0,396.18977218898544,159.10936419669756,396.18977218898544,13066.133201955241,0.0,0.0,4687.500987945223,358.7519670504948,496.1,496.1,100.0,496.1,1.0,3368.941390850139,0.4211176738562674,554.0269122587281,554.0269122587281,0.0,0.0,3.3297513694763894,0.45051534364557,75.0,75.0,1.0,0.0,0.0,3.6267688869884296e-06,75.0,1.2576534658137462e-06,0.43410732811071806,0.9,0.46376277205754907,0.08623722794245098,2.083333333333333,0.0,2.083333333333333,0.0,-1.6573892103822663
greedy_tracking,0,527.6251884671408,188.92328335861964,527.6251884671408,13062.549366320603,0.0,0.0,5629.882134565187,430.99413266760996,614.3000000000001,614.3000000000001,100.0,614.3000000000001,1.0,3204.499758510792,0.400562469813849,557.238796553183,557.238796553183,0.0,0.0,3.84274097421138e-06,2.8457461371071227e-06,62.5,62.5,1.0,0.0,0.0,1.0546064004302025e-05,62.5,4.603233506372817e-06,0.4622498561990237,0.8966965470390088,0.48331236477662104,0.066687635223379,0.0,0.0,0.0,0.0,-1.9679508683189546
greedy_tracking,0,524.1523175108689,218.69424848471579,524.1523175108689,12461.058122337497,0.0,0.0,6892.006194739806,553.0835445174038,935.5,935.5,100.0,935.5,1.0,2732.0607073412034,0.34150758841765044,548.5301692047512,548.5301692047512,0.0,0.0,46.49000587960974,12.196083960187943,100.0,100.0,0.0,0.0,100.0,0.0,100.0,0.0,0.5544654057070147,0.9,0.6434040305762259,0.09340403057622582,8.333333333333332,0.0,8.333333333333332,0.0,-2.2780650883824562
greedy_tracking,0,471.1522651562643,220.17036539551228,471.1522651562643,11149.315715734927,0.0,0.0,6516.207551971547,584.4491014614721,426.29999999999995,426.29999999999995,100.0,426.29999999999995,1.0,1846.9249424300383,0.23086561780375478,497.82997434707517,497.82997434707517,0.0,0.0,4.8637924558534635,0.9831274338904628,100.0,100.0,0.0,0.0,100.0,0.0,100.0,0.0,0.5537130928772968,0.9,0.8173775130021497,0.2673775130021496,5.208333333333334,0.0,5.208333333333334,0.0,-2.293441306203253
greedy_tracking,0,406.8367751100585,173.89107321640049,406.8367751100585,8832.343691665996,0.0,0.0,4606.670023565433,521.5682478380212,616.6,616.6,100.0,616.6,1.0,1978.8452666831113,0.24735565833538892,416.10663108992424,416.10663108992424,0.0,0.0,6.664327020279097,1.5696543379854233,100.0,100.0,0.0,0.0,100.0,0.0,100.0,0.0,0.5532987557933666,0.9,0.7670628799587385,0.2170628799587384,7.291666666666667,0.0,7.291666666666667,0.0,-1.8113653460041717
greedy_tracking,0,590.2319802377529,440.99270228842715,590.2319802377529,11722.71847530891,0.0,0.0,6339.214716808497,540.7631967073619,679.0,679.0,100.0,679.0,1.0,1625.998728763243,0.20324984109540536,852.3146944615239,852.3146944615239,23.0,490.10989647715076,142.8457189030852,73.57956821509795,0.0,0.0,1.0,0.0,0.0,317.59094871907513,0.0,512.2834550603825,0.2,0.5415643864752431,0.2037305996083887,0.34626940039161136,33.33333333333333,0.0,33.33333333333333,0.0,-4.593673982171116
greedy_tracking,0,610.0086409848961,229.09608674309348,610.0086409848961,12701.380473304784,0.0,0.0,6875.442284644843,541.314568057807,1164.1000000000001,1164.1000000000001,100.0,1164.1000000000001,1.0,3504.500577732897,0.4380625722166121,553.2595276648078,553.2595276648078,0.0,0.0,60.73984451118506,15.260238305835458,100.0,100.0,0.0,0.0,100.0,0.0,100.0,0.0,0.4144607235162864,0.9,0.43970842824584067,0.11029157175415938,8.333333333333332,0.0,8.333333333333332,0.0,-2.3864175702405572
greedy_tracking,0,542.4753876718789,215.94782291978981,542.4753876718789,13144.897868403812,0.0,0.0,6499.294519338102,494.43476734500587,916.3,916.3,100.0,916.3,1.0,3708.2627738592255,0.4635328467324032,568.5977421508742,568.5977421508742,0.0,0.0,4.163255432891628,0.5723341453912211,37.5,37.5,1.0,0.0,0.0,9.244889611181861e-06,37.5,7.279235646251436e-06,0.35330529549928047,0.9,0.37293383465248053,0.1770661653475195,3.125,0.0,3.125,0.0,-2.2494564887478106
greedy_tracking,0,408.4774608886738,164.09683445922295,408.4774608886738,13377.341999231983,0.0,0.0,4827.459405141313,360.8683552695645,617.4000000000001,617.4000000000001,100.0,617.4000000000001,1.0,3300.6811937298867,0.41258514921623585,577.4808317389826,577.4808317389826,0.0,0.0,32.56693434352998,7.13532827159775,62.5,62.5,1.0,0.0,0.0,1.659237341300468e-06,62.5,1.1183743282572323e-06,0.45253771933616693,0.9,0.4826147945479056,0.06738520545209442,6.25,0.0,6.25,0.0,-1.7093420256169056
greedy_tracking,0,335.3689455489841,142.66672926886707,335.3689455489841,13426.641503998944,0.0,0.0,4271.04311457175,318.102119081654,380.0,380.0,100.0,380.0,1.0,2647.6956068363506,0.33096195085454383,569.6809622017086,569.6809622017086,0.0,0.0,3.271113943233989e-06,2.4440007801255583e-06,100.0,100.0,0.0,0.0,100.0,0.0,100.0,0.0,0.551592893054476,0.8789756956222846,0.6440430537620402,0.09404305376204014,0.0,0.0,0.0,0.0,-1.4861117632173653
greedy_tracking,0,21.63145810036948,109.90321130313447,21.63145810036948,11289.251997135623,0.0,0.0,3027.9816583729466,268.2180944442753,476.1,476.1,100.0,476.1,1.0,1860.4796103241638,0.23255995129052048,538.1363984469092,538.1363984469092,0.0,0.0,50.1276334625675,18.59355981252036,100.0,100.0,0.0,0.0,100.0,0.0,100.0,0.0,0.554034353030147,0.9,0.7999090620660931,0.2499090620660931,17.708333333333336,0.0,17.708333333333336,0.0,-1.144825117740984
greedy_tracking,0,245.81738898606125,136.04708406635922,245.81738898606125,9072.314287719277,0.0,0.0,3479.7903921452935,383.56149068333156,584.2,584.2,100.0,584.2,1.0,1943.2103468203215,0.24290129335254018,424.81595230946664,424.81595230946664,0.0,0.0,5.611501700473804,1.4487159037372923,100.0,100.0,0.0,0.0,100.0,0.0,100.0,0.0,0.5543472392950207,0.9,0.7781592582714341,0.22815925827143402,7.291666666666667,0.0,7.291666666666667,0.0,-1.4171571256912419
greedy_tracking,0,476.8932968715747,422.79552950056114,476.8932968715747,12173.170823294906,0.0,0.0,5419.712303034093,445.217797540702,890.2,890.2,100.0,890.2,1.0,1864.7915342680608,0.2330989417835076,877.5759142855072,877.5759142855072,27.0,666.8684999458967,154.25521522468415,81.9573600007421,0.0,0.0,1.0,0.0,0.0,299.2646194511595,0.0,524.5391312086239,0.2,0.540859944863539,0.2,0.35000000000000003,34.375,0.0,34.375,0.0,-4.404120098964179
greedy_tracking,0,553.1488509229093,226.3094980393957,553.1488509229093,14098.485231598988,0.0,0.0,7090.476017066438,502.92466889808327,424.4,424.4,100.0,424.4,1.0,3187.4772192095406,0.3984346524011926,610.1010058202944,610.1010058202944,0.0,0.0,3.97263107378438e-06,2.67361775977785e-06,100.0,100.0,0.0,0.0,100.0,0.0,100.0,0.0,0.3631613616895554,0.8387402634467246,0.39089540660555183,0.1591045933944482,0.0,0.0,0.0,0.0,-2.3573906045770383
greedy_tracking,0,635.9942828601554,243.8967939267423,635.9942828601554,14395.758675157325,0.0,0.0,7365.197093767063,511.62271193647746,328.1,328.1,100.0,328.1,1.0,3584.076863290792,0.44800960791134903,616.5988871048509,616.5988871048509,0.0,0.0,14.909009814683053,2.8962239858358565,62.5,62.5,1.0,0.0,0.0,1.0016391229328292e-05,62.5,5.023782705393387e-06,0.37720833946828175,0.9,0.4056733345345969,0.14432666546540313,5.208333333333334,0.0,5.208333333333334,0.0,-2.540591603403566
greedy_tracking,0,522.048256969287,209.3559431344559,522.048256969287,14300.072431607128,0.0,0.0,6522.69861615785,456.13045999269735,335.9,335.9,100.0,335.9,1.0,3262.1014250540416,0.4077626781317552,620.4149325879195,620.4149325879195,0.0,0.0,35.62598372604974,8.340376868216138,37.5,37.5,1.0,0.0,0.0,4.924169843434356e-06,37.5,3.992326256252454e-06,0.46497104771092124,0.9,0.4971065067203628,0.05289349327963727,6.25,0.0,6.25,0.0,-2.180791074317249
greedy_tracking,0,312.5868155209333,146.30747081169932,312.5868155209333,14284.89994755424,0.0,0.0,4575.510964786819,320.3040260404628,444.3,444.3,100.0,444.3,1.0,2921.9502110972826,0.3652437763871603,603.3887074803862,603.3887074803862,0.0,0.0,3.731976928465549e-06,2.9426418445647564e-06,100.0,100.0,0.0,0.0,100.0,0.0,100.0,0.0,0.553754578443477,0.8964668339176786,0.6353622813896175,0.08536228138961743,0.0,0.0,0.0,0.0,-1.5240361542885346
greedy_tracking,0,160.3517635888516,132.6846837341647,160.3517635888516,11759.155157589206,0.0,0.0,3375.250799140662,287.03174283420515,558.0,558.0,100.0,558.0,1.0,1993.3956878008562,0.24917446097510704,574.756431621392,574.756431621392,0.0,0.0,78.25054866625807,28.316354182682858,100.0,100.0,0.0,0.0,100.0,0.0,100.0,0.0,0.5557867106050254,0.9,0.7818242470878577,0.23182424708785765,16.666666666666664,0.0,16.666666666666664,0.0,-1.3821321222308824
greedy_tracking,0,385.92878914625305,172.03522863692842,385.92878914625305,9476.438963262306,0.0,0.0,4573.904829948337,482.660717562808,555.5999999999999,555.5999999999999,100.0,555.5999999999999,1.0,1977.9566051597776,0.2472445756449722,447.12160020873057,447.12160020873057,0.0,0.0,18.830664634076598,4.583693218231876,100.0,100.0,0.0,0.0,100.0,0.0,100.0,0.0,0.5553029408212752,0.9,0.7673512559310584,0.2173512559310583,8.333333333333332,0.0,8.333333333333332,0.0,-1.792033631634671
greedy_tracking,0,488.1055409022282,490.775996883171,488.1055409022282,13447.411955149253,0.0,0.0,5918.247693880492,440.10310040470574,659.9,659.9,100.0,659.9,1.0,1590.9244671530892,0.19886555839413614,996.5413985647466,996.5413985647466,29.0,1293.4223786354873,187.4931007936829,102.06504359024301,0.0,0.0,1.0,0.0,0.0,333.5112852757579,0.0,566.6695804979646,0.2,0.5399154117232875,0.2110830995490687,0.33891690045093137,35.41666666666667,0.0,35.41666666666667,0.0,-5.112249967533031
greedy_tracking,0,595.3017086071742,235.92382174244807,595.3017086071742,14716.581483813581,0.0,0.0,7221.489204473,490.70425848664274,601.0,601.0,100.0,601.0,1.0,3516.0649254317623,0.4395081156789703,633.4710130604866,633.4710130604866,0.0,0.0,39.74752292928856,10.7052908986534,100.0,100.0,0.0,0.0,100.0,0.0,100.0,0.0,0.3988786830799654,0.9,0.4316821143496781,0.11831788565032192,8.333333333333332,0.0,8.333333333333332,0.0,-2.4575398098171672
greedy_tracking,0,490.5809427417772,218.74572343732308,490.5809427417772,14263.617277557914,0.0,0.0,6245.475162528419,437.86053993154474,841.8,841.8,100.0,841.8,1.0,3862.180930758387,0.4827726163447984,626.8219447193572,626.8219447193572,0.0,0.0,82.80984827604661,25.5414129578476,100.0,100.0,0.0,0.0,100.0,0.0,100.0,0.0,0.30972529743847105,0.9,0.34427034943180757,0.20572965056819248,12.5,0.0,12.5,0.0,-2.2786012858054487
greedy_tracking,0,431.27504702124514,187.9810407601054,431.27504702124514,14822.095788963104,0.0,0.0,5886.42696820319,397.1386403120109,547.9,547.9,100.0,547.9,1.0,3287.3765301988697,0.4109220662748587,640.1167631314817,640.1167631314817,0.0,0.0,39.566085265815914,9.569535210418644,100.0,100.0,0.0,0.0,100.0,0.0,100.0,0.0,0.455157361993272,0.9,0.4844388071144317,0.06556119288556833,8.333333333333332,0.0,8.333333333333332,0.0,-1.9581358412510979
greedy_tracking,0,401.0678528262953,197.10064429339786,401.0678528262953,14369.464199716977,0.0,0.0,6526.348291295885,454.1817426584652,623.5,623.5,100.0,623.5,1.0,2890.009218232317,0.3612511522790396,625.3460234708228,625.3460234708228,0.0,0.0,49.42765321649323,13.35335377570324,100.0,100.0,0.0,0.0,100.0,0.0,100.0,0.0,0.5510951826334349,0.9,0.6171798709223748,0.06717987092237476,8.333333333333332,0.0,8.333333333333332,0.0,-2.053131711389561
greedy_tracking,0,313.62137787729534,193.74843541433717,313.62137787729534,12382.858006807714,0.0,0.0,5620.996834314304,453.933722830711,314.4,314.4,100.0,314.4,1.0,1772.719176416631,0.22158989705207888,581.3745667801246,581.3745667801246,0.0,0.0,50.32518598400016,17.76825103501299,100.0,100.0,0.0,0.0,100.0,0.0,100.0,0.0,0.5543890151719097,0.9,0.8307394878449632,0.28073948784496316,14.583333333333334,0.0,14.583333333333334,0.0,-2.0182128688993455
greedy_tracking,0,240.79815049225687,144.46708789660647,240.79815049225687,9866.260453402332,0.0,0.0,3804.9034693579765,385.6479856099759,328.3,328.3,100.0,328.3,1.0,1853.9003821129686,0.2317375477641211,465.4386136387745,465.4386136387745,0.0,0.0,10.64861778300029,2.518007286180774,100.0,100.0,0.0,0.0,100.0,0.0,100.0,0.0,0.5562879302189686,0.9,0.8005478061362068,0.25054780613620675,7.291666666666667,0.0,7.291666666666667,0.0,-1.5048654989229842
greedy_tracking,0,351.7762743801878,426.7460741496046,351.7762743801878,13678.19628177802,0.0,0.0,6075.430426380481,444.16897529640795,372.8,372.8,100.0,372.8,1.0,1416.0713919824047,0.1770089239978006,951.4660436896088,951.4660436896088,29.0,1268.240846976371,180.90579791454968,100.8336665439337,100.0,100.0,0.0,0.0,100.0,0.0,100.0,0.0,0.2,0.5421868927776814,0.20897391143953428,0.3410260885604658,38.54166666666667,0.0,38.54166666666667,0.0,-4.445271605725048
greedy_tracking,0,412.14422059329104,226.2486358412426,412.14422059329104,15006.295791244524,0.0,0.0,7535.334477100892,502.1448718542127,265.6,265.6,100.0,265.6,1.0,3637.0121475698206,0.4546265184462276,644.3288709938744,644.3288709938744,0.0,0.0,31.146661571357694,7.883089618491138,100.0,100.0,0.0,0.0,100.0,0.0,100.0,0.0,0.374442338189539,0.9,0.41391693345343034,0.1360830665465697,8.333333333333332,0.0,8.333333333333332,0.0,-2.356756623346277
greedy_tracking,0,500.7964560586152,256.48827730697025,500.7964560586152,14873.737091280984,0.0,0.0,8519.505510880477,572.7884968381369,541.3,541.3,100.0,541.3,1.0,3532.1829995587714,0.44152287494484643,645.9915576915108,645.9915576915108,0.0,0.0,62.86622335010586,18.585898747887303,100.0,100.0,0.0,0.0,100.0,0.0,100.0,0.0,0.3910169556162911,0.9,0.4193505954136383,0.13064940458636176,10.416666666666668,0.0,10.416666666666668,0.0,-2.6717528886142734
greedy_tracking,0,561.3916097714798,257.4398903050392,561.3916097714798,14873.13341208364,0.0,0.0,8607.022361487063,578.6959696397471,414.8,414.8,100.0,414.8,1.0,3263.003990832275,0.4078754988540344,637.5450818757946,637.5450818757946,0.0,0.0,46.33860417088063,12.14958322413276,100.0,100.0,0.0,0.0,100.0,0.0,100.0,0.0,0.4553231646772475,0.9,0.47715510527486926,0.07284489472513078,9.375,0.0,9.375,0.0,-2.681665524010825
greedy_tracking,0,489.15354434494725,236.83133353211178,489.15354434494725,14279.017417455345,0.0,0.0,8072.468050166743,565.3377829974895,717.4,717.4,100.0,717.4,1.0,3016.130567375129,0.37701632092189113,629.5464507762172,629.5464507762172,0.0,0.0,64.89779948610287,18.10032204866445,100.0,100.0,0.0,0.0,100.0,0.0,100.0,0.0,0.5460000174671512,0.9,0.5928460429828482,0.04284604298284811,9.375,0.0,9.375,0.0,-2.4669930576261643
greedy_tracking,0,333.6738344619023,191.24124904840545,333.6738344619023,11503.30521955252,0.0,0.0,5405.623130981975,469.91912566084676,1087.2,1087.2,100.0,1087.2,1.0,2121.0216303366706,0.26512770379208384,581.3869460426382,581.3869460426382,0.0,0.0,112.26324255943615,43.010822798825764,100.0,100.0,0.0,0.0,100.0,0.0,100.0,0.0,0.5525465763406828,0.9,0.7297521141578777,0.17975211415787762,18.75,0.0,18.75,0.0,-1.9920963442542234
greedy_tracking,0,223.67028974386812,127.15845581891489,223.67028974386812,8840.97231092268,0.0,0.0,3093.2886142028046,349.8810431044068,1053.8000000000002,1053.8000000000002,100.0,1053.8000000000002,1.0,2169.3021553361004,0.27116276941701256,444.85594352140436,444.85594352140436,0.0,0.0,70.1147129662563,20.96905030535824,100.0,100.0,0.0,0.0,100.0,0.0,100.0,0.0,0.5529073764802889,0.9,0.7169426461026892,0.16694264610268916,13.541666666666666,0.0,13.541666666666666,0.0,-1.3245672481136967
greedy_tracking,0,510.1874710303062,507.31384404682507,510.1874710303062,13881.17673313032,0.0,0.0,6662.494280655639,479.9661014872182,0.0,0.0,,0.0,,1428.8926141872075,0.17861157677340095,940.3754550204424,940.3754550204424,36.0,1423.7123295177998,189.364434131797,119.35151690289263,100.0,100.0,0.0,0.0,100.0,0.0,100.0,0.0,0.2,0.542378338387138,0.2234869958694617,0.32651300413053835,45.83333333333333,0.0,45.83333333333333,0.0,-5.284519208821094
