controller,seed,daily_cost_EUR,objective_value,grid_energy_cost_EUR,imported_energy_kWh,exported_energy_kWh,export_energy_kWh,carbon_emissions_kgCO2,carbon_intensity_avg_gCO2_per_kWh,pv_generation_kWh,pv_used_locally_kWh,renewable_self_consumption_ratio_pct,PV_self_consumption_kWh,renewable_self_consumption_ratio,battery_throughput_kWh,equivalent_full_cycles,mean_daily_peak_import_kW,horizon_max_grid_import_kW,peak_contract_violation_count,peak_contract_violation_energy_kWh,VPP_tracking_RMSE_kW,VPP_tracking_MAE_kW,DR_success_rate_pct,DR_interval_compliance_pct,DR_event_count,DR_successful_event_count,DR_event_compliance_pct,DR_max_violation_kW,feasible_DR_success_pct,DR_violation_energy_kWh,min_SOC,max_SOC,final_SOC,terminal_SOC_error,hard_clip_fraction_pct,soft_coach_fraction_pct,physical_projection_fraction_pct,service_coaching_fraction_pct,mean_reward
direct_safesac,1,458.3764858840553,191.0732624729195,458.3764858840553,10570.527802305136,0.0,0.0,5144.867260174031,486.7181049419386,1584.7,1584.7,100.0,1584.7,1.0,2514.95840549469,0.31436980068683623,660.1792477320366,660.1792477320366,0.0,0.0,140.11204789527812,120.85608040947848,100.0,100.0,0.0,0.0,100.0,0.0,100.0,0.0,0.3688378413403894,0.6944234352509832,0.3688378413403894,0.18116215865961066,3.125,0.0,3.125,0.0,-1.9903464840929115
direct_safesac,1,434.8762536776368,179.0277343444061,434.8762536776368,10822.358275355331,0.0,0.0,4920.502645903218,454.6608530885716,1639.0,1639.0,100.0,1639.0,1.0,2426.1273197829723,0.30326591497287153,668.9755818219835,668.9755818219835,0.0,0.0,114.44663436245486,93.87052268537171,100.0,100.0,0.0,0.0,100.0,0.0,100.0,0.0,0.36066448930749007,0.6647374560992773,0.36355873379023085,0.1864412662097692,4.166666666666666,0.0,4.166666666666666,0.0,-1.8648722327542302
direct_safesac,1,437.91166394432764,195.66742942555618,437.91166394432764,10510.525659148008,0.0,0.0,5503.952000482968,523.6609641585826,1694.9,1694.9,100.0,1694.9,1.0,2500.8469539171806,0.31260586923964756,676.4698656123257,676.4698656123257,0.0,0.0,122.54144892141332,105.27344218901165,100.0,100.0,0.0,0.0,100.0,0.0,100.0,0.0,0.333172583618281,0.6566503691241935,0.333172583618281,0.21682741638171904,3.125,1.0416666666666665,3.125,1.0416666666666665,-2.0382023898495434
direct_safesac,1,490.49235756588484,202.1401329684677,490.49235756588484,11176.626095835667,30.601276137730807,30.601276137730807,5658.257555997343,506.25810575389744,939.8,939.8,100.0,939.8,1.0,2735.548954000529,0.34194361925006617,676.4698656123257,676.4698656123257,0.0,0.0,135.67422215998062,107.38045493055616,100.0,100.0,0.0,0.0,100.0,0.0,100.0,0.0,0.35168542505834527,0.6293782646375659,0.35168542505834527,0.19831457494165478,10.416666666666668,1.0416666666666665,10.416666666666668,1.0416666666666665,-2.1056263850882053
direct_safesac,1,379.71620286140603,171.92466721731506,379.71620286140603,10230.90808595104,0.0,0.0,5013.239765212609,490.00926634232303,1247.3000000000002,1247.3000000000002,100.0,1247.3000000000002,1.0,2609.3210220336914,0.3261651277542114,592.3971289480289,592.3971289480289,0.0,0.0,96.8158214633165,76.46352726837331,100.0,100.0,0.0,0.0,100.0,0.0,100.0,0.0,0.36206685013970996,0.717086423458041,0.36206685013970996,0.18793314986029008,3.125,0.0,3.125,0.0,-1.7908819501803652
direct_safesac,1,249.72361490219834,131.58619324306278,249.72361490219834,7974.205284108525,0.0,0.0,3716.8702380388313,466.1116820563967,1325.1,1325.1,100.0,1325.1,1.0,2975.2241156995296,0.37190301446244123,476.02321663255725,476.02321663255725,0.0,0.0,100.35163075577364,80.31331993023962,100.0,100.0,0.0,0.0,100.0,0.0,100.0,0.0,0.41012454618405736,0.7810562891910147,0.41012454618405736,0.13987545381594269,1.0416666666666665,0.0,1.0416666666666665,0.0,-1.3706895129485706
direct_safesac,1,233.40181492264728,117.34625815413216,233.40181492264728,5309.13978290501,42.40219033798584,42.40219033798584,2867.2158550288696,540.0528093573778,1989.8,1989.8,100.0,1989.8,1.0,2985.237468034029,0.3731546835042536,423.1378709122801,423.1378709122801,0.0,0.0,111.32075361094331,88.35977312519846,100.0,100.0,0.0,0.0,100.0,0.0,100.0,0.0,0.3812104672021968,0.7127441948794416,0.3812104672021968,0.16878953279780323,2.083333333333333,0.0,2.083333333333333,0.0,-1.22235685577221
direct_safesac,1,390.24419798571324,182.6034574402106,390.24419798571324,11070.311292516084,0.0,0.0,4938.770685094475,446.1275346821779,779.3,779.3,100.0,779.3,1.0,2275.448160295989,0.2844310200369986,676.4698656123257,676.4698656123257,0.0,0.0,160.4446732417885,144.71193850030724,100.0,100.0,0.0,0.0,100.0,0.0,100.0,0.0,0.37873124669118247,0.663208555979164,0.3849610504023584,0.16503894959764165,7.291666666666667,1.0416666666666665,7.291666666666667,1.0416666666666665,-1.9021193483355272
direct_safesac,1,389.1814781761189,172.35180120015997,389.1814781761189,10983.782798774919,0.0,0.0,4795.5425194145355,436.602089395778,1103.7,1103.7,100.0,1103.7,1.0,2445.4006377886053,0.30567507972357566,676.4698656123257,676.4698656123257,0.0,0.0,115.0617933509718,91.5023022876253,100.0,100.0,0.0,0.0,100.0,0.0,100.0,0.0,0.3555449279255825,0.6792949865140808,0.35871082094941614,0.1912891790505839,7.291666666666667,1.0416666666666665,7.291666666666667,1.0416666666666665,-1.7953312625016664
direct_safesac,1,330.948067676262,154.0704164852877,330.948067676262,10726.419728226352,0.0,0.0,4148.565998294536,386.76148271334847,1621.7,1621.7,100.0,1621.7,1.0,2645.864871474828,0.3307331089343535,676.4698656123257,676.4698656123257,0.0,0.0,118.15257996954699,99.33080701033714,100.0,100.0,0.0,0.0,100.0,0.0,100.0,0.0,0.37880915067724624,0.6981228820048275,0.380239716913623,0.16976028308637703,2.083333333333333,1.0416666666666665,2.083333333333333,1.0416666666666665,-1.6049001717217468
direct_safesac,1,254.2672570591303,131.53486531520807,254.2672570591303,10284.786973841114,0.0,0.0,3354.8877770889276,326.1990535751427,1678.0,1678.0,100.0,1678.0,1.0,3254.8550102334148,0.4068568762791768,676.4698656123257,676.4698656123257,0.0,0.0,116.4165686474038,92.51752267969978,100.0,100.0,0.0,0.0,100.0,0.0,100.0,0.0,0.37265559259754794,0.7999368060316667,0.37265559259754794,0.1773444074024521,3.125,5.208333333333334,3.125,5.208333333333334,-1.3701548470334173
direct_safesac,1,194.64886114348405,125.65613042689283,194.64886114348405,8708.06939782904,0.0,0.0,3240.9163870650273,372.1739273085033,2333.3,2333.3,100.0,2333.3,1.0,3213.66611123085,0.4017082639038563,603.3719518726994,603.3719518726994,0.0,0.0,110.94430704345503,90.4679507755197,100.0,100.0,0.0,0.0,100.0,0.0,100.0,0.0,0.3457100569270555,0.8210775371297804,0.3457100569270555,0.20428994307294457,0.0,0.0,0.0,0.0,-1.3089180252801336
direct_safesac,1,142.00620092729682,104.67401404951647,142.00620092729682,7114.064237114447,0.0,0.0,2816.6822100904087,395.93151203156555,2325.2,2325.2,100.0,2325.2,1.0,3749.4940616190434,0.46868675770238044,475.7761637928777,475.7761637928777,0.0,0.0,101.67754770766176,79.87921559233813,100.0,100.0,0.0,0.0,100.0,0.0,100.0,0.0,0.4447481936530063,0.8741748173476049,0.46915923821445776,0.08084076178554228,1.0416666666666665,0.0,1.0416666666666665,0.0,-1.0903543130157967
direct_safesac,1,170.43987146408432,99.47978219148408,170.43987146408432,4618.234746910468,0.0,0.0,2236.697656189146,484.31874488092325,2654.2000000000003,2654.2000000000003,99.99999999999999,2654.2000000000003,0.9999999999999999,3357.5031861662865,0.4196878982707858,410.0992500209006,410.0992500209006,0.0,0.0,104.97257897668835,87.87071839690248,100.0,100.0,0.0,0.0,100.0,0.0,100.0,0.0,0.3774943272161643,0.7492808537675362,0.3774943272161643,0.17250567278383572,7.291666666666667,0.0,7.291666666666667,0.0,-1.0362477311612925
direct_safesac,1,434.05216490324904,190.77725815382223,434.05216490324904,9665.94932733525,0.0,0.0,5285.69095286192,546.8361951695749,2018.2,2018.2,100.0,2018.2,1.0,2789.5590710755077,0.3486948838844385,676.4698656123257,676.4698656123257,0.0,0.0,130.72896405537537,108.73519274601462,100.0,100.0,1.0,1.0,100.0,0.0,100.0,0.0,0.363911398926073,0.7190681479062495,0.363911398926073,0.18608860107392705,5.208333333333334,8.333333333333332,5.208333333333334,8.333333333333332,-1.9872631057689816
direct_safesac,1,398.6669391097011,173.637292633097,398.6669391097011,10157.347859950547,0.0,0.0,4854.992724006149,477.9783848054394,1613.6999999999998,1613.6999999999998,100.0,1613.6999999999998,1.0,2531.145968288183,0.3163932460360229,659.4482476816419,659.4482476816419,0.0,0.0,107.99330049142041,85.06740235940428,100.0,100.0,0.0,0.0,100.0,0.0,100.0,0.0,0.34667282778720715,0.6624147734335184,0.34667282778720715,0.2033271722127929,1.0416666666666665,0.0,1.0416666666666665,0.0,-1.808721798261427
direct_safesac,1,457.64270051819574,194.76501994561448,457.64270051819574,10217.09046076001,0.0,0.0,5352.328078308879,523.8603004314342,1563.5,1563.5,100.0,1563.5,1.0,2746.32799171404,0.34329099896425497,676.4698656123257,676.4698656123257,0.0,0.0,121.74185435847421,99.19121247803439,100.0,100.0,1.0,1.0,100.0,0.0,100.0,0.0,0.339270958722694,0.6525496110398519,0.339270958722694,0.21072904127730602,12.5,9.375,12.5,9.375,-2.028802291100151
direct_safesac,1,345.1801489977033,163.89054148808498,345.1801489977033,9857.647580014665,37.4469063532096,37.4469063532096,4249.774486579354,431.1144674308829,1555.2,1555.2,100.0,1555.2,1.0,3255.0274662673473,0.40687843328341844,667.4307115494111,667.4307115494111,0.0,0.0,144.09440379659765,115.72376674361476,100.0,100.0,0.0,0.0,100.0,0.0,100.0,0.0,0.3365239786498835,0.7092031043635583,0.3365239786498835,0.21347602135011656,6.25,0.0,6.25,0.0,-1.707193140500885
direct_safesac,1,327.22249127653555,149.64416723526028,327.22249127653555,9825.475782493544,0.0,0.0,4338.811330774157,441.5879115497691,908.0,908.0,100.0,908.0,1.0,2533.9111916720867,0.31673889895901086,532.3009242946604,532.3009242946604,0.0,0.0,82.12528707018856,59.479200857532845,100.0,100.0,0.0,0.0,100.0,0.0,100.0,0.0,0.35645823594133696,0.6908879611616662,0.35645823594133696,0.19354176405866308,1.0416666666666665,0.0,1.0416666666666665,0.0,-1.5587934087006279
direct_safesac,1,250.49285268356948,138.92911650163913,250.49285268356948,7283.293218381932,0.0,0.0,4025.186382479271,552.66021314648,1416.7,1416.7,100.0,1416.7,1.0,2827.0775757730007,0.3533846969716251,440.25368359967365,440.25368359967365,0.0,0.0,101.37663091155267,82.20363407331502,100.0,100.0,0.0,0.0,100.0,0.0,100.0,0.0,0.3878629670110782,0.7455441857418539,0.3878629670110782,0.16213703298892185,1.0416666666666665,0.0,1.0416666666666665,0.0,-1.4471782968920743
direct_safesac,1,264.8301327066372,124.49262217878177,264.8301327066372,5929.3502212140775,71.15296563125064,71.15296563125064,3346.6609793717566,564.4228885988292,1177.4,1177.4,100.0,1177.4,1.0,2504.85907047987,0.3131073838099837,378.6732111941878,378.6732111941878,0.0,0.0,100.15889116940106,62.49918247750238,100.0,100.0,0.0,0.0,100.0,0.0,100.0,0.0,0.37051932880360816,0.6420822832831427,0.37051932880360816,0.17948067119639188,3.125,0.0,3.125,0.0,-1.2967981476956434
direct_safesac,1,467.09145288703945,199.56622480517404,467.09145288703945,10005.574018050338,10.165423561210332,10.165423561210332,5711.649898115134,570.8467987754783,1432.6,1432.6,100.0,1432.6,1.0,2501.6715444547076,0.31270894305683844,639.042546652191,639.042546652191,0.0,0.0,122.16430702118554,101.73202648780686,100.0,100.0,1.0,1.0,100.0,0.0,100.0,0.0,0.3716020017331757,0.6814028348283548,0.3716020017331757,0.17839799826682434,5.208333333333334,7.291666666666667,5.208333333333334,7.291666666666667,-2.078814841720563
direct_safesac,1,443.6126334979631,199.50532249813227,443.6126334979631,10216.4073480011,39.363725848939296,39.363725848939296,5788.236997536536,566.5628630860181,1354.2,1354.2,100.0,1354.2,1.0,2559.6690617501736,0.3199586327187717,611.5215362399692,611.5215362399692,0.0,0.0,123.03465469573077,94.37233802934293,100.0,100.0,0.0,0.0,100.0,0.0,100.0,0.0,0.34201464024372397,0.6335262816889504,0.34201464024372397,0.20798535975627608,3.125,0.0,3.125,0.0,-2.0781804426888777
direct_safesac,1,395.4468431307734,186.76419146813072,395.4468431307734,10407.247927527493,17.493723980607058,17.493723980607058,5436.784585582515,522.403677076055,1279.8000000000002,1279.8000000000002,100.0,1279.8000000000002,1.0,2584.0094961225986,0.3230011870153248,654.7128498837019,654.7128498837019,0.0,0.0,118.16349400456821,93.6266450759892,100.0,100.0,0.0,0.0,100.0,0.0,100.0,0.0,0.35407918758837437,0.6256488124452728,0.35407918758837437,0.19592081241162568,5.208333333333334,0.0,5.208333333333334,0.0,-1.9454603277930282
direct_safesac,1,357.31335496737125,160.92936433647995,357.31335496737125,9849.041806502602,0.0,0.0,4290.950821893162,435.6719065869089,1652.3999999999999,1652.3999999999999,100.00000000000001,1652.3999999999999,1.0000000000000002,2840.1479691267014,0.3550184961408377,626.3168703968935,626.3168703968935,0.0,0.0,121.26185425070199,102.32468758659472,100.0,100.0,0.0,0.0,100.0,0.0,100.0,0.0,0.3466473120901933,0.7011292436699335,0.3466473120901933,0.20335268790980676,1.0416666666666665,0.0,1.0416666666666665,0.0,-1.676347545171666
direct_safesac,1,170.60868320657366,114.09661701145392,170.60868320657366,9047.617586437282,0.0,0.0,2853.4270667403,315.3788319941477,2015.9,2015.9,100.0,2015.9,1.0,3496.4121513068676,0.43705151891335847,648.3762445749248,648.3762445749248,0.0,0.0,111.92430439318477,94.61006793946088,100.0,100.0,0.0,0.0,100.0,0.0,100.0,0.0,0.3899485612900828,0.8428292716534708,0.3899485612900828,0.16005143870991723,1.0416666666666665,0.0,1.0416666666666665,0.0,-1.1885064272026449
direct_safesac,1,189.125063251952,100.11332839534252,189.125063251952,7755.565546523687,0.0,0.0,2696.693299367467,347.7107224728722,1225.4,1225.4,100.0,1225.4,1.0,2867.3759065568447,0.3584219883196056,599.8341453342935,599.8341453342935,0.0,0.0,78.96448578351733,66.90346284844576,100.0,100.0,0.0,0.0,100.0,0.0,100.0,0.0,0.4327943195858481,0.8025685541160207,0.4327943195858481,0.11720568041415197,0.0,0.0,0.0,0.0,-1.042847170784818
direct_safesac,1,237.10713564615213,115.06694287844101,237.10713564615213,5508.729223800852,0.0,0.0,2903.8593072084414,527.1377824602656,1398.4,1398.4,100.0,1398.4,1.0,2538.772279769182,0.3173465349711478,384.67018703692514,384.67018703692514,0.0,0.0,97.72999016238411,71.94884962136547,100.0,100.0,0.0,0.0,100.0,0.0,100.0,0.0,0.3597381324139673,0.6670399780115606,0.3597381324139673,0.19026186758603275,6.25,0.0,6.25,0.0,-1.1986139883170939
direct_safesac,1,497.5802407486154,208.41083669507418,497.5802407486154,10190.085778447741,7.6432177800622725,7.6432177800622725,5961.694276035584,585.0484878787479,1187.9,1187.9,100.0,1187.9,1.0,2524.1315349504403,0.315516441868805,667.0460738763268,667.0460738763268,0.0,0.0,124.44475186042403,101.39580762158448,100.0,100.0,1.0,1.0,100.0,0.0,100.0,0.0,0.36398103503176155,0.6745622904922225,0.36398103503176155,0.1860189649682385,4.166666666666666,8.333333333333332,4.166666666666666,8.333333333333332,-2.1709462155736894
direct_safesac,1,485.2079379287413,207.80390980221557,485.2079379287413,10029.941778034667,12.253175166811744,12.253175166811744,5871.700059806126,585.4171629056721,1584.0,1584.0,100.0,1584.0,1.0,2674.600627273321,0.33432507840916514,585.81155816022,585.81155816022,0.0,0.0,125.85737232752928,102.09092787682418,100.0,100.0,0.0,0.0,100.0,0.0,100.0,0.0,0.3356065932881869,0.6574826169955101,0.3356065932881869,0.21439340671181312,2.083333333333333,0.0,2.083333333333333,0.0,-2.1646240604397455
direct_safesac,1,422.941658369882,191.78976875870256,422.941658369882,9704.219454360831,13.364541088997115,13.364541088997115,5294.601816534985,545.5979062958768,2027.8999999999999,2027.8999999999999,100.0,2027.8999999999999,1.0,2725.1228995621204,0.3406403624452651,615.998691152915,615.998691152915,0.0,0.0,130.38877125582775,108.18337283419343,100.0,100.0,0.0,0.0,100.0,0.0,100.0,0.0,0.34116834140578756,0.658624100971869,0.34116834140578756,0.2088316585942125,1.0416666666666665,0.0,1.0416666666666665,0.0,-1.9978100912364851
direct_safesac,1,336.670658379404,167.18066868402394,336.670658379404,10526.407543566496,8.276601513150553,8.276601513150553,4870.360048704321,462.68017161096674,757.2,757.2,100.0,757.2,1.0,2564.023841289771,0.32050298016122136,676.4698656123257,676.4698656123257,0.0,0.0,118.81597947051328,88.6852148516736,100.0,100.0,0.0,0.0,100.0,0.0,100.0,0.0,0.340108559325738,0.6456811985270563,0.340108559325738,0.20989144067426202,1.0416666666666665,1.0416666666666665,1.0416666666666665,1.0416666666666665,-1.7414652987919161
direct_safesac,1,270.1978158680294,136.94369697945564,270.1978158680294,10049.341753721423,0.0,0.0,3822.5291973317458,380.37607745962123,819.0,819.0,100.0,819.0,1.0,2948.280130326748,0.3685350162908435,616.512054163289,616.512054163289,0.0,0.0,92.16151068956998,71.9825210234316,100.0,100.0,0.0,0.0,100.0,0.0,100.0,0.0,0.3790026032267823,0.7623674026102217,0.3790026032267823,0.17099739677321774,1.0416666666666665,0.0,1.0416666666666665,0.0,-1.4264968435359962
direct_safesac,1,214.146736671798,127.46244743279073,214.146736671798,7939.689471174435,0.0,0.0,3931.6726817829403,495.1922485201892,700.5,700.5,100.0,700.5,1.0,2291.9604778289795,0.28649505972862244,429.25792778478194,429.25792778478194,0.0,0.0,83.40417236871131,71.63073030711541,100.0,100.0,0.0,0.0,100.0,0.0,100.0,0.0,0.39924289861105755,0.7035452345729266,0.39924289861105755,0.1507571013889425,0.0,0.0,0.0,0.0,-1.3277338274249033
direct_safesac,1,241.6319672750065,121.05031789766787,241.6319672750065,6156.244245602639,27.919407365735466,27.919407365735466,3311.241581168597,537.8671555362334,940.7,940.7,100.0,940.7,1.0,2304.773434996605,0.2880966793745756,371.3040785289455,371.3040785289455,0.0,0.0,100.8460009526884,68.21103467552307,100.0,100.0,0.0,0.0,100.0,0.0,100.0,0.0,0.3769722887608958,0.6422130061877205,0.3769722887608958,0.17302771123910426,2.083333333333333,0.0,2.083333333333333,0.0,-1.2609408114340404
direct_safesac,1,482.62199115788593,210.1392813363278,482.62199115788593,10807.09474209481,0.0,0.0,6133.565676476502,567.5499126130167,715.9,715.9,100.0,715.9,1.0,2225.755812227726,0.27821947652846574,633.4872142721669,633.4872142721669,0.0,0.0,127.72577808786134,114.22237179549893,100.0,100.0,0.0,0.0,100.0,0.0,100.0,0.0,0.37325518336637264,0.6516536210859687,0.3734352118384684,0.17656478816153165,3.125,0.0,3.125,0.0,-2.1889508472534147
direct_safesac,1,568.3431325549825,224.46477784827576,568.3431325549825,10818.684143454147,0.0,0.0,6551.076452269534,605.5335718654164,628.5,628.5,100.0,628.5,1.0,2369.2118905484676,0.2961514863185585,656.5348753951271,656.5348753951271,0.0,0.0,108.06353491539804,83.5135378050414,100.0,100.0,0.0,0.0,100.0,0.0,100.0,0.0,0.3456699424104666,0.6292510314427903,0.3456699424104666,0.20433005758953343,1.0416666666666665,0.0,1.0416666666666665,0.0,-2.3381747692528725
direct_safesac,1,451.05387279380267,197.38337260245493,451.05387279380267,10491.556432893984,0.0,0.0,5561.612823978849,530.1036942947403,1100.6999999999998,1100.6999999999998,100.0,1100.6999999999998,1.0,2432.774542272091,0.3040968177840114,674.9250088617104,674.9250088617104,0.0,0.0,128.67899475826934,106.13857075647518,100.0,100.0,0.0,0.0,100.0,0.0,100.0,0.0,0.34588814658406936,0.6226799940420806,0.34588814658406936,0.2041118534159307,3.125,0.0,3.125,0.0,-2.056076797942239
direct_safesac,1,515.8560448361625,220.53294914902128,515.8560448361625,10716.138107703615,29.514559800099477,29.514559800099477,6372.911334825873,594.7022398157146,656.3,656.3,100.0,656.3,1.0,2599.058079846247,0.32488225998078085,676.4698656123257,676.4698656123257,0.0,0.0,132.15144127379895,96.04754308038422,100.0,100.0,1.0,1.0,100.0,0.0,100.0,0.0,0.32163046657271926,0.5970775529472647,0.32163046657271926,0.22836953342728078,16.666666666666664,15.625,16.666666666666664,15.625,-2.297218220302305
direct_safesac,1,418.8668756545992,189.23759168877612,418.8668756545992,10076.68629935319,14.583154913928169,14.583154913928169,5765.536551244667,572.1659263735093,615.2,615.2,100.0,615.2,1.0,2265.6893469393253,0.28321116836741567,615.858658103762,615.858658103762,0.0,0.0,105.59346753480288,71.4642931799951,100.0,100.0,0.0,0.0,100.0,0.0,100.0,0.0,0.3499839206593799,0.6466979999364795,0.3499839206593799,0.20001607934062016,2.083333333333333,0.0,2.083333333333333,0.0,-1.9712249134247513
direct_safesac,1,306.6360049553415,150.3641542614268,306.6360049553415,7596.094288041653,0.0,0.0,4298.8488026758205,565.9288365395088,1260.8,1260.8,100.0,1260.8,1.0,2702.4124905467033,0.33780156131833794,478.51060271588017,478.51060271588017,0.0,0.0,106.97380281291815,85.67418635145155,100.0,100.0,0.0,0.0,100.0,0.0,100.0,0.0,0.3864049926939376,0.7269542660123036,0.3864049926939376,0.16359500730606247,1.0416666666666665,0.0,1.0416666666666665,0.0,-1.5662932735565291
direct_safesac,1,265.0276172969247,121.63783920002227,265.0276172969247,6306.116663906456,35.729472611507504,35.729472611507504,3123.9558662330837,495.3850416553956,773.1,773.1,100.0,773.1,1.0,2739.684947580099,0.3424606184475124,489.19653837004955,489.19653837004955,0.0,0.0,104.62558510679294,78.55309592737406,100.0,100.0,0.0,0.0,100.0,0.0,100.0,0.0,0.3840549031223516,0.6627068065057853,0.3840549031223516,0.16594509687764847,4.166666666666666,0.0,4.166666666666666,0.0,-1.267060825000232
direct_safesac,1,471.584521898664,186.32159735471993,471.584521898664,10796.327794990219,0.0,0.0,5076.833673782428,470.2370815508412,725.6,725.6,100.0,725.6,1.0,2088.8391472399235,0.26110489340499043,653.971089953932,653.971089953932,0.0,0.0,135.63154746280154,113.4290642463427,100.0,100.0,0.0,0.0,100.0,0.0,100.0,0.0,0.3748750425703632,0.6456422250742392,0.37562851531578173,0.17437148468421831,9.375,0.0,9.375,0.0,-1.9408499724449992
direct_safesac,1,521.3302169605824,199.60273432241902,521.3302169605824,10854.572781893668,0.0,0.0,5710.4373709983975,526.0858705120005,601.9,601.9,100.0,601.9,1.0,2160.9699234366417,0.2701212404295802,624.4337722494301,624.4337722494301,0.0,0.0,101.09220422604068,78.19355073160106,100.0,100.0,0.0,0.0,100.0,0.0,100.0,0.0,0.34998570848844535,0.6418494176521505,0.34998570848844535,0.2000142915115547,5.208333333333334,0.0,5.208333333333334,0.0,-2.079195149191865
direct_safesac,1,476.2811251774636,192.75596266224574,476.2811251774636,10448.951077148104,0.0,0.0,5281.146363723612,505.42358986381896,1402.6000000000001,1402.6000000000001,99.99999999999999,1402.6000000000001,0.9999999999999999,2238.6671729385853,0.27983339661732315,655.458653190126,655.458653190126,0.0,0.0,121.37999630820904,104.78209477917761,100.0,100.0,0.0,0.0,100.0,0.0,100.0,0.0,0.3552254766936565,0.6290140676581745,0.3552254766936565,0.19477452330634354,3.125,0.0,3.125,0.0,-2.0078746110650596
direct_safesac,1,426.1383302934556,180.74688189643263,426.1383302934556,10921.90546783548,0.0,0.0,5307.733460050922,485.97137886625717,497.19999999999993,497.19999999999993,100.0,497.19999999999993,1.0,2240.24890512228,0.280031113140285,674.2615310408536,674.2615310408536,0.0,0.0,96.28296641806755,70.77365455561063,100.0,100.0,0.0,0.0,100.0,0.0,100.0,0.0,0.3253283247792801,0.6536268789958405,0.3253283247792801,0.22467167522071996,2.083333333333333,0.0,2.083333333333333,0.0,-1.8827800197545066
direct_safesac,1,396.8870224552486,179.14220872720216,396.8870224552486,10467.51956447873,19.82386001054941,19.82386001054941,5305.463867892633,506.85015062179525,649.0999999999999,649.0999999999999,100.0,649.0999999999999,1.0,2548.7763851881027,0.31859704814851286,632.0177046108149,632.0177046108149,0.0,0.0,114.59957784806535,83.80835334756057,100.0,100.0,0.0,0.0,100.0,0.0,100.0,0.0,0.3670844980152816,0.675439710619026,0.3670844980152816,0.18291550198471845,4.166666666666666,0.0,4.166666666666666,0.0,-1.866064674241689
direct_safesac,1,322.93118797923876,147.54839682003882,322.93118797923876,8768.116926415061,0.0,0.0,4508.872857212527,514.2350284619241,405.4,405.4,100.0,405.4,1.0,2128.7756010890007,0.2660969501361251,518.1207975802713,518.1207975802713,0.0,0.0,89.3431174194309,70.5679978114263,100.0,100.0,0.0,0.0,100.0,0.0,100.0,0.0,0.42119963768575525,0.6892805584510296,0.42119963768575525,0.1288003623142448,1.0416666666666665,0.0,1.0416666666666665,0.0,-1.5369624668754043
direct_safesac,1,293.5351974821989,128.6692271363949,293.5351974821989,6812.521068005815,3.5691522254889776,3.5691522254889776,3419.8775003016326,501.9988145596606,584.7,584.7,100.0,584.7,1.0,2296.2489902973175,0.28703112378716467,441.5404807018814,441.5404807018814,0.0,0.0,109.13760002340541,82.3586918932909,100.0,100.0,0.0,0.0,100.0,0.0,100.0,0.0,0.40565566514275564,0.6415234615104761,0.40565566514275564,0.1443443348572444,8.333333333333332,0.0,8.333333333333332,0.0,-1.340304449337447
direct_safesac,1,551.8653856224249,213.3090356516754,551.8653856224249,11312.479940591615,0.0,0.0,5950.41083416621,526.0041003754494,733.5,733.5,100.0,733.5,1.0,2288.503195739856,0.286062899467482,676.4698656123257,676.4698656123257,0.0,0.0,140.98259333052812,106.81253256493181,100.0,100.0,1.0,1.0,100.0,0.0,100.0,0.0,0.3697683904420443,0.6730395304773412,0.3697683904420443,0.18023160955795575,9.375,18.75,9.375,18.75,-2.2219691213716186
direct_safesac,1,631.0881117521822,248.19945215320163,631.0881117521822,11765.92844999889,0.0,0.0,7421.567640830004,630.7677011949452,433.79999999999995,433.79999999999995,100.0,433.79999999999995,1.0,2596.5341225266457,0.32456676531583073,658.5998690742553,658.5998690742553,0.0,0.0,111.70814004474525,86.13020303387326,100.0,100.0,0.0,0.0,100.0,0.0,100.0,0.0,0.3567777011445477,0.6551126124704942,0.35717573006588366,0.1928242699341164,1.0416666666666665,0.0,1.0416666666666665,0.0,-2.5854109599291837
direct_safesac,1,621.4044960716119,245.11281695501944,621.4044960716119,12159.99730236466,0.0,0.0,7262.270165907399,597.2262974511649,384.09999999999997,384.09999999999997,100.00000000000001,384.09999999999997,1.0000000000000002,2182.981218724789,0.2728726523405986,676.4698656123257,676.4698656123257,0.0,0.0,120.84491393860431,99.36930483462406,100.0,100.0,0.0,0.0,100.0,0.0,100.0,0.0,0.3645251252469614,0.6109111823930748,0.3658925703042194,0.18410742969578064,3.125,9.375,3.125,9.375,-2.5532585099481193
direct_safesac,1,505.1102857127121,214.30091816570322,505.1102857127121,11501.572899748222,0.0,0.0,6250.342147845768,543.4336853164311,593.2,593.2,100.0,593.2,1.0,2314.76951910581,0.28934618988822625,676.4698656123257,676.4698656123257,0.0,0.0,136.69517730299552,108.83401906515739,100.0,100.0,0.0,0.0,100.0,0.0,100.0,0.0,0.35369397498268357,0.6273497226795085,0.35369397498268357,0.19630602501731648,7.291666666666667,5.208333333333334,7.291666666666667,5.208333333333334,-2.232301230892742
direct_safesac,1,325.12002469473555,149.5641408382122,325.12002469473555,10818.832549148876,0.0,0.0,4192.981669803812,387.56322835717395,950.6000000000001,950.6000000000001,100.0,950.6000000000001,1.0,2685.4562625288963,0.33568203281611203,640.5953547656186,640.5953547656186,0.0,0.0,96.74258048049877,73.88784400594842,100.0,100.0,0.0,0.0,100.0,0.0,100.0,0.0,0.38456771416393587,0.7548404572384533,0.38456771416393587,0.16543228583606417,3.125,0.0,3.125,0.0,-1.557959800398044
direct_safesac,1,288.36444415778305,145.7075594635693,288.36444415778305,8574.844821818475,0.0,0.0,4321.318800088757,503.9530032185855,767.5,767.5,100.0,767.5,1.0,2583.1844843924046,0.32289806054905057,462.04621415387794,462.04621415387794,0.0,0.0,90.55702229961041,74.46561903585904,100.0,100.0,0.0,0.0,100.0,0.0,100.0,0.0,0.39023792827746906,0.7389972845754139,0.39023792827746906,0.15976207172253098,0.0,0.0,0.0,0.0,-1.5177870777455136
direct_safesac,1,381.28438645411546,160.508662883326,381.28438645411546,7324.068526534089,36.855507690098534,36.855507690098534,4570.117438839867,623.9861659244398,278.4,278.4,100.0,278.4,1.0,2134.2877753078938,0.26678597191348674,481.9415502599112,481.9415502599112,0.0,0.0,106.60010902234251,75.92548394327493,100.0,100.0,0.0,0.0,100.0,0.0,100.0,0.0,0.37790514628500904,0.583180734755373,0.37790514628500904,0.172094853714991,3.125,0.0,3.125,0.0,-1.671965238367979
direct_safesac,1,582.926867947512,235.74899501567901,582.926867947512,12203.262387748226,0.0,0.0,6863.4113765174025,562.4243057666364,447.20000000000005,447.20000000000005,100.0,447.20000000000005,1.0,2226.18619281874,0.2782732741023425,676.4698656123257,676.4698656123257,0.0,0.0,134.82152373628313,115.41613927387577,100.0,100.0,1.0,1.0,100.0,0.0,100.0,0.0,0.3822421008761168,0.6658946000238348,0.3860309323336125,0.16396906766638752,7.291666666666667,20.833333333333336,7.291666666666667,20.833333333333336,-2.45571869807999
direct_safesac,1,500.3324073470857,198.94774601596728,500.3324073470857,12786.896423067225,0.0,0.0,5928.522858760396,463.6404849628325,329.9,329.9,100.0,329.9,1.0,2062.740936251712,0.257842617031464,676.4698656123257,676.4698656123257,0.0,0.0,101.38000822479545,82.41006238192728,100.0,100.0,0.0,0.0,100.0,0.0,100.0,0.0,0.38709088827834076,0.6362595786536601,0.4056460126147058,0.14435398738529426,5.208333333333334,13.541666666666666,5.208333333333334,13.541666666666666,-2.0723723543329924
direct_safesac,1,397.2662902608718,164.16572113524413,397.2662902608718,12779.736794808143,0.0,0.0,4609.247635983764,360.6684323777547,496.1,496.1,100.0,496.1,1.0,2222.926560992906,0.27786582012411326,676.4698656123257,676.4698656123257,0.0,0.0,98.58241561769331,81.29274675311039,87.5,87.5,1.0,0.0,0.0,6.517157879185447,87.5,1.6292894697963618,0.3938957643050257,0.6877328874088596,0.4067716248619858,0.14322837513801423,11.458333333333332,30.208333333333332,11.458333333333332,30.208333333333332,-1.710059595158793
direct_safesac,1,518.050683830635,195.30261927248267,518.050683830635,12499.635846849906,0.0,0.0,5454.90638252244,436.4052240687602,614.3000000000001,614.3000000000001,100.0,614.3000000000001,1.0,2205.866583342304,0.27573332291778796,676.4698656123257,676.4698656123257,0.0,0.0,96.47088296376724,81.13883096596743,100.0,100.0,1.0,1.0,100.0,0.0,100.0,0.0,0.35413782930071025,0.652856192322508,0.355210228432664,0.19478977156733607,13.541666666666666,25.0,13.541666666666666,25.0,-2.0344022840883613
direct_safesac,1,480.98292555799594,207.093396209844,480.98292555799594,11360.47976669567,0.0,0.0,6304.0832781612635,554.9134726371578,935.5,935.5,100.0,935.5,1.0,2400.6069883704185,0.30007587354630233,656.4882928057991,656.4882928057991,0.0,0.0,110.87405513497384,82.58598658467747,100.0,100.0,0.0,0.0,100.0,0.0,100.0,0.0,0.3721496116276835,0.6926691832613987,0.3721496116276835,0.17785038837231654,4.166666666666666,0.0,4.166666666666666,0.0,-2.157222877185875
direct_safesac,1,404.5433340570245,181.92402461327538,404.5433340570245,9549.847799465442,0.0,0.0,5586.054924998569,584.9365395447717,426.29999999999995,426.29999999999995,100.0,426.29999999999995,1.0,2384.863393753767,0.2981079242192209,589.3211109283332,589.3211109283332,0.0,0.0,102.0102820006067,84.86579046010102,100.0,100.0,0.0,0.0,100.0,0.0,100.0,0.0,0.4100832090933658,0.6753296643078913,0.4100832090933658,0.13991679090663423,5.208333333333334,0.0,5.208333333333334,0.0,-1.8950419230549518
direct_safesac,1,339.82085410406535,140.6576077345515,339.82085410406535,7340.32693740481,0.0,0.0,3822.7881101935895,520.7926217446038,616.6,616.6,100.0,616.6,1.0,2290.1231557130814,0.2862653944641352,536.1361970486648,536.1361970486648,0.0,0.0,100.10849342507412,75.84287623680082,100.0,100.0,0.0,0.0,100.0,0.0,100.0,0.0,0.3895745287531689,0.6493814114706687,0.3895745287531689,0.16042547124683115,4.166666666666666,0.0,4.166666666666666,0.0,-1.4651834139015782
direct_safesac,1,639.5431088778408,243.83427321617182,639.5431088778408,12543.086692324216,0.0,0.0,6826.000360791032,544.2041921760954,679.0,679.0,100.0,679.0,1.0,2663.453973872574,0.3329317467340717,676.4698656123257,676.4698656123257,0.0,0.0,141.81296996633745,123.0061071025845,100.0,100.0,1.0,1.0,100.0,0.0,100.0,0.0,0.38821927465965256,0.6891919111361622,0.39578305309173867,0.15421694690826138,12.5,25.0,12.5,25.0,-2.53994034600179
direct_safesac,1,605.0581337232945,233.48319513037,605.0581337232945,12362.148901505227,0.0,0.0,6731.354418713739,544.5132939544291,1164.1000000000001,1164.1000000000001,100.0,1164.1000000000001,1.0,2453.2729456536663,0.30665911820670827,676.4698656123257,676.4698656123257,0.0,0.0,122.07204085260962,100.51651360124264,100.0,100.0,0.0,0.0,100.0,0.0,100.0,0.0,0.3640088835877597,0.6642536619830092,0.36827508992729613,0.18172491007270392,5.208333333333334,10.416666666666668,5.208333333333334,10.416666666666668,-2.432116615941354
direct_safesac,1,533.9017671809419,223.5096518734436,533.9017671809419,13081.815732789213,0.0,0.0,6381.57424182953,487.8202209983962,916.3,916.3,100.0,916.3,1.0,2884.440859071963,0.3605551073839954,676.4698656123257,676.4698656123257,0.0,0.0,102.39036532014052,87.90700713229046,100.0,100.0,1.0,1.0,100.0,0.0,100.0,0.0,0.2848155485315352,0.6442833872021814,0.36771131803208423,0.1822886819679158,32.29166666666667,42.70833333333333,32.29166666666667,42.70833333333333,-2.3282255403483707
direct_safesac,1,401.5310687355552,165.6570349700243,401.5310687355552,13080.31668588259,0.0,0.0,4697.253456447606,359.1085421897536,617.4000000000001,617.4000000000001,100.0,617.4000000000001,1.0,2237.4744963557955,0.2796843120444744,676.4698656123257,676.4698656123257,0.0,0.0,91.08637295544769,80.12590666654523,100.0,100.0,1.0,1.0,100.0,0.0,100.0,0.0,0.3932398952245374,0.6863408915997531,0.42190058327774177,0.12809941672225827,18.75,32.29166666666667,18.75,32.29166666666667,-1.7255941142710867
direct_safesac,1,314.28758438530895,143.25942835199663,314.28758438530895,12597.16796681848,0.0,0.0,4010.7355938790106,318.3839101330928,380.0,380.0,100.0,380.0,1.0,2577.4794268984006,0.32218492836230006,676.4698656123257,676.4698656123257,0.0,0.0,84.5448845545355,68.738163839763,100.0,100.0,0.0,0.0,100.0,0.0,100.0,0.0,0.43593043838704215,0.8096544623855605,0.4373026160065292,0.11269738399347085,2.083333333333333,8.333333333333332,2.083333333333333,8.333333333333332,-1.4922857119999648
direct_safesac,1,15.997474373108593,97.19012264694847,15.997474373108593,10268.472510301868,0.0,0.0,2724.066686796799,265.28450887548007,476.1,476.1,100.0,476.1,1.0,3268.28162472543,0.40853520309067876,676.4698656123257,676.4698656123257,0.0,0.0,129.6884348460269,118.36887378087029,100.0,100.0,0.0,0.0,100.0,0.0,100.0,0.0,0.5263177896838109,0.8981669891028115,0.5263177896838109,0.023682210316189112,9.375,6.25,9.375,6.25,-1.0123971109057133
direct_safesac,1,215.39920589168614,109.64481925529836,215.39920589168614,7700.3852138867915,0.0,0.0,2988.486218852804,388.09567779328756,584.2,584.2,100.0,584.2,1.0,2376.680689305067,0.2970850861631334,651.5992904985917,651.5992904985917,0.0,0.0,99.73942030516477,83.00901356535415,100.0,100.0,0.0,0.0,100.0,0.0,100.0,0.0,0.42916472914530635,0.71030360216716,0.42916472914530635,0.1208352708546937,6.25,0.0,6.25,0.0,-1.142133533909358
direct_safesac,1,509.5305597927835,210.4182286619569,509.5305597927835,13030.867050812098,0.0,0.0,5814.334271382928,446.19703728928556,890.2,890.2,100.0,890.2,1.0,2743.878724905995,0.3429848406132494,676.4698656123257,676.4698656123257,0.0,0.0,143.63652780984214,118.90931713455079,100.0,100.0,1.0,1.0,100.0,0.0,100.0,0.0,0.3592264354029464,0.6891718251911788,0.4034284304952981,0.14657156950470196,31.25,39.58333333333333,31.25,39.58333333333333,-2.191856548562051
direct_safesac,1,562.2468858439051,231.45468624372577,562.2468858439051,13999.147299633843,0.0,0.0,7122.170050027933,508.7574191189643,424.4,424.4,100.0,424.4,1.0,2285.1964304663097,0.2856495538082887,676.4698656123257,676.4698656123257,0.0,0.0,85.42203239992342,72.43790121011227,100.0,100.0,0.0,0.0,100.0,0.0,100.0,0.0,0.3570712326084322,0.6632881447007453,0.3776035594132861,0.17239644058671394,6.25,37.5,6.25,37.5,-2.41098631503881
direct_safesac,1,609.4322042522765,265.6692371743769,609.4322042522765,13870.12240413139,0.0,0.0,7030.694094457754,506.8948845298995,328.1,328.1,100.0,328.1,1.0,2931.6312604007308,0.36645390755009133,676.4698656123259,676.4698656123259,0.0,2.842170943040401e-14,102.27989815207259,77.35975148280681,100.0,100.0,1.0,1.0,100.0,0.0,100.0,0.0,0.2210242077559278,0.6350599373638612,0.2824615504102477,0.26753844958975237,41.66666666666667,45.83333333333333,41.66666666666667,45.83333333333333,-2.767387887233093
direct_safesac,1,511.733207508792,215.2702001133365,511.733207508792,13795.540226227635,0.0,0.0,6377.847839392345,462.31229330671573,335.9,335.9,100.0,335.9,1.0,2182.588837071503,0.27282360463393784,676.4698656123257,676.4698656123257,0.0,0.0,94.79941031659911,83.68904233888496,100.0,100.0,1.0,1.0,100.0,0.0,100.0,0.0,0.31393283762835206,0.633040966460268,0.3846565010090232,0.16534349899097683,31.25,44.79166666666667,31.25,44.79166666666667,-2.242397917847255
direct_safesac,1,301.4780278558975,145.2772593164156,301.4780278558975,13580.228696014925,0.0,0.0,4354.899978607804,320.6794286082778,444.3,444.3,100.0,444.3,1.0,2424.0945491307443,0.303011818641343,676.4698656123257,676.4698656123257,0.0,0.0,89.94749049711123,71.37624904053882,100.0,100.0,0.0,0.0,100.0,0.0,100.0,0.0,0.46408611834835867,0.7795252637260563,0.4653496328354315,0.08465036716456853,2.083333333333333,18.75,2.083333333333333,18.75,-1.513304784545996
direct_safesac,1,132.39843868391034,112.15840307193601,132.39843868391034,10658.805215366887,0.0,0.0,2999.9086399733424,281.4488659243298,558.0,558.0,100.0,558.0,1.0,3170.5701709148334,0.3963212713643542,676.4698656123257,676.4698656123257,0.0,0.0,120.99011092498291,106.70908759443569,100.0,100.0,0.0,0.0,100.0,0.0,100.0,0.0,0.49127289482712455,0.87727621733433,0.49127289482712455,0.05872710517287549,5.208333333333334,6.25,5.208333333333334,6.25,-1.168316698666
direct_safesac,1,330.0463144637157,139.34725559773503,330.0463144637157,8007.13885993221,0.0,0.0,3888.0197351530473,485.5691656115433,555.5999999999999,555.5999999999999,100.0,555.5999999999999,1.0,2085.1045422255993,0.2606380677781999,657.8089126925181,657.8089126925181,0.0,0.0,96.30808802940203,79.39454395247701,100.0,100.0,0.0,0.0,100.0,0.0,100.0,0.0,0.3981683124508714,0.6532052919724468,0.3981683124508714,0.15183168754912862,6.25,0.0,6.25,0.0,-1.4515339124764066
direct_safesac,1,493.5467191228937,253.30418726240885,493.5467191228937,13689.80184732272,0.0,0.0,6084.97300260337,444.4894871720436,659.9,659.9,100.0,659.9,1.0,2874.2163577525735,0.3592770447190717,676.4698656123259,676.4698656123259,0.0,2.842170943040401e-14,129.65957817053084,117.90198146499039,100.0,100.0,1.0,1.0,100.0,0.0,100.0,0.0,0.21533226424582255,0.6801831919944995,0.2552970219867761,0.2947029780132239,34.375,41.66666666666667,34.375,41.66666666666667,-2.6385852839834256
direct_safesac,1,579.6242626749728,238.60689073554204,579.6242626749728,14306.835081510539,0.0,0.0,7057.747970984874,493.3130165249452,601.0,601.0,100.0,601.0,1.0,2516.917026469796,0.3146146283087245,676.4698656123257,676.4698656123257,0.0,0.0,87.42315650806563,73.44298423101054,100.0,100.0,0.0,0.0,100.0,0.0,100.0,0.0,0.2850430034776774,0.6779730408569657,0.3419287445822125,0.20807125541778754,21.875,46.875,21.875,46.875,-2.4854884451618964
direct_safesac,1,486.0779855236591,229.10375652882934,486.0779855236591,14025.186713807903,0.0,0.0,6162.671303571373,439.40030384794636,841.8,841.8,100.0,841.8,1.0,2962.0778675974293,0.37025973344967866,676.4698656123257,676.4698656123257,0.0,0.0,103.29653926797596,90.38537418921408,100.0,100.0,0.0,0.0,100.0,0.0,100.0,0.0,0.23218144039095368,0.6852993882683692,0.296131652211255,0.25386834778874506,30.208333333333332,44.79166666666667,30.208333333333332,44.79166666666667,-2.3864974638419723
direct_safesac,1,418.5684448901093,190.5780514251169,418.5684448901093,14373.957557332302,0.0,0.0,5709.846162327747,397.2354961779539,547.9,547.9,100.0,547.9,1.0,2489.055934098212,0.3111319917622765,676.4698656123257,676.4698656123257,0.0,0.0,85.10696794860851,73.64534930678688,100.0,100.0,0.0,0.0,100.0,0.0,100.0,0.0,0.3251318190329845,0.663290576414898,0.3824984482252499,0.16750155177475012,25.0,47.91666666666667,25.0,47.91666666666667,-1.9851880356783012
direct_safesac,1,382.8069393422908,191.6701142569389,382.8069393422908,13544.935799730529,0.0,0.0,6169.675465371009,455.496840781907,623.5,623.5,100.0,623.5,1.0,2282.1300525851902,0.2852662565731488,676.4698656123257,676.4698656123257,0.0,0.0,96.28842524648266,77.5960522019701,100.0,100.0,0.0,0.0,100.0,0.0,100.0,0.0,0.4185749943008458,0.7430803120698964,0.4185749943008458,0.13142500569915422,2.083333333333333,14.583333333333334,2.083333333333333,14.583333333333334,-1.9965636901764467
direct_safesac,1,284.1681987693895,153.6610216345423,284.1681987693895,11045.90088616955,0.0,0.0,5030.96626408098,455.46002231291044,314.4,314.4,100.0,314.4,1.0,2128.461454063654,0.26605768175795674,626.1405810283228,626.1405810283228,0.0,0.0,91.63218028213669,82.49080442877123,100.0,100.0,0.0,0.0,100.0,0.0,100.0,0.0,0.491496620202241,0.760191619780993,0.491496620202241,0.05850337979775905,0.0,0.0,0.0,0.0,-1.6006356420264822
direct_safesac,1,215.7708521743724,117.19924611406245,215.7708521743724,8477.534401338558,0.0,0.0,3302.6548614712538,389.5772880555674,328.3,328.3,100.0,328.3,1.0,2469.828513264656,0.30872856415808203,602.699386138908,602.699386138908,0.0,0.0,109.24092686300617,90.11197816227946,100.0,100.0,0.0,0.0,100.0,0.0,100.0,0.0,0.4450077657627042,0.7051565981092621,0.4450077657627042,0.10499223423729587,9.375,0.0,9.375,0.0,-1.220825480354817
direct_safesac,1,340.8932744862015,208.2139693452254,340.8932744862015,14273.382566143973,0.0,0.0,6267.873852417575,439.13023583385063,372.8,372.8,100.0,372.8,1.0,2496.6276361487803,0.31207845451859756,676.4698656123259,676.4698656123259,0.0,2.842170943040401e-14,143.9728006088571,128.0822325096867,100.0,100.0,0.0,0.0,100.0,0.0,100.0,0.0,0.3084279430444907,0.6678173956019724,0.34410386830795614,0.2058961316920439,29.166666666666668,46.875,29.166666666666668,46.875,-2.1688955140127644
direct_safesac,1,404.7380724629587,244.33620204989035,404.7380724629587,14462.465468586932,0.0,0.0,7288.623624204978,503.96826461132565,265.6,265.6,100.0,265.6,1.0,2869.2994543138384,0.3586624317892298,676.4698656123259,676.4698656123259,0.0,2.842170943040401e-14,92.74138833702769,66.66292406468442,100.0,100.0,0.0,0.0,100.0,0.0,100.0,0.0,0.232153791807681,0.6655670375204277,0.28762940697137734,0.2623705930286227,32.29166666666667,45.83333333333333,32.29166666666667,45.83333333333333,-2.5451687713530244
direct_safesac,1,492.1525785043958,267.56492803557865,492.1525785043958,14328.953453037226,0.0,0.0,8250.920177103504,575.8215492949769,541.3,541.3,100.0,541.3,1.0,2878.0866053827085,0.35976082567283857,676.4698656123259,676.4698656123259,0.0,2.842170943040401e-14,100.9983655351415,82.8692780996458,100.0,100.0,0.0,0.0,100.0,0.0,100.0,0.0,0.23987309102988688,0.6481775231132467,0.2913668489232987,0.2586331510767013,36.45833333333333,46.875,36.45833333333333,46.875,-2.7871346670372774
direct_safesac,1,542.6311377138112,262.1359794673393,542.6311377138112,14210.028982283064,0.0,0.0,8243.401948921548,580.1115507364093,414.8,414.8,100.0,414.8,1.0,2655.9447173956687,0.33199308967445856,676.4698656123257,676.4698656123257,0.0,0.0,107.8604270553832,82.00953115577784,100.0,100.0,0.0,0.0,100.0,0.0,100.0,0.0,0.27131432300499586,0.6220722170463323,0.3189488028359852,0.23105119716401484,34.375,41.66666666666667,34.375,41.66666666666667,-2.730583119451451
direct_safesac,1,468.4195585438735,231.75427911276,468.4195585438735,13517.302645359421,0.0,0.0,7645.293546453828,565.5931325232633,717.4,717.4,100.0,717.4,1.0,2368.4533940885185,0.2960566742610648,676.4698656123257,676.4698656123257,0.0,0.0,113.6399782564447,92.38102988849145,100.0,100.0,0.0,0.0,100.0,0.0,100.0,0.0,0.41047580225692026,0.7017915995934292,0.41047580225692026,0.13952419774307978,1.0416666666666665,21.875,1.0416666666666665,21.875,-2.41410707409125
direct_safesac,1,308.1141240172694,159.81570059538547,308.1141240172694,10582.452734415318,0.0,0.0,4934.108753693685,466.2537955541642,1087.2,1087.2,100.0,1087.2,1.0,2937.681220471859,0.3672101525589824,646.3027218758541,646.3027218758541,0.0,0.0,112.85370073462525,88.77538534187255,100.0,100.0,0.0,0.0,100.0,0.0,100.0,0.0,0.4887591979721268,0.8046423007498837,0.4887591979721268,0.06124080202787324,7.291666666666667,0.0,7.291666666666667,0.0,-1.664746881201932
direct_safesac,1,204.60031606231553,108.08442723441988,204.60031606231553,7799.65959761317,0.0,0.0,2729.4496758537143,349.94471767575254,1053.8000000000002,1053.8000000000002,100.0,1053.8000000000002,1.0,2829.955304414034,0.35374441305175425,573.2424961507772,573.2424961507772,0.0,0.0,107.72347393059115,95.92289837210573,100.0,100.0,0.0,0.0,100.0,0.0,100.0,0.0,0.447796446220263,0.7675486676840996,0.447796446220263,0.10220355377973706,4.166666666666666,0.0,4.166666666666666,0.0,-1.1258794503585403
direct_safesac,1,499.8822906889377,235.82362553541475,499.8822906889377,14401.600802609468,0.0,0.0,6580.314551356203,456.91549443336163,0.0,0.0,,0.0,,2584.1558557606263,0.3230194819700783,676.4698656123257,676.4698656123257,0.0,0.0,159.50009197919653,141.03585184550766,100.0,100.0,0.0,0.0,100.0,0.0,100.0,0.0,0.29042514026683336,0.6702662051212893,0.3389433940445499,0.21105660595545017,31.25,47.91666666666667,31.25,47.91666666666667,-2.456496099327237
direct_safesac,2,476.8025149567127,201.6734309500696,476.8025149567127,10889.574002349846,0.0,0.0,5342.691839828968,490.62450364688976,1584.7,1584.7,100.0,1584.7,1.0,2532.630411432089,0.3165788014290111,676.4698656123257,676.4698656123257,0.0,0.0,191.20616714338848,163.01425152283323,100.0,100.0,0.0,0.0,100.0,0.0,100.0,0.0,0.392514365796784,0.5681561144375658,0.4484776275254118,0.10152237247458823,26.041666666666668,25.0,26.041666666666668,25.0,-2.1007649057298914
direct_safesac,2,458.70727915893383,181.5678859672118,458.70727915893383,11457.621899742973,0.0,0.0,5179.298042329778,452.0395320817808,1639.0,1639.0,100.0,1639.0,1.0,1575.6065145938123,0.19695081432422654,676.4698656123257,676.4698656123257,0.0,0.0,161.47121462552377,137.18222221844587,100.0,100.0,0.0,0.0,100.0,0.0,100.0,0.0,0.4636161568599116,0.5871655270237697,0.5334948948301564,0.016505105169843604,14.583333333333334,31.25,14.583333333333334,31.25,-1.8913321454917895
direct_safesac,2,480.14664168618424,208.46618897491493,480.14664168618424,11571.281029319614,0.0,0.0,6098.823318608264,527.065525688548,1694.9,1694.9,100.0,1694.9,1.0,1507.3016867267143,0.18841271084083927,676.4698656123257,676.4698656123257,0.0,0.0,157.31411643921817,135.63708930650208,100.0,100.0,0.0,0.0,100.0,0.0,100.0,0.0,0.5554669131681931,0.7065776161819949,0.6114564987896693,0.0614564987896693,10.416666666666668,23.958333333333336,10.416666666666668,23.958333333333336,-2.1715228018220305
direct_safesac,2,516.77377684987,202.97032855955393,516.77377684987,11931.941331067712,0.0,0.0,6004.226565433522,503.2061756623005,939.8,939.8,100.0,939.8,1.0,2197.9703297085525,0.2747462912135691,676.4698656123257,676.4698656123257,0.0,0.0,162.52371803267064,139.2054240381118,100.0,100.0,0.0,0.0,100.0,0.0,100.0,0.0,0.5138298548905074,0.6024321101011701,0.5553196459464325,0.005319645946432416,38.54166666666667,29.166666666666668,38.54166666666667,29.166666666666668,-2.1142742558286867
direct_safesac,2,412.7049504732754,188.82032842692834,412.7049504732754,10804.132321365887,0.0,0.0,5409.410434977785,500.6797653042733,1247.3000000000002,1247.3000000000002,100.0,1247.3000000000002,1.0,2589.105905423298,0.3236382381779122,676.4698656123257,676.4698656123257,0.0,0.0,179.71813093992446,151.75760635109538,100.0,100.0,0.0,0.0,100.0,0.0,100.0,0.0,0.4692215639744938,0.6043798104850258,0.505820808264219,0.044179191735781,47.91666666666667,12.5,47.91666666666667,12.5,-1.9668784211138368
direct_safesac,2,260.25137871325023,148.28302253489682,260.25137871325023,8097.781224836712,0.0,0.0,3793.857715458994,468.50583019245437,1325.1,1325.1,100.0,1325.1,1.0,3494.093958288431,0.4367617447860539,659.7036931686189,659.7036931686189,0.0,0.0,181.70751155336427,155.4790754873444,100.0,100.0,0.0,0.0,100.0,0.0,100.0,0.0,0.4287857991358951,0.573053500456736,0.4344026274449738,0.11559737255502622,61.458333333333336,0.0,61.458333333333336,0.0,-1.5446148180718418
direct_safesac,2,247.47799949309697,136.18553745071878,247.47799949309697,5620.5634834716275,134.20622113936915,134.20622113936915,3066.800330059557,545.6393009487548,1989.8,1966.8275888131839,98.8454914470391,1966.8275888131839,0.9884549144703909,3513.9601171016693,0.43924501463770865,492.3476541692087,492.3476541692087,0.0,0.0,193.0432479839997,163.99943881254327,100.0,100.0,0.0,0.0,100.0,0.0,100.0,0.0,0.4184003955743421,0.5551544766701556,0.42940467291854695,0.1205953270814531,68.75,0.0,68.75,0.0,-1.4185993484449873
direct_safesac,2,402.16737554774943,186.57073589662784,402.16737554774943,11427.286252618676,0.0,0.0,5111.367627134316,447.2949669885967,779.3,779.3,100.0,779.3,1.0,2284.054271494103,0.2855067839367629,676.4698656123257,676.4698656123257,0.0,0.0,188.63853745567923,159.6996170946596,100.0,100.0,0.0,0.0,100.0,0.0,100.0,0.0,0.40069974147714654,0.5680543569385051,0.4742118090541176,0.07578819094588246,19.791666666666664,27.083333333333332,19.791666666666664,27.083333333333332,-1.9434451655898732
direct_safesac,2,411.1573610699595,175.5382475206456,411.1573610699595,11629.478467756173,0.0,0.0,5071.125903433556,436.05789524386086,1103.7,1103.7,100.0,1103.7,1.0,1528.9231127811481,0.19111538909764353,676.4698656123257,676.4698656123257,0.0,0.0,165.93929931265333,145.09267737723053,100.0,100.0,0.0,0.0,100.0,0.0,100.0,0.0,0.4881600478296412,0.5825277283769937,0.5321045800185035,0.017895419981496574,22.916666666666664,30.208333333333332,22.916666666666664,30.208333333333332,-1.8285234116733917
direct_safesac,2,360.57160463230963,168.46988518646606,360.57160463230963,11755.369149114795,0.0,0.0,4537.820777605761,386.02112107619087,1621.7,1621.7,100.0,1621.7,1.0,1697.7819281420905,0.2122227410177613,676.4698656123257,676.4698656123257,0.0,0.0,155.28269419450046,132.56813513480375,100.0,100.0,0.0,0.0,100.0,0.0,100.0,0.0,0.5568583641229227,0.7279440893064335,0.6499784485208864,0.09997844852088633,13.541666666666666,21.875,13.541666666666666,21.875,-1.7548946373590215
direct_safesac,2,267.48218553190225,144.64997769418008,267.48218553190225,11356.970787078353,0.0,0.0,3643.7881944795017,320.8415573830042,1678.0,1678.0,100.0,1678.0,1.0,2628.658161862655,0.3285822702328319,676.4698656123257,676.4698656123257,0.0,0.0,166.14353061517218,139.8846574037781,100.0,100.0,0.0,0.0,100.0,0.0,100.0,0.0,0.5599179649135103,0.7313608968927188,0.6490876843607054,0.09908768436070536,37.5,12.5,37.5,12.5,-1.5067706009810424
direct_safesac,2,222.65589676164768,136.93085060739037,222.65589676164768,9465.012613258823,0.0,0.0,3612.554708473755,381.6745794309032,2333.3,2333.3,100.0,2333.3,1.0,3540.6487450003624,0.4425810931250453,657.5064279885281,657.5064279885281,0.0,0.0,161.2292192079265,134.68242172453654,100.0,100.0,0.0,0.0,100.0,0.0,100.0,0.0,0.529602944306833,0.8096804146419619,0.5310000122642439,0.018999987735756174,41.66666666666667,0.0,41.66666666666667,0.0,-1.4263630271603163
direct_safesac,2,144.2818060002198,114.1620760375057,144.2818060002198,7241.1262471344635,0.0,0.0,2792.8326769831237,385.6903721418106,2325.2,2325.2,100.0,2325.2,1.0,3664.143280684948,0.4580179100856185,527.0670554344741,527.0670554344741,0.0,0.0,165.81340976255936,145.232886796772,100.0,100.0,0.0,0.0,100.0,0.0,100.0,0.0,0.42599680909347765,0.7101503968086875,0.5020614981097412,0.04793850189025883,56.25,0.0,56.25,0.0,-1.189188292057351
direct_safesac,2,178.5611292478492,114.85925757613816,178.5611292478492,5045.032092618529,242.276139984775,242.276139984775,2423.1404918263215,480.30229487968154,2654.2000000000003,2454.193831080272,92.46454039184205,2454.193831080272,0.9246454039184205,3488.3235946297646,0.43604044932872055,461.5947576988238,461.5947576988238,0.0,0.0,186.08632410666135,159.21986197200673,100.0,100.0,0.0,0.0,100.0,0.0,100.0,0.0,0.4220070382771331,0.6312271200757672,0.4220070382771331,0.12799296172286695,66.66666666666666,0.0,66.66666666666666,0.0,-1.1964505997514392
direct_safesac,2,441.02837240191394,203.62722920403405,441.02837240191394,9823.08266565808,0.0,0.0,5414.318401532556,551.1832268765534,2018.2,2018.2,100.0,2018.2,1.0,2733.098151602263,0.34163726895028285,676.4698656123257,676.4698656123257,0.0,0.0,186.13635642903358,150.86649732049662,100.0,100.0,1.0,1.0,100.0,0.0,100.0,0.0,0.3974864876255589,0.5645512453078962,0.4039707562692076,0.14602924373079246,34.375,26.041666666666668,34.375,26.041666666666668,-2.1211169708753546
direct_safesac,2,431.90972433947616,182.66746863707024,431.90972433947616,11020.719133911929,0.0,0.0,5252.615602957681,476.6127817190099,1613.6999999999998,1613.6999999999998,100.0,1613.6999999999998,1.0,1601.077217671132,0.2001346522088915,676.4698656123257,676.4698656123257,0.0,0.0,164.10003155899867,134.83128005481436,100.0,100.0,0.0,0.0,100.0,0.0,100.0,0.0,0.45850805007656553,0.620351896069169,0.5747314530367725,0.02473145303677249,16.666666666666664,20.833333333333336,16.666666666666664,20.833333333333336,-1.9027861316361483
direct_safesac,2,469.6479623423889,196.75173371009825,469.6479623423889,10838.83718546664,0.0,0.0,5656.406686200587,521.8647156897083,1563.5,1563.5,100.0,1563.5,1.0,2199.240517325401,0.2749050646656751,676.4698656123257,676.4698656123257,0.0,0.0,163.2547602132953,133.45517692593054,100.0,100.0,1.0,1.0,100.0,0.0,100.0,0.0,0.4697874010721766,0.676379252071778,0.5019307182631227,0.0480692817368773,20.833333333333336,22.916666666666664,20.833333333333336,22.916666666666664,-2.049497226146857
direct_safesac,2,375.0387374287062,172.2028225450257,375.0387374287062,10905.781649886132,0.0,0.0,4697.990166966558,430.7797751494144,1555.2,1555.2,100.0,1555.2,1.0,2446.404535269257,0.3058005669086571,676.4698656123257,676.4698656123257,0.0,0.0,167.47023292568576,141.00199211516494,100.0,100.0,0.0,0.0,100.0,0.0,100.0,0.0,0.5209211856886554,0.6655259394272535,0.6186501027340643,0.06865010273406424,40.625,10.416666666666668,40.625,10.416666666666668,-1.7937794015106843
direct_safesac,2,358.8236845156156,167.05204272226615,358.8236845156156,10495.172177793625,0.0,0.0,4705.997244645969,448.39638311062936,908.0,908.0,100.0,908.0,1.0,2808.165122024465,0.3510206402530581,676.4698656123257,676.4698656123257,0.0,0.0,163.08423207028028,140.96594695339982,100.0,100.0,0.0,0.0,100.0,0.0,100.0,0.0,0.46295979395508785,0.6137695983112786,0.5205842403951587,0.02941575960484133,42.70833333333333,10.416666666666668,42.70833333333333,10.416666666666668,-1.7401254450236057
direct_safesac,2,268.70980281232596,158.42530564145687,268.70980281232596,7492.242519773773,0.0,0.0,4200.407436147208,560.6342059885746,1416.7,1416.7,100.0,1416.7,1.0,3499.628685414791,0.4374535856768489,649.6141877039854,649.6141877039854,0.0,0.0,189.32986728207464,160.68936323054427,100.0,100.0,0.0,0.0,100.0,0.0,100.0,0.0,0.4315409028936962,0.5690341661399916,0.4315409028936962,0.11845909710630387,62.5,0.0,62.5,0.0,-1.6502636004318425
direct_safesac,2,284.2048317017087,146.8335031362611,284.2048317017087,6185.063910416651,15.541963806422828,15.541963806422828,3541.2347741105805,572.5461895626602,1177.4,1177.4,100.0,1177.4,1.0,3542.277979105711,0.4427847473882139,545.4740954788695,545.4740954788695,0.0,0.0,172.0899286879862,150.24595172513503,100.0,100.0,0.0,0.0,100.0,0.0,100.0,0.0,0.41406064202028653,0.5372397141237009,0.4351439184205311,0.11485608157946897,69.79166666666666,0.0,69.79166666666666,0.0,-1.5295156576693865
direct_safesac,2,475.97275466901243,214.14479003967227,475.97275466901243,10151.263790998039,0.0,0.0,5818.233336801779,573.1535951180074,1432.6,1432.6,100.0,1432.6,1.0,2835.977962779354,0.3544972453474193,676.4698656123257,676.4698656123257,0.0,0.0,177.88734740930886,145.45673164990572,100.0,100.0,1.0,1.0,100.0,0.0,100.0,0.0,0.3986550733505896,0.5527401634146905,0.40632826957153756,0.14367173042846249,33.33333333333333,23.958333333333336,33.33333333333333,23.958333333333336,-2.2306748962465863
direct_safesac,2,480.505400096729,206.84616894623116,480.505400096729,11016.7389759764,0.0,0.0,6223.6434382939715,564.9261048905244,1354.2,1354.2,100.0,1354.2,1.0,1797.0268698063576,0.2246283587257947,676.4698656123257,676.4698656123257,0.0,0.0,165.3271036905269,137.0875212035199,100.0,100.0,0.0,0.0,100.0,0.0,100.0,0.0,0.46793068641012453,0.6213512516857117,0.5619985908180842,0.011998590818084187,20.833333333333336,22.916666666666664,20.833333333333336,22.916666666666664,-2.154647593189908
direct_safesac,2,424.98021594736565,199.14993511621867,424.98021594736565,11472.123626620476,0.0,0.0,5955.964445108515,519.1684328861314,1279.8000000000002,1279.8000000000002,100.0,1279.8000000000002,1.0,1779.3889953023743,0.22242362441279678,676.4698656123257,676.4698656123257,0.0,0.0,159.91678714510732,129.9681603910492,100.0,100.0,0.0,0.0,100.0,0.0,100.0,0.0,0.5269230913037535,0.6641755149162448,0.635350019986727,0.08535001998672698,22.916666666666664,16.666666666666664,22.916666666666664,16.666666666666664,-2.0744784907939446
direct_safesac,2,388.76396914687257,176.23814019545011,388.76396914687257,10932.54711619698,0.0,0.0,4721.28504559807,431.85590653465454,1652.3999999999999,1652.3999999999999,100.00000000000001,1652.3999999999999,1.0000000000000002,2484.2681959220054,0.3105335244902507,676.4698656123257,676.4698656123257,0.0,0.0,175.64897142344054,147.9876896952202,100.0,100.0,0.0,0.0,100.0,0.0,100.0,0.0,0.5323620231248634,0.6887108490390601,0.6224456186140095,0.07244561861400944,36.45833333333333,13.541666666666666,36.45833333333333,13.541666666666666,-1.835813960369272
direct_safesac,2,192.7022206431618,124.1677482485038,192.7022206431618,9832.41938184448,0.0,0.0,3079.34651481303,313.1829914109471,2015.9,2015.9,100.0,2015.9,1.0,3516.751761808062,0.43959397022600777,676.4698656123257,676.4698656123257,0.0,0.0,159.51439553072487,135.92031322078668,100.0,100.0,0.0,0.0,100.0,0.0,100.0,0.0,0.4968065909521754,0.7624523002443541,0.5861462328346004,0.03614623283460039,36.45833333333333,3.125,36.45833333333333,3.125,-1.293414044255248
direct_safesac,2,201.9964265705592,119.53387496153803,201.9964265705592,7788.43128166711,0.0,0.0,2794.3659692031806,358.7841849206183,1225.4,1225.4,100.0,1225.4,1.0,3538.7628972530365,0.44234536215662956,574.6173296245545,574.6173296245545,0.0,0.0,163.15238345106866,147.63840366866918,100.0,100.0,0.0,0.0,100.0,0.0,100.0,0.0,0.43240837610130617,0.6305538828896454,0.43240837610130617,0.11759162389869388,71.875,0.0,71.875,0.0,-1.2451445308493545
direct_safesac,2,261.1536844290805,135.6854047238455,261.1536844290805,5877.081891745303,50.4111304450248,50.4111304450248,3163.052471665811,538.2011906467559,1398.4,1398.4,100.0,1398.4,1.0,3457.313295453787,0.43216416193172336,524.732120037499,524.732120037499,0.0,0.0,174.7819202264933,151.12517486814292,100.0,100.0,0.0,0.0,100.0,0.0,100.0,0.0,0.42754418847494213,0.5425572170238746,0.42754418847494213,0.12245581152505791,54.166666666666664,0.0,54.166666666666664,0.0,-1.4133896325400572
direct_safesac,2,509.0336067329556,222.83145169379856,509.0336067329556,10363.64760960504,0.0,0.0,6078.256334578098,586.4977818181278,1187.9,1187.9,100.0,1187.9,1.0,2844.0831466811114,0.35551039333513895,676.4698656123257,676.4698656123257,0.0,0.0,180.40707506467874,147.04409777648618,100.0,100.0,1.0,1.0,100.0,0.0,100.0,0.0,0.39847320238030276,0.5535560323190345,0.4052372618027601,0.14476273819723995,37.5,25.0,37.5,25.0,-2.321160955143735
direct_safesac,2,528.8034630073523,215.5508643962977,528.8034630073523,10749.563366321832,0.0,0.0,6311.904696808611,587.1777747348959,1584.0,1584.0,100.0,1584.0,1.0,1810.3057930771172,0.22628822413463964,676.4698656123257,676.4698656123257,0.0,0.0,184.0167584307194,150.51816779892667,100.0,100.0,0.0,0.0,100.0,0.0,100.0,0.0,0.4721581191706814,0.616448505988828,0.5299040253678351,0.020095974632164948,19.791666666666664,17.708333333333336,19.791666666666664,17.708333333333336,-2.245321504128101
direct_safesac,2,470.82030369694735,206.55024072136456,470.82030369694735,10778.718504491524,0.0,0.0,5898.417990323657,547.228131791898,2027.8999999999999,2027.8999999999999,100.0,2027.8999999999999,1.0,1942.8825552543403,0.24286031940679254,676.4698656123257,676.4698656123257,0.0,0.0,175.8673045847862,141.38984353160276,100.0,100.0,0.0,0.0,100.0,0.0,100.0,0.0,0.5240670175022005,0.7073139230186413,0.6235274092828226,0.07352740928282253,20.833333333333336,6.25,20.833333333333336,6.25,-2.1515650075142143
direct_safesac,2,371.77733122367164,181.05650733259534,371.77733122367164,11577.34312915214,0.0,0.0,5343.3156207829925,461.53211157129346,757.2,757.2,100.0,757.2,1.0,2208.6802865420022,0.2760850358177503,676.4698656123257,676.4698656123257,0.0,0.0,158.6882844664604,139.4906695489336,100.0,100.0,0.0,0.0,100.0,0.0,100.0,0.0,0.5208527509034856,0.627037260992723,0.6098187149235483,0.05981871492354829,39.58333333333333,16.666666666666664,39.58333333333333,16.666666666666664,-1.8860052847145348
direct_safesac,2,295.31121663972436,146.62705162272502,295.31121663972436,10650.763404787991,0.0,0.0,4080.7539480198157,383.1419207176582,819.0,819.0,100.0,819.0,1.0,2784.3436313879774,0.34804295392349716,676.4698656123257,676.4698656123257,0.0,0.0,163.80086237388056,136.25719303687188,100.0,100.0,0.0,0.0,100.0,0.0,100.0,0.0,0.4752384182403938,0.6147774544245977,0.5316589847795031,0.018341015220496915,41.66666666666667,9.375,41.66666666666667,9.375,-1.5273651210700523
direct_safesac,2,232.33511020133653,150.43715711363143,232.33511020133653,8159.290803570703,0.0,0.0,4113.261299732324,504.11995340725707,700.5,700.5,100.0,700.5,1.0,3527.8584145009518,0.440982301812619,647.7820499333454,647.7820499333454,0.0,0.0,182.50989822731117,151.6537771641508,100.0,100.0,0.0,0.0,100.0,0.0,100.0,0.0,0.438360199408214,0.5582162958447286,0.438360199408214,0.11163980059178602,78.125,0.0,78.125,0.0,-1.5670537199336607
direct_safesac,2,256.6170575155522,142.64028271602479,256.6170575155522,6430.12660767231,0.0,0.0,3501.585809470899,544.5593878809277,940.7,940.7,100.0,940.7,1.0,3474.028868973255,0.4342536086216569,544.1678748487857,544.1678748487857,0.0,0.0,172.2495922206612,149.40959923249335,100.0,100.0,0.0,0.0,100.0,0.0,100.0,0.0,0.42651305837115566,0.540167286443083,0.4375216915948609,0.11247830840513917,62.5,0.0,62.5,0.0,-1.4858362782919248
direct_safesac,2,505.275369000909,219.61348693651047,505.275369000909,11121.996369491935,0.0,0.0,6344.338644062216,570.4316413431839,715.9,715.9,100.0,715.9,1.0,2467.7109468813405,0.3084638683601676,676.4698656123257,676.4698656123257,0.0,0.0,175.52077623933408,146.36763440679616,100.0,100.0,0.0,0.0,100.0,0.0,100.0,0.0,0.40750278058902994,0.5587327601453392,0.4491601750614028,0.10083982493859722,32.29166666666667,9.375,32.29166666666667,9.375,-2.287640488921984
direct_safesac,2,624.1283557149077,233.73977121076229,624.1283557149077,11530.539473622977,0.0,0.0,7004.695961496505,607.490740352635,628.5,628.5,100.0,628.5,1.0,1694.0372565394655,0.21175465706743318,676.4698656123257,676.4698656123257,0.0,0.0,154.10657548306722,134.02940931897786,100.0,100.0,0.0,0.0,100.0,0.0,100.0,0.0,0.4761781810219156,0.5950131163335687,0.5325297177344247,0.017470282265575343,18.75,19.791666666666664,18.75,19.791666666666664,-2.4347892834454403
direct_safesac,2,492.8019315162967,209.63626264561748,492.8019315162967,11536.54943088279,0.0,0.0,6131.18527696956,531.4574616701829,1100.6999999999998,1100.6999999999998,100.0,1100.6999999999998,1.0,1663.4653279063823,0.20793316598829778,676.4698656123257,676.4698656123257,0.0,0.0,167.11280959712596,139.62898252040532,100.0,100.0,0.0,0.0,100.0,0.0,100.0,0.0,0.5359419549741828,0.6508333911464832,0.6173495711991165,0.06734957119911644,19.791666666666664,18.75,19.791666666666664,18.75,-2.183711069225182
direct_safesac,2,528.1329519342275,233.07575267007894,528.1329519342275,11202.77443517651,0.0,0.0,6658.64040564872,594.3742279359574,656.3,656.3,100.0,656.3,1.0,3204.05604551379,0.40050700568922376,676.4698656123257,676.4698656123257,0.0,0.0,171.53546580407053,146.1141190195045,100.0,100.0,1.0,1.0,100.0,0.0,100.0,0.0,0.36715682067025185,0.5930856746960219,0.4430764878074939,0.10692351219250612,42.70833333333333,26.041666666666668,42.70833333333333,26.041666666666668,-2.427872423646656
direct_safesac,2,451.3010074022511,206.6875948110212,451.3010074022511,10709.518407689757,0.0,0.0,6115.181080923703,571.0043017931431,615.2,615.2,100.0,615.2,1.0,2850.5306274146087,0.3563163284268261,676.4698656123257,676.4698656123257,0.0,0.0,169.9436015592596,144.37322031715556,100.0,100.0,0.0,0.0,100.0,0.0,100.0,0.0,0.4529630093742162,0.6129844094681128,0.5045478040130279,0.045452195986972144,39.58333333333333,12.5,39.58333333333333,12.5,-2.1529957792814707
direct_safesac,2,327.5718600908991,170.29614182065276,327.5718600908991,7838.357310355817,0.5624669300055416,0.5624669300055416,4485.321203029548,572.227193203309,1260.8,1260.8,100.0,1260.8,1.0,3520.2979534864426,0.4400372441858053,641.0107977336888,641.0107977336888,0.0,0.0,188.58386033975526,160.7440235258319,100.0,100.0,0.0,0.0,100.0,0.0,100.0,0.0,0.4287893201381361,0.5669170011080015,0.4364170287441656,0.11358297125583444,69.79166666666666,0.0,69.79166666666666,0.0,-1.773918143965133
direct_safesac,2,268.91676288931313,139.41976093133232,268.91676288931313,6532.252159212757,1.4591629558889707,1.4591629558889707,3206.5673788044014,490.88236348653834,773.1,773.1,100.0,773.1,1.0,3561.2436309456825,0.4451554538682103,546.1098933182416,546.1098933182416,0.0,0.0,171.61814981482513,150.4020694535324,100.0,100.0,0.0,0.0,100.0,0.0,100.0,0.0,0.4114179269361654,0.5367674709405555,0.4387022810581287,0.11129771894187135,69.79166666666666,0.0,69.79166666666666,0.0,-1.452289176368045
direct_safesac,2,494.5259027370825,196.726888182949,494.5259027370825,11130.682279960543,0.0,0.0,5275.362074544267,473.9477726394116,725.6,725.6,100.0,725.6,1.0,2119.869258734025,0.26498365734175316,676.4698656123257,676.4698656123257,0.0,0.0,181.27294739685118,148.90623220299327,100.0,100.0,0.0,0.0,100.0,0.0,100.0,0.0,0.4136719189804832,0.5460204135430488,0.45892903791911943,0.09107096208088061,17.708333333333336,22.916666666666664,17.708333333333336,22.916666666666664,-2.0492384185723855
direct_safesac,2,566.550486038178,210.3344538601158,566.550486038178,11591.06039440105,0.0,0.0,6134.777748275519,529.2680341169531,601.9,601.9,100.0,601.9,1.0,1643.2409053935164,0.20540511317418955,676.4698656123257,676.4698656123257,0.0,0.0,154.75157465284187,134.90049057892884,100.0,100.0,0.0,0.0,100.0,0.0,100.0,0.0,0.4758898209804964,0.6006709177010443,0.5409917956008801,0.009008204399119979,18.75,26.041666666666668,18.75,26.041666666666668,-2.190983894376206
direct_safesac,2,522.1548968522613,207.6794940289252,522.1548968522613,11521.155523081976,0.0,0.0,5806.4328377636975,503.98007614174134,1402.6000000000001,1402.6000000000001,99.99999999999999,1402.6000000000001,0.9999999999999999,1783.4681494338852,0.22293351867923564,676.4698656123257,676.4698656123257,0.0,0.0,168.1686987369712,137.4867974760723,100.0,100.0,0.0,0.0,100.0,0.0,100.0,0.0,0.5318517905169803,0.6711754599456501,0.6294690113227221,0.0794690113227221,21.875,16.666666666666664,21.875,16.666666666666664,-2.163328062801304
direct_safesac,2,470.48511862047786,198.5027232504214,470.48511862047786,11910.25296989024,0.0,0.0,5901.24380436078,495.4759415504811,497.19999999999993,497.19999999999993,100.0,497.19999999999993,1.0,2198.691228192857,0.27483640352410715,676.4698656123257,676.4698656123257,0.0,0.0,158.97654948867032,139.43300282299148,100.0,100.0,0.0,0.0,100.0,0.0,100.0,0.0,0.5250124987327545,0.5968624964492707,0.5732734558529384,0.023273455852938385,38.54166666666667,25.0,38.54166666666667,25.0,-2.067736700525223
direct_safesac,2,421.1590246096039,189.90725876360102,421.1590246096039,11064.99079527754,0.0,0.0,5542.184978380851,500.8756971353485,649.0999999999999,649.0999999999999,100.0,649.0999999999999,1.0,2510.2597999023437,0.313782474987793,676.4698656123257,676.4698656123257,0.0,0.0,167.06994069873582,142.35697613929992,100.0,100.0,0.0,0.0,100.0,0.0,100.0,0.0,0.45463622745616655,0.6007526969594754,0.5221054555587245,0.027894544441275593,42.70833333333333,14.583333333333334,42.70833333333333,14.583333333333334,-1.978200612120844
direct_safesac,2,331.3089955476203,171.0197895815116,331.3089955476203,8875.56759219951,0.0,0.0,4562.255684975689,514.0241046651855,405.4,405.4,100.0,405.4,1.0,3526.163010299206,0.44077037628740073,676.4698656123257,676.4698656123257,0.0,0.0,176.0498609578079,152.58318116278758,100.0,100.0,0.0,0.0,100.0,0.0,100.0,0.0,0.42881464429542826,0.5551221945446264,0.4301706402195602,0.11982935978043985,73.95833333333334,1.0416666666666665,73.95833333333334,1.0416666666666665,-1.781456141474079
direct_safesac,2,297.51558951249353,145.20854144714235,297.51558951249353,7010.285473594685,0.0,0.0,3468.7932158798085,494.8148301443001,584.7,584.7,100.0,584.7,1.0,3283.5683785378933,0.41044604731723666,574.2028095472089,574.2028095472089,0.0,0.0,165.9996598177968,148.49559556375505,100.0,100.0,0.0,0.0,100.0,0.0,100.0,0.0,0.4349596196937523,0.5419755423539564,0.4433890142728033,0.10661098572719674,57.291666666666664,0.0,57.291666666666664,0.0,-1.512588973407733
direct_safesac,2,563.6189870620525,229.7319677758421,563.6189870620525,11326.388219228571,0.0,0.0,6071.981809022311,536.0916199847393,733.5,733.5,100.0,733.5,1.0,2587.200490008481,0.32340006125106013,676.4698656123257,676.4698656123257,0.0,0.0,165.3966930197008,138.49121990922097,100.0,100.0,1.0,1.0,100.0,0.0,100.0,0.0,0.34267708086271964,0.5492778740431133,0.36941806332567856,0.18058193667432149,28.125,32.29166666666667,28.125,32.29166666666667,-2.393041330998355
direct_safesac,2,669.3544522750792,253.1965804978709,669.3544522750792,12334.38161190025,0.0,0.0,7787.31345797368,631.3501319320667,433.79999999999995,433.79999999999995,100.0,433.79999999999995,1.0,1814.560230438116,0.22682002880476448,676.4698656123257,676.4698656123257,0.0,0.0,140.54988106236658,125.76627264882616,100.0,100.0,0.0,0.0,100.0,0.0,100.0,0.0,0.47915067160747166,0.5852507360400662,0.509507913617985,0.04049208638201507,25.0,33.33333333333333,25.0,33.33333333333333,-2.6374643801861555
direct_safesac,2,645.0196274725419,244.08393864230484,645.0196274725419,12790.23773937632,0.0,0.0,7639.41625501208,597.284930169296,384.09999999999997,384.09999999999997,100.00000000000001,384.09999999999997,1.0000000000000002,1708.2758702838937,0.2135344837854867,676.4698656123259,676.4698656123259,0.0,2.842170943040401e-14,129.87266863903372,115.8449192794197,100.0,100.0,0.0,0.0,100.0,0.0,100.0,0.0,0.5061405337166834,0.6320887452258173,0.5297499654210178,0.020250034578982223,33.33333333333333,34.375,33.33333333333333,34.375,-2.542541027524009
direct_safesac,2,533.2417297972211,216.9647160483783,533.2417297972211,12266.659395046816,0.0,0.0,6626.249255180668,540.183683412315,593.2,593.2,100.0,593.2,1.0,2251.499659892026,0.2814374574865033,676.4698656123259,676.4698656123259,0.0,2.842170943040401e-14,164.4060325747956,133.4546995718383,100.0,100.0,0.0,0.0,100.0,0.0,100.0,0.0,0.5303394376377988,0.6075071111645199,0.5460289576904367,0.003971042309563355,40.625,33.33333333333333,40.625,33.33333333333333,-2.2600491255039405
direct_safesac,2,351.6761148456378,159.87010747859242,351.6761148456378,11424.315497101928,0.0,0.0,4473.731189058206,391.5973075317364,950.6000000000001,950.6000000000001,100.0,950.6000000000001,1.0,2422.029429940822,0.3027536787426027,676.4698656123257,676.4698656123257,0.0,0.0,163.79597060234084,140.07029938996672,100.0,100.0,0.0,0.0,100.0,0.0,100.0,0.0,0.47957469410017906,0.6138253748444895,0.5395171121452547,0.010482887854745382,38.54166666666667,13.541666666666666,38.54166666666667,13.541666666666666,-1.665313619568671
direct_safesac,2,315.5196455367966,168.24628267944894,315.5196455367966,8805.67624000115,0.0,0.0,4548.908835383012,516.5882450593502,767.5,767.5,100.0,767.5,1.0,3528.7128053605556,0.44108910067006946,676.4698656123257,676.4698656123257,0.0,0.0,187.30357190247196,153.18575704581727,100.0,100.0,0.0,0.0,100.0,0.0,100.0,0.0,0.43589158114564586,0.5679383803823583,0.43589158114564586,0.11410841885435419,69.79166666666666,1.0416666666666665,69.79166666666666,1.0416666666666665,-1.7525654445775931
direct_safesac,2,401.00519587032693,181.53851913175876,401.00519587032693,7632.9433280323565,0.0,0.0,4765.010591277464,624.2690907683974,278.4,278.4,100.0,278.4,1.0,3542.226208001375,0.4427782760001719,594.9069206152474,594.9069206152474,0.0,0.0,167.46191279935118,151.16695874845914,100.0,100.0,0.0,0.0,100.0,0.0,100.0,0.0,0.4189051566243564,0.5474872874164661,0.44638908260648996,0.10361091739351008,73.95833333333334,0.0,73.95833333333334,0.0,-1.8910262409558205
direct_safesac,2,582.3095517773825,246.64317444950723,582.3095517773825,12182.12189627356,0.0,0.0,6834.314507165975,561.0118307268417,447.20000000000005,447.20000000000005,100.0,447.20000000000005,1.0,2805.1778581480057,0.3506472322685007,676.4698656123257,676.4698656123257,0.0,0.0,160.30435022966213,128.8596478279595,100.0,100.0,1.0,1.0,100.0,0.0,100.0,0.0,0.3325974813136962,0.5460374245185172,0.3733110017546452,0.17668899824535483,44.79166666666667,36.45833333333333,44.79166666666667,36.45833333333333,-2.5691997338490338
direct_safesac,2,510.62055769649385,204.61673332566141,510.62055769649385,13085.468678580983,0.0,0.0,6016.807594708978,459.80833720977995,329.9,329.9,100.0,329.9,1.0,1958.7082167014405,0.24483852708768006,676.4698656123257,676.4698656123257,0.0,0.0,132.3303153330349,118.01021977504415,100.0,100.0,0.0,0.0,100.0,0.0,100.0,0.0,0.4400377294118997,0.5721230175306005,0.481721921334585,0.06827807866541502,35.41666666666667,39.58333333333333,35.41666666666667,39.58333333333333,-2.13142430547564
direct_safesac,2,387.37939101211043,169.36003122806747,387.37939101211043,12807.44990367211,0.0,0.0,4586.015981079812,358.074090905866,496.1,496.1,100.0,496.1,1.0,2119.3818059410123,0.26492272574262654,676.4698656123257,676.4698656123257,0.0,0.0,121.1920952992003,105.51397435172794,87.5,87.5,1.0,0.0,0.0,6.517157879185447,87.5,1.6292894697963618,0.36133091713849025,0.6316408932904534,0.415037388445046,0.13496261155495404,28.125,32.29166666666667,28.125,32.29166666666667,-1.7641669919590361
direct_safesac,2,514.7080543801667,214.76724819147427,514.7080543801667,12606.31461581758,0.0,0.0,5517.414159736838,437.670669651061,614.3000000000001,614.3000000000001,100.0,614.3000000000001,1.0,3487.9153604573908,0.43598942005717384,676.4698656123257,676.4698656123257,0.0,0.0,160.98733929613857,134.439350007169,100.0,100.0,1.0,1.0,100.0,0.0,100.0,0.0,0.290454436258539,0.5985295653076977,0.3654676760895427,0.18453232391045732,59.375,40.625,59.375,40.625,-2.237158835327857
direct_safesac,2,510.7069217448627,222.01429227043644,510.7069217448627,11876.532578299866,0.0,0.0,6644.941680348513,559.5018273675076,935.5,935.5,100.0,935.5,1.0,2415.080565664335,0.3018850707080419,676.4698656123257,676.4698656123257,0.0,0.0,176.4629444532454,148.97851804425719,100.0,100.0,0.0,0.0,100.0,0.0,100.0,0.0,0.45953893522731953,0.5848014782403188,0.501146887981739,0.048853112018261036,40.625,29.166666666666668,40.625,29.166666666666668,-2.3126488778170464
direct_safesac,2,420.93645759247175,200.5859251369805,420.93645759247175,9800.151909773678,0.0,0.0,5758.516363402642,587.5946022489388,426.29999999999995,426.29999999999995,100.0,426.29999999999995,1.0,3383.044604818478,0.42288057560230974,676.4698656123257,676.4698656123257,0.0,0.0,174.58691493573224,149.22106623007872,100.0,100.0,0.0,0.0,100.0,0.0,100.0,0.0,0.4310931780390247,0.5699266118035247,0.45993595932792064,0.0900640406720794,54.166666666666664,9.375,54.166666666666664,9.375,-2.0894367201768804
direct_safesac,2,360.46175755865227,163.14855608491342,360.46175755865227,7603.565081325709,0.0,0.0,3994.042339314893,525.2854807706226,616.6,616.6,100.0,616.6,1.0,3525.2834916114807,0.4406604364514351,603.4925796028529,603.4925796028529,0.0,0.0,176.39053928850905,153.1523584855856,100.0,100.0,0.0,0.0,100.0,0.0,100.0,0.0,0.42213649252772717,0.5506450107536812,0.4396248492873021,0.11037515071269793,64.58333333333334,0.0,64.58333333333334,0.0,-1.699464125884515
direct_safesac,2,629.4479096844401,255.22019864131707,629.4479096844401,12353.967197679738,0.0,0.0,6702.052223526385,542.5020251620169,679.0,679.0,100.0,679.0,1.0,3254.730824904619,0.4068413531130774,676.4698656123257,676.4698656123257,0.0,0.0,160.12267220316136,130.93510093561278,100.0,100.0,1.0,1.0,100.0,0.0,100.0,0.0,0.26945237274655703,0.5492417296569747,0.34085550946848325,0.2091444905315168,51.041666666666664,40.625,51.041666666666664,40.625,-2.658543735847053
direct_safesac,2,622.8055563375494,240.04697453879015,622.8055563375494,12643.82570224789,0.0,0.0,6900.373045613711,545.7504087854456,1164.1000000000001,1164.1000000000001,100.0,1164.1000000000001,1.0,2088.447034602446,0.2610558793253057,676.4698656123259,676.4698656123259,0.0,8.526512829121202e-14,155.81061388897425,130.67972234113006,100.0,100.0,0.0,0.0,100.0,0.0,100.0,0.0,0.4154307633224336,0.6015747204771091,0.4434672793668242,0.10653272063317587,46.875,38.54166666666667,46.875,38.54166666666667,-2.5004893181123973
direct_safesac,2,520.7194669389166,244.92627972140542,520.7194669389166,12819.056100319442,0.0,0.0,6264.1569605672175,488.6597664871066,916.3,916.3,100.0,916.3,1.0,3043.4607677237555,0.3804325959654694,676.4698656123259,676.4698656123259,0.0,5.684341886080802e-14,141.03098054439837,115.0139357871494,100.0,100.0,1.0,1.0,100.0,0.0,100.0,0.0,0.2215096602572479,0.621222673628993,0.2998949177863878,0.2501050822136122,45.83333333333333,39.58333333333333,45.83333333333333,39.58333333333333,-2.5513154137646397
direct_safesac,2,384.18373239024925,188.406133113875,384.18373239024925,12805.817706882832,0.0,0.0,4563.1047926912115,356.3306066928196,617.4000000000001,617.4000000000001,100.0,617.4000000000001,1.0,3598.525947089698,0.4498157433862123,676.4698656123257,676.4698656123257,0.0,0.0,153.56493272485687,126.98425136158521,100.0,100.0,1.0,1.0,100.0,0.0,100.0,0.0,0.2537544100414938,0.597924588428376,0.3357246853838477,0.21427531461615235,59.375,37.5,59.375,37.5,-1.9625638866028645
direct_safesac,2,338.96406544363003,148.64395424279923,338.96406544363003,12869.714460027082,0.0,0.0,4182.862588394473,325.01595908645135,380.0,380.0,100.0,380.0,1.0,2305.6237378175697,0.28820296722719624,676.4698656123257,676.4698656123257,0.0,0.0,151.72143252127364,128.99874689080684,100.0,100.0,0.0,0.0,100.0,0.0,100.0,0.0,0.5065325146867274,0.5802069125335426,0.5090165150874164,0.040983484912583634,50.0,34.375,50.0,34.375,-1.548374523362492
direct_safesac,2,22.35643427790204,95.86092790529727,22.35643427790204,10143.350374156464,0.0,0.0,2725.9975809228476,268.74725612044585,476.1,476.1,100.0,476.1,1.0,3409.3790797687107,0.42617238497108884,676.4698656123257,676.4698656123257,0.0,0.0,168.69548935245354,142.9394470714216,100.0,100.0,0.0,0.0,100.0,0.0,100.0,0.0,0.4931859652254751,0.6297791072755663,0.4931859652254751,0.05681403477452496,47.91666666666667,2.083333333333333,47.91666666666667,2.083333333333333,-0.9985513323468466
direct_safesac,2,213.55419594931848,126.36920918849248,213.55419594931848,7773.198165242964,0.0,0.0,3020.4224505974635,388.5688215312668,584.2,584.2,100.0,584.2,1.0,3408.91260355711,0.42611407544463875,597.1237651208771,597.1237651208771,0.0,0.0,172.37542177821615,150.2362799605424,100.0,100.0,0.0,0.0,100.0,0.0,100.0,0.0,0.4341494697131414,0.5526995166670532,0.4341494697131414,0.11585053028685866,62.5,0.0,62.5,0.0,-1.3163459290467967
direct_safesac,2,493.06122019337346,249.4816293419996,493.06122019337346,12539.094873854418,0.0,0.0,5608.679317598073,447.29538886358307,890.2,890.2,100.0,890.2,1.0,3209.385085561774,0.4011731356952217,676.4698656123257,676.4698656123257,0.0,0.0,158.06501858443428,139.6712009428068,100.0,100.0,1.0,1.0,100.0,0.0,100.0,0.0,0.21846656028790984,0.55112491119653,0.27435166249188697,0.2756483375081131,56.25,44.79166666666667,56.25,44.79166666666667,-2.5987669723124958
direct_safesac,2,556.2594675330492,240.8237791279235,556.2594675330492,13880.18531725091,0.0,0.0,7080.915266039072,510.14558553757894,424.4,424.4,100.0,424.4,1.0,2556.5363655767214,0.31956704569709016,676.4698656123259,676.4698656123259,0.0,2.842170943040401e-14,115.35729211702846,98.30968216511063,100.0,100.0,0.0,0.0,100.0,0.0,100.0,0.0,0.2808320342521292,0.5870489463444423,0.3443429258400238,0.20565707415997625,50.0,51.041666666666664,50.0,51.041666666666664,-2.5085810325825366
direct_safesac,2,600.02683031551,297.60381710527474,600.02683031551,13787.76676973455,0.0,0.0,6976.99301765057,506.02778058051643,328.1,328.1,100.0,328.1,1.0,2963.450588657789,0.37043132358222364,827.7269272579241,827.7269272579241,5.0,108.41362950309639,124.7967375381126,98.2490810195974,100.0,100.0,1.0,1.0,100.0,0.0,100.0,0.0,0.2,0.6246156988339644,0.2614373426543199,0.28856265734568015,44.79166666666667,46.875,44.79166666666667,46.875,-3.1000397615132784
direct_safesac,2,493.0743147808782,266.82583184286864,493.0743147808782,13436.39120503116,0.0,0.0,6184.281002235592,460.2635415914306,335.9,335.9,100.0,335.9,1.0,3556.2714787447303,0.4445339348430913,676.4698656123257,676.4698656123257,0.0,0.0,147.91800564140146,111.3315639865379,100.0,100.0,1.0,1.0,100.0,0.0,100.0,0.0,0.20420055285591218,0.5863102488884714,0.277128202273571,0.27287179772642906,63.541666666666664,47.91666666666667,63.541666666666664,47.91666666666667,-2.779435748363215
direct_safesac,2,291.918445955692,152.13604015933964,291.918445955692,13510.573732468063,0.0,0.0,4264.591734270756,315.6484556997207,444.3,444.3,100.0,444.3,1.0,2614.2053438214252,0.32677566797767815,676.4698656123257,676.4698656123257,0.0,0.0,143.5344697424858,112.45375935754043,100.0,100.0,0.0,0.0,100.0,0.0,100.0,0.0,0.40940409927741844,0.5586510810530895,0.44547405775250515,0.1045259422474949,62.5,38.54166666666667,62.5,38.54166666666667,-1.5847504183264547
direct_safesac,2,155.50327270704906,119.42047598875256,155.50327270704906,10523.21815056391,0.0,0.0,3033.1759673885704,288.2365379098438,558.0,558.0,100.0,558.0,1.0,3496.842156374438,0.4371052695468048,676.4698656123257,676.4698656123257,0.0,0.0,180.3467545065825,148.06852262519715,100.0,100.0,0.0,0.0,100.0,0.0,100.0,0.0,0.45314580148896855,0.6316452259786032,0.45314580148896855,0.0968541985110315,64.58333333333334,3.125,64.58333333333334,3.125,-1.2439632915495058
direct_safesac,2,345.3054052701552,160.52115516485952,345.3054052701552,8210.9390173898,0.0,0.0,4062.213217509666,494.73187036298503,555.5999999999999,555.5999999999999,100.0,555.5999999999999,1.0,3340.859314799309,0.4176074143499136,641.9107433409135,641.9107433409135,0.0,0.0,173.9676288417636,148.52328281244132,100.0,100.0,0.0,0.0,100.0,0.0,100.0,0.0,0.4330753794557558,0.5521783335173599,0.4330753794557558,0.11692462054424424,56.25,0.0,56.25,0.0,-1.67209536630062
direct_safesac,2,493.6608978724961,322.1237538949726,493.6608978724961,13647.030960255051,0.0,0.0,6029.289764578167,441.8023071932332,659.9,659.9,100.0,659.9,1.0,3234.766056439879,0.4043457570549849,996.5413985647466,996.5413985647466,10.0,444.2793821537949,169.62300976025324,135.30757352407474,100.0,100.0,1.0,1.0,100.0,0.0,100.0,0.0,0.2,0.543487097609367,0.23996475774095358,0.31003524225904644,56.25,50.0,56.25,50.0,-3.3554557697392977
direct_safesac,2,572.2089672101831,279.363127808302,572.2089672101831,13995.795686565249,0.0,0.0,6954.63980300104,496.9092117911446,601.0,601.0,100.0,601.0,1.0,2771.2860401663206,0.34641075502079005,676.4698656123259,676.4698656123259,0.0,2.842170943040401e-14,118.98004937063345,91.82792450963007,100.0,100.0,0.0,0.0,100.0,0.0,100.0,0.0,0.20391755246204213,0.5968475898413306,0.26080329356657717,0.2891967064334229,51.041666666666664,50.0,51.041666666666664,50.0,-2.910032581336479
direct_safesac,2,478.9031515027664,260.9650393592204,478.9031515027664,13892.039005375185,0.0,0.0,6102.04555892171,439.24765519019,841.8,841.8,100.0,841.8,1.0,2872.492551474372,0.35906156893429647,797.7858062316241,797.7858062316241,3.0,60.883368097069365,136.70868418053712,106.50369894526732,100.0,100.0,0.0,0.0,100.0,0.0,100.0,0.0,0.2,0.6370960089045026,0.2639502118203013,0.2860497881796987,46.875,48.95833333333333,46.875,48.95833333333333,-2.7183858266585457
direct_safesac,2,410.0306313966557,206.69754178170308,410.0306313966557,14108.066797819982,0.0,0.0,5608.668350033524,397.55045325559354,547.9,547.9,100.0,547.9,1.0,3195.9958441677813,0.39949948052097267,676.4698656123259,676.4698656123259,0.0,5.684341886080802e-14,140.34313400176254,96.4964386314554,100.0,100.0,0.0,0.0,100.0,0.0,100.0,0.0,0.2495023701903562,0.5876611275722698,0.3068689993826217,0.24313100061737836,64.58333333333334,55.208333333333336,64.58333333333334,55.208333333333336,-2.153099393559407
direct_safesac,2,391.56334538376996,203.74782749618097,391.56334538376996,13582.675389691221,0.0,0.0,6228.867842265284,458.5891706572608,623.5,623.5,100.0,623.5,1.0,2689.5651053143247,0.3361956381642906,676.4698656123257,676.4698656123257,0.0,0.0,153.17074076478914,116.3153637353317,100.0,100.0,0.0,0.0,100.0,0.0,100.0,0.0,0.39141937864140885,0.5676814893815287,0.42279534328230994,0.1272046567176901,69.79166666666666,44.79166666666667,69.79166666666666,44.79166666666667,-2.1223732030852185
direct_safesac,2,296.618380224671,172.36760260051284,296.618380224671,10989.139613760339,0.0,0.0,5035.692277366521,458.24263357805984,314.4,314.4,100.0,314.4,1.0,3332.1785858187563,0.41652232322734456,676.4698656123257,676.4698656123257,0.0,0.0,179.2086429125772,145.89536660025544,100.0,100.0,0.0,0.0,100.0,0.0,100.0,0.0,0.4618452068989984,0.5872975840236389,0.4618452068989984,0.08815479310100166,65.625,7.291666666666667,65.625,7.291666666666667,-1.7954958604220088
direct_safesac,2,218.80683473165425,128.44098346421754,218.80683473165425,8518.168944787245,0.0,0.0,3316.0799527828212,389.29492644215753,328.3,328.3,100.0,328.3,1.0,2912.5445924699306,0.3640680740587413,632.1410736036221,632.1410736036221,0.0,0.0,159.56635964194456,141.07603393111256,100.0,100.0,0.0,0.0,100.0,0.0,100.0,0.0,0.4495001869717317,0.5529644254345054,0.4495001869717317,0.10049981302826833,47.91666666666667,0.0,47.91666666666667,0.0,-1.3379269110855994
direct_safesac,2,341.13967341614307,267.2528867991863,341.13967341614307,13873.209074338865,0.0,0.0,6121.120092411785,441.21875909258506,372.8,372.8,100.0,372.8,1.0,3139.9332667017516,0.39249165833771893,764.9888935188138,764.9888935188138,1.0,22.129756976622105,154.536267364768,137.67210821293335,100.0,100.0,0.0,0.0,100.0,0.0,100.0,0.0,0.2,0.555146200908348,0.23567592526346534,0.3143240747365347,57.291666666666664,53.125,57.291666666666664,53.125,-2.783884237491524
direct_safesac,2,408.01641209833224,289.811579295972,408.01641209833224,14317.078186980936,0.0,0.0,7224.921167301404,504.63656571152205,265.6,265.6,100.0,265.6,1.0,2538.73037208786,0.3173412965109825,846.8857727802,846.8857727802,6.0,146.0411524257174,115.65380149030932,90.495152525511,100.0,100.0,0.0,0.0,100.0,0.0,100.0,0.0,0.2,0.5949813634954527,0.25547561516369627,0.2945243848363038,46.875,52.083333333333336,46.875,52.083333333333336,-3.018870617666375
direct_safesac,2,487.58126843749517,275.6538118283203,487.58126843749517,14265.796127422067,0.0,0.0,8207.438235907559,575.3228325008107,541.3,541.3,100.0,541.3,1.0,2737.085557066478,0.34213569463330973,676.4698656123259,676.4698656123259,0.0,2.842170943040401e-14,125.97666667396429,89.99504972870801,100.0,100.0,0.0,0.0,100.0,0.0,100.0,0.0,0.22587187921778137,0.6341763113011413,0.2773656371111932,0.2726343628888068,55.208333333333336,50.0,55.208333333333336,50.0,-2.8713938732116695
direct_safesac,2,540.6396339290204,270.41602594396136,540.6396339290204,14172.327237875226,0.0,0.0,8227.37453039641,580.5238894293194,414.8,414.8,100.0,414.8,1.0,3058.362698453604,0.3822953373067005,676.4698656123257,676.4698656123257,0.0,0.0,132.11501514142276,92.99464462118858,100.0,100.0,0.0,0.0,100.0,0.0,100.0,0.0,0.2504417265288861,0.6011996205702226,0.30434836574531876,0.24565163425468128,62.5,54.166666666666664,62.5,54.166666666666664,-2.8168336035829307
direct_safesac,2,472.08092805502554,241.77576415618068,472.08092805502554,13562.553286280872,0.0,0.0,7656.72331555134,564.5488097950154,717.4,717.4,100.0,717.4,1.0,2730.8545977392696,0.3413568247174087,676.4698656123257,676.4698656123257,0.0,0.0,156.17902302907703,117.28296596694322,100.0,100.0,0.0,0.0,100.0,0.0,100.0,0.0,0.38202289468067674,0.5757200136907591,0.41715412159864607,0.13284587840135398,68.75,43.75,68.75,43.75,-2.518497543293549
direct_safesac,2,313.1479279959915,174.83222106811837,313.1479279959915,10455.229928990138,0.0,0.0,4886.697020760239,467.3925924106617,1087.2,1087.2,100.0,1087.2,1.0,3197.8357696524054,0.39972947120655067,676.4698656123257,676.4698656123257,0.0,0.0,195.76301185850946,160.49875466293415,100.0,100.0,0.0,0.0,100.0,0.0,100.0,0.0,0.44381443864616915,0.599513517458938,0.4535741379896914,0.09642586201030867,50.0,7.291666666666667,50.0,7.291666666666667,-1.8211689694595663
direct_safesac,2,206.65038855548124,119.3224792273876,206.65038855548124,7783.392690606668,0.0,0.0,2731.3213228234536,350.9165516111926,1053.8000000000002,1053.8000000000002,100.0,1053.8000000000002,1.0,3329.3918654322624,0.4161739831790328,597.1769871768234,597.1769871768234,0.0,0.0,175.86094343487008,151.08445078454156,100.0,100.0,0.0,0.0,100.0,0.0,100.0,0.0,0.4373171231572177,0.5776099586354472,0.4373171231572177,0.11268287684278233,53.125,0.0,53.125,0.0,-1.2429424919519543
direct_safesac,2,498.3260675781286,292.06026677195825,498.3260675781286,14064.967250037804,0.0,0.0,6516.1321038298765,463.2881106646276,0.0,0.0,,0.0,,3064.0095199692623,0.3830011899961578,776.3852243242335,776.3852243242335,6.0,102.14272143596216,162.9561013277066,143.5422887183623,100.0,100.0,0.0,0.0,100.0,0.0,100.0,0.0,0.2,0.5519236498512328,0.24851825377771652,0.3014817462222835,50.0,56.25,50.0,56.25,-3.042294445541232
direct_safesac,3,465.3947118232606,214.15250065503693,465.3947118232606,10520.433056618225,0.0,0.0,5180.9695538432625,492.4673277193664,1584.7,1584.7,100.0,1584.7,1.0,2864.607440220199,0.35807593002752486,676.4698656123257,676.4698656123257,0.0,0.0,202.46348582107677,177.1834479801803,100.0,100.0,0.0,0.0,100.0,0.0,100.0,0.0,0.33440340128776264,0.5354142238434992,0.3518120473199838,0.19818795268001627,30.208333333333332,30.208333333333332,30.208333333333332,30.208333333333332,-2.2307552151566346
direct_safesac,3,452.374036540611,192.12494359062097,452.374036540611,11144.931365486562,0.0,0.0,5044.283702958495,452.6078750542645,1639.0,1639.0,100.0,1639.0,1.0,2360.430928586263,0.2950538660732828,676.4698656123257,676.4698656123257,0.0,0.0,172.95271738316762,153.3543559362916,100.0,100.0,0.0,0.0,100.0,0.0,100.0,0.0,0.3786105731600209,0.5459145192252962,0.4451509314371184,0.10484906856288162,26.041666666666668,30.208333333333332,26.041666666666668,30.208333333333332,-2.001301495735635
direct_safesac,3,454.22062378071917,211.86293003535425,454.22062378071917,10795.08364743023,0.0,0.0,5749.944094201421,532.6447003094964,1694.9,1694.9,100.0,1694.9,1.0,2476.512686118743,0.3095640857648429,676.4698656123257,676.4698656123257,0.0,0.0,196.1917494599775,167.30617915291398,100.0,100.0,0.0,0.0,100.0,0.0,100.0,0.0,0.4047178683310807,0.5562267592642457,0.4047178683310807,0.14528213166891935,36.45833333333333,30.208333333333332,36.45833333333333,30.208333333333332,-2.2069055212016067
direct_safesac,3,501.9194353424745,214.2995961032094,501.9194353424745,11402.55226338881,0.0,0.0,5718.583302679216,501.51783307675606,939.8,939.8,100.0,939.8,1.0,2372.2683949246457,0.2965335493655807,676.4698656123259,676.4698656123259,0.0,2.842170943040401e-14,173.90027088161543,148.7839193844729,100.0,100.0,0.0,0.0,100.0,0.0,100.0,0.0,0.38760085333628874,0.5469347056589628,0.42056217718094907,0.12943782281905097,43.75,31.25,43.75,31.25,-2.232287459408431
direct_safesac,3,397.9322161818874,195.82194134207018,397.9322161818874,10336.234414941151,0.0,0.0,5199.769815341771,503.0622958613866,1247.3000000000002,1247.3000000000002,100.0,1247.3000000000002,1.0,2650.0359975164492,0.33125449968955617,676.4698656123257,676.4698656123257,0.0,0.0,187.91134374838518,156.36160155701896,100.0,100.0,0.0,0.0,100.0,0.0,100.0,0.0,0.387910748928411,0.5541702366899699,0.387910748928411,0.16208925107158906,44.79166666666667,13.541666666666666,44.79166666666667,13.541666666666666,-2.0398118889798975
direct_safesac,3,249.05980313982076,148.9244125267956,249.05980313982076,7705.931576629287,0.0,0.0,3613.5975191391435,468.9371405916112,1325.1,1325.1,100.0,1325.1,1.0,2799.645884335041,0.34995573554188014,633.6169932060029,633.6169932060029,0.0,0.0,169.5672264203813,135.6870115342098,100.0,100.0,0.0,0.0,100.0,0.0,100.0,0.0,0.34522035527337136,0.5484879870163767,0.34522035527337136,0.20477964472662868,32.29166666666667,0.0,32.29166666666667,0.0,-1.5512959638207875
direct_safesac,3,232.69584579224767,132.31302486905253,232.69584579224767,5192.727410585859,14.55915812865949,14.55915812865949,2840.36481872797,546.9890086927386,1989.8,1988.2577099730697,99.9224901986667,1988.2577099730697,0.9992249019866669,3150.3419928252697,0.3937927491031587,512.5244299209749,512.5244299209749,0.0,0.0,179.58119528773454,145.58409262739,100.0,100.0,0.0,0.0,100.0,0.0,100.0,0.0,0.35692088026455343,0.5450498538581949,0.35692088026455343,0.1930791197354466,35.41666666666667,0.0,35.41666666666667,0.0,-1.3782606757192972
direct_safesac,3,393.79483127646597,200.44808688342428,393.79483127646597,11055.99518527414,0.0,0.0,4963.159896575734,448.91118469247687,779.3,779.3,100.0,779.3,1.0,2751.594309977851,0.34394928874723135,676.4698656123257,676.4698656123257,0.0,0.0,198.2218374848228,174.6255252067292,100.0,100.0,0.0,0.0,100.0,0.0,100.0,0.0,0.3335049483395721,0.5390267299978357,0.3752688604521243,0.17473113954787572,33.33333333333333,31.25,33.33333333333333,31.25,-2.0880009050356696
direct_safesac,3,406.81094877235546,188.87640325314175,406.81094877235546,11258.988288024633,0.0,0.0,4937.289045332709,438.5197780678167,1103.7,1103.7,100.0,1103.7,1.0,2336.1811303667314,0.29202264129584143,676.4698656123257,676.4698656123257,0.0,0.0,183.1096379601482,156.12009552113804,100.0,100.0,0.0,0.0,100.0,0.0,100.0,0.0,0.3893635007562607,0.550630665011704,0.42900389269562866,0.12099610730437138,33.33333333333333,32.29166666666667,33.33333333333333,32.29166666666667,-1.9674625338868932
direct_safesac,3,344.8077086921548,165.8128963064002,344.8077086921548,11098.21044799102,0.0,0.0,4291.7391980698885,386.70551600927445,1621.7,1621.7,100.0,1621.7,1.0,2300.55826409162,0.2875697830114525,676.4698656123257,676.4698656123257,0.0,0.0,193.99633016315005,158.8986960580365,100.0,100.0,0.0,0.0,100.0,0.0,100.0,0.0,0.4134725562385038,0.5562181753572077,0.47773961672574744,0.0722603832742526,33.33333333333333,29.166666666666668,33.33333333333333,29.166666666666668,-1.7272176698583355
direct_safesac,3,257.77220003317814,134.3871774851761,257.77220003317814,10813.498897369507,0.0,0.0,3473.912486937814,321.25702512281924,1678.0,1678.0,100.0,1678.0,1.0,2249.5101469757933,0.28118876837197415,676.4698656123257,676.4698656123257,0.0,0.0,186.6351033732151,150.8316423164715,100.0,100.0,0.0,0.0,100.0,0.0,100.0,0.0,0.4244693566853867,0.5610447411891073,0.5179050082133884,0.03209499178661168,38.54166666666667,19.791666666666664,38.54166666666667,19.791666666666664,-1.399866432137251
direct_safesac,3,214.46743973140838,135.4191600731829,214.46743973140838,8908.887634261657,0.0,0.0,3457.102166019368,388.05093384768935,2333.3,2333.3,100.0,2333.3,1.0,3157.8481426025573,0.39473101782531966,676.4698656123257,676.4698656123257,0.0,0.0,164.541056300957,135.78100943876544,100.0,100.0,0.0,0.0,100.0,0.0,100.0,0.0,0.3966967604473589,0.667468107189787,0.3966967604473589,0.15330323955264114,19.791666666666664,2.083333333333333,19.791666666666664,2.083333333333333,-1.4106162507623219
direct_safesac,3,140.44061408424577,106.02963325477327,140.44061408424577,7171.2471116450015,0.0,0.0,2728.7333231321527,380.51029069980166,2325.2,2325.2,100.0,2325.2,1.0,3198.382517695427,0.3997978147119284,540.0967405201493,540.0967405201493,0.0,0.0,150.33960047629577,122.03489404359009,100.0,100.0,0.0,0.0,100.0,0.0,100.0,0.0,0.3814440370321666,0.6435987765175338,0.4905439479943168,0.05945605200568327,19.791666666666664,0.0,19.791666666666664,0.0,-1.1044753464038883
direct_safesac,3,169.8722780266737,105.82835478577086,169.8722780266737,4692.035857235174,19.57995557531285,19.57995557531285,2242.553040646263,477.9488283722768,2654.2000000000003,2653.7979415228424,99.98485199016058,2653.7979415228424,0.9998485199016058,3174.2438301444054,0.39678047876805067,416.8920818792832,416.8920818792832,0.0,0.0,152.18512896459313,134.29441050411103,100.0,100.0,0.0,0.0,100.0,0.0,100.0,0.0,0.39341847644285555,0.6358266765536054,0.39341847644285555,0.1565815235571445,26.041666666666668,0.0,26.041666666666668,0.0,-1.1023786956851132
direct_safesac,3,434.0354958071357,216.57812227482688,434.0354958071357,9532.596062932582,0.0,0.0,5292.801550511248,555.231913276202,2018.2,2018.2,100.0,2018.2,1.0,3160.958883978454,0.3951198604973068,676.4698656123257,676.4698656123257,0.0,0.0,202.77311682908316,168.8834925407343,100.0,100.0,1.0,1.0,100.0,0.0,100.0,0.0,0.32576454796763804,0.5367980907622137,0.32576454796763804,0.224235452032362,57.291666666666664,33.33333333333333,57.291666666666664,33.33333333333333,-2.256022107029447
direct_safesac,3,420.39796157427526,188.787420006695,420.39796157427526,10540.194898677619,0.0,0.0,5032.694436949511,477.47641152071265,1613.6999999999998,1613.6999999999998,100.0,1613.6999999999998,1.0,2320.593758937619,0.2900742198672024,676.4698656123257,676.4698656123257,0.0,0.0,177.36552111410492,154.0873966270128,100.0,100.0,0.0,0.0,100.0,0.0,100.0,0.0,0.37684485192263606,0.5455799018866138,0.4452116872069353,0.10478831279306472,26.041666666666668,25.0,26.041666666666668,25.0,-1.9665356250697394
direct_safesac,3,461.83182209714107,209.01319271415468,461.83182209714107,10380.053817494421,0.0,0.0,5465.290605208153,526.5185230539958,1563.5,1563.5,100.0,1563.5,1.0,2724.090700761564,0.34051133759519553,676.4698656123257,676.4698656123257,0.0,0.0,184.1566651901327,146.97225696946188,100.0,100.0,1.0,1.0,100.0,0.0,100.0,0.0,0.3803506853088901,0.5533484085462987,0.3803506853088901,0.16964931469110994,52.083333333333336,32.29166666666667,52.083333333333336,32.29166666666667,-2.177220757439111
direct_safesac,3,359.40382993410384,168.88826326018773,359.40382993410384,10336.620626077802,0.0,0.0,4414.476684198689,427.07155886727645,1555.2,1555.2,100.0,1555.2,1.0,2501.045079625208,0.312630634953151,676.4698656123257,676.4698656123257,0.0,0.0,186.69625057253828,154.49160668457483,100.0,100.0,0.0,0.0,100.0,0.0,100.0,0.0,0.39497342073603675,0.5504068012814969,0.4754716420932661,0.07452835790673396,34.375,13.541666666666666,34.375,13.541666666666666,-1.7592527422936222
direct_safesac,3,344.4017863102553,173.3591135004841,344.4017863102553,10020.889494659452,0.0,0.0,4506.218664149886,449.6825023917724,908.0,908.0,100.0,908.0,1.0,2715.3565177452647,0.3394195647181581,676.4698656123257,676.4698656123257,0.0,0.0,169.76727088179703,139.8884475111993,100.0,100.0,0.0,0.0,100.0,0.0,100.0,0.0,0.4005820347594194,0.5550598230212928,0.4030481922707454,0.14695180772925465,39.58333333333333,7.291666666666667,39.58333333333333,7.291666666666667,-1.8058240989633763
direct_safesac,3,252.0151667314947,158.10065820469674,252.0151667314947,6999.567434408001,0.0,0.0,3917.54758569484,559.6842408342585,1416.7,1416.7,100.0,1416.7,1.0,2854.901772737503,0.3568627215921879,595.4422559603636,595.4422559603636,0.0,0.0,173.20964305944844,139.6382008094796,100.0,100.0,0.0,0.0,100.0,0.0,100.0,0.0,0.31648123500917696,0.5498578605683226,0.31648123500917696,0.23351876499082308,25.0,0.0,25.0,0.0,-1.6468818562989245
direct_safesac,3,271.13285793933477,146.58740248060894,271.13285793933477,5806.317957589503,19.79189509973925,19.79189509973925,3330.689527616309,573.6319560768676,1177.4,1177.4,100.0,1177.4,1.0,3296.9243355095387,0.4121155419386923,568.0673906174089,568.0673906174089,0.0,0.0,166.7377287722453,129.53852321203837,100.0,100.0,0.0,0.0,100.0,0.0,100.0,0.0,0.3424165908825635,0.5430109926744512,0.3424165908825635,0.20758340911743656,53.125,0.0,53.125,0.0,-1.5269521091730098
direct_safesac,3,468.00919847927594,226.58151931211125,468.00919847927594,9878.753846023792,0.0,0.0,5675.976114856052,574.5639787492669,1432.6,1432.6,100.0,1432.6,1.0,3313.7141593222395,0.41421426991527993,676.4698656123257,676.4698656123257,0.0,0.0,194.72009057254118,165.27553108434685,100.0,100.0,1.0,1.0,100.0,0.0,100.0,0.0,0.3319822893772697,0.5340500205755234,0.3319822893772697,0.21801771062273034,51.041666666666664,32.29166666666667,51.041666666666664,32.29166666666667,-2.360224159501159
direct_safesac,3,468.44590844786825,212.66583332918532,468.44590844786825,10502.054177680733,0.0,0.0,5938.658519144962,565.475898207226,1354.2,1354.2,100.0,1354.2,1.0,2398.637254058643,0.29982965675733037,676.4698656123257,676.4698656123257,0.0,0.0,178.0533596149123,154.74419615517962,100.0,100.0,0.0,0.0,100.0,0.0,100.0,0.0,0.3706122729339098,0.5464157511767846,0.42544005907833454,0.1245599409216655,20.833333333333336,23.958333333333336,20.833333333333336,23.958333333333336,-2.215269097179014
direct_safesac,3,411.08731905552395,197.1056223549371,411.08731905552395,10910.878784967015,0.0,0.0,5665.319500191451,519.235857335077,1279.8000000000002,1279.8000000000002,100.0,1279.8000000000002,1.0,2291.3230749608592,0.2864153843701074,676.4698656123257,676.4698656123257,0.0,0.0,178.17980475174465,154.91347170278686,100.0,100.0,0.0,0.0,100.0,0.0,100.0,0.0,0.39871061233803634,0.5509286830640617,0.48828661419562036,0.06171338580437968,27.083333333333332,25.0,27.083333333333332,25.0,-2.0531835661972617
direct_safesac,3,375.07144389393585,171.94709001862256,375.07144389393585,10359.647693201558,0.0,0.0,4507.268132069886,435.07928701356775,1652.3999999999999,1652.3999999999999,100.00000000000001,1652.3999999999999,1.0000000000000002,2404.239992179224,0.300529999022403,676.4698656123257,676.4698656123257,0.0,0.0,193.75380719812574,159.06783872546063,100.0,100.0,0.0,0.0,100.0,0.0,100.0,0.0,0.40400931429117937,0.5574658662183101,0.4800589867213958,0.06994101327860425,31.25,15.625,31.25,15.625,-1.7911155210273184
direct_safesac,3,186.87946677754312,113.32935262160288,186.87946677754312,9508.465791080987,0.0,0.0,2970.6288156699297,312.419361960202,2015.9,2015.9,100.0,2015.9,1.0,2888.0926778924263,0.3610115847365533,676.4698656123257,676.4698656123257,0.0,0.0,153.08321124044906,128.1216033044229,100.0,100.0,0.0,0.0,100.0,0.0,100.0,0.0,0.4294707134042526,0.6233352108275224,0.5131163057627885,0.036883694237211495,23.958333333333336,1.0416666666666665,23.958333333333336,1.0416666666666665,-1.1805140898083633
direct_safesac,3,193.41474340080686,114.06188237513646,193.41474340080686,7541.3382590523925,0.0,0.0,2702.9696785468323,358.42042694508103,1225.4,1225.4,100.0,1225.4,1.0,2665.0568537414074,0.3331321067176759,602.5579732924004,602.5579732924004,0.0,0.0,143.28459689834398,125.27773319591456,100.0,100.0,0.0,0.0,100.0,0.0,100.0,0.0,0.38176256869576497,0.5726592803354328,0.38176256869576497,0.16823743130423507,23.958333333333336,0.0,23.958333333333336,0.0,-1.188144608074338
direct_safesac,3,247.51471073733475,136.42105434940243,247.51471073733475,5489.05555349603,9.575555252029721,9.575555252029721,2956.871215599701,538.6848769851567,1398.4,1398.4,100.0,1398.4,1.0,3230.6732542812824,0.4038341567851603,528.4156423811346,528.4156423811346,0.0,0.0,174.54671556658425,139.52678153275417,100.0,100.0,0.0,0.0,100.0,0.0,100.0,0.0,0.3435398433828041,0.5497528367920926,0.3435398433828041,0.20646015661719597,48.95833333333333,0.0,48.95833333333333,0.0,-1.4210526494729419
direct_safesac,3,499.91349059303775,231.59375988070985,499.91349059303775,10081.45370923893,0.0,0.0,5922.754134464787,587.4900887594225,1187.9,1187.9,100.0,1187.9,1.0,3070.868380076886,0.38385854750961074,676.4698656123257,676.4698656123257,0.0,0.0,189.20970110693005,157.1172701409399,100.0,100.0,1.0,1.0,100.0,0.0,100.0,0.0,0.33168654394715313,0.5327456023348006,0.33168654394715313,0.2183134560528469,50.0,32.29166666666667,50.0,32.29166666666667,-2.4124349987573943
direct_safesac,3,517.5729767233195,224.77705492599156,517.5729767233195,10343.471785038375,0.0,0.0,6071.1583706598485,586.9555693516425,1584.0,1584.0,100.0,1584.0,1.0,2602.3130579616472,0.3252891322452059,676.4698656123257,676.4698656123257,0.0,0.0,195.41914026249216,172.62557088055647,100.0,100.0,0.0,0.0,100.0,0.0,100.0,0.0,0.366724721332522,0.5551849132082854,0.4180869277733586,0.13191307222664145,30.208333333333332,26.041666666666668,30.208333333333332,26.041666666666668,-2.341427655479079
direct_safesac,3,452.53259087461856,204.37883233878915,452.53259087461856,10182.217749340683,0.0,0.0,5573.0454058079595,547.3311947359233,2027.8999999999999,2027.8999999999999,100.0,2027.8999999999999,1.0,2415.142138012541,0.30189276725156766,676.4698656123257,676.4698656123257,0.0,0.0,201.79292159447732,173.95329258921825,100.0,100.0,0.0,0.0,100.0,0.0,100.0,0.0,0.39629679437285587,0.5675367273423432,0.4681474098100074,0.08185259018999264,26.041666666666668,23.958333333333336,26.041666666666668,23.958333333333336,-2.12894617019572
direct_safesac,3,354.7462754507303,182.15642996909781,354.7462754507303,10963.246134960034,0.0,0.0,5059.68884234785,461.5137505864539,757.2,757.2,100.0,757.2,1.0,2393.333053633298,0.29916663170416224,676.4698656123257,676.4698656123257,0.0,0.0,171.30244904570645,145.95379099355816,100.0,100.0,0.0,0.0,100.0,0.0,100.0,0.0,0.3828685807343574,0.5514907172881067,0.45372356015488063,0.09627643984511941,35.41666666666667,26.041666666666668,35.41666666666667,26.041666666666668,-1.8974628121781023
direct_safesac,3,286.94806929541744,154.96083020013194,286.94806929541744,10303.2273424431,0.0,0.0,3946.052917591317,382.99192927015713,819.0,819.0,100.0,819.0,1.0,2948.7087110992125,0.36858858888740154,676.4698656123257,676.4698656123257,0.0,0.0,176.9948060019201,143.28030420279433,100.0,100.0,0.0,0.0,100.0,0.0,100.0,0.0,0.41632747743866927,0.5548728748690337,0.44255201716331904,0.107447982836681,38.54166666666667,11.458333333333332,38.54166666666667,11.458333333333332,-1.6141753145847078
direct_safesac,3,218.98980184666823,151.65809509136002,218.98980184666823,7705.963641751961,0.0,0.0,3875.378741596165,502.90643996797945,700.5,700.5,100.0,700.5,1.0,2558.153048157692,0.3197691310197115,626.4773421515868,626.4773421515868,0.0,0.0,164.61282157409096,136.2677945527132,100.0,100.0,0.0,0.0,100.0,0.0,100.0,0.0,0.33731958728430694,0.5571203269995749,0.33731958728430694,0.2126804127156931,31.25,0.0,31.25,0.0,-1.5797718238683336
direct_safesac,3,245.14863950045356,144.2102048117526,245.14863950045356,6044.330435317161,6.439284796979223,6.439284796979223,3306.680885373368,547.0714946443622,940.7,940.7,100.0,940.7,1.0,3217.303814738989,0.4021629768423736,579.3054594071291,579.3054594071291,0.0,0.0,174.918594312839,129.98968421283453,100.0,100.0,0.0,0.0,100.0,0.0,100.0,0.0,0.34262731469432406,0.5466271633380339,0.34262731469432406,0.20737268530567599,54.166666666666664,0.0,54.166666666666664,0.0,-1.502189633455756
direct_safesac,3,500.24375199837954,231.753830564261,500.24375199837954,10845.511495070523,0.0,0.0,6208.32556791802,572.4327129006147,715.9,715.9,100.0,715.9,1.0,2878.6333407497705,0.3598291675937213,676.4698656123257,676.4698656123257,0.0,0.0,194.49559062027953,169.36810047690054,100.0,100.0,0.0,0.0,100.0,0.0,100.0,0.0,0.33322766702426115,0.5359051092674858,0.37467630572075683,0.17532369427924321,31.25,26.041666666666668,31.25,26.041666666666668,-2.414102401711052
direct_safesac,3,615.3478959998345,242.38783392833807,615.3478959998345,11159.600814830006,0.0,0.0,6783.670084435178,607.8774856731749,628.5,628.5,100.0,628.5,1.0,2394.6498428300165,0.2993312303537521,676.4698656123257,676.4698656123257,0.0,0.0,170.17293469896597,155.33467907550377,100.0,100.0,0.0,0.0,100.0,0.0,100.0,0.0,0.3789819944061732,0.5576900445557773,0.4306849117453518,0.11931508825464826,19.791666666666664,26.041666666666668,19.791666666666664,26.041666666666668,-2.524873270086855
direct_safesac,3,474.46994633672045,209.86249044398406,474.46994633672045,10934.137785702576,0.0,0.0,5777.404235207789,528.3822417861145,1100.6999999999998,1100.6999999999998,100.0,1100.6999999999998,1.0,2310.076156116467,0.28875951951455836,676.4698656123257,676.4698656123257,0.0,0.0,188.46441169971854,166.1868494156823,100.0,100.0,0.0,0.0,100.0,0.0,100.0,0.0,0.40340063770693785,0.5460157196772727,0.45825316189571697,0.09174683810428308,28.125,29.166666666666668,28.125,29.166666666666668,-2.1860676087915007
direct_safesac,3,526.1326504154856,236.66938199638054,526.1326504154856,10838.765115363785,0.0,0.0,6478.459180801158,597.7119267598151,656.3,656.3,100.0,656.3,1.0,2839.824499075845,0.3549780623844806,676.4698656123257,676.4698656123257,0.0,0.0,173.65459389344633,140.67898153712338,100.0,100.0,1.0,1.0,100.0,0.0,100.0,0.0,0.3566271252856511,0.55123186763376,0.3566271252856511,0.19337287471434894,56.25,32.29166666666667,56.25,32.29166666666667,-2.465306062462297
direct_safesac,3,430.38004342825616,211.7154764040819,430.38004342825616,10183.198212232344,0.0,0.0,5811.389527691657,570.6841216849588,615.2,615.2,100.0,615.2,1.0,2776.9900557576484,0.34712375696970604,676.4698656123257,676.4698656123257,0.0,0.0,178.11703682210083,149.15307593415636,100.0,100.0,0.0,0.0,100.0,0.0,100.0,0.0,0.3737380716286627,0.5428540128626322,0.3737380716286627,0.17626192837133736,28.125,8.333333333333332,28.125,8.333333333333332,-2.205369545875853
direct_safesac,3,309.3623033091774,170.65510862623847,309.3623033091774,7349.716876556934,0.0,0.0,4202.313124241236,571.7653067215648,1260.8,1260.8,100.0,1260.8,1.0,2899.180720746517,0.3623975900933146,630.6951204878885,630.6951204878885,0.0,0.0,174.99268968894847,144.95033705766633,100.0,100.0,0.0,0.0,100.0,0.0,100.0,0.0,0.3222052653526006,0.5462126032302255,0.3222052653526006,0.22779473464739947,27.083333333333332,0.0,27.083333333333332,0.0,-1.7776573815233174
direct_safesac,3,258.20796864786405,139.15658078638614,258.20796864786405,6273.996910147181,1.781949870775545,1.781949870775545,3069.8979126430886,489.304976812791,773.1,773.1,100.0,773.1,1.0,3168.094550818205,0.3960118188522756,574.1402302206204,574.1402302206204,0.0,0.0,167.94198013798868,130.36508695251405,100.0,100.0,0.0,0.0,100.0,0.0,100.0,0.0,0.37816905213863045,0.5425288126656884,0.37901640235544415,0.1709835976445559,53.125,0.0,53.125,0.0,-1.4495477165248556
direct_safesac,3,484.8781617120975,213.0801255207474,484.8781617120975,10800.301603480708,0.0,0.0,5142.25975060554,476.1218657957014,725.6,725.6,100.0,725.6,1.0,2620.015050413277,0.32750188130165964,676.4698656123257,676.4698656123257,0.0,0.0,201.84754335500605,179.85910637315564,100.0,100.0,0.0,0.0,100.0,0.0,100.0,0.0,0.3447571819785396,0.5407697482328666,0.36980884690706434,0.1801911530929357,41.66666666666667,32.29166666666667,41.66666666666667,32.29166666666667,-2.2195846408411186
direct_safesac,3,558.4932043841638,220.2355745435973,558.4932043841638,11247.5430360667,0.0,0.0,5967.5918285681,530.5684814392126,601.9,601.9,100.0,601.9,1.0,2471.5032272991175,0.3089379034123897,676.4698656123257,676.4698656123257,0.0,0.0,172.29811861015676,157.87732701716408,100.0,100.0,0.0,0.0,100.0,0.0,100.0,0.0,0.38099997960717286,0.5673886085323303,0.44437372315128826,0.10562627684871179,20.833333333333336,27.083333333333332,20.833333333333336,27.083333333333332,-2.2941205681624717
direct_safesac,3,503.8943130465577,206.17974954732423,503.8943130465577,10958.198134075388,0.0,0.0,5513.386508941092,503.12893064022796,1402.6000000000001,1402.6000000000001,99.99999999999999,1402.6000000000001,0.9999999999999999,2304.275733438966,0.28803446667987076,676.4698656123257,676.4698656123257,0.0,0.0,193.2648850915984,166.82924840866067,100.0,100.0,0.0,0.0,100.0,0.0,100.0,0.0,0.408191767597669,0.5527929194820007,0.4818630676351531,0.06813693236484697,30.208333333333332,29.166666666666668,30.208333333333332,29.166666666666668,-2.1477057244512943
direct_safesac,3,449.60610824752047,205.11648689352856,449.60610824752047,11251.827888789969,0.0,0.0,5606.275790938172,498.25466993888364,497.19999999999993,497.19999999999993,100.0,497.19999999999993,1.0,2486.692891851667,0.31083661148145836,676.4698656123257,676.4698656123257,0.0,0.0,172.33085712672053,147.64339878312782,100.0,100.0,0.0,0.0,100.0,0.0,100.0,0.0,0.40475584019504307,0.5569709128700198,0.40475584019504307,0.14524415980495697,43.75,29.166666666666668,43.75,29.166666666666668,-2.136630071807589
direct_safesac,3,405.39603538078075,197.07217297526205,405.39603538078075,10647.043996255088,0.0,0.0,5321.281631452677,499.7895785275561,649.0999999999999,649.0999999999999,100.0,649.0999999999999,1.0,2523.0638942994965,0.31538298678743704,676.4698656123257,676.4698656123257,0.0,0.0,179.66224371293578,148.43432395625692,100.0,100.0,0.0,0.0,100.0,0.0,100.0,0.0,0.3804077539416521,0.543590443934265,0.417317010250312,0.13268298974968806,28.125,11.458333333333332,28.125,11.458333333333332,-2.0528351351589795
direct_safesac,3,317.6397884183477,172.5712267970871,317.6397884183477,8501.852484060622,0.0,0.0,4360.997941327809,512.9467900676777,405.4,405.4,100.0,405.4,1.0,2858.6337469518185,0.3573292183689773,670.2727833782485,670.2727833782485,0.0,0.0,168.41467718214227,135.1657487779967,100.0,100.0,0.0,0.0,100.0,0.0,100.0,0.0,0.3451826283698414,0.5511277592275292,0.3451826283698414,0.20481737163015862,34.375,0.0,34.375,0.0,-1.7976169458029905
direct_safesac,3,289.9515612717085,146.9346809816442,289.9515612717085,6815.161345878859,0.0,0.0,3363.1376638619586,493.47880309475795,584.7,584.7,100.0,584.7,1.0,3089.3745481967926,0.3861718185245991,620.2040781237247,620.2040781237247,0.0,0.0,176.73175787114542,134.43361030068135,100.0,100.0,0.0,0.0,100.0,0.0,100.0,0.0,0.3905528829653604,0.54883692123388,0.39703509920423785,0.1529649007957622,61.458333333333336,0.0,61.458333333333336,0.0,-1.5305695935587937
direct_safesac,3,564.3474264324008,250.74730158188123,564.3474264324008,11224.148400193984,0.0,0.0,6096.854910132379,543.1908678280669,733.5,733.5,100.0,733.5,1.0,3181.085932932955,0.3976357416166194,676.4698656123257,676.4698656123257,0.0,0.0,184.15755893600706,162.76276987211693,100.0,100.0,1.0,1.0,100.0,0.0,100.0,0.0,0.2544667084394066,0.5445819495539916,0.3362055519574632,0.21379444804253683,66.66666666666666,41.66666666666667,66.66666666666666,41.66666666666667,-2.611951058144596
direct_safesac,3,662.5391686516851,260.3725550184166,662.5391686516851,12018.252805811624,0.0,0.0,7584.584630492014,631.0887907786698,433.79999999999995,433.79999999999995,100.0,433.79999999999995,1.0,2358.040011617224,0.294755001452153,676.4698656123257,676.4698656123257,0.0,0.0,153.93139473105074,141.08612273066467,100.0,100.0,0.0,0.0,100.0,0.0,100.0,0.0,0.3817128713977964,0.5547555351628844,0.4233994488484358,0.12660055115156427,23.958333333333336,33.33333333333333,23.958333333333336,33.33333333333333,-2.7122141147751733
direct_safesac,3,633.8509024987566,257.21995021255185,633.8509024987566,12351.8785698297,0.0,0.0,7369.121726974182,596.59926911634,384.09999999999997,384.09999999999997,100.00000000000001,384.09999999999997,1.0000000000000002,2418.935980813302,0.3023669976016628,676.4698656123259,676.4698656123259,0.0,2.842170943040401e-14,154.73899830822901,145.38552468436646,100.0,100.0,0.0,0.0,100.0,0.0,100.0,0.0,0.40542908165554864,0.5542352552640079,0.4108989547842998,0.13910104521570027,53.125,36.45833333333333,53.125,36.45833333333333,-2.6793744813807483
direct_safesac,3,517.1368696041166,228.75524113165812,517.1368696041166,11739.319605790031,0.0,0.0,6348.508953513245,540.7901962548199,593.2,593.2,100.0,593.2,1.0,2368.2561199772063,0.29603201499715076,676.4698656123259,676.4698656123259,0.0,2.842170943040401e-14,183.0396781666158,154.61601225022994,100.0,100.0,0.0,0.0,100.0,0.0,100.0,0.0,0.4010601351120949,0.5479806907082859,0.41252268085894445,0.1374773191410556,45.83333333333333,32.29166666666667,45.83333333333333,32.29166666666667,-2.382867095121439
direct_safesac,3,341.788116658346,167.1423136644184,341.788116658346,11051.77399207689,0.0,0.0,4336.249825552213,392.357808679485,950.6000000000001,950.6000000000001,100.0,950.6000000000001,1.0,2448.515040539127,0.30606438006739084,676.4698656123257,676.4698656123257,0.0,0.0,177.33350833069454,145.4798503734679,100.0,100.0,0.0,0.0,100.0,0.0,100.0,0.0,0.41860620062357123,0.5528309268876911,0.44591940683690345,0.10408059316309659,32.29166666666667,14.583333333333334,32.29166666666667,14.583333333333334,-1.7410657673376917
direct_safesac,3,298.2133477138841,170.34534825637576,298.2133477138841,8279.319906510716,0.0,0.0,4280.884416913996,517.057495694493,767.5,767.5,100.0,767.5,1.0,2750.2034917473793,0.3437754364684224,664.9007050131693,664.9007050131693,0.0,0.0,171.62744112395293,140.2627789564007,100.0,100.0,0.0,0.0,100.0,0.0,100.0,0.0,0.3141168092524533,0.554412298090756,0.3141168092524533,0.23588319074754677,25.0,0.0,25.0,0.0,-1.7744307110039141
direct_safesac,3,384.17323157071513,181.72655187083794,384.17323157071513,7208.265486667018,0.0,0.0,4505.957377425487,625.1097973236508,278.4,278.4,100.0,278.4,1.0,3365.4323659837246,0.42067904574796555,632.3709387820934,632.3709387820934,0.0,0.0,166.66919563139822,135.7622252757706,100.0,100.0,0.0,0.0,100.0,0.0,100.0,0.0,0.3423480045011165,0.5405217674217726,0.3423480045011165,0.20765199549888352,52.083333333333336,0.0,52.083333333333336,0.0,-1.8929849153212286
direct_safesac,3,576.531124979544,258.88657695657486,576.531124979544,12044.85536722017,0.0,0.0,6746.827321727009,560.1418295223671,447.20000000000005,447.20000000000005,100.0,447.20000000000005,1.0,3154.4136281018864,0.3943017035127358,676.4698656123259,676.4698656123259,0.0,2.842170943040401e-14,170.6822809618583,145.21081152663461,100.0,100.0,1.0,1.0,100.0,0.0,100.0,0.0,0.2654489105967933,0.5340119167378075,0.3344688887158853,0.21553111128411473,56.25,42.70833333333333,56.25,42.70833333333333,-2.696735176630988
direct_safesac,3,507.7910236926197,208.99307058126544,507.7910236926197,12823.897252833649,0.0,0.0,5912.622574427212,461.06284679727315,329.9,329.9,100.0,329.9,1.0,2068.7853082051206,0.2585981635256401,676.4698656123257,676.4698656123257,0.0,0.0,128.35171888275232,116.18234040069395,100.0,100.0,0.0,0.0,100.0,0.0,100.0,0.0,0.38710595521291635,0.549069025823228,0.4148308484522278,0.13516915154777226,25.0,36.45833333333333,25.0,36.45833333333333,-2.177011151888182
direct_safesac,3,388.73614290649397,184.79831374254164,388.73614290649397,12487.066575230656,0.0,0.0,4494.056210753116,359.89687279056596,496.1,496.1,100.0,496.1,1.0,2851.761937761202,0.3564702422201502,676.4698656123257,676.4698656123257,0.0,0.0,150.55900105702392,119.36035373294362,87.5,87.5,1.0,0.0,0.0,6.517157879185447,87.5,1.6292894697963618,0.2700232251821848,0.5593178470153362,0.325440500917108,0.22455949908289202,62.5,41.66666666666667,62.5,41.66666666666667,-1.9249824348181421
direct_safesac,3,516.8383608904294,217.9347713727486,516.8383608904294,12354.567024924638,0.0,0.0,5447.080690024542,440.8961219794563,614.3000000000001,614.3000000000001,100.0,614.3000000000001,1.0,2916.6858226811873,0.3645857278351484,676.4698656123257,676.4698656123257,0.0,0.0,154.5726624921065,121.57665524766719,100.0,100.0,1.0,1.0,100.0,0.0,100.0,0.0,0.27188476504108877,0.5608345516072415,0.3097762403341952,0.24022375966580484,56.25,40.625,56.25,40.625,-2.270153868466131
direct_safesac,3,491.1848590749797,229.94582353671598,491.1848590749797,11379.15126794698,0.0,0.0,6376.577527256851,560.3737376458403,935.5,935.5,100.0,935.5,1.0,2460.0469993374363,0.30750587491717957,676.4698656123257,676.4698656123257,0.0,0.0,190.24314440398555,161.0409691632442,100.0,100.0,0.0,0.0,100.0,0.0,100.0,0.0,0.37606107610943745,0.5501616848167032,0.37606107610943745,0.1739389238905626,31.25,28.125,31.25,28.125,-2.3952689951741246
direct_safesac,3,399.50579893929034,203.5437133025071,399.50579893929034,9256.537060585466,0.0,0.0,5442.826057855088,587.9980841896868,426.29999999999995,426.29999999999995,100.0,426.29999999999995,1.0,2993.0088797921535,0.3741261099740192,676.4698656123257,676.4698656123257,0.0,0.0,172.77886474392494,138.41152247389326,100.0,100.0,0.0,0.0,100.0,0.0,100.0,0.0,0.32885717414495796,0.5445729323907903,0.32885717414495796,0.22114282585504208,28.125,5.208333333333334,28.125,5.208333333333334,-2.120247013567782
direct_safesac,3,347.1712683878998,165.6932624034875,347.1712683878998,7202.377706882893,0.0,0.0,3787.658932898593,525.8900722852882,616.6,616.6,100.0,616.6,1.0,3328.2183341681957,0.4160272917710245,636.1166111794477,636.1166111794477,0.0,0.0,182.01194658758135,140.4640292984225,100.0,100.0,0.0,0.0,100.0,0.0,100.0,0.0,0.341724174678522,0.5437584643301211,0.341724174678522,0.20827582532147804,48.95833333333333,0.0,48.95833333333333,0.0,-1.7259714833696613
direct_safesac,3,622.5831921295154,288.57058002478846,622.5831921295154,12176.337062319519,0.0,0.0,6602.7824007679665,542.2634382552297,679.0,679.0,100.0,679.0,1.0,3368.6579529514493,0.42108224411893114,676.4698656123257,676.4698656123257,0.0,0.0,164.82906829152887,142.96991675822116,100.0,100.0,1.0,1.0,100.0,0.0,100.0,0.0,0.20776460508662817,0.5344385526682202,0.29492797953330185,0.2550720204666982,53.125,47.91666666666667,53.125,47.91666666666667,-3.00594354192488
direct_safesac,3,614.4155021472072,248.20716879677286,614.4155021472072,12333.169421330605,0.0,0.0,6755.571694804636,547.7563361061643,1164.1000000000001,1164.1000000000001,100.0,1164.1000000000001,1.0,2273.952482782528,0.284244060347816,676.4698656123259,676.4698656123259,0.0,8.526512829121202e-14,158.5359779782074,140.89920097931994,100.0,100.0,0.0,0.0,100.0,0.0,100.0,0.0,0.3588035811501165,0.5483023793289536,0.36332117994015456,0.18667882005984548,40.625,39.58333333333333,40.625,39.58333333333333,-2.5854913416330505
direct_safesac,3,521.1666255981837,271.41533126507125,521.1666255981837,12698.094177602738,0.0,0.0,6187.441306405593,487.2732254041067,916.3,916.3,100.0,916.3,1.0,3003.7825321640144,0.3754728165205018,844.5799389431663,844.5799389431663,3.0,58.72950259765605,140.84945010285395,115.30869600920191,100.0,100.0,1.0,1.0,100.0,0.0,100.0,0.0,0.2,0.5501084189396352,0.2701236769967233,0.27987632300327675,48.95833333333333,44.79166666666667,48.95833333333333,44.79166666666667,-2.827243034011159
direct_safesac,3,385.99622234982655,214.86910311465735,385.99622234982655,12605.570510076515,0.0,0.0,4498.018666080645,356.82785340695716,617.4000000000001,617.4000000000001,100.0,617.4000000000001,1.0,3091.219959772084,0.3864024949715105,676.4698656123257,676.4698656123257,0.0,0.0,152.88787772884405,116.88453296627095,100.0,100.0,1.0,1.0,100.0,0.0,100.0,0.0,0.21414513042544803,0.5584694602526725,0.2921052172048282,0.25789478279517186,54.166666666666664,42.70833333333333,54.166666666666664,42.70833333333333,-2.238219824111014
direct_safesac,3,338.3082182624798,159.97028027418304,338.3082182624798,12583.282613019632,0.0,0.0,4114.3954227999175,326.9731396275601,380.0,380.0,100.0,380.0,1.0,2307.467290643741,0.2884334113304676,676.4698656123257,676.4698656123257,0.0,0.0,162.5168214758161,130.92518557682968,100.0,100.0,0.0,0.0,100.0,0.0,100.0,0.0,0.42084949587462145,0.5584158292932456,0.4372906814910705,0.11270931850892957,58.333333333333336,33.33333333333333,58.333333333333336,33.33333333333333,-1.6663570861894066
direct_safesac,3,24.222989259826953,101.276456191666,24.222989259826953,9941.63390038156,0.0,0.0,2688.544181690093,270.4328291134224,476.1,476.1,100.0,476.1,1.0,2998.134401073459,0.37476680013418234,676.4698656123257,676.4698656123257,0.0,0.0,176.11938321397957,147.93547906133116,100.0,100.0,0.0,0.0,100.0,0.0,100.0,0.0,0.4479663290170583,0.5599795085843653,0.4479663290170583,0.10203367098294175,34.375,3.125,34.375,3.125,-1.0549630853298542
direct_safesac,3,215.1713838389764,130.1547046967981,215.1713838389764,7598.522774373585,0.0,0.0,2977.100566974828,391.7999136641737,584.2,584.2,100.0,584.2,1.0,3151.3761453330517,0.39392201816663147,640.7028517627706,640.7028517627706,0.0,0.0,176.76800297607178,132.16405274993988,100.0,100.0,0.0,0.0,100.0,0.0,100.0,0.0,0.3937270846536479,0.5559740781318396,0.3937270846536479,0.15627291534635213,58.333333333333336,0.0,58.333333333333336,0.0,-1.3557781739249801
direct_safesac,3,493.31776968983434,302.26452921960185,493.31776968983434,12468.970417257922,0.0,0.0,5595.536701069301,448.7569152722256,890.2,890.2,100.0,890.2,1.0,3280.5038498005706,0.41006298122507134,877.5759142855072,877.5759142855072,10.0,209.76204052570836,178.45043556993005,154.92786794774312,100.0,100.0,1.0,1.0,100.0,0.0,100.0,0.0,0.2,0.5437757810479716,0.2558851022039772,0.29411489779602285,65.625,50.0,65.625,50.0,-3.1485888460375193
direct_safesac,3,567.9115408251832,258.41826780502356,567.9115408251832,13726.660462436192,0.0,0.0,7080.6405150804185,515.8312565869174,424.4,424.4,100.0,424.4,1.0,2924.1749236905835,0.3655218654613229,676.4698656123259,676.4698656123259,0.0,2.842170943040401e-14,124.55406976147421,105.80082221096707,100.0,100.0,0.0,0.0,100.0,0.0,100.0,0.0,0.24499763812205114,0.5536962478887291,0.3011947948267208,0.24880520517327925,51.041666666666664,51.041666666666664,51.041666666666664,51.041666666666664,-2.691856956302329
direct_safesac,3,607.8277200043826,312.07406084457693,607.8277200043826,13786.954990451155,0.0,0.0,6971.150383380158,505.6337957299764,328.1,328.1,100.0,328.1,1.0,3009.9361964419213,0.37624202455524014,882.0084040483408,882.0084040483408,6.0,201.76933141637082,135.4504511582147,106.73448852871282,100.0,100.0,1.0,1.0,100.0,0.0,100.0,0.0,0.2,0.5609385371299412,0.26063776938516037,0.2893622306148397,46.875,51.041666666666664,46.875,51.041666666666664,-3.2507714671310097
direct_safesac,3,502.3821198925903,280.20568865209844,502.3821198925903,13383.353498050772,0.0,0.0,6231.623795791023,465.6249867941269,335.9,335.9,100.0,335.9,1.0,3066.6289151328137,0.3833286143916017,724.0241744586604,724.0241744586604,4.0,24.28824952549482,147.06551125979345,108.52718724601222,100.0,100.0,1.0,1.0,100.0,0.0,100.0,0.0,0.2,0.5588088262122418,0.2701329275922522,0.27986707240774783,59.375,50.0,59.375,50.0,-2.918809256792692
direct_safesac,3,285.0687381776211,162.67160584697888,285.0687381776211,13230.344493786193,0.0,0.0,4164.248079100768,314.7497845620394,444.3,444.3,100.0,444.3,1.0,2628.1350056628603,0.32851687570785754,676.4698656123257,676.4698656123257,0.0,0.0,154.89446109172582,119.67314373440176,100.0,100.0,0.0,0.0,100.0,0.0,100.0,0.0,0.31884773063213373,0.5550817287061364,0.3751458645127943,0.17485413548720574,58.333333333333336,41.66666666666667,58.333333333333336,41.66666666666667,-1.6944958942393633
direct_safesac,3,164.05615996311434,123.20307364944682,164.05615996311434,10306.1781690645,0.0,0.0,3011.8961934991967,292.24181302627227,558.0,558.0,100.0,558.0,1.0,2780.112410097075,0.34751405126213436,676.4698656123257,676.4698656123257,0.0,0.0,177.10267878722902,145.33513096332763,100.0,100.0,0.0,0.0,100.0,0.0,100.0,0.0,0.4080092995757345,0.5606962542049587,0.4080092995757345,0.14199070042426554,26.041666666666668,7.291666666666667,26.041666666666668,7.291666666666667,-1.283365350515071
direct_safesac,3,334.1959897519683,164.98702580720902,334.1959897519683,7867.6836646335305,0.0,0.0,3907.8628893832074,496.6980188781182,555.5999999999999,555.5999999999999,100.0,555.5999999999999,1.0,3257.9804062843323,0.40724755078554153,676.4698656123257,676.4698656123257,0.0,0.0,184.13435540634134,138.49284723768002,100.0,100.0,0.0,0.0,100.0,0.0,100.0,0.0,0.3482118774769943,0.5517276161350311,0.3482118774769943,0.20178812252300576,57.291666666666664,1.0416666666666665,57.291666666666664,1.0416666666666665,-1.7186148521584272
direct_safesac,3,495.1181259179881,360.1128948235046,495.1181259179881,13641.36960255731,0.0,0.0,6012.2691043061395,440.73793757329446,659.9,659.9,100.0,659.9,1.0,3124.296999824977,0.3905371249781221,996.5413985647466,996.5413985647466,15.0,742.4262829106865,189.84958362115208,153.6755424291592,87.5,87.5,1.0,0.0,0.0,17.233244189878064,87.5,4.308311047469516,0.2,0.5361991934870419,0.23996475774095358,0.31003524225904644,60.416666666666664,52.083333333333336,60.416666666666664,52.083333333333336,-3.751175987744839
direct_safesac,3,579.6295156965646,302.63857082054324,579.6295156965646,14002.671152136307,0.0,0.0,7034.945791710096,502.4002717250712,601.0,601.0,100.0,601.0,1.0,3210.8139577094935,0.4013517447136867,852.4132997331004,852.4132997331004,4.0,99.18423772854231,136.9638890674041,105.31877657411142,100.0,100.0,0.0,0.0,100.0,0.0,100.0,0.0,0.2,0.5668289221875668,0.25688574110453505,0.293114258895465,52.083333333333336,53.125,52.083333333333336,53.125,-3.152485112713992
direct_safesac,3,484.35233338426826,305.7212089145686,484.35233338426826,13898.07540475354,0.0,0.0,6126.295274409556,440.8017006667116,841.8,841.8,100.0,841.8,1.0,3007.589371509039,0.3759486714386299,995.4658733571106,995.4658733571106,9.0,408.4186501163398,170.26205906837697,136.57213793336192,100.0,100.0,0.0,0.0,100.0,0.0,100.0,0.0,0.2,0.5556919104204153,0.2637281473287144,0.28627185267128563,56.25,48.95833333333333,56.25,48.95833333333333,-3.1845959261934227
direct_safesac,3,407.2420035300078,271.4346443848879,407.2420035300078,13887.255085182165,0.0,0.0,5529.316390235218,398.157616917043,547.9,547.9,100.0,547.9,1.0,2859.568441128026,0.35744605514100325,892.362971106181,892.362971106181,8.0,177.9759811055267,150.9503013692286,112.02408523519989,100.0,100.0,0.0,0.0,100.0,0.0,100.0,0.0,0.2,0.5572267637678429,0.2559094452382702,0.29409055476172985,57.291666666666664,50.0,57.291666666666664,50.0,-2.8274442123425825
direct_safesac,3,385.9713516676927,214.00755442700543,385.9713516676927,13258.037687594013,0.0,0.0,6106.823367715135,460.6129135859594,623.5,623.5,100.0,623.5,1.0,2627.223905773923,0.32840298822174036,676.4698656123257,676.4698656123257,0.0,0.0,165.15590512824204,125.02228231852649,100.0,100.0,0.0,0.0,100.0,0.0,100.0,0.0,0.30836568658603497,0.5543601977604024,0.34232890100800034,0.2076710989919997,55.208333333333336,42.70833333333333,55.208333333333336,42.70833333333333,-2.22924535861464
direct_safesac,3,289.9732482688164,175.02834884854576,289.9732482688164,10654.820427549705,0.0,0.0,4879.728892769304,457.98321294575754,314.4,314.4,100.0,314.4,1.0,2682.9032188568003,0.33536290235710003,676.4698656123257,676.4698656123257,0.0,0.0,172.78820715429362,132.41655731744208,100.0,100.0,0.0,0.0,100.0,0.0,100.0,0.0,0.38648495644019004,0.55286747883074,0.38648495644019004,0.16351504355981,23.958333333333336,7.291666666666667,23.958333333333336,7.291666666666667,-1.8232119671723517
direct_safesac,3,224.8672236971114,137.07066827171906,224.8672236971114,8348.20374003471,0.0,0.0,3272.1079763759303,391.95353614624713,328.3,328.3,100.0,328.3,1.0,3087.542822957039,0.38594285286962987,676.4698656123257,676.4698656123257,0.0,0.0,180.18078624383082,131.85031839861077,100.0,100.0,0.0,0.0,100.0,0.0,100.0,0.0,0.39303407355064607,0.5518860733602197,0.4047079330882857,0.14529206691171437,51.041666666666664,1.0416666666666665,51.041666666666664,1.0416666666666665,-1.4278194611637403
direct_safesac,3,351.0890300683477,312.64066101546143,351.0890300683477,13859.440181131504,0.0,0.0,6153.374672145701,443.9843595214631,372.8,372.8,100.0,372.8,1.0,2871.263324886256,0.358907915610782,951.4660436896088,951.4660436896088,8.0,365.2803652517115,171.7738480829858,152.58890140137194,100.0,100.0,0.0,0.0,100.0,0.0,100.0,0.0,0.2,0.5452479844030581,0.23567592526346534,0.3143240747365347,59.375,55.208333333333336,59.375,55.208333333333336,-3.25667355224439
direct_safesac,3,414.9853300448225,317.16422413892406,414.9853300448225,14335.488186181157,0.0,0.0,7256.39560714523,506.1840596499607,265.6,265.6,100.0,265.6,1.0,2897.961382122903,0.3622451727653629,937.0473729183504,937.0473729183504,9.0,328.6015704916772,139.27510991298624,106.17293662533488,100.0,100.0,0.0,0.0,100.0,0.0,100.0,0.0,0.2,0.551201555877924,0.25547561516369627,0.2945243848363038,44.79166666666667,53.125,44.79166666666667,53.125,-3.3037940014471254
direct_safesac,3,488.0322613289033,328.2004963681593,488.0322613289033,14171.202917802866,0.0,0.0,8184.721971319007,577.5601421271571,541.3,541.3,100.0,541.3,1.0,2907.985051985497,0.36349813149818716,946.2064742231028,946.2064742231028,6.0,224.89646016323817,150.26030643004674,113.13123057986395,100.0,100.0,0.0,0.0,100.0,0.0,100.0,0.0,0.2,0.5540065478999168,0.25149375789341183,0.2985062421065882,55.208333333333336,52.083333333333336,55.208333333333336,52.083333333333336,-3.4187551705016594
direct_safesac,3,536.3191320891281,322.26558025917785,536.3191320891281,13960.201576680725,0.0,0.0,8101.902723967699,580.3571445201197,414.8,414.8,100.0,414.8,1.0,2851.060659448466,0.35638258243105825,809.351584259672,809.351584259672,5.0,89.22429304202421,148.6719942499324,103.93526169038005,100.0,100.0,0.0,0.0,100.0,0.0,100.0,0.0,0.2,0.5502283574081958,0.2539066392164327,0.29609336078356735,51.041666666666664,50.0,51.041666666666664,50.0,-3.356933127699769
direct_safesac,3,460.1111659673131,251.5083006559545,460.1111659673131,13197.069414580315,0.0,0.0,7449.648309973205,564.4926215014618,717.4,717.4,100.0,717.4,1.0,2676.9031250970547,0.33461289063713184,676.4698656123257,676.4698656123257,0.0,0.0,169.79173884605274,128.0370182390592,100.0,100.0,0.0,0.0,100.0,0.0,100.0,0.0,0.2892348623703714,0.5460070377901981,0.32635506931868596,0.22364493068131408,52.083333333333336,42.70833333333333,52.083333333333336,42.70833333333333,-2.6198781318328597
direct_safesac,3,304.0756454208537,176.21187903044517,304.0756454208537,10109.814971058384,0.0,0.0,4711.792248490106,466.0611754002096,1087.2,1087.2,100.0,1087.2,1.0,2478.5391658881567,0.3098173957360196,676.4698656123257,676.4698656123257,0.0,0.0,185.78562040294264,148.6739658832519,100.0,100.0,0.0,0.0,100.0,0.0,100.0,0.0,0.3763345934373039,0.5466177991346309,0.3763345934373039,0.17366540656269613,21.875,6.25,21.875,6.25,-1.8355404065671372
direct_safesac,3,209.1933569726638,124.42411735697219,209.1933569726638,7659.123720713213,0.0,0.0,2688.865744124302,351.0670204807603,1053.8000000000002,1053.8000000000002,100.0,1053.8000000000002,1.0,3175.65488666296,0.39695686083287,609.1908755882662,609.1908755882662,0.0,0.0,186.16668482561425,140.63965376710055,100.0,100.0,0.0,0.0,100.0,0.0,100.0,0.0,0.39304466779098696,0.5502505417913199,0.4081812863424417,0.14181871365755833,52.083333333333336,0.0,52.083333333333336,0.0,-1.2960845558017937
direct_safesac,3,508.0129118829542,334.0002770603702,508.0129118829542,14049.86264572341,0.0,0.0,6599.290770251019,469.70500257949175,0.0,0.0,,0.0,,2769.2760870653137,0.3461595108831642,892.3535736431467,892.3535736431467,12.0,388.9125178096252,173.35452262142164,156.0240028318453,100.0,100.0,0.0,0.0,100.0,0.0,100.0,0.0,0.2,0.5465744308735195,0.24851825377771652,0.3014817462222835,59.375,55.208333333333336,59.375,55.208333333333336,-3.4791695527121895
direct_safesac,4,461.2402970240122,212.5211581793333,461.2402970240122,10502.847028885513,0.0,0.0,5170.587253676826,492.3033953990179,1584.7,1584.7,100.0,1584.7,1.0,2941.746087435061,0.3677182609293826,676.4698656123257,676.4698656123257,0.0,0.0,199.37772102413498,176.07096456798192,100.0,100.0,0.0,0.0,100.0,0.0,100.0,0.0,0.34159105941459367,0.5372759062992899,0.3464201478640718,0.20357985213592822,52.083333333333336,20.833333333333336,52.083333333333336,20.833333333333336,-2.2137620643680553
direct_safesac,4,442.4251459523392,188.529365069465,442.4251459523392,10991.102182535551,0.0,0.0,4988.562715824417,453.8728357699245,1639.0,1639.0,100.0,1639.0,1.0,2620.794318373096,0.327599289796637,676.4698656123257,676.4698656123257,0.0,0.0,167.28723654531572,137.91979277461786,100.0,100.0,0.0,0.0,100.0,0.0,100.0,0.0,0.40330284577020886,0.5753118704864502,0.40330284577020886,0.14669715422979118,37.5,13.541666666666666,37.5,13.541666666666666,-1.963847552806927
direct_safesac,4,447.6010964175115,199.63146273170142,447.6010964175115,10798.243084533298,0.0,0.0,5662.349554913528,524.376929708492,1694.9,1694.9,100.0,1694.9,1.0,2713.211517422706,0.33915143967783823,676.4698656123257,676.4698656123257,0.0,0.0,154.14783971283157,126.27841453191962,100.0,100.0,0.0,0.0,100.0,0.0,100.0,0.0,0.40247217004640273,0.653731959515591,0.40247217004640273,0.1475278299535973,10.416666666666668,12.5,10.416666666666668,12.5,-2.079494403455223
direct_safesac,4,497.8673578436711,211.78561381421116,497.8673578436711,11376.501816595988,0.0,0.0,5708.452957327385,501.77576985923037,939.8,939.8,100.0,939.8,1.0,3081.8640064798237,0.38523300080997797,676.4698656123257,676.4698656123257,0.0,0.0,159.59557161392073,134.54654686956167,100.0,100.0,0.0,0.0,100.0,0.0,100.0,0.0,0.3921886479293688,0.5771058724398425,0.40493763150332157,0.14506236849667847,54.166666666666664,17.708333333333336,54.166666666666664,17.708333333333336,-2.2061001438980328
direct_safesac,4,401.5007837892253,191.19024334699387,401.5007837892253,10551.512708609243,0.0,0.0,5270.698098668713,499.52061322621716,1247.3000000000002,1247.3000000000002,100.0,1247.3000000000002,1.0,3151.170239618661,0.3938962799523326,676.4698656123257,676.4698656123257,0.0,0.0,177.7932078611294,145.29612034572548,100.0,100.0,0.0,0.0,100.0,0.0,100.0,0.0,0.4353721127571709,0.562377236167953,0.4353721127571709,0.11462788724282913,65.625,14.583333333333334,65.625,14.583333333333334,-1.9915650348645195
direct_safesac,4,261.99176552882795,154.52446708565267,261.99176552882795,8119.681557555799,0.0,0.0,3811.8028802328317,469.4522627781806,1325.1,1325.1,100.0,1325.1,1.0,3546.6734290122986,0.44333417862653735,643.8916239909913,643.8916239909913,0.0,0.0,196.91174955649748,160.17174029139596,100.0,100.0,0.0,0.0,100.0,0.0,100.0,0.0,0.40184869554383956,0.552029263228178,0.4392103754189843,0.11078962458101577,79.16666666666666,0.0,79.16666666666666,0.0,-1.6096298654755488
direct_safesac,4,244.52778314299294,142.75544360162564,244.52778314299294,5605.798996018839,226.3056190594571,226.3056190594571,3057.2355939556746,545.3701775834063,1989.8,1968.4601104454507,98.92753595564633,1968.4601104454507,0.9892753595564634,3536.691013723612,0.4420863767154515,533.6883107460176,533.6883107460176,0.0,0.0,208.0824143506123,169.9773966741176,100.0,100.0,0.0,0.0,100.0,0.0,100.0,0.0,0.40123282064879834,0.5458119012023274,0.4023619355050556,0.14763806449494443,82.29166666666666,0.0,82.29166666666666,0.0,-1.4870358708502671
direct_safesac,4,387.56201813650614,200.2860122290065,387.56201813650614,10961.558976661236,0.0,0.0,4905.608584203231,447.5283665989473,779.3,779.3,100.0,779.3,1.0,2971.6264573499384,0.3714533071687423,676.4698656123257,676.4698656123257,0.0,0.0,193.1418666802372,174.25004796564122,100.0,100.0,0.0,0.0,100.0,0.0,100.0,0.0,0.3413713375165019,0.5426760871159403,0.34880596291859484,0.2011940370814052,55.208333333333336,19.791666666666664,55.208333333333336,19.791666666666664,-2.0863126273854844
direct_safesac,4,396.9721848252248,184.3968418601778,396.9721848252248,11185.525272855733,0.0,0.0,4886.212126799208,436.8334975431805,1103.7,1103.7,100.0,1103.7,1.0,2834.2135631850515,0.35427669539813145,676.4698656123257,676.4698656123257,0.0,0.0,179.24035955248078,152.86598127429227,100.0,100.0,0.0,0.0,100.0,0.0,100.0,0.0,0.3992104843899224,0.5683823199830152,0.40422474156949556,0.14577525843050448,42.70833333333333,13.541666666666666,42.70833333333333,13.541666666666666,-1.9208004360435187
direct_safesac,4,338.4230944684553,157.95112003688286,338.4230944684553,11047.126819686879,0.0,0.0,4263.144938220175,385.9053134633074,1621.7,1621.7,100.0,1621.7,1.0,2964.4260653644683,0.3705532581705585,676.4698656123257,676.4698656123257,0.0,0.0,150.63694487688096,124.27500798527971,100.0,100.0,0.0,0.0,100.0,0.0,100.0,0.0,0.4505934599422343,0.6902272051498887,0.45643518074249295,0.09356481925750709,13.541666666666666,12.5,13.541666666666666,12.5,-1.6453241670508632
direct_safesac,4,254.58179554258788,135.03270950461615,254.58179554258788,10847.191778175491,0.0,0.0,3476.4151804088124,320.48987899369,1678.0,1678.0,100.0,1678.0,1.0,3472.616509411937,0.4340770636764921,676.4698656123257,676.4698656123257,0.0,0.0,160.86521325843174,135.9896976588386,100.0,100.0,0.0,0.0,100.0,0.0,100.0,0.0,0.4998501178131488,0.7428053390705271,0.5106481444496859,0.039351855550314174,47.91666666666667,12.5,47.91666666666667,12.5,-1.4065907240064182
direct_safesac,4,216.24456697850604,138.80184323216628,216.24456697850604,9504.397031384135,0.0,0.0,3581.9663807644624,376.8746580068759,2333.3,2333.3,100.0,2333.3,1.0,3844.08318400383,0.48051039800047873,676.4698656123257,676.4698656123257,0.0,0.0,154.67953854554995,140.43359058944546,100.0,100.0,0.0,0.0,100.0,0.0,100.0,0.0,0.5369663277485303,0.8645042288314392,0.5369663277485303,0.013033672251469786,60.416666666666664,1.0416666666666665,60.416666666666664,1.0416666666666665,-1.4458525336683987
direct_safesac,4,143.2308934558948,113.32786661755846,143.2308934558948,7304.9161758389655,0.0,0.0,2782.6479013728476,380.92810846707107,2325.2,2325.2,100.0,2325.2,1.0,3673.3680836856365,0.4591710104607046,581.0992859810575,581.0992859810575,0.0,0.0,183.5979652628668,152.14665365506133,100.0,100.0,0.0,0.0,100.0,0.0,100.0,0.0,0.3988771012998922,0.6452200241073184,0.5179116193028663,0.03208838069713371,71.875,0.0,71.875,0.0,-1.1804986105995672
direct_safesac,4,169.7070679032375,118.9751963646101,169.7070679032375,5105.962397833753,362.70274735764,362.70274735764,2409.926983669972,471.98290858789,2654.2000000000003,2442.4200689733766,92.02095053023044,2442.4200689733766,0.9202095053023044,3541.958563774824,0.44274482047185304,487.5840273680884,487.5840273680884,0.0,0.0,203.38849179233588,173.1055017685886,100.0,100.0,0.0,0.0,100.0,0.0,100.0,0.0,0.406425311389429,0.5832721618891351,0.406425311389429,0.14357468861057104,72.91666666666666,0.0,72.91666666666666,0.0,-1.2393249621313551
direct_safesac,4,409.02449211123115,282.9083738419675,409.02449211123115,9388.905573425112,24.83144933542117,24.83144933542117,5157.703026142037,549.3401745077392,2018.2,2018.2,100.0,2018.2,1.0,3582.9007937026577,0.4478625992128322,741.2655754395753,741.2655754395753,5.0,55.103432596307016,218.5412395373361,188.3566862484807,100.0,100.0,1.0,1.0,100.0,0.0,100.0,0.0,0.2,0.5407934351971275,0.27816555785622826,0.2718344421437718,63.541666666666664,26.041666666666668,63.541666666666664,26.041666666666668,-2.9469622275204945
direct_safesac,4,407.6364308514793,187.23083966187585,407.6364308514793,10354.03435407117,0.0,0.0,4951.164134482794,478.1869525607682,1613.6999999999998,1613.6999999999998,100.0,1613.6999999999998,1.0,2754.6658765640464,0.3443332345705058,676.4698656123257,676.4698656123257,0.0,0.0,174.80236017571707,147.60717778464937,100.0,100.0,0.0,0.0,100.0,0.0,100.0,0.0,0.39304162568294193,0.5652367624170598,0.39304162568294193,0.1569583743170581,35.41666666666667,14.583333333333334,35.41666666666667,14.583333333333334,-1.9503212464778734
direct_safesac,4,441.19688384972807,205.93557502925114,441.19688384972807,10227.226714424056,0.0,0.0,5317.117149118578,519.8982380648253,1563.5,1563.5,100.0,1563.5,1.0,2944.2434131346363,0.36803042664182956,676.4698656123257,676.4698656123257,0.0,0.0,171.66236210281636,139.32605769543196,100.0,100.0,1.0,1.0,100.0,0.0,100.0,0.0,0.3177117616848076,0.637660803323562,0.339269309907871,0.21073069009212902,10.416666666666668,16.666666666666664,10.416666666666668,16.666666666666664,-2.1451622398880326
direct_safesac,4,356.14524904506857,167.7157704112494,356.14524904506857,10262.43006435302,0.0,0.0,4393.476079790857,428.11264507923704,1555.2,1555.2,100.0,1555.2,1.0,3385.5295977389096,0.4231911997173637,676.4698656123257,676.4698656123257,0.0,0.0,158.62976648488646,134.69805007330407,100.0,100.0,0.0,0.0,100.0,0.0,100.0,0.0,0.4232231621777542,0.6411828029420863,0.4455525915409659,0.10444740845903416,47.91666666666667,11.458333333333332,47.91666666666667,11.458333333333332,-1.7470392751171813
direct_safesac,4,346.210389613201,169.57502439719036,346.210389613201,10198.069922599156,0.0,0.0,4558.997944978497,447.0451741927807,908.0,908.0,100.0,908.0,1.0,3339.2238901962687,0.4174029862745336,676.4698656123257,676.4698656123257,0.0,0.0,166.08607939613717,142.09829772463056,100.0,100.0,0.0,0.0,100.0,0.0,100.0,0.0,0.4393980206051294,0.5597372428048403,0.4393980206051294,0.11060197939487065,69.79166666666666,13.541666666666666,69.79166666666666,13.541666666666666,-1.7664065041373995
direct_safesac,4,271.67824418926034,164.79613380623158,271.67824418926034,7520.732569785036,4.83630361495851,4.83630361495851,4220.66002698253,561.20331202033,1416.7,1416.7,100.0,1416.7,1.0,3548.307777196169,0.44353847214952113,645.3928377493803,645.3928377493803,0.0,0.0,206.51506985963226,166.20659927100598,100.0,100.0,0.0,0.0,100.0,0.0,100.0,0.0,0.4056266523466297,0.5528199621010572,0.43683761882399585,0.11316238117600419,87.5,0.0,87.5,0.0,-1.7166263938149122
direct_safesac,4,281.7516113432134,153.06728920947944,281.7516113432134,6114.772490469398,96.49993246452493,96.49993246452493,3507.360573041091,573.5880735559223,1177.4,1177.4,100.0,1177.4,1.0,3530.36739975214,0.4412959249690175,557.3614248600389,557.3614248600389,0.0,0.0,184.5785355854306,155.82079773722944,100.0,100.0,0.0,0.0,100.0,0.0,100.0,0.0,0.3928392350850139,0.5427383955372008,0.39743461837648947,0.15256538162351058,81.25,0.0,81.25,0.0,-1.5944509292654108
direct_safesac,4,448.7828151950723,267.8029082132126,448.7828151950723,9800.641105201239,0.0,0.0,5617.869857652238,573.2145272283068,1432.6,1432.6,100.0,1432.6,1.0,3702.497299771745,0.4628121624714681,676.4698656123257,676.4698656123257,0.0,0.0,202.44415950347465,181.4572820124262,100.0,100.0,1.0,1.0,100.0,0.0,100.0,0.0,0.21013557582264686,0.533976506873181,0.307440730744542,0.24255926925545807,63.541666666666664,22.916666666666664,63.541666666666664,22.916666666666664,-2.7896136272209646
direct_safesac,4,454.8772383574211,211.05410805362783,454.8772383574211,10362.390852589186,0.0,0.0,5869.14680164999,566.3892517800082,1354.2,1354.2,100.0,1354.2,1.0,2835.010468563769,0.3543763085704711,676.4698656123257,676.4698656123257,0.0,0.0,171.5392786087981,144.51645877176117,100.0,100.0,0.0,0.0,100.0,0.0,100.0,0.0,0.38488007692031817,0.5786225987887769,0.38488007692031817,0.16511992307968187,32.29166666666667,14.583333333333334,32.29166666666667,14.583333333333334,-2.1984802922252897
direct_safesac,4,401.83251910844956,185.43114865687232,401.83251910844956,10715.601760117162,0.0,0.0,5573.876053050053,520.1645393164657,1279.8000000000002,1279.8000000000002,100.0,1279.8000000000002,1.0,2007.553225869172,0.2509441532336465,676.4698656123257,676.4698656123257,0.0,0.0,126.71830849702545,109.75418845584424,100.0,100.0,0.0,0.0,100.0,0.0,100.0,0.0,0.44304359057846177,0.6187049533254716,0.44304359057846177,0.10695640942153828,3.125,13.541666666666666,3.125,13.541666666666666,-1.9315744651757534
direct_safesac,4,363.10886845669313,170.24230732082952,363.10886845669313,10223.711308406246,0.0,0.0,4385.625622006557,428.9661053320786,1652.3999999999999,1652.3999999999999,100.00000000000001,1652.3999999999999,1.0000000000000002,3494.1858860654847,0.4367732357581856,676.4698656123257,676.4698656123257,0.0,0.0,165.0274981528895,139.27658915360408,100.0,100.0,0.0,0.0,100.0,0.0,100.0,0.0,0.4234465689150853,0.6665394387850049,0.4320473160994231,0.11795268390057695,58.333333333333336,9.375,58.333333333333336,9.375,-1.7733573679253076
direct_safesac,4,189.80714984076417,122.51719775816623,189.80714984076417,9867.860804952057,0.0,0.0,3076.072591758163,311.72638655527817,2015.9,2015.9,100.0,2015.9,1.0,3602.166171835523,0.4502707714794404,676.4698656123257,676.4698656123257,0.0,0.0,151.12093321075827,132.7398103023032,100.0,100.0,0.0,0.0,100.0,0.0,100.0,0.0,0.5079138941665818,0.7835112872288419,0.5939224700036122,0.04392247000361216,51.041666666666664,3.125,51.041666666666664,3.125,-1.2762208099808983
direct_safesac,4,198.38737126068241,119.36189685512016,198.38737126068241,7965.259477042915,0.0,0.0,2819.1754369849923,353.9339107671612,1225.4,1225.4,100.0,1225.4,1.0,3542.156372219324,0.4427695465274155,676.4698656123257,676.4698656123257,0.0,0.0,176.23083411745557,152.90394850256723,100.0,100.0,0.0,0.0,100.0,0.0,100.0,0.0,0.4766300574030507,0.6532258423263083,0.4766300574030507,0.07336994259694934,80.20833333333334,1.0416666666666665,80.20833333333334,1.0416666666666665,-1.2433530922408351
direct_safesac,4,258.49261613456684,144.80149961600137,258.49261613456684,5838.787754111332,134.84318960675415,134.84318960675415,3156.281122259385,540.5713060963583,1398.4,1398.4,100.0,1398.4,1.0,3560.911913216114,0.4451139891520143,538.5673602306558,538.5673602306558,0.0,0.0,192.7688715575802,160.2313079289332,100.0,100.0,0.0,0.0,100.0,0.0,100.0,0.0,0.39549320760183027,0.5527417168952525,0.39549320760183027,0.15450679239816978,80.20833333333334,0.0,80.20833333333334,0.0,-1.5083489543333475
direct_safesac,4,480.7753325830789,280.33337919141087,480.7753325830789,9980.65207406988,1.2622966067775394,1.2622966067775394,5850.3205457688155,586.1661645302889,1187.9,1187.9,100.0,1187.9,1.0,3617.139590492117,0.4521424488115146,676.4698656123257,676.4698656123257,0.0,0.0,208.43425964903895,187.5834835680978,100.0,100.0,1.0,1.0,100.0,0.0,100.0,0.0,0.2062110349092507,0.5315806119065536,0.29912890273412746,0.2508710972658726,60.416666666666664,25.0,60.416666666666664,25.0,-2.9201393665771964
direct_safesac,4,502.90731451269437,220.13101875298196,502.90731451269437,10196.594316193787,0.0,0.0,5987.425793888122,587.1985888836582,1584.0,1584.0,100.0,1584.0,1.0,2657.2505275599524,0.33215631594499406,676.4698656123257,676.4698656123257,0.0,0.0,183.7612501541485,154.69548427744016,100.0,100.0,0.0,0.0,100.0,0.0,100.0,0.0,0.3806144556993238,0.5833441837353261,0.3806144556993238,0.16938554430067626,30.208333333333332,14.583333333333334,30.208333333333332,14.583333333333334,-2.293031445343562
direct_safesac,4,435.78459132320444,192.59644743809005,435.78459132320444,9973.175066674412,0.0,0.0,5450.433740840278,546.5093818570401,2027.8999999999999,2027.8999999999999,100.0,2027.8999999999999,1.0,2333.5408398000536,0.2916926049750067,676.4698656123257,676.4698656123257,0.0,0.0,144.06680490050607,122.16501335110418,100.0,100.0,0.0,0.0,100.0,0.0,100.0,0.0,0.4153647762011463,0.6580349984540261,0.4168648338630522,0.13313516613694787,2.083333333333333,13.541666666666666,2.083333333333333,13.541666666666666,-2.0062129941467712
direct_safesac,4,348.80228144139494,180.0897197212238,348.80228144139494,10885.620394472302,0.0,0.0,5014.339563620013,460.63884114186874,757.2,757.2,100.0,757.2,1.0,3139.216241861748,0.3924020302327185,676.4698656123257,676.4698656123257,0.0,0.0,154.7903895583238,139.8477951850382,100.0,100.0,0.0,0.0,100.0,0.0,100.0,0.0,0.42069159140868506,0.5748051596157743,0.42472269408511976,0.1252773059148803,46.875,12.5,46.875,12.5,-1.8759345804294145
direct_safesac,4,287.5936911683111,150.23452190182041,287.5936911683111,10414.78298325921,0.0,0.0,3980.741936043001,382.2203441436726,819.0,819.0,100.0,819.0,1.0,3349.8687360297686,0.41873359200372107,676.4698656123257,676.4698656123257,0.0,0.0,168.91513323671032,140.39007328016876,100.0,100.0,0.0,0.0,100.0,0.0,100.0,0.0,0.46470614502033847,0.5598081277217717,0.4653311624556774,0.08466883754432264,63.541666666666664,13.541666666666666,63.541666666666664,13.541666666666666,-1.564942936477296
direct_safesac,4,231.46954456484326,153.637561142163,231.46954456484326,8223.613275934415,0.0,0.0,4125.091432563524,501.615444957169,700.5,700.5,100.0,700.5,1.0,3564.7006675601006,0.4455875834450126,665.5564148643914,665.5564148643914,0.0,0.0,192.54401658387704,158.07681782798193,100.0,100.0,0.0,0.0,100.0,0.0,100.0,0.0,0.45398932888172466,0.5623583656270057,0.45398932888172466,0.09601067111827538,86.45833333333334,0.0,86.45833333333334,0.0,-1.6003912618975313
direct_safesac,4,248.64450582517276,149.0073130843652,248.64450582517276,6294.227021898148,44.590713540100055,44.590713540100055,3428.110974284923,544.6436810045515,940.7,940.7,100.0,940.7,1.0,3552.387685328722,0.44404846066609027,555.5282275420258,555.5282275420258,0.0,0.0,187.2775545001804,155.73640365857088,100.0,100.0,0.0,0.0,100.0,0.0,100.0,0.0,0.3913344838264346,0.5485390195721075,0.3913344838264346,0.15866551617356545,88.54166666666666,0.0,88.54166666666666,0.0,-1.5521595112954707
direct_safesac,4,489.7775325683874,231.07300130928664,489.7775325683874,10783.03362044684,0.0,0.0,6157.36841324872,571.0237610289082,715.9,715.9,100.0,715.9,1.0,2972.171120292768,0.371521390036596,676.4698656123257,676.4698656123257,0.0,0.0,185.5854639251775,162.14706569093218,100.0,100.0,0.0,0.0,100.0,0.0,100.0,0.0,0.3526462566535105,0.5388612976983974,0.3578362938816776,0.19216370611832245,57.291666666666664,16.666666666666664,57.291666666666664,16.666666666666664,-2.407010430305069
direct_safesac,4,600.3751326819092,239.9204630888998,600.3751326819092,11033.63866210662,0.0,0.0,6699.032079103815,607.1462265762461,628.5,628.5,100.0,628.5,1.0,2567.785336148483,0.3209731670185604,676.4698656123257,676.4698656123257,0.0,0.0,167.825551002122,144.08113069104846,100.0,100.0,0.0,0.0,100.0,0.0,100.0,0.0,0.3953429468889374,0.563796316014419,0.39693179251445715,0.1530682074855429,27.083333333333332,20.833333333333336,27.083333333333332,20.833333333333336,-2.4991714905093727
direct_safesac,4,461.91265868276804,197.8810781228816,461.91265868276804,10744.664705632778,0.0,0.0,5701.966558498685,530.6788731629279,1100.6999999999998,1100.6999999999998,100.0,1100.6999999999998,1.0,1865.722867412238,0.23321535842652974,676.4698656123257,676.4698656123257,0.0,0.0,136.02956635651265,120.13528719984093,100.0,100.0,0.0,0.0,100.0,0.0,100.0,0.0,0.4165231501609637,0.6122585429124545,0.4165231501609637,0.13347684983903635,2.083333333333333,14.583333333333334,2.083333333333333,14.583333333333334,-2.0612612304466835
direct_safesac,4,513.2743268775398,247.35770375565465,513.2743268775398,10805.857034210061,0.0,0.0,6437.805363380388,595.7699924216155,656.3,656.3,100.0,656.3,1.0,3614.6292981684765,0.45182866227105956,676.4698656123257,676.4698656123257,0.0,0.0,182.62316682827432,157.92221243949078,100.0,100.0,1.0,1.0,100.0,0.0,100.0,0.0,0.25678780370146737,0.5590358858163169,0.338449349982165,0.21155065001783502,51.041666666666664,19.791666666666664,51.041666666666664,19.791666666666664,-2.576642747454736
direct_safesac,4,437.4513036060365,211.34798230449204,437.4513036060365,10380.11526236392,0.0,0.0,5919.98202118866,570.3194879399124,615.2,615.2,100.0,615.2,1.0,3311.3134941522962,0.413914186769037,676.4698656123257,676.4698656123257,0.0,0.0,179.33187242930123,149.7903270508577,100.0,100.0,0.0,0.0,100.0,0.0,100.0,0.0,0.3868321049223211,0.549923733504195,0.41617730223811555,0.1338226977618845,77.08333333333334,12.5,77.08333333333334,12.5,-2.2015414823384587
direct_safesac,4,332.4203277424852,174.56463743357858,332.4203277424852,7887.834197302518,0.8479713493553263,0.8479713493553263,4517.783312298107,572.7533311796917,1260.8,1260.8,100.0,1260.8,1.0,3543.8741013407707,0.44298426266759633,662.3930395424703,662.3930395424703,0.0,0.0,199.87225526458425,164.3482910636841,100.0,100.0,0.0,0.0,100.0,0.0,100.0,0.0,0.4048967780172824,0.5493659222596571,0.44842859859186146,0.10157140140813858,80.20833333333334,0.0,80.20833333333334,0.0,-1.8183816399331103
direct_safesac,4,263.3469368478752,142.5187685537109,263.3469368478752,6464.539241760293,0.0,0.0,3157.6234948844276,488.4529858657965,773.1,773.1,100.0,773.1,1.0,3565.5841425061226,0.44569801781326535,536.3925510002077,536.3925510002077,0.0,0.0,174.12812725423663,149.82036931126405,100.0,100.0,0.0,0.0,100.0,0.0,100.0,0.0,0.3967024514922187,0.5425319066173152,0.4220613642414347,0.12793863575856534,87.5,0.0,87.5,0.0,-1.484570505767822
direct_safesac,4,474.35913353175187,212.09301748584141,474.35913353175187,10660.034323612621,0.0,0.0,5057.284479208825,474.41540296044207,725.6,725.6,100.0,725.6,1.0,2884.721744110773,0.36059021801384666,676.4698656123257,676.4698656123257,0.0,0.0,195.48398643840196,177.03831260714273,100.0,100.0,0.0,0.0,100.0,0.0,100.0,0.0,0.3312999781459408,0.5458597104016104,0.3312999781459408,0.21870002185405923,63.541666666666664,23.958333333333336,63.541666666666664,23.958333333333336,-2.2093022654775147
direct_safesac,4,544.3282967105861,216.98717232397826,544.3282967105861,11096.361951796724,0.0,0.0,5866.813831964608,528.7150741342439,601.9,601.9,100.0,601.9,1.0,2699.164878450703,0.33739560980633787,676.4698656123257,676.4698656123257,0.0,0.0,169.68341582000275,141.2546864526566,100.0,100.0,0.0,0.0,100.0,0.0,100.0,0.0,0.3997472973127216,0.568837960667181,0.403608062123537,0.14639193787646304,32.29166666666667,17.708333333333336,32.29166666666667,17.708333333333336,-2.26028304504144
direct_safesac,4,489.57114311758505,196.00027577706294,489.57114311758505,10745.825294688402,0.0,0.0,5424.123955429219,504.7656933442172,1402.6000000000001,1402.6000000000001,99.99999999999999,1402.6000000000001,0.9999999999999999,2052.133928029654,0.25651674100370675,676.4698656123257,676.4698656123257,0.0,0.0,144.1799011094363,125.55071378066312,100.0,100.0,0.0,0.0,100.0,0.0,100.0,0.0,0.430832791888708,0.6172210207880837,0.43193471225274044,0.1180652877472596,5.208333333333334,12.5,5.208333333333334,12.5,-2.0416695393444058
direct_safesac,4,439.7516833006414,200.36152117160316,439.7516833006414,11201.241191715828,0.0,0.0,5514.937650874543,492.3505847685219,497.19999999999993,497.19999999999993,100.0,497.19999999999993,1.0,3133.4175348622266,0.39167719185777833,676.4698656123257,676.4698656123257,0.0,0.0,157.14859784304426,139.82711027446507,100.0,100.0,0.0,0.0,100.0,0.0,100.0,0.0,0.38379572915858445,0.5621361336048356,0.38379572915858445,0.1662042708414156,56.25,18.75,56.25,18.75,-2.0870991788708664
direct_safesac,4,409.0614637040061,196.99985114330633,409.0614637040061,10760.41710765925,0.0,0.0,5377.482652465477,499.74667326211664,649.0999999999999,649.0999999999999,100.0,649.0999999999999,1.0,3103.639106462675,0.38795488830783437,676.4698656123257,676.4698656123257,0.0,0.0,178.10070676869805,149.79568389711963,100.0,100.0,0.0,0.0,100.0,0.0,100.0,0.0,0.38655164139247233,0.5513199362903833,0.4382494130477469,0.11175058695225315,67.70833333333334,14.583333333333334,67.70833333333334,14.583333333333334,-2.0520817827427744
direct_safesac,4,332.5610475067,174.47604244874032,332.5610475067,8934.519830359317,0.0,0.0,4575.974569079488,512.167934703152,405.4,405.4,100.0,405.4,1.0,3563.5552011430264,0.4454444001428783,674.1672217883241,674.1672217883241,0.0,0.0,184.86589496951265,153.27683031801314,100.0,100.0,0.0,0.0,100.0,0.0,100.0,0.0,0.41877384602925466,0.5542712979950011,0.4444483894947917,0.10555161050520834,87.5,0.0,87.5,0.0,-1.8174587755077116
direct_safesac,4,292.553640802566,149.91271969942255,292.553640802566,6986.533384004851,0.0,0.0,3420.9651464441013,489.65129892260256,584.7,584.7,100.0,584.7,1.0,3551.3226851820946,0.4439153356477618,609.4540526129367,609.4540526129367,0.0,0.0,183.76780982742045,151.14052164964747,100.0,100.0,0.0,0.0,100.0,0.0,100.0,0.0,0.415781266798118,0.5517534050159156,0.4340081727803729,0.11599182721962714,84.375,0.0,84.375,0.0,-1.5615908302023183
direct_safesac,4,540.2286462857248,315.03513765696596,540.2286462857248,11063.106202788982,0.0,0.0,5962.814010717328,538.9819008710335,733.5,733.5,100.0,733.5,1.0,3441.272602519755,0.43015907531496933,788.3637528766355,788.3637528766355,11.0,169.65494496011365,200.47168117893827,185.36237145400753,100.0,100.0,1.0,1.0,100.0,0.0,100.0,0.0,0.2,0.5505014604888857,0.2925541071090771,0.25744589289092296,73.95833333333334,32.29166666666667,73.95833333333334,32.29166666666667,-3.281616017260062
direct_safesac,4,652.725315041172,258.5179268799303,652.725315041172,11911.244805212555,0.0,0.0,7520.167559878711,631.3502646329428,433.79999999999995,433.79999999999995,100.0,433.79999999999995,1.0,2427.4776949080547,0.30343471186350685,676.4698656123257,676.4698656123257,0.0,0.0,147.2696676419046,135.72058928819433,100.0,100.0,0.0,0.0,100.0,0.0,100.0,0.0,0.3957214363141476,0.5618499670910223,0.3957214363141476,0.15427856368585247,26.041666666666668,21.875,26.041666666666668,21.875,-2.6928950716659408
direct_safesac,4,629.3732827110375,250.22217765570966,629.3732827110375,12315.198065430852,0.0,0.0,7351.795855416201,596.9693557794188,384.09999999999997,384.09999999999997,100.00000000000001,384.09999999999997,1.0000000000000002,2056.316634976334,0.25703957937204175,676.4698656123257,676.4698656123257,0.0,0.0,136.88966043580967,126.31917245914083,100.0,100.0,0.0,0.0,100.0,0.0,100.0,0.0,0.4063687872317075,0.5765004231424989,0.4063687872317075,0.14363121276829255,20.833333333333336,23.958333333333336,20.833333333333336,23.958333333333336,-2.6064810172469755
direct_safesac,4,515.9777360589433,228.0212661393359,515.9777360589433,11734.253179840116,0.0,0.0,6342.0778080586915,540.4756238730741,593.2,593.2,100.0,593.2,1.0,3076.49220963702,0.3845615262046275,676.4698656123257,676.4698656123257,0.0,0.0,172.44464877196344,142.488801552665,100.0,100.0,0.0,0.0,100.0,0.0,100.0,0.0,0.3879020892386008,0.5655232117096697,0.4021684842653207,0.14783151573467934,53.125,20.833333333333336,53.125,20.833333333333336,-2.375221522284749
direct_safesac,4,340.57186687882324,163.3467483828257,340.57186687882324,11126.8235714199,0.0,0.0,4357.1144401655165,391.58654868556556,950.6000000000001,950.6000000000001,100.0,950.6000000000001,1.0,3001.8638790491377,0.3752329848811422,676.4698656123257,676.4698656123257,0.0,0.0,169.3855043327223,142.4276439196474,100.0,100.0,0.0,0.0,100.0,0.0,100.0,0.0,0.4576076059086598,0.5593753650982923,0.4576076059086598,0.09239239409134026,51.041666666666664,15.625,51.041666666666664,15.625,-1.7015286289877676
direct_safesac,4,318.41702293128526,174.32318917583137,318.41702293128526,8786.07783700266,0.0,0.0,4568.18258771392,519.9342269055448,767.5,767.5,100.0,767.5,1.0,3556.2104746699333,0.44452630933374165,676.4698656123257,676.4698656123257,0.0,0.0,197.58435938363755,157.44362425705248,100.0,100.0,0.0,0.0,100.0,0.0,100.0,0.0,0.4306327674006081,0.558927236776799,0.4306327674006081,0.11936723259939197,81.25,3.125,81.25,3.125,-1.8158665539149101
direct_safesac,4,391.6464640267287,186.11752862924584,391.6464640267287,7410.164456376891,0.0,0.0,4625.076352607431,624.1529968511394,278.4,278.4,100.0,278.4,1.0,3581.3951052725315,0.44767438815906646,569.8228648367173,569.8228648367173,0.0,0.0,168.75956293535378,154.56953899798398,100.0,100.0,0.0,0.0,100.0,0.0,100.0,0.0,0.3801522997933391,0.538517051464633,0.39011858644748193,0.15988141355251811,79.16666666666666,0.0,79.16666666666666,0.0,-1.938724256554644
direct_safesac,4,562.2922816401549,333.21607349198837,562.2922816401549,11855.203197729234,0.0,0.0,6635.926002199656,559.7479766074962,447.20000000000005,447.20000000000005,100.0,447.20000000000005,1.0,3462.596195181733,0.4328245243977166,781.7709401903224,781.7709401903224,12.0,157.91086971356142,196.41304872970514,175.6941170646002,100.0,100.0,1.0,1.0,100.0,0.0,100.0,0.0,0.2,0.5329962830010214,0.283039802828149,0.26696019717185104,64.58333333333334,34.375,64.58333333333334,34.375,-3.4710007655415454
direct_safesac,4,501.3719366722189,210.93658005219538,501.3719366722189,12751.956164725427,0.0,0.0,5886.806345787226,461.63947473967653,329.9,329.9,100.0,329.9,1.0,2487.1567221284586,0.3108945902660573,676.4698656123257,676.4698656123257,0.0,0.0,144.81177594374913,121.51993421225602,100.0,100.0,0.0,0.0,100.0,0.0,100.0,0.0,0.3858807730489955,0.5480500164000612,0.3914546467438836,0.15854535325611646,39.58333333333333,31.25,39.58333333333333,31.25,-2.1972560422103684
direct_safesac,4,376.4972313940759,185.19419429170114,376.4972313940759,12523.509861664437,0.0,0.0,4477.631791136528,357.53808960880457,496.1,496.1,100.0,496.1,1.0,3410.2999583302903,0.4262874947912863,676.4698656123257,676.4698656123257,0.0,0.0,155.96939202608564,130.07771603445056,87.5,87.5,1.0,0.0,0.0,6.517157879185447,87.5,1.6292894697963618,0.2621040971599526,0.61978610001133,0.32739785557957884,0.2226021444204212,34.375,29.166666666666668,34.375,29.166666666666668,-1.9291061905385536
direct_safesac,4,501.119376752408,257.83284666032034,501.119376752408,12324.79270649447,0.0,0.0,5388.770190707573,437.2300872750578,614.3000000000001,614.3000000000001,100.0,614.3000000000001,1.0,3776.0356829898456,0.47200446037373067,676.4698656123257,676.4698656123257,0.0,0.0,167.5906987183899,141.36518258712093,100.0,100.0,1.0,1.0,100.0,0.0,100.0,0.0,0.20439557821065757,0.5891915289161956,0.2912983124139992,0.2587016875860008,52.083333333333336,34.375,52.083333333333336,34.375,-2.685758819378337
direct_safesac,4,499.81351058198743,226.90630066916373,499.81351058198743,11594.551948250415,0.0,0.0,6485.594259909338,559.3656649136834,935.5,935.5,100.0,935.5,1.0,2794.464162272188,0.34930802028402347,676.4698656123257,676.4698656123257,0.0,0.0,183.16927927850682,151.23882215188408,100.0,100.0,0.0,0.0,100.0,0.0,100.0,0.0,0.4047280151186218,0.5552923237439246,0.4256918814898515,0.12430811851014856,57.291666666666664,18.75,57.291666666666664,18.75,-2.363607298637122
direct_safesac,4,419.5661272862686,205.754347844575,419.5661272862686,9741.493193701308,0.0,0.0,5723.683119827056,587.5570619428134,426.29999999999995,426.29999999999995,100.0,426.29999999999995,1.0,3499.77463090724,0.437471828863405,676.4698656123257,676.4698656123257,0.0,0.0,183.40000951364598,152.9465206256929,100.0,100.0,0.0,0.0,100.0,0.0,100.0,0.0,0.3905540961987875,0.5479823317966963,0.4437544613185324,0.10624553868146763,84.375,6.25,84.375,6.25,-2.1432744567143227
direct_safesac,4,352.67601405011214,168.4524128108526,352.67601405011214,7398.330847290694,0.0,0.0,3895.0625029663975,526.4785508197149,616.6,616.6,100.0,616.6,1.0,3563.815914094448,0.445476989261806,575.7065407601361,575.7065407601361,0.0,0.0,184.1933072769929,157.19859317708122,100.0,100.0,0.0,0.0,100.0,0.0,100.0,0.0,0.3877544490973412,0.5428222145689162,0.3877544490973412,0.16224555090265885,85.41666666666666,0.0,85.41666666666666,0.0,-1.7547126334463812
direct_safesac,4,615.0874666452867,344.4327179659175,615.0874666452867,12134.33596372126,0.0,0.0,6575.940535817288,541.9283391755235,679.0,679.0,100.0,679.0,1.0,3451.709700991798,0.43146371262397476,852.3146944615239,852.3146944615239,12.0,334.51535683379757,202.16148045783532,182.138839035196,87.5,87.5,1.0,0.0,0.0,53.658501970423515,87.5,13.414625492605879,0.2,0.5332836087597045,0.2833484222284169,0.26665157777158316,57.291666666666664,38.54166666666667,57.291666666666664,38.54166666666667,-3.587840812144974
direct_safesac,4,613.3132169069712,245.1127633093364,613.3132169069712,12369.521448773892,0.0,0.0,6757.852790043364,546.3309811967887,1164.1000000000001,1164.1000000000001,100.0,1164.1000000000001,1.0,2532.364270640193,0.3165455338300241,676.4698656123259,676.4698656123259,0.0,5.684341886080802e-14,168.35630650595297,140.00804858099167,100.0,100.0,0.0,0.0,100.0,0.0,100.0,0.0,0.36910599347893497,0.5771772364825689,0.36910599347893497,0.18089400652106508,44.79166666666667,33.33333333333333,44.79166666666667,33.33333333333333,-2.553257951138921
direct_safesac,4,517.7791875055449,297.4503271445404,517.7791875055449,12741.64913186876,0.0,0.0,6204.631686450743,486.95672139739236,916.3,916.3,100.0,916.3,1.0,3279.5060757741057,0.4099382594717632,912.1182717028122,912.1182717028122,7.0,267.56567601016025,161.22389973509166,135.3882655591551,100.0,100.0,1.0,1.0,100.0,0.0,100.0,0.0,0.2,0.6142078722872727,0.27748950002160716,0.2725104999783929,29.166666666666668,34.375,29.166666666666668,34.375,-3.098440907755629
direct_safesac,4,379.9865084360883,230.05208655874603,379.9865084360883,12689.358073771524,0.0,0.0,4513.722955396251,355.7093218707386,617.4000000000001,617.4000000000001,100.0,617.4000000000001,1.0,3880.735499505116,0.4850919374381395,678.6141309606423,678.6141309606423,1.0,0.5360663370791485,160.746110079162,134.63295776080358,100.0,100.0,1.0,1.0,100.0,0.0,100.0,0.0,0.2,0.6038650551717311,0.30295101652137885,0.2470489834786212,56.25,37.5,56.25,37.5,-2.3963759016536046
direct_safesac,4,329.4410203355377,151.25042481521027,329.4410203355377,12759.059785583147,0.0,0.0,4127.726432354599,323.51337024211165,380.0,380.0,100.0,380.0,1.0,2588.8403403604507,0.32360504254505634,676.4698656123257,676.4698656123257,0.0,0.0,154.0950967372723,129.19122123365977,100.0,100.0,0.0,0.0,100.0,0.0,100.0,0.0,0.46851479469684826,0.5951010865590802,0.47768307602458526,0.07231692397541478,43.75,29.166666666666668,43.75,29.166666666666668,-1.5755252584917736
direct_safesac,4,23.043015247245826,97.55536499337092,23.043015247245826,10143.24375419341,0.0,0.0,2738.520247397818,269.98466306852396,476.1,476.1,100.0,476.1,1.0,3536.1595071852207,0.44201993839815257,676.4698656123257,676.4698656123257,0.0,0.0,179.79877857116102,152.60476713362286,100.0,100.0,0.0,0.0,100.0,0.0,100.0,0.0,0.49153281573168184,0.5970870741271589,0.49153281573168184,0.058467184268318206,73.95833333333334,1.0416666666666665,73.95833333333334,1.0416666666666665,-1.016201718680947
direct_safesac,4,206.21317390622522,132.65323036107176,206.21317390622522,7725.1751626745145,3.1399376952993805,3.1399376952993805,2979.25181614781,385.6549208803145,584.2,584.2,100.0,584.2,1.0,3565.868863463402,0.4457336079329252,627.5070092582692,627.5070092582692,0.0,0.0,191.27819413195635,161.1281285099307,100.0,100.0,0.0,0.0,100.0,0.0,100.0,0.0,0.41932832113516144,0.5644624831032401,0.41932832113516144,0.1306716788648386,84.375,0.0,84.375,0.0,-1.3818044829278309
direct_safesac,4,488.0456798191501,337.4614378875722,488.0456798191501,12467.120497648999,0.0,0.0,5565.212183169619,446.3911441474464,890.2,890.2,100.0,890.2,1.0,3244.406700508482,0.40555083756356025,877.5759142855072,877.5759142855072,16.0,440.76064828149936,198.96032404957162,179.2110698503719,87.5,87.5,1.0,0.0,0.0,299.2646194511595,87.5,74.81615486278987,0.2,0.5492461051595839,0.2558851022039772,0.29411489779602285,70.83333333333334,36.45833333333333,70.83333333333334,36.45833333333333,-3.5152233113288767
direct_safesac,4,552.4763659358885,248.79168347709304,552.4763659358885,13770.078940697314,0.0,0.0,7020.333799855144,509.8252399342916,424.4,424.4,100.0,424.4,1.0,3166.1922800373195,0.39577403500466496,676.4698656123259,676.4698656123259,0.0,2.842170943040401e-14,134.47403805194907,106.07118231923276,100.0,100.0,0.0,0.0,100.0,0.0,100.0,0.0,0.2562396635822988,0.5624565756746119,0.3089588688593492,0.24104113114065084,62.5,47.91666666666667,62.5,47.91666666666667,-2.591580036219719
direct_safesac,4,601.0136014297143,352.5211678514827,601.0136014297143,13801.119860764242,0.0,0.0,6962.9780990122945,504.52268868467877,328.1,328.1,100.0,328.1,1.0,3224.0070572115487,0.4030008821514436,954.0440728546614,954.0440728546614,12.0,543.9296079989316,167.74755004539293,137.11580448023798,100.0,100.0,1.0,1.0,100.0,0.0,100.0,0.0,0.2,0.5870152488444235,0.2614373426543199,0.28856265734568015,42.70833333333333,44.79166666666667,42.70833333333333,44.79166666666667,-3.672095498452945
direct_safesac,4,492.90360645540994,311.53851227932273,492.90360645540994,13419.058058761882,0.0,0.0,6191.352238098504,461.385010109253,335.9,335.9,100.0,335.9,1.0,3545.4806164640404,0.44318507705800503,836.7276647255151,836.7276647255151,13.0,300.84406298370504,169.35309831976184,135.48846466939892,100.0,100.0,1.0,1.0,100.0,0.0,100.0,0.0,0.2,0.5690571548712438,0.27292764941765885,0.2770723505823412,56.25,43.75,56.25,43.75,-3.245192836242945
direct_safesac,4,289.993570442657,156.62318615048116,289.993570442657,13450.812809326795,0.0,0.0,4238.873487520199,315.13883566805447,444.3,444.3,100.0,444.3,1.0,2711.565071319744,0.338945633914968,676.4698656123257,676.4698656123257,0.0,0.0,147.0693425560361,112.81206399656777,100.0,100.0,0.0,0.0,100.0,0.0,100.0,0.0,0.3673630135813757,0.5584330458813571,0.42926514594890636,0.12073485405109369,53.125,38.54166666666667,53.125,38.54166666666667,-1.6314915224008455
direct_safesac,4,161.40337461372997,122.80608262414745,161.40337461372997,10478.800334941427,0.0,0.0,3054.9932709850577,291.54036467306486,558.0,558.0,100.0,558.0,1.0,3529.1578256567627,0.4411447282070953,676.4698656123257,676.4698656123257,0.0,0.0,188.4235314441414,156.72370804847068,100.0,100.0,0.0,0.0,100.0,0.0,100.0,0.0,0.44161216043939155,0.5884417276775535,0.44161216043939155,0.10838783956060849,77.08333333333334,4.166666666666666,77.08333333333334,4.166666666666666,-1.2792300273348693
direct_safesac,4,337.3474827562753,167.78263279174098,337.3474827562753,8052.424592976357,0.0,0.0,3983.295743410551,494.67035641475474,555.5999999999999,555.5999999999999,100.0,555.5999999999999,1.0,3571.2049059569836,0.44640061324462293,635.1110578554502,635.1110578554502,0.0,0.0,189.5889982079778,156.44355208135164,100.0,100.0,0.0,0.0,100.0,0.0,100.0,0.0,0.39043953898411754,0.5558795277494938,0.39043953898411754,0.1595604610158825,85.41666666666666,0.0,85.41666666666666,0.0,-1.7477357582473019
direct_safesac,4,492.9033492589456,401.6888800258532,492.9033492589456,13642.08576257815,0.0,0.0,6015.52285116443,440.9533084497767,659.9,659.9,100.0,659.9,1.0,3138.271301770071,0.3922839127212589,996.5413985647466,996.5413985647466,18.0,855.1318489904851,202.01717213252917,170.43411644144447,62.5,62.5,1.0,0.0,0.0,333.5112852757579,62.5,229.10913000606965,0.2,0.5372506900053275,0.23996475774095358,0.31003524225904644,72.91666666666666,41.66666666666667,72.91666666666666,41.66666666666667,-4.184259166935971
direct_safesac,4,572.7924222612131,295.1130461944951,572.7924222612131,14017.69424300908,0.0,0.0,6965.691512790343,496.9213475507415,601.0,601.0,100.0,601.0,1.0,3503.956833457736,0.43799460418221703,829.5429351328514,829.5429351328514,3.0,68.67193718944839,144.4914489421156,101.95969100779,100.0,100.0,0.0,0.0,100.0,0.0,100.0,0.0,0.2,0.5748584749610126,0.25688574110453505,0.293114258895465,67.70833333333334,51.041666666666664,67.70833333333334,51.041666666666664,-3.074094231192657
direct_safesac,4,481.5626887403454,262.95098399897404,481.5626887403454,13922.885249963136,0.0,0.0,6119.630228406425,439.53750379596266,841.8,841.8,100.0,841.8,1.0,3474.3897856136246,0.4342987232017031,797.7858062316241,797.7858062316241,3.0,60.94328644955638,142.8562359324348,106.57266049625089,100.0,100.0,0.0,0.0,100.0,0.0,100.0,0.0,0.2,0.637080240917006,0.2639502118203013,0.2860497881796987,50.0,50.0,50.0,50.0,-2.739072749989313
direct_safesac,4,410.9896799698518,213.12184313671426,410.9896799698518,14077.210574286988,0.0,0.0,5597.1229325770155,397.60170546859285,547.9,547.9,100.0,547.9,1.0,3334.691430949515,0.4168364288686894,676.4698656123259,676.4698656123259,0.0,2.842170943040401e-14,140.5488085012132,98.53262195710988,100.0,100.0,0.0,0.0,100.0,0.0,100.0,0.0,0.2399988458505226,0.5791090037634619,0.297365475042788,0.25263452495721206,67.70833333333334,52.083333333333336,67.70833333333334,52.083333333333336,-2.2200191993407734
direct_safesac,4,388.9346897501209,209.22528763761488,388.9346897501209,13405.70739974617,0.0,0.0,6158.729134437958,459.4109770406126,623.5,623.5,100.0,623.5,1.0,2772.0095404054387,0.34650119255067985,676.4698656123257,676.4698656123257,0.0,0.0,158.22637569503934,116.67732217109074,100.0,100.0,0.0,0.0,100.0,0.0,100.0,0.0,0.34738232716157563,0.5543601977604024,0.3774374573228577,0.17256254267714233,65.625,38.54166666666667,65.625,38.54166666666667,-2.179430079558488
direct_safesac,4,297.18359534336975,177.21305755754491,297.18359534336975,10931.939614448065,0.0,0.0,5002.2102473641,457.57755931554817,314.4,314.4,100.0,314.4,1.0,3369.867446238107,0.42123343077976333,676.4698656123257,676.4698656123257,0.0,0.0,185.8825145127963,149.31993154094152,100.0,100.0,0.0,0.0,100.0,0.0,100.0,0.0,0.4282837204125366,0.556945280591026,0.44704288287498684,0.10295711712501321,68.75,11.458333333333332,68.75,11.458333333333332,-1.8459693495577596
direct_safesac,4,212.38586708416133,139.43088169965915,212.38586708416133,8416.989040296536,0.0,0.0,3265.9003647386307,388.01290450813883,328.3,328.3,100.0,328.3,1.0,3575.3937005996704,0.4469242125749588,638.3807327143227,638.3807327143227,0.0,0.0,190.93326834490225,157.35182498470724,100.0,100.0,0.0,0.0,100.0,0.0,100.0,0.0,0.4127023300023655,0.5588007741142065,0.4156682716643342,0.13433172833566587,81.25,0.0,81.25,0.0,-1.452405017704783
direct_safesac,4,343.7347513155559,307.788964807453,343.7347513155559,13863.540321116156,0.0,0.0,6128.171006200946,442.0350692720866,372.8,372.8,100.0,372.8,1.0,2951.2686204842284,0.3689085775605286,951.4660436896088,951.4660436896088,7.0,342.01446496103443,171.1854226621938,154.8338354653396,100.0,100.0,0.0,0.0,100.0,0.0,100.0,0.0,0.2,0.5534135469701141,0.23567592526346534,0.3143240747365347,82.29166666666666,53.125,82.29166666666666,53.125,-3.2061350500776356
direct_safesac,4,409.71582799788575,314.274697070674,409.71582799788575,14356.380815741482,0.0,0.0,7253.111165813244,505.21863824205286,265.6,265.6,100.0,265.6,1.0,3305.6355127743673,0.4132044390967959,937.0473729183504,937.0473729183504,9.0,317.6085789068319,152.1449291151816,105.18652335550682,100.0,100.0,0.0,0.0,100.0,0.0,100.0,0.0,0.2,0.553887307504192,0.25547561516369627,0.2945243848363038,66.66666666666666,52.083333333333336,66.66666666666666,52.083333333333336,-3.273694761152854
direct_safesac,4,486.48494605755457,300.11353952053594,486.48494605755457,14181.2182884996,0.0,0.0,8169.661648302378,576.0902541728482,541.3,541.3,100.0,541.3,1.0,3103.41318276024,0.38792664784503,710.1006905985959,710.1006905985959,2.0,15.211189524923356,131.59048333005578,94.39070868979275,100.0,100.0,0.0,0.0,100.0,0.0,100.0,0.0,0.2,0.604301487471538,0.25149375789341183,0.2985062421065882,46.875,51.041666666666664,46.875,51.041666666666664,-3.126182703338916
direct_safesac,4,539.2325098802173,295.7842132782607,539.2325098802173,14032.675792991136,0.0,0.0,8142.740068178259,580.2699491030279,414.8,414.8,100.0,414.8,1.0,3138.6460538367346,0.39233075672959183,676.4698656123257,676.4698656123257,0.0,0.0,144.47562895788224,96.85589377570908,100.0,100.0,0.0,0.0,100.0,0.0,100.0,0.0,0.21445297639180275,0.5652108704331393,0.2683596156082354,0.28164038439176464,59.375,53.125,59.375,53.125,-3.0810855549818825
direct_safesac,4,466.7187590629604,250.30662197899616,466.7187590629604,13347.570422936931,0.0,0.0,7524.177104717951,563.7113621658173,717.4,717.4,100.0,717.4,1.0,2822.7748293608975,0.3528468536701122,676.4698656123257,676.4698656123257,0.0,0.0,168.85282103625764,127.63752424926476,100.0,100.0,0.0,0.0,100.0,0.0,100.0,0.0,0.3187230663130218,0.5523058513645083,0.3621584479019412,0.18784155209805886,68.75,45.83333333333333,68.75,45.83333333333333,-2.6073606456145435
direct_safesac,4,311.0726865619047,183.1741168202258,311.0726865619047,10353.586229932582,0.0,0.0,4820.601569379405,465.59727830757583,1087.2,1087.2,100.0,1087.2,1.0,3357.3558313527865,0.41966947891909834,676.4698656123257,676.4698656123257,0.0,0.0,212.69913180168626,173.84222217281194,100.0,100.0,0.0,0.0,100.0,0.0,100.0,0.0,0.39957422043392943,0.550282363826409,0.4260833033222194,0.12391669667778066,69.79166666666666,12.5,69.79166666666666,12.5,-1.9080637168773522
direct_safesac,4,205.02957743502327,128.03988206497115,205.02957743502327,7738.335061557844,0.0,0.0,2712.774550772686,350.56307709510884,1053.8000000000002,1053.8000000000002,100.0,1053.8000000000002,1.0,3548.4234362840652,0.4435529295355082,610.9842504421435,610.9842504421435,0.0,0.0,197.03368226012566,160.8850850798827,100.0,100.0,0.0,0.0,100.0,0.0,100.0,0.0,0.4232279498120283,0.5545336433220656,0.4232279498120283,0.12677205018797172,80.20833333333334,0.0,80.20833333333334,0.0,-1.3337487715101162
direct_safesac,4,501.1983897850764,332.3675649723663,501.1983897850764,14060.232133690759,0.0,0.0,6570.604355957965,467.3183410829793,0.0,0.0,,0.0,,2971.6140445820483,0.37145175557275606,892.3535736431467,892.3535736431467,12.0,398.68823304426803,174.8306904388057,155.72573741503086,100.0,100.0,0.0,0.0,100.0,0.0,100.0,0.0,0.2,0.5533537860959769,0.24851825377771652,0.3014817462222835,78.125,55.208333333333336,78.125,55.208333333333336,-3.462162135128816
direct_safesac,5,466.51406888052236,210.45908882577197,466.51406888052236,10624.319058344083,0.0,0.0,5198.597164714102,489.31109242537764,1584.7,1584.7,100.0,1584.7,1.0,3076.449071511141,0.38455613393889265,676.4698656123257,676.4698656123257,0.0,0.0,197.29568841975697,178.93240417474212,100.0,100.0,0.0,0.0,100.0,0.0,100.0,0.0,0.34996928007587025,0.5507222096983421,0.37510001564005974,0.1748999843599403,54.166666666666664,13.541666666666666,54.166666666666664,13.541666666666666,-2.192282175268458
direct_safesac,5,454.44639467718935,187.36107037168273,454.44639467718935,11330.824396158967,0.0,0.0,5117.226260016637,451.61994230104955,1639.0,1639.0,100.0,1639.0,1.0,2611.463261827116,0.3264329077283895,676.4698656123257,676.4698656123257,0.0,0.0,164.73998989532956,137.96851597371676,100.0,100.0,0.0,0.0,100.0,0.0,100.0,0.0,0.43067716730170363,0.6162247716437644,0.48846485753754865,0.0615351424624514,39.58333333333333,12.5,39.58333333333333,12.5,-1.951677816371695
direct_safesac,5,450.54327544987416,206.02197314556537,450.54327544987416,10919.318115211703,0.0,0.0,5722.085885172815,524.0332614910611,1694.9,1694.9,100.0,1694.9,1.0,3293.4419572728775,0.4116802446591097,676.4698656123257,676.4698656123257,0.0,0.0,177.2927875787798,150.1934544786782,100.0,100.0,0.0,0.0,100.0,0.0,100.0,0.0,0.41790756498598736,0.6689662800097138,0.4253370092543332,0.12466299074566684,55.208333333333336,13.541666666666666,55.208333333333336,13.541666666666666,-2.1460622202663058
direct_safesac,5,515.203249568772,208.93676763493949,515.203249568772,11749.00271625014,0.0,0.0,5888.484723279993,501.19017464653257,939.8,939.8,100.0,939.8,1.0,2520.9159643993635,0.31511449554992044,676.4698656123257,676.4698656123257,0.0,0.0,166.81819218634286,145.4303707386173,100.0,100.0,0.0,0.0,100.0,0.0,100.0,0.0,0.41471626755732455,0.5718300259249478,0.5053817625158037,0.044618237484196355,44.79166666666667,26.041666666666668,44.79166666666667,26.041666666666668,-2.176424662863953
direct_safesac,5,400.215929833181,191.89033956530227,400.215929833181,10483.150057103916,0.0,0.0,5242.132400768749,500.05316839058446,1247.3000000000002,1247.3000000000002,100.0,1247.3000000000002,1.0,3032.369667741403,0.3790462084676754,676.4698656123257,676.4698656123257,0.0,0.0,178.90712356876625,147.9677896373486,100.0,100.0,0.0,0.0,100.0,0.0,100.0,0.0,0.4197830484504799,0.5580893635749817,0.4197830484504799,0.13021695154952012,40.625,10.416666666666668,40.625,10.416666666666668,-1.998857703805232
direct_safesac,5,259.624404278569,154.2560848828217,259.624404278569,8037.278517623549,0.0,0.0,3755.915313386554,467.3118276479857,1325.1,1325.1,100.0,1325.1,1.0,3554.6563491225243,0.44433204364031553,652.8095496175436,652.8095496175436,0.0,0.0,192.19390397240443,161.30781623868037,100.0,100.0,0.0,0.0,100.0,0.0,100.0,0.0,0.3558795247668107,0.5357900330894872,0.418480096710846,0.13151990328915403,55.208333333333336,0.0,55.208333333333336,0.0,-1.6068342175293928
direct_safesac,5,244.3956763933901,142.42696869515953,244.3956763933901,5387.4005629215535,111.84746350881616,111.84746350881616,2935.16124279896,544.8195671582364,1989.8,1967.6647509502154,98.88756412454596,1967.6647509502154,0.9888756412454596,3742.7199840545654,0.4678399980068207,508.76900174825965,508.76900174825965,0.0,0.0,196.97863877999595,167.84341458177428,100.0,100.0,0.0,0.0,100.0,0.0,100.0,0.0,0.3249137895730765,0.5424541934579608,0.37369954042087605,0.176300459579124,71.875,0.0,71.875,0.0,-1.4836142572412452
direct_safesac,5,395.90860203553353,194.28968143036064,395.90860203553353,11198.1733929464,0.0,0.0,5012.164674196954,447.5877000934866,779.3,779.3,100.0,779.3,1.0,2840.2688534065683,0.355033606675821,676.4698656123257,676.4698656123257,0.0,0.0,193.52483596564338,167.44968412190215,100.0,100.0,0.0,0.0,100.0,0.0,100.0,0.0,0.36913676692957165,0.5400086897479878,0.4097225804668845,0.14027741953311557,42.70833333333333,17.708333333333336,42.70833333333333,17.708333333333336,-2.0238508482329234
direct_safesac,5,403.4992997889469,178.91453829666517,403.4992997889469,11474.683989853205,0.0,0.0,4995.528736860804,435.3521841018222,1103.7,1103.7,100.0,1103.7,1.0,2587.98812723996,0.32349851590499495,676.4698656123257,676.4698656123257,0.0,0.0,171.09339504908695,141.98319396063638,100.0,100.0,0.0,0.0,100.0,0.0,100.0,0.0,0.4752899675200286,0.6075547690764848,0.47976835197638085,0.0702316480236192,41.66666666666667,18.75,41.66666666666667,18.75,-1.863693107256929
direct_safesac,5,350.40904852477286,164.57082170101003,350.40904852477286,11554.847069035673,0.0,0.0,4440.672614257563,384.3125389480525,1621.7,1621.7,100.0,1621.7,1.0,3094.739321035393,0.38684241512942413,676.4698656123257,676.4698656123257,0.0,0.0,173.2000121510517,146.8292735066437,100.0,100.0,0.0,0.0,100.0,0.0,100.0,0.0,0.5424188990521733,0.7368520658332174,0.5818604744211991,0.0318604744211991,56.25,15.625,56.25,15.625,-1.7142793927188544
direct_safesac,5,266.7843586715111,150.7622934079202,266.7843586715111,11447.799964840964,0.0,0.0,3667.433599346584,320.3614328176753,1678.0,1678.0,100.0,1678.0,1.0,2973.7815576502126,0.37172269470627656,676.4698656123257,676.4698656123257,0.0,0.0,179.31451677949636,152.9557178078292,100.0,100.0,0.0,0.0,100.0,0.0,100.0,0.0,0.5599179649135103,0.7363416309890138,0.6673972869401897,0.1173972869401897,56.25,18.75,56.25,18.75,-1.5704405563325021
direct_safesac,5,216.64826172760758,138.6158276780659,216.64826172760758,9251.504233639827,0.0,0.0,3540.4095778515816,382.684749251709,2333.3,2333.3,100.0,2333.3,1.0,3634.2042557895184,0.4542755319736898,676.4698656123257,676.4698656123257,0.0,0.0,182.93507009977347,153.8311206495652,100.0,100.0,0.0,0.0,100.0,0.0,100.0,0.0,0.4763524656159434,0.7632869162085058,0.4763524656159434,0.07364753438405663,70.83333333333334,3.125,70.83333333333334,3.125,-1.4439148716465198
direct_safesac,5,141.60224640482863,114.02586725966961,141.60224640482863,7228.93657052185,0.0,0.0,2742.547015389478,379.38457318508415,2325.2,2325.2,100.0,2325.2,1.0,3762.8541581332684,0.4703567697666585,562.4438456380408,562.4438456380408,0.0,0.0,174.22338312352042,151.31458705843352,100.0,100.0,0.0,0.0,100.0,0.0,100.0,0.0,0.3562019756406938,0.6376797318458557,0.4977437125430684,0.05225628745693167,54.166666666666664,0.0,54.166666666666664,0.0,-1.1877694506215584
direct_safesac,5,171.96401829014934,116.82194381851953,171.96401829014934,4682.184937394407,94.92343717754957,94.92343717754957,2263.6342291359542,483.45681757620747,2654.2000000000003,2574.837916189506,97.0099433422314,2574.837916189506,0.970099433422314,3665.9267887473106,0.45824084859341385,438.89576466705387,438.89576466705387,0.0,0.0,178.11215984075363,155.4060991086038,100.0,100.0,0.0,0.0,100.0,0.0,100.0,0.0,0.36578407681007935,0.6183910090946834,0.36578407681007935,0.1842159231899207,64.58333333333334,0.0,64.58333333333334,0.0,-1.2168952481095785
direct_safesac,5,414.505503094759,223.6049766530101,414.505503094759,9418.972784245403,0.0,0.0,5167.081054671351,548.5822257936707,2018.2,2018.2,100.0,2018.2,1.0,3532.7348089866573,0.44159185112333216,676.4698656123257,676.4698656123257,0.0,0.0,208.47810091054254,180.96806021688136,100.0,100.0,1.0,1.0,100.0,0.0,100.0,0.0,0.2555234598706155,0.5499581316697296,0.2925518584425509,0.25744814155744916,57.291666666666664,20.833333333333336,57.291666666666664,20.833333333333336,-2.3292185068021887
direct_safesac,5,418.5114694769416,186.6535662494632,418.5114694769416,10689.049748551151,0.0,0.0,5077.429801654701,475.01227153919103,1613.6999999999998,1613.6999999999998,100.0,1613.6999999999998,1.0,3015.984735981222,0.3769980919976528,676.4698656123257,676.4698656123257,0.0,0.0,168.62170637499207,144.32762043650624,100.0,100.0,0.0,0.0,100.0,0.0,100.0,0.0,0.42675418149434824,0.6215037957353703,0.4735532308414939,0.07644676915850612,47.91666666666667,10.416666666666668,47.91666666666667,10.416666666666668,-1.9443079817652418
direct_safesac,5,442.16730337270246,212.0856627752889,442.16730337270246,10384.761871073188,0.0,0.0,5380.777733961499,518.1416580142954,1563.5,1563.5,100.0,1563.5,1.0,3708.6365910925942,0.4635795738865743,676.4698656123257,676.4698656123257,0.0,0.0,190.7357454464552,164.97979381869052,100.0,100.0,1.0,1.0,100.0,0.0,100.0,0.0,0.31580524676682037,0.6597356949222176,0.3688985599965641,0.18110144000343592,48.95833333333333,19.791666666666664,48.95833333333333,19.791666666666664,-2.2092256539092596
direct_safesac,5,365.20465482505483,166.37300774762267,365.20465482505483,10592.354486970316,0.0,0.0,4532.809953523669,427.93223726599126,1555.2,1555.2,100.0,1555.2,1.0,2947.3328683234117,0.36841660854042646,676.4698656123257,676.4698656123257,0.0,0.0,177.87857708415623,150.255022934679,100.0,100.0,0.0,0.0,100.0,0.0,100.0,0.0,0.44386084078566007,0.6139841806160099,0.5337638277445733,0.01623617225542673,56.25,13.541666666666666,56.25,13.541666666666666,-1.733052164037736
direct_safesac,5,349.67978490059204,169.81217892018708,349.67978490059204,10239.420834709816,0.0,0.0,4584.148522289924,447.69607542161714,908.0,908.0,100.0,908.0,1.0,3234.573926965216,0.404321740870652,676.4698656123257,676.4698656123257,0.0,0.0,167.8577615750577,142.50449996739482,100.0,100.0,0.0,0.0,100.0,0.0,100.0,0.0,0.43200660241179556,0.5583072578534485,0.45109189977691344,0.0989081002230866,45.83333333333333,13.541666666666666,45.83333333333333,13.541666666666666,-1.7688768637519487
direct_safesac,5,261.89023758941437,161.79195601779796,261.89023758941437,7237.365791417889,0.0,0.0,4055.159662600715,560.3087890637429,1416.7,1416.7,100.0,1416.7,1.0,3322.276420891285,0.4152845526114106,577.2930026936401,577.2930026936401,0.0,0.0,188.54865611025073,157.8030991369679,100.0,100.0,0.0,0.0,100.0,0.0,100.0,0.0,0.36136785193591514,0.539991478229824,0.37001312264290276,0.17998687735709729,45.83333333333333,0.0,45.83333333333333,0.0,-1.6853328751853953
direct_safesac,5,274.62935394974687,153.5837735196019,274.62935394974687,5866.08526973068,45.434309075451,45.434309075451,3353.110431621548,571.609561989114,1177.4,1177.4,100.0,1177.4,1.0,3693.047685921192,0.46163096074014903,541.2768669213934,541.2768669213934,0.0,0.0,179.5334385636635,154.9457909342997,100.0,100.0,0.0,0.0,100.0,0.0,100.0,0.0,0.3282889267586566,0.5302631578947369,0.34587719510554454,0.2041228048944555,67.70833333333334,0.0,67.70833333333334,0.0,-1.5998309741625196
direct_safesac,5,452.35958866193357,230.81788343992585,452.35958866193357,9757.225935640068,0.0,0.0,5580.510490075003,571.9361760078916,1432.6,1432.6,100.0,1432.6,1.0,3584.7214302589236,0.44809017878236546,676.4698656123257,676.4698656123257,0.0,0.0,201.72170529589224,173.6909800356976,100.0,100.0,1.0,1.0,100.0,0.0,100.0,0.0,0.2669057661530174,0.5451968900891233,0.298083597479722,0.251916402520278,42.70833333333333,19.791666666666664,42.70833333333333,19.791666666666664,-2.4043529524992278
direct_safesac,5,463.74158316888133,211.9677559962803,463.74158316888133,10545.92412612979,0.0,0.0,5959.402137393659,565.0905568937255,1354.2,1354.2,100.0,1354.2,1.0,3035.5880255754573,0.3794485031969322,676.4698656123257,676.4698656123257,0.0,0.0,170.64274135522683,141.79508536739073,100.0,100.0,0.0,0.0,100.0,0.0,100.0,0.0,0.40297466037794943,0.6046112157731742,0.42825056917062915,0.1217494308293709,48.95833333333333,11.458333333333332,48.95833333333333,11.458333333333332,-2.2079974582945865
direct_safesac,5,409.5236543938908,194.2298389351276,409.5236543938908,11020.088921401242,0.0,0.0,5697.157220401502,516.9792422761221,1279.8000000000002,1279.8000000000002,100.0,1279.8000000000002,1.0,2875.7713304658832,0.3594714163082354,676.4698656123257,676.4698656123257,0.0,0.0,166.32857097716456,140.6775860297015,100.0,100.0,0.0,0.0,100.0,0.0,100.0,0.0,0.4518892959848437,0.6062732513080452,0.5081272167817227,0.041872783218277365,47.91666666666667,10.416666666666668,47.91666666666667,10.416666666666668,-2.023227488907579
direct_safesac,5,378.8233462828889,168.59296569867212,378.8233462828889,10687.977006284123,0.0,0.0,4597.455681117931,430.1520931804776,1652.3999999999999,1652.3999999999999,100.00000000000001,1652.3999999999999,1.0000000000000002,2998.2440453372574,0.37478050566715715,676.4698656123257,676.4698656123257,0.0,0.0,184.20914970809295,154.25417662711297,100.0,100.0,0.0,0.0,100.0,0.0,100.0,0.0,0.4855548457680883,0.6520886230871779,0.554628871320958,0.004628871320957906,48.95833333333333,13.541666666666666,48.95833333333333,13.541666666666666,-1.7561767260278345
direct_safesac,5,195.66150241274886,128.73083788011738,195.66150241274886,9978.029220744374,0.0,0.0,3124.7245019374186,313.1604881895014,2015.9,2015.9,100.0,2015.9,1.0,3441.27764668346,0.43015970583543245,676.4698656123257,676.4698656123257,0.0,0.0,175.88493553073206,149.46455758506013,100.0,100.0,0.0,0.0,100.0,0.0,100.0,0.0,0.5146752475047401,0.7314254094304633,0.6235648439835073,0.07356484398350727,59.375,6.25,59.375,6.25,-1.3409462279178894
direct_safesac,5,199.8538023441008,119.58539454948546,199.8538023441008,7754.219256412146,0.0,0.0,2784.63720292162,359.1125180809065,1225.4,1225.4,100.0,1225.4,1.0,3519.5533834397793,0.4399441729299724,634.0519798069497,634.0519798069497,0.0,0.0,167.01866507075937,147.73932414254554,100.0,100.0,0.0,0.0,100.0,0.0,100.0,0.0,0.4240905536735718,0.6010327122737897,0.4240905536735718,0.12590944632642825,72.91666666666666,0.0,72.91666666666666,0.0,-1.2456811932238068
direct_safesac,5,250.40290482395233,143.57415213638143,250.40290482395233,5553.0019203015145,34.149796044472346,34.149796044472346,3008.332469504547,541.7488617294053,1398.4,1398.4,100.0,1398.4,1.0,3592.0730218291283,0.44900912772864104,503.50809952867064,503.50809952867064,0.0,0.0,183.0256683501148,157.14948682944942,100.0,100.0,0.0,0.0,100.0,0.0,100.0,0.0,0.34394221298886757,0.5337477309139151,0.34875944764647426,0.20124055235352578,58.333333333333336,0.0,58.333333333333336,0.0,-1.4955640847539733
direct_safesac,5,484.29942481190756,238.9800444237999,484.29942481190756,9992.271902883429,0.0,0.0,5850.775008948508,585.5300041685389,1187.9,1187.9,100.0,1187.9,1.0,3515.7525979014454,0.43946907473768065,676.4698656123257,676.4698656123257,0.0,0.0,204.69284882473892,176.76549530639804,100.0,100.0,1.0,1.0,100.0,0.0,100.0,0.0,0.26834283992399255,0.5439776006139146,0.3036543600222533,0.24634563997774672,46.875,20.833333333333336,46.875,20.833333333333336,-2.489375462747916
direct_safesac,5,506.4425519271783,221.14818239137225,506.4425519271783,10269.963572230085,0.0,0.0,6016.61849948314,585.846138320494,1584.0,1584.0,100.0,1584.0,1.0,3000.218424450005,0.3750273030562506,676.4698656123257,676.4698656123257,0.0,0.0,182.8643135253282,152.19979066428456,100.0,100.0,0.0,0.0,100.0,0.0,100.0,0.0,0.39458098723383356,0.6056047752275462,0.39458098723383356,0.1554190127661665,42.70833333333333,10.416666666666668,42.70833333333333,10.416666666666668,-2.3036268999101277
direct_safesac,5,446.44936865086686,202.8748554798018,446.44936865086686,10227.251047070484,0.0,0.0,5567.665442314806,544.3951083912837,2027.8999999999999,2027.8999999999999,100.0,2027.8999999999999,1.0,3344.5202513007207,0.4180650314125901,676.4698656123257,676.4698656123257,0.0,0.0,184.19855259120556,153.94832861812833,100.0,100.0,0.0,0.0,100.0,0.0,100.0,0.0,0.43254404809178904,0.6546608186179514,0.4674976049265004,0.08250239507349966,50.0,13.541666666666666,50.0,13.541666666666666,-2.1132797445812685
direct_safesac,5,360.73690836999424,176.64839642024089,360.73690836999424,11220.485569300818,0.0,0.0,5175.082845347899,461.2173700848469,757.2,757.2,100.0,757.2,1.0,2745.93497875979,0.3432418723449737,676.4698656123257,676.4698656123257,0.0,0.0,161.6321256612982,146.98803612616393,100.0,100.0,0.0,0.0,100.0,0.0,100.0,0.0,0.4673224396189966,0.571536460772777,0.5135945254356049,0.036405474564395135,51.041666666666664,14.583333333333334,51.041666666666664,14.583333333333334,-1.8400874627108426
direct_safesac,5,293.8582563962292,146.8708257351144,293.8582563962292,10603.781828623276,0.0,0.0,4052.793063183265,382.20260739836937,819.0,819.0,100.0,819.0,1.0,3018.892496353276,0.3773615620441595,676.4698656123257,676.4698656123257,0.0,0.0,164.80502353006852,138.37767912099181,100.0,100.0,0.0,0.0,100.0,0.0,100.0,0.0,0.4560837138154982,0.5587600178085268,0.5168891212285187,0.033110878771481334,42.70833333333333,10.416666666666668,42.70833333333333,10.416666666666668,-1.529904434740775
direct_safesac,5,229.01821148209282,149.4993288079778,229.01821148209282,7950.093011159854,0.0,0.0,4018.1558642395576,505.42249739708916,700.5,700.5,100.0,700.5,1.0,2841.8354742228985,0.3552294342778623,592.0047392485551,592.0047392485551,0.0,0.0,166.0518513968772,131.91957065785675,100.0,100.0,0.0,0.0,100.0,0.0,100.0,0.0,0.3947928884365644,0.5525903173722327,0.3947928884365644,0.15520711156343564,43.75,0.0,43.75,0.0,-1.5572846750831022
direct_safesac,5,250.49447930197778,150.21296156124143,250.49447930197778,6169.9846856279455,48.06981061139901,48.06981061139901,3364.9340338185193,545.3715374134766,940.7,940.7,100.0,940.7,1.0,3543.0118806660175,0.44287648508325217,539.1449274659519,539.1449274659519,0.0,0.0,179.52391996390438,154.02965870731825,100.0,100.0,0.0,0.0,100.0,0.0,100.0,0.0,0.3354180190878871,0.5302631578947369,0.35948239356622463,0.1905176064337754,60.416666666666664,0.0,60.416666666666664,0.0,-1.5647183495962649
direct_safesac,5,491.4267721011414,230.83253385299213,491.4267721011414,10778.301848227185,0.0,0.0,6150.857570368931,570.6703761855235,715.9,715.9,100.0,715.9,1.0,3146.9878532185385,0.39337348165231734,676.4698656123257,676.4698656123257,0.0,0.0,192.62262323349617,166.3034784720048,100.0,100.0,0.0,0.0,100.0,0.0,100.0,0.0,0.34753259512448786,0.5421573224799203,0.3544090796569206,0.19559092034307946,54.166666666666664,17.708333333333336,54.166666666666664,17.708333333333336,-2.404505560968668
direct_safesac,5,597.652433018258,241.79158607717528,597.652433018258,11023.109737645165,0.0,0.0,6687.985024896276,606.7239811698554,628.5,628.5,100.0,628.5,1.0,2960.1169805530117,0.3700146225691265,676.4698656123257,676.4698656123257,0.0,0.0,174.08971435284602,145.81566381037317,100.0,100.0,0.0,0.0,100.0,0.0,100.0,0.0,0.3892628959200683,0.5855781578375254,0.3892628959200683,0.16073710407993175,44.79166666666667,14.583333333333334,44.79166666666667,14.583333333333334,-2.518662354970576
direct_safesac,5,473.59844542890426,208.29277115019067,473.59844542890426,11011.205364500547,0.0,0.0,5826.962950371889,529.1848401227409,1100.6999999999998,1100.6999999999998,100.0,1100.6999999999998,1.0,2880.552030776176,0.36006900384702195,676.4698656123257,676.4698656123257,0.0,0.0,178.4412479487475,147.47129434394066,100.0,100.0,0.0,0.0,100.0,0.0,100.0,0.0,0.43232709982285367,0.595274205733032,0.4702268028014822,0.07977319719851783,50.0,11.458333333333332,50.0,11.458333333333332,-2.1697163661478194
direct_safesac,5,510.5267939936319,238.80051315502268,510.5267939936319,10727.823515549451,0.0,0.0,6384.835525223083,595.1659734119021,656.3,656.3,100.0,656.3,1.0,3311.5515472165735,0.4139439434020717,676.4698656123257,676.4698656123257,0.0,0.0,174.31876756604342,148.10890056126811,100.0,100.0,1.0,1.0,100.0,0.0,100.0,0.0,0.2844129900704292,0.5705477984125326,0.3228034699119018,0.22719653008809826,36.45833333333333,19.791666666666664,36.45833333333333,19.791666666666664,-2.4875053453648195
direct_safesac,5,437.28729968636264,207.68448420305177,437.28729968636264,10369.647137982553,0.0,0.0,5913.069432640097,570.228606042086,615.2,615.2,100.0,615.2,1.0,2836.618456046487,0.3545773070058109,676.4698656123257,676.4698656123257,0.0,0.0,164.15338312008637,137.30119139386923,100.0,100.0,0.0,0.0,100.0,0.0,100.0,0.0,0.3592155602917469,0.5367096778593565,0.4196466653407171,0.13035333465928295,30.208333333333332,9.375,30.208333333333332,9.375,-2.1633800437817894
direct_safesac,5,321.91557241539414,173.9894449233655,321.91557241539414,7675.693158915104,0.0,0.0,4386.73416169701,571.5098390302302,1260.8,1260.8,100.0,1260.8,1.0,3392.6158994436264,0.4240769874304533,628.9855958317721,628.9855958317721,0.0,0.0,191.29175606721722,160.61020120230077,100.0,100.0,0.0,0.0,100.0,0.0,100.0,0.0,0.3528069089274659,0.5316317444569186,0.3974763110451597,0.15252368895484036,48.95833333333333,0.0,48.95833333333333,0.0,-1.8123900512850575
direct_safesac,5,266.9128053790313,147.01963210431398,266.9128053790313,6436.369503957912,65.0824151471892,65.0824151471892,3153.612237508023,489.967556332615,773.1,773.1,100.0,773.1,1.0,3751.0424338281155,0.46888030422851446,523.5978767848259,523.5978767848259,0.0,0.0,180.71486921062348,159.65580031256943,100.0,100.0,0.0,0.0,100.0,0.0,100.0,0.0,0.32558248148544816,0.5302631578947369,0.396338416295322,0.15366158370467803,59.375,0.0,59.375,0.0,-1.531454501086604
direct_safesac,5,483.4578829299586,208.68210172204277,483.4578829299586,10857.701846001524,0.0,0.0,5150.830408538467,474.3941656894291,725.6,725.6,100.0,725.6,1.0,2883.5820507331578,0.3604477563416447,676.4698656123257,676.4698656123257,0.0,0.0,196.58143111989207,173.12187384809658,100.0,100.0,0.0,0.0,100.0,0.0,100.0,0.0,0.37401198236859945,0.5381269841601974,0.38079650202083687,0.16920349797916318,53.125,23.958333333333336,53.125,23.958333333333336,-2.1737718929379457
direct_safesac,5,547.532517846318,217.50869027030888,547.532517846318,11201.373915845721,0.0,0.0,5919.427500684851,528.4554863677118,601.9,601.9,100.0,601.9,1.0,2933.891965150631,0.36673649564382893,676.4698656123257,676.4698656123257,0.0,0.0,168.91547515831752,140.74826680637776,100.0,100.0,0.0,0.0,100.0,0.0,100.0,0.0,0.42061104365783186,0.5877954732108326,0.42688429510379583,0.12311570489620421,47.91666666666667,14.583333333333334,47.91666666666667,14.583333333333334,-2.265715523649051
direct_safesac,5,503.61042021664855,203.9769251734051,503.61042021664855,11105.18369210277,0.0,0.0,5582.139635747804,502.66072048114177,1402.6000000000001,1402.6000000000001,99.99999999999999,1402.6000000000001,0.9999999999999999,2895.0132423599307,0.36187665529499136,676.4698656123257,676.4698656123257,0.0,0.0,181.83787109754655,152.14934903208942,100.0,100.0,0.0,0.0,100.0,0.0,100.0,0.0,0.45862595263378436,0.6174043504762938,0.5110792672440083,0.03892073275599173,52.083333333333336,12.5,52.083333333333336,12.5,-2.12475963722297
direct_safesac,5,445.1351486743682,196.77421161646453,445.1351486743682,11314.55551256907,0.0,0.0,5560.569312733907,491.4527403711797,497.19999999999993,497.19999999999993,100.0,497.19999999999993,1.0,2922.368809118451,0.3652961011398064,676.4698656123257,676.4698656123257,0.0,0.0,162.65369885469403,142.08121739947453,100.0,100.0,0.0,0.0,100.0,0.0,100.0,0.0,0.4148691168142828,0.5793535345997572,0.4148691168142828,0.13513088318571725,56.25,16.666666666666664,56.25,16.666666666666664,-2.049731371004839
direct_safesac,5,413.5419622774099,193.06004609120762,413.5419622774099,10841.677968307435,0.0,0.0,5422.902496606739,500.1903314652081,649.0999999999999,649.0999999999999,100.0,649.0999999999999,1.0,2646.580349838741,0.3308225437298426,676.4698656123257,676.4698656123257,0.0,0.0,169.90750250969398,144.97881846025703,100.0,100.0,0.0,0.0,100.0,0.0,100.0,0.0,0.3614066957486305,0.5399948420607629,0.46445494148906324,0.0855450585109368,33.33333333333333,6.25,33.33333333333333,6.25,-2.0110421467834128
direct_safesac,5,328.26020173189295,166.5023431857488,328.26020173189295,8793.110639615155,0.0,0.0,4520.78335740939,514.1278829180352,405.4,405.4,100.0,405.4,1.0,2478.85569781065,0.30985696222633125,596.353806900876,596.353806900876,0.0,0.0,158.10935642296775,126.23133493605171,100.0,100.0,0.0,0.0,100.0,0.0,100.0,0.0,0.3660774411506164,0.5411696503036901,0.4229651284663885,0.12703487153361154,36.45833333333333,0.0,36.45833333333333,0.0,-1.7343994081848833
direct_safesac,5,295.54728932647953,150.9895097452717,295.54728932647953,6865.733304305062,17.256944332088622,17.256944332088622,3410.4471291637583,496.7345770662669,584.7,584.7,100.0,584.7,1.0,3270.1643876731396,0.40877054845914246,533.1407279186571,533.1407279186571,0.0,0.0,176.65858570771945,148.61186443650016,100.0,100.0,0.0,0.0,100.0,0.0,100.0,0.0,0.3452457330836668,0.5302631578947369,0.403055468278594,0.14694453172140604,58.333333333333336,0.0,58.333333333333336,0.0,-1.5728073931799136
direct_safesac,5,532.8206631298003,286.2773092632856,532.8206631298003,10950.17103016322,0.0,0.0,5874.729337345414,536.4965826709876,733.5,733.5,100.0,733.5,1.0,3513.8448732669317,0.4392306091583665,687.608005431572,687.608005431572,1.0,2.784534954811562,189.14219083796607,172.23675803494243,100.0,100.0,1.0,1.0,100.0,0.0,100.0,0.0,0.2,0.5455159112026817,0.2633521383829769,0.28664786161702316,58.333333333333336,29.166666666666668,58.333333333333336,29.166666666666668,-2.9820553048258915
direct_safesac,5,655.540454437,260.9746419282228,655.540454437,11923.209049185018,0.0,0.0,7523.309267315677,630.9802366360351,433.79999999999995,433.79999999999995,100.0,433.79999999999995,1.0,2778.5667751739547,0.34732084689674436,676.4698656123257,676.4698656123257,0.0,0.0,155.65661185344254,133.43076502752095,100.0,100.0,0.0,0.0,100.0,0.0,100.0,0.0,0.38868524898598134,0.5958457437014942,0.3942123295814747,0.15578767041852537,30.208333333333332,18.75,30.208333333333332,18.75,-2.7184858534189877
direct_safesac,5,640.2134057845668,255.6605873526271,640.2134057845668,12484.08058790596,0.0,0.0,7450.556651163271,596.8045943552343,384.09999999999997,384.09999999999997,100.00000000000001,384.09999999999997,1.0000000000000002,2733.5200063965394,0.3416900007995674,676.4698656123257,676.4698656123257,0.0,0.0,158.17668754762997,134.99672023942796,100.0,100.0,0.0,0.0,100.0,0.0,100.0,0.0,0.4215495386954981,0.6043780261377047,0.4399571649021572,0.11004283509784285,30.208333333333332,20.833333333333336,30.208333333333332,20.833333333333336,-2.663131118256532
direct_safesac,5,528.5513679846241,226.03550940823044,528.5513679846241,11978.270200484567,0.0,0.0,6476.055007310637,540.650269105522,593.2,593.2,100.0,593.2,1.0,2691.913402549864,0.33648917531873296,676.4698656123257,676.4698656123257,0.0,0.0,177.70730490360154,151.33203401826236,100.0,100.0,0.0,0.0,100.0,0.0,100.0,0.0,0.41273841097803904,0.579798386871133,0.4681867494583551,0.08181325054164496,41.66666666666667,21.875,41.66666666666667,21.875,-2.354536556335734
direct_safesac,5,348.55478863219224,161.49943886184633,348.55478863219224,11323.477710239807,0.0,0.0,4438.028392074097,391.93156957961713,950.6000000000001,950.6000000000001,100.0,950.6000000000001,1.0,2699.6817000086658,0.3374602125010832,676.4698656123257,676.4698656123257,0.0,0.0,172.18139039165956,146.61317696198662,100.0,100.0,0.0,0.0,100.0,0.0,100.0,0.0,0.45286779071449423,0.5581305817235261,0.5107125087456752,0.03928749125432485,38.54166666666667,9.375,38.54166666666667,9.375,-1.682285821477566
direct_safesac,5,306.02267297736944,165.97477633075923,306.02267297736944,8483.134257324344,0.0,0.0,4383.326437678063,516.7107232675818,767.5,767.5,100.0,767.5,1.0,2753.504989296198,0.3441881236620247,591.3676024560779,591.3676024560779,0.0,0.0,172.01992224444385,132.72653957870196,100.0,100.0,0.0,0.0,100.0,0.0,100.0,0.0,0.3650950864119159,0.5523729911074042,0.3650950864119159,0.18490491358808414,47.91666666666667,0.0,47.91666666666667,0.0,-1.7289039201120753
direct_safesac,5,387.55663900722357,179.7813575313413,387.55663900722357,7268.458086795388,16.088225928263483,16.088225928263483,4536.395451305823,624.1207415843941,278.4,278.4,100.0,278.4,1.0,2954.117676615715,0.3692647095769644,604.5589174360159,604.5589174360159,0.0,0.0,158.89534500655793,124.64498168429185,100.0,100.0,0.0,0.0,100.0,0.0,100.0,0.0,0.3218413169995734,0.5302631578947369,0.35866534057073296,0.19133465942926708,35.41666666666667,0.0,35.41666666666667,0.0,-1.8727224742848054
direct_safesac,5,564.1260644130052,303.4168680892915,564.1260644130052,11821.378648474614,0.0,0.0,6620.356022131984,560.0324817432568,447.20000000000005,447.20000000000005,100.0,447.20000000000005,1.0,3674.3860330522093,0.45929825413152614,676.4698656123257,676.4698656123257,0.0,0.0,190.58184015227403,168.9283756327458,100.0,100.0,1.0,1.0,100.0,0.0,100.0,0.0,0.20330009052691864,0.5352589183322657,0.27185549833482253,0.2781445016651775,48.95833333333333,36.45833333333333,48.95833333333333,36.45833333333333,-3.1605923759301198
direct_safesac,5,513.4455928860309,209.79200836130764,513.4455928860309,13078.931736285358,0.0,0.0,6018.010327064385,460.1301121840401,329.9,329.9,100.0,329.9,1.0,2548.2624645211026,0.31853280806513784,676.4698656123257,676.4698656123257,0.0,0.0,147.81248341420024,125.51601696666863,100.0,100.0,0.0,0.0,100.0,0.0,100.0,0.0,0.4401665712834189,0.5796425519722299,0.47252217503460486,0.07747782496539518,42.70833333333333,32.29166666666667,42.70833333333333,32.29166666666667,-2.185333420430288
direct_safesac,5,381.7663609918202,182.0618557925409,381.7663609918202,12778.321747384482,0.0,0.0,4562.459036368844,357.04681151127744,496.1,496.1,100.0,496.1,1.0,3473.0476111737053,0.43413095139671315,676.4698656123257,676.4698656123257,0.0,0.0,155.1454583165429,131.00989406969768,100.0,100.0,1.0,1.0,100.0,0.0,100.0,0.0,0.31233862482022706,0.6539216866915192,0.3903796603730201,0.15962033962697997,48.95833333333333,32.29166666666667,48.95833333333333,32.29166666666667,-1.8964776645056345
direct_safesac,5,504.36517307943217,219.69358493563033,504.36517307943217,12413.223960498031,0.0,0.0,5416.473581610719,436.3470439949594,614.3000000000001,614.3000000000001,100.0,614.3000000000001,1.0,3594.271683508146,0.44928396043851826,676.4698656123257,676.4698656123257,0.0,0.0,160.41690871219927,137.83156000256872,100.0,100.0,1.0,1.0,100.0,0.0,100.0,0.0,0.25691087213505254,0.6061973223841068,0.3157670559260048,0.23423294407399525,58.333333333333336,35.41666666666667,58.333333333333336,35.41666666666667,-2.2884748430794826
direct_safesac,5,497.87686261944805,226.2128940508157,497.87686261944805,11548.251012724995,0.0,0.0,6461.991560670775,559.5645222424,935.5,935.5,100.0,935.5,1.0,2583.5819517523587,0.32294774396904485,676.4698656123257,676.4698656123257,0.0,0.0,178.1921903317741,148.649799470313,100.0,100.0,0.0,0.0,100.0,0.0,100.0,0.0,0.382101118255799,0.5498182568110919,0.41680681381729484,0.1331931861827052,33.33333333333333,17.708333333333336,33.33333333333333,17.708333333333336,-2.3563843130293303
direct_safesac,5,409.3431571660775,200.06077781545866,409.3431571660775,9510.812840536619,0.0,0.0,5582.115677925235,586.9230918027697,426.29999999999995,426.29999999999995,100.0,426.29999999999995,1.0,2750.5241855978966,0.34381552319973707,641.0699117954248,641.0699117954248,0.0,0.0,166.71761518847006,133.43604175675105,100.0,100.0,0.0,0.0,100.0,0.0,100.0,0.0,0.3486241194360744,0.5313290783449224,0.3956205858608806,0.15437941413911943,35.41666666666667,0.0,35.41666666666667,0.0,-2.0839664355776946
direct_safesac,5,348.50321816962037,166.00196366395704,348.50321816962037,7261.1280202319285,4.71867007758955,4.71867007758955,3809.236191884997,524.606670102936,616.6,616.6,100.0,616.6,1.0,3254.4751323759556,0.40680939154699447,580.9920900045795,580.9920900045795,0.0,0.0,177.31702964925367,145.7687703292203,100.0,100.0,0.0,0.0,100.0,0.0,100.0,0.0,0.337922510021415,0.5302631578947369,0.3561959067178203,0.19380409328217973,53.125,0.0,53.125,0.0,-1.7291871214995524
direct_safesac,5,619.1150310322032,324.54404926164193,619.1150310322032,12113.493370393342,0.0,0.0,6564.198989152651,541.8914914500426,679.0,679.0,100.0,679.0,1.0,3720.7534323561777,0.4650941790445222,852.3146944615239,852.3146944615239,6.0,169.3804045943656,194.46312536681606,174.13047053309265,100.0,100.0,1.0,1.0,100.0,0.0,100.0,0.0,0.2,0.5430172104203822,0.27467936991073366,0.2753206300892664,51.041666666666664,35.41666666666667,51.041666666666664,35.41666666666667,-3.38066717980877
direct_safesac,5,618.5893752555421,245.92616505787873,618.5893752555421,12463.604749809034,0.0,0.0,6803.169708054259,545.8428636513443,1164.1000000000001,1164.1000000000001,100.0,1164.1000000000001,1.0,2760.782888278566,0.34509786103482076,676.4698656123259,676.4698656123259,0.0,2.842170943040401e-14,170.5948571380012,143.05960956671993,100.0,100.0,0.0,0.0,100.0,0.0,100.0,0.0,0.38826525799821,0.6005392604613606,0.38972739676835816,0.16027260323164189,48.95833333333333,33.33333333333333,48.95833333333333,33.33333333333333,-2.56173088601957
direct_safesac,5,520.0076391244799,298.56578738079355,520.0076391244799,12789.360660656323,0.0,0.0,6224.5489220074915,486.6974266474444,916.3,916.3,100.0,916.3,1.0,3789.080798629349,0.47363509982866864,912.1182717028122,912.1182717028122,6.0,246.60578682888737,173.9360963157972,147.59077402478906,100.0,100.0,1.0,1.0,100.0,0.0,100.0,0.0,0.2,0.5997567275438408,0.28289576950054907,0.267104230499451,59.375,38.54166666666667,59.375,38.54166666666667,-3.1100602852165995
direct_safesac,5,387.03830968108537,188.43960168764454,387.03830968108537,12886.977557653754,0.0,0.0,4588.787459051765,356.07941726618594,617.4000000000001,617.4000000000001,100.0,617.4000000000001,1.0,3721.741262628369,0.4652176578285461,676.4698656123257,676.4698656123257,0.0,0.0,154.2073941403702,129.29328685237033,100.0,100.0,1.0,1.0,100.0,0.0,100.0,0.0,0.2564051263655857,0.60777663009688,0.35446062259788114,0.1955393774021189,60.416666666666664,35.41666666666667,60.416666666666664,35.41666666666667,-1.9629125175796307
direct_safesac,5,338.77282108252246,149.31744225853373,338.77282108252246,12945.10292581323,0.0,0.0,4198.076764372747,324.29844617160643,380.0,380.0,100.0,380.0,1.0,2511.304243548064,0.313913030443508,676.4698656123257,676.4698656123257,0.0,0.0,151.704838703999,130.4370643475239,100.0,100.0,0.0,0.0,100.0,0.0,100.0,0.0,0.5171293087527364,0.5866665545189067,0.5252497659886564,0.024750234011343686,30.208333333333332,32.29166666666667,30.208333333333332,32.29166666666667,-1.555390023526393
direct_safesac,5,22.642819589098494,91.11771312032104,22.642819589098494,10252.190692189168,0.0,0.0,2762.9637681811946,269.4998416568873,476.1,476.1,100.0,476.1,1.0,3036.829150468111,0.37960364380851386,674.8082414541161,674.8082414541161,0.0,0.0,163.0277164625091,133.06110563507778,100.0,100.0,0.0,0.0,100.0,0.0,100.0,0.0,0.5169604444498885,0.5989259650063168,0.5252112709049536,0.02478872909504648,43.75,0.0,43.75,0.0,-0.9491428450033442
direct_safesac,5,221.2163205042208,130.39324313038045,221.2163205042208,7713.561487441355,0.0,0.0,3024.4675619509853,392.0974204814725,584.2,584.2,100.0,584.2,1.0,3298.0551213026047,0.4122568901628256,571.8359006537788,571.8359006537788,0.0,0.0,171.67747304612007,140.21737693647364,100.0,100.0,0.0,0.0,100.0,0.0,100.0,0.0,0.41102425956167277,0.5522368138190359,0.4206428677397533,0.12935713226024675,54.166666666666664,0.0,54.166666666666664,0.0,-1.3582629492747964
direct_safesac,5,489.51912961366423,313.6490519814577,489.51912961366423,12476.699638861737,0.0,0.0,5570.110311195682,446.4410038249385,890.2,890.2,100.0,890.2,1.0,3431.322763659661,0.42891534545745763,877.5759142855072,877.5759142855072,13.0,309.8006496258667,189.26798807135026,172.885389765381,100.0,100.0,1.0,1.0,100.0,0.0,100.0,0.0,0.2,0.5494054966067013,0.2558851022039772,0.29411489779602285,70.83333333333334,36.45833333333333,70.83333333333334,36.45833333333333,-3.2671776248068514
direct_safesac,5,552.931149536588,241.52098960276209,552.931149536588,13823.71450295443,0.0,0.0,7034.687742708042,508.8854910309798,424.4,424.4,100.0,424.4,1.0,2995.729185222845,0.3744661481528556,676.4698656123259,676.4698656123259,0.0,2.842170943040401e-14,128.47042598343518,99.3189531637446,100.0,100.0,0.0,0.0,100.0,0.0,100.0,0.0,0.28544406916133036,0.5916609812536434,0.32457226477232015,0.2254277352276799,53.125,48.95833333333333,53.125,48.95833333333333,-2.5158436416954384
direct_safesac,5,604.4551191548787,341.19567431902885,604.4551191548787,13820.195411962119,0.0,0.0,6979.366272470386,505.01212641533067,328.1,328.1,100.0,328.1,1.0,3596.2248639187915,0.44952810798984894,947.5607938780552,947.5607938780552,10.0,431.48716430136733,167.64423072865182,132.92222399152345,100.0,100.0,1.0,1.0,100.0,0.0,100.0,0.0,0.2,0.6084367392263462,0.2614373426543199,0.28856265734568015,53.125,44.79166666666667,53.125,44.79166666666667,-3.554121607489884
direct_safesac,5,492.93689370828054,286.3974601341888,492.93689370828054,13424.016039549671,0.0,0.0,6184.210917930755,460.68262282396785,335.9,335.9,100.0,335.9,1.0,3642.224805682209,0.45527810071027613,767.0336898559825,767.0336898559825,7.0,86.08816645243203,153.00404654593066,120.51212295136291,100.0,100.0,1.0,1.0,100.0,0.0,100.0,0.0,0.2,0.5916138984205844,0.27292764941765885,0.2770723505823412,60.416666666666664,43.75,60.416666666666664,43.75,-2.9833068763978
direct_safesac,5,293.92619903983547,148.94440651686335,293.92619903983547,13633.134858827936,0.0,0.0,4296.215872447413,315.130446293903,444.3,444.3,100.0,444.3,1.0,2388.989474883576,0.298623684360447,676.4698656123257,676.4698656123257,0.0,0.0,131.59674411360672,102.64596293022176,100.0,100.0,0.0,0.0,100.0,0.0,100.0,0.0,0.40999618812846206,0.559243169904133,0.4790439380315968,0.07095606196840326,46.875,39.58333333333333,46.875,39.58333333333333,-1.55150423455066
direct_safesac,5,159.48928418317936,112.18742669761485,159.48928418317936,10558.662369270045,0.0,0.0,3060.3482649330845,289.84242112333555,558.0,558.0,100.0,558.0,1.0,2674.6216647326946,0.33432770809158685,676.4698656123257,676.4698656123257,0.0,0.0,161.66145920072867,127.66293757544052,100.0,100.0,0.0,0.0,100.0,0.0,100.0,0.0,0.4725667388604823,0.6071431992668626,0.4725667388604823,0.07743326113951776,37.5,1.0416666666666665,37.5,1.0416666666666665,-1.1686190281001547
direct_safesac,5,337.06849363598565,166.01269796194086,337.06849363598565,7948.397887949731,0.0,0.0,3953.33896121653,497.375573914089,555.5999999999999,555.5999999999999,100.0,555.5999999999999,1.0,3212.771663814783,0.4015964579768479,581.2971095819089,581.2971095819089,0.0,0.0,175.44565994997475,146.82195385717662,100.0,100.0,0.0,0.0,100.0,0.0,100.0,0.0,0.36520702594793153,0.5403511530474613,0.36899696461513243,0.18100303538486762,45.83333333333333,0.0,45.83333333333333,0.0,-1.7292989371035505
direct_safesac,5,494.410657464475,377.8990810697453,494.410657464475,13651.47453671488,0.0,0.0,6018.957333160746,440.90162692484944,659.9,659.9,100.0,659.9,1.0,3321.4727663355284,0.41518409579194104,996.5413985647466,996.5413985647466,16.0,787.4293651996263,202.31906359678217,172.87951417568465,87.5,87.5,1.0,0.0,0.0,333.5112852757579,87.5,83.37782131893948,0.2,0.5336961160364905,0.23996475774095358,0.31003524225904644,63.541666666666664,44.79166666666667,63.541666666666664,44.79166666666667,-3.9364487611431804
direct_safesac,5,573.525216561236,280.5092405893691,573.525216561236,14039.218182278595,0.0,0.0,6968.31737256776,496.346540248496,601.0,601.0,100.0,601.0,1.0,3462.357424706038,0.4327946780882547,676.4698656123259,676.4698656123259,0.0,2.842170943040401e-14,136.97146812356863,94.62686951191448,100.0,100.0,0.0,0.0,100.0,0.0,100.0,0.0,0.2059217416859923,0.5988517790652808,0.26280748279052735,0.2871925172094727,63.541666666666664,53.125,63.541666666666664,53.125,-2.9219712561392615
direct_safesac,5,481.3448146506991,270.3048238793613,481.3448146506991,13934.775594040093,0.0,0.0,6123.930337726244,439.4710410941566,841.8,841.8,100.0,841.8,1.0,3706.4039354229444,0.46330049192786804,849.142230635366,849.142230635366,4.0,109.64153575281946,156.88335022909038,116.77758019375129,100.0,100.0,0.0,0.0,100.0,0.0,100.0,0.0,0.2,0.6242649121529894,0.2639502118203013,0.2860497881796987,67.70833333333334,53.125,67.70833333333334,53.125,-2.815675248743347
direct_safesac,5,411.0062782230787,208.5254526029236,411.0062782230787,14104.843824328993,0.0,0.0,5607.847499297337,397.58309763235667,547.9,547.9,100.0,547.9,1.0,3268.368490639975,0.4085460613299969,676.4698656123259,676.4698656123259,0.0,2.842170943040401e-14,139.3739196945451,97.36581102242707,100.0,100.0,0.0,0.0,100.0,0.0,100.0,0.0,0.2477671017564544,0.585925859138368,0.30513373094871976,0.24486626905128028,65.625,56.25,65.625,56.25,-2.1721401312804542
direct_safesac,5,390.3555681907295,205.04010824523144,390.3555681907295,13474.743343158842,0.0,0.0,6185.917136299149,459.0749507254811,623.5,623.5,100.0,623.5,1.0,2565.741701392679,0.32071771267408483,676.4698656123257,676.4698656123257,0.0,0.0,151.14690530545613,117.23302398853487,100.0,100.0,0.0,0.0,100.0,0.0,100.0,0.0,0.37945662980769806,0.5557187405478178,0.39736535161843,0.15263464838157004,42.70833333333333,40.625,42.70833333333333,40.625,-2.1358344608878275
direct_safesac,5,298.2134210933287,171.031506374371,298.2134210933287,10920.800364426254,0.0,0.0,4997.91865906105,457.6513160465255,314.4,314.4,100.0,314.4,1.0,2653.6095567047596,0.33170119458809494,667.8403463396154,667.8403463396154,0.0,0.0,167.9861820352991,132.86448947129884,100.0,100.0,0.0,0.0,100.0,0.0,100.0,0.0,0.4143984957705988,0.552608886640519,0.45344324090959226,0.09655675909040778,42.70833333333333,0.0,42.70833333333333,0.0,-1.7815781913996978
direct_safesac,5,225.59957535322098,133.2042859224934,225.59957535322098,8394.410560201864,0.0,0.0,3285.4653859301766,391.3872644622196,328.3,328.3,100.0,328.3,1.0,2870.1109685003757,0.358763871062547,589.572245112693,589.572245112693,0.0,0.0,164.8347236804544,129.74749831038417,100.0,100.0,0.0,0.0,100.0,0.0,100.0,0.0,0.3944542821472216,0.5446842734750948,0.41906425955901383,0.13093574044098621,43.75,0.0,43.75,0.0,-1.387544645025973
direct_safesac,5,343.5165212456454,286.6175033599833,343.5165212456454,13871.641585381098,0.0,0.0,6128.566095648738,441.80539541242536,372.8,372.8,100.0,372.8,1.0,3109.3471360130234,0.38866839200162795,879.0228222692366,879.0228222692366,5.0,171.82517338151297,163.58157733042378,148.79321834162417,100.0,100.0,0.0,0.0,100.0,0.0,100.0,0.0,0.2,0.5555484076496214,0.23567592526346534,0.3143240747365347,75.0,52.083333333333336,75.0,52.083333333333336,-2.9855989933331593
direct_safesac,5,410.9431054631641,300.6843868972356,410.9431054631641,14358.476796553765,0.0,0.0,7250.62927134905,504.97203666403544,265.6,265.6,100.0,265.6,1.0,3346.5340101627444,0.41831675127034307,877.8157250855693,877.8157250855693,7.0,200.32068258715648,141.15589177787527,98.27520397516793,100.0,100.0,0.0,0.0,100.0,0.0,100.0,0.0,0.2,0.5806972766108635,0.25547561516369627,0.2945243848363038,60.416666666666664,55.208333333333336,60.416666666666664,55.208333333333336,-3.1321290301795375
direct_safesac,5,488.1991084800821,306.7225922158184,488.1991084800821,14201.878435118728,0.0,0.0,8183.061013062659,576.1956807648346,541.3,541.3,100.0,541.3,1.0,3506.5509155078125,0.43831886443847656,801.9435510454348,801.9435510454348,3.0,48.395733391599066,147.9294494029696,100.86906536529598,100.0,100.0,0.0,0.0,100.0,0.0,100.0,0.0,0.2,0.5955687127697812,0.25149375789341183,0.2985062421065882,61.458333333333336,58.333333333333336,61.458333333333336,58.333333333333336,-3.1950270022481084
direct_safesac,5,541.2347125444027,280.42062945744965,541.2347125444027,14066.46360780068,0.0,0.0,8159.759269804252,580.0860470203176,414.8,414.8,100.0,414.8,1.0,3091.1055943366437,0.38638819929208046,676.4698656123257,676.4698656123257,0.0,0.0,138.87683314037142,92.61692077256338,100.0,100.0,0.0,0.0,100.0,0.0,100.0,0.0,0.23445283944682216,0.5852107334881587,0.27742757777618504,0.272572422223815,48.95833333333333,51.041666666666664,48.95833333333333,51.041666666666664,-2.9210482235151005
direct_safesac,5,467.57624071987027,244.11376734327482,467.57624071987027,13355.995826602273,0.0,0.0,7535.406967708153,564.1965650138377,717.4,717.4,100.0,717.4,1.0,2442.5595363036205,0.30531994203795254,676.4698656123257,676.4698656123257,0.0,0.0,153.27604525166686,118.21160990676827,100.0,100.0,0.0,0.0,100.0,0.0,100.0,0.0,0.3547507242771693,0.5484478432872517,0.3691453323159408,0.18085466768405922,27.083333333333332,40.625,27.083333333333332,40.625,-2.5428517431591127
direct_safesac,5,310.8155048535571,175.8434478110028,310.8155048535571,10332.600974955376,0.0,0.0,4805.557932286785,465.0869557369643,1087.2,1087.2,100.0,1087.2,1.0,2788.721354305744,0.348590169288218,676.4698656123257,676.4698656123257,0.0,0.0,193.07522940905213,157.96743190431866,100.0,100.0,0.0,0.0,100.0,0.0,100.0,0.0,0.3664534301516649,0.5438804871941868,0.42812506831142366,0.12187493168857638,43.75,2.083333333333333,43.75,2.083333333333333,-1.8317025813646124
direct_safesac,5,213.63839206256637,125.93221351270388,213.63839206256637,7790.410446860149,0.0,0.0,2727.199773445507,350.0713848196123,1053.8000000000002,1053.8000000000002,100.0,1053.8000000000002,1.0,3511.2604044377804,0.4389075505547225,595.1359669320985,595.1359669320985,0.0,0.0,187.54183342185448,156.58593641776133,100.0,100.0,0.0,0.0,100.0,0.0,100.0,0.0,0.3856426076855707,0.5431989296486504,0.4367406887781649,0.11325931122183513,62.5,0.0,62.5,0.0,-1.311793890757332
direct_safesac,5,500.975303341135,313.63691695458687,500.975303341135,14062.037533152263,0.0,0.0,6552.430385508325,465.9659291948624,0.0,0.0,,0.0,,3006.842480228327,0.3758553100285409,871.9803326676716,871.9803326676716,9.0,253.74138672723222,170.25267440529592,152.2433715098556,100.0,100.0,0.0,0.0,100.0,0.0,100.0,0.0,0.2,0.5521627517417074,0.24851825377771652,0.3014817462222835,63.541666666666664,55.208333333333336,63.541666666666664,55.208333333333336,-3.2670512182769467
residual_sac,1,466.0151966996943,194.71893463705175,466.0151966996943,10700.257006695789,0.0,0.0,5179.3304553269445,484.03794900308736,1584.7,1584.7,100.0,1584.7,1.0,3651.9228160775665,0.4564903520096958,613.9394803107994,613.9394803107994,0.0,0.0,135.2599405146049,132.48523473739624,100.0,100.0,0.0,0.0,100.0,0.0,100.0,0.0,0.297680619867564,0.6241455818850081,0.3867267599353087,0.16327324006469135,0.0,0.0,0.0,0.0,-2.0283222358026225
residual_sac,1,424.35790891905884,169.97326880449904,424.35790891905884,10517.727409053,0.0,0.0,4756.031742285188,452.19195718948686,1639.0,1639.0,100.0,1639.0,1.0,4005.009367193687,0.5006261708992109,555.2355888559521,555.2355888559521,0.0,0.0,67.08458675321438,50.060910917818546,100.0,100.0,0.0,0.0,100.0,0.0,100.0,0.0,0.2670454150056618,0.7866708331991424,0.2670454150056618,0.28295458499433823,0.0,0.0,0.0,0.0,-1.7705548833801983
residual_sac,1,423.3549331217914,183.7806417178186,423.3549331217914,10209.046809868638,0.0,0.0,5259.5702224680945,515.1871982195144,1694.9,1694.9,100.0,1694.9,1.0,3806.717819512419,0.47583972743905234,519.9915973045354,519.9915973045354,0.0,0.0,74.77755794899294,58.20870278403163,100.0,100.0,0.0,0.0,100.0,0.0,100.0,0.0,0.24095075201965743,0.7689851262250097,0.24095075201965743,0.3090492479803426,0.0,0.0,0.0,0.0,-1.9143816845606105
residual_sac,1,480.47718030560196,186.30693429286168,480.47718030560196,10932.229404172158,0.0,0.0,5501.5152147731715,503.2381787262516,939.8,939.8,100.0,939.8,1.0,2896.548359466348,0.3620685449332935,579.7993237102582,579.7993237102582,0.0,0.0,74.59573858334879,60.507521126419306,100.0,100.0,0.0,0.0,100.0,0.0,100.0,0.0,0.2744466532286317,0.6385796283091418,0.29610079083851476,0.2538992091614853,0.0,0.0,0.0,0.0,-1.9406972322173093
residual_sac,1,386.8295635484311,168.00215081762627,386.8295635484311,10442.470177704701,0.0,0.0,5100.480020786718,488.43615868557123,1247.3000000000002,1247.3000000000002,100.0,1247.3000000000002,1.0,3613.5871634932437,0.45169839543665546,588.8790118803645,588.8790118803645,0.0,0.0,74.08857705162822,63.40968646109104,100.0,100.0,0.0,0.0,100.0,0.0,100.0,0.0,0.34821576217557565,0.7771636015521085,0.40214328839879365,0.1478567116012064,0.0,0.0,0.0,0.0,-1.7500224043502737
residual_sac,1,239.43886215745704,125.62018222335547,239.43886215745704,7588.630357001435,0.0,0.0,3555.6931394194407,468.5553218623807,1325.1,1325.1,100.0,1325.1,1.0,2565.2615582850367,0.3206576947856296,534.1879886822182,534.1879886822182,0.0,0.0,99.67449054916138,93.55177907273173,100.0,100.0,0.0,0.0,100.0,0.0,100.0,0.0,0.3188633686217778,0.6557374627943491,0.3188633686217778,0.23113663137822227,0.0,0.0,0.0,0.0,-1.3085435648266195
residual_sac,1,218.44373714840182,113.45926635290834,218.44373714840182,4873.8549764279505,0.0,0.0,2622.9101224948427,538.1592466703173,1989.8,1989.8,100.0,1989.8,1.0,3969.347922072445,0.49616849025905563,371.56959306217067,371.56959306217067,0.0,0.0,109.1115593000409,98.41768965125084,100.0,100.0,0.0,0.0,100.0,0.0,100.0,0.0,0.2702354742451793,0.7785755887230392,0.2702354742451793,0.27976452575482075,0.0,0.0,0.0,0.0,-1.1818673578427952
residual_sac,1,386.2602447157783,182.79385976320526,386.2602447157783,11016.117204126245,0.0,0.0,4885.929705483639,443.5255739339396,779.3,779.3,100.0,779.3,1.0,2990.0849463853956,0.3737606182981745,632.3176286386133,632.3176286386133,0.0,0.0,137.52633159534227,134.71230184659362,100.0,100.0,0.0,0.0,100.0,0.0,100.0,0.0,0.2900472125033126,0.5468067877138735,0.3622266635858601,0.18777333641413996,0.0,0.0,0.0,0.0,-1.9041027058667215
residual_sac,1,376.22523368530483,166.4524594470071,376.22523368530483,10604.89638324728,0.0,0.0,4594.704573073607,433.262561653307,1103.7,1103.7,100.0,1103.7,1.0,3611.9649804924966,0.45149562256156206,599.4603014268218,599.4603014268218,0.0,0.0,72.89200716394483,57.612531911581755,100.0,100.0,0.0,0.0,100.0,0.0,100.0,0.0,0.2488987908237629,0.7517722161319247,0.2488987908237629,0.3011012091762372,0.0,0.0,0.0,0.0,-1.733879785906324
residual_sac,1,313.3557208996589,151.17530913250863,313.3557208996589,10247.24849264473,0.0,0.0,3933.0223181705437,383.8125249908391,1621.7,1621.7,100.0,1621.7,1.0,3984.2684662739866,0.49803355828424833,514.3931912918706,514.3931912918706,0.0,0.0,72.4003348667568,60.108929965645075,100.0,100.0,0.0,0.0,100.0,0.0,100.0,0.0,0.23946936145357578,0.7892746083845427,0.24311897662586593,0.30688102337413414,0.0,0.0,0.0,0.0,-1.5747428034636315
residual_sac,1,243.57449452879598,119.55029485069934,243.57449452879598,10035.660477675166,0.0,0.0,3231.49015944542,322.00074590347424,1678.0,1678.0,100.0,1678.0,1.0,3891.918042090645,0.48648975526133065,555.7260694882073,555.7260694882073,0.0,0.0,70.44618588066663,57.86335673183203,100.0,100.0,0.0,0.0,100.0,0.0,100.0,0.0,0.2874091439040154,0.7957575273247754,0.30211917094468005,0.24788082905532,0.0,0.0,0.0,0.0,-1.2453155713614514
residual_sac,1,190.62437945740254,118.6973037260517,190.62437945740254,8825.650219779727,0.0,0.0,3229.1246106231993,365.879513714038,2333.3,2333.3,100.0,2333.3,1.0,4120.642243302715,0.5150802804128394,509.31811083868456,509.31811083868456,0.0,0.0,93.16612524519219,69.61936194027844,100.0,100.0,0.0,0.0,100.0,0.0,100.0,0.0,0.33358899336632825,0.9,0.36350839125392015,0.1864916087460799,9.375,0.0,9.375,0.0,-1.236430247146372
residual_sac,1,133.00720018289388,95.33937056493541,133.00720018289388,6744.868303504498,0.0,0.0,2620.4578254130547,388.51134039956236,2325.2,2325.2,100.0,2325.2,1.0,3397.722841703929,0.42471535521299114,371.3139039236412,371.3139039236412,0.0,0.0,88.06387785385108,76.17817129939795,100.0,100.0,0.0,0.0,100.0,0.0,100.0,0.0,0.38125166324719345,0.7490654814879171,0.38125166324719345,0.1687483367528066,0.0,0.0,0.0,0.0,-0.9931184433847439
residual_sac,1,165.32070735018397,96.94263244717278,165.32070735018397,4430.438463864698,0.0,0.0,2139.03875162267,482.80520518882776,2654.2000000000003,2654.2000000000003,99.99999999999999,2654.2000000000003,0.9999999999999999,4281.469228100368,0.535183653512546,335.8373034122913,335.8373034122913,0.0,0.0,99.9630383340721,89.60386607795954,100.0,100.0,0.0,0.0,100.0,0.0,100.0,0.0,0.3186299696394333,0.8459475037999409,0.3186299696394333,0.23137003036056675,0.0,0.0,0.0,0.0,-1.009819087991383
residual_sac,1,444.1708768963073,195.9332235737511,444.1708768963073,9709.539900695423,0.0,0.0,5294.529457877554,545.2914877561135,2018.2,2018.2,100.0,2018.2,1.0,4279.114572025634,0.5348893215032042,576.5587986150865,576.5587986150865,0.0,0.0,126.97536521375471,121.31800768946677,100.0,100.0,1.0,1.0,100.0,0.0,100.0,0.0,0.28201570827665695,0.672350880899899,0.3557139521464797,0.19428604785352033,0.0,5.208333333333334,0.0,5.208333333333334,-2.0409710788932407
residual_sac,1,385.77680730068033,167.41463330844522,385.77680730068033,9841.844049848256,0.0,0.0,4638.981194880498,471.35284519693477,1613.6999999999998,1613.6999999999998,100.0,1613.6999999999998,1.0,4083.0995460822305,0.5103874432602789,552.4560108260896,552.4560108260896,0.0,0.0,66.56049483954949,50.22120047360659,100.0,100.0,0.0,0.0,100.0,0.0,100.0,0.0,0.24778316034582096,0.7705514824475925,0.24778316034582096,0.3022168396541791,0.0,0.0,0.0,0.0,-1.7439024302963044
residual_sac,1,441.88759105348936,185.9943664216391,441.88759105348936,9889.987345544685,0.0,0.0,5129.299687219552,518.6356168120111,1563.5,1563.5,100.0,1563.5,1.0,3851.8473935941583,0.4814809241992698,515.1602047238505,515.1602047238505,0.0,0.0,69.4367271317114,54.687943030148745,100.0,100.0,1.0,1.0,100.0,0.0,100.0,0.0,0.24040468337828758,0.7512170681032759,0.24320492998842239,0.3067950700115777,0.0,3.125,0.0,3.125,-1.937441316892074
residual_sac,1,339.76985608259423,147.040494320451,339.76985608259423,9648.680953831094,0.0,0.0,4142.170270043421,429.29912284007435,1555.2,1555.2,100.0,1555.2,1.0,3540.77795400936,0.44259724425117003,527.5077142527346,527.5077142527346,0.0,0.0,73.54212948577856,60.87412852793932,100.0,100.0,0.0,0.0,100.0,0.0,100.0,0.0,0.27708617864128093,0.7277990117276311,0.2899217497640798,0.26007825023592024,0.0,0.0,0.0,0.0,-1.5316718158380311
residual_sac,1,333.55601444430647,144.80136835255308,333.55601444430647,10010.243984022336,0.0,0.0,4422.197841646121,441.7672385113219,908.0,908.0,100.0,908.0,1.0,3041.7942624041657,0.38022428280052073,567.0260135374062,567.0260135374062,0.0,0.0,64.3822964126168,55.45455375686288,100.0,100.0,0.0,0.0,100.0,0.0,100.0,0.0,0.3474761892711554,0.7205747982307328,0.396195460153462,0.15380453984653802,0.0,0.0,0.0,0.0,-1.5083475870057612
residual_sac,1,233.66804246956946,135.5408350742103,233.66804246956946,6802.740607886056,0.0,0.0,3746.442651610333,550.7254895574412,1416.7,1416.7,100.0,1416.7,1.0,2875.8086879606417,0.3594760859950802,422.5034337530997,422.5034337530997,0.0,0.0,108.5662943582028,102.30427021160722,100.0,100.0,0.0,0.0,100.0,0.0,100.0,0.0,0.2666387602224758,0.6789229098991549,0.26694156899703764,0.2830584310029624,0.0,0.0,0.0,0.0,-1.4118836986896905
residual_sac,1,239.69258912834633,126.95448345786525,239.69258912834633,5338.551168488277,0.0,0.0,2989.4292069939847,559.9701328404622,1177.4,1177.4,100.0,1177.4,1.0,3488.642602404183,0.4360803253005229,388.43705690980966,388.43705690980966,0.0,0.0,103.9534559345197,92.64002302661538,100.0,100.0,0.0,0.0,100.0,0.0,100.0,0.0,0.2278159636641351,0.6854671785361139,0.2278159636641351,0.32218403633586495,0.0,0.0,0.0,0.0,-1.3224425360194296
residual_sac,1,480.44487926571435,203.50521188670535,480.44487926571435,10195.625901091633,0.0,0.0,5812.315019850407,570.0792748023532,1432.6,1432.6,100.0,1432.6,1.0,3529.3262697872033,0.44116578372340043,590.0588598701684,590.0588598701684,0.0,0.0,123.16120080135596,116.01233349117943,100.0,100.0,1.0,1.0,100.0,0.0,100.0,0.0,0.34337753912992064,0.6498791457546794,0.40853846095572144,0.1414615390442786,0.0,6.25,0.0,6.25,-2.119845957153181
residual_sac,1,431.49641381564385,191.94809004092232,431.49641381564385,9885.04112075331,0.0,0.0,5578.7712669276825,564.365003521861,1354.2,1354.2,100.0,1354.2,1.0,3814.1357226783457,0.47676696533479324,552.3823755262654,552.3823755262654,0.0,0.0,70.27897087312859,55.79065540805459,100.0,100.0,0.0,0.0,100.0,0.0,100.0,0.0,0.25265378994209325,0.746451013241532,0.25282447467111857,0.2971755253288815,0.0,0.0,0.0,0.0,-1.9994592712596075
residual_sac,1,382.6407076791711,181.3496998937919,382.6407076791711,9978.943475237882,0.0,0.0,5212.519387815933,522.3518302063211,1279.8000000000002,1279.8000000000002,100.0,1279.8000000000002,1.0,3430.2638084931514,0.4287829760616439,538.1644654936613,538.1644654936613,0.0,0.0,76.54091965903385,66.49145539849997,100.0,100.0,0.0,0.0,100.0,0.0,100.0,0.0,0.23881764544898854,0.7061522958323853,0.24038481836942588,0.30961518163057417,0.0,0.0,0.0,0.0,-1.8890593738936656
residual_sac,1,346.8079959639494,151.51904762102407,346.8079959639494,9565.73801053205,0.0,0.0,4088.116659887325,427.37075334764916,1652.3999999999999,1652.3999999999999,100.00000000000001,1652.3999999999999,1.0000000000000002,3684.8665015847228,0.4606083126980903,546.2798516431646,546.2798516431646,0.0,0.0,74.19557496994268,58.661018777638674,100.0,100.0,0.0,0.0,100.0,0.0,100.0,0.0,0.25279268746784705,0.7538640677303322,0.26489132146537214,0.2851086785346279,0.0,0.0,0.0,0.0,-1.5783234127190007
residual_sac,1,168.45017765556025,102.95841990172897,168.45017765556025,9299.329005528478,0.0,0.0,2864.929211299458,308.07913233269295,2015.9,2015.9,100.0,2015.9,1.0,4260.6137930060295,0.5325767241257536,517.574144122277,517.574144122277,0.0,0.0,65.73583143076559,55.28277033269736,100.0,100.0,0.0,0.0,100.0,0.0,100.0,0.0,0.4083880011630322,0.9,0.44315531323157464,0.1068446867684254,5.208333333333334,0.0,5.208333333333334,0.0,-1.0724835406430102
residual_sac,1,177.87804241487362,93.22874647904564,177.87804241487362,7290.861728910813,0.0,0.0,2521.398546922012,345.8299773981155,1225.4,1225.4,100.0,1225.4,1.0,2240.092451762973,0.2800115564703716,414.5160663452238,414.5160663452238,0.0,0.0,80.13151513522148,70.63491586595774,100.0,100.0,0.0,0.0,100.0,0.0,100.0,0.0,0.32451288851136245,0.6898118391247889,0.32451288851136245,0.2254871114886376,0.0,0.0,0.0,0.0,-0.9711327758233921
residual_sac,1,208.957963800816,117.74919199945211,208.957963800816,4994.426317435055,0.0,0.0,2589.1840795398675,518.4147117159939,1398.4,1398.4,100.0,1398.4,1.0,3457.7777604830803,0.432222220060385,348.5706583047903,348.5706583047903,0.0,0.0,103.24324511367362,91.87082825228572,100.0,100.0,0.0,0.0,100.0,0.0,100.0,0.0,0.21920335429152846,0.7106977983878997,0.21920335429152846,0.33079664570847156,0.0,0.0,0.0,0.0,-1.226554083327626
residual_sac,1,506.7588136328991,214.03830497043873,506.7588136328991,10292.18684847029,0.0,0.0,6008.1442366632955,583.7577888081458,1187.9,1187.9,100.0,1187.9,1.0,3632.7538765404415,0.4540942345675552,598.4063697447903,598.4063697447903,0.0,0.0,129.50581809625015,124.31801783986698,100.0,100.0,1.0,1.0,100.0,0.0,100.0,0.0,0.29741584727424375,0.6277131917109039,0.37723074940537216,0.1727692505946279,0.0,6.25,0.0,6.25,-2.2295656767754033
residual_sac,1,468.8255675222729,201.03719184343592,468.8255675222729,9730.297326051455,0.0,0.0,5654.774041647244,581.1512076313854,1584.0,1584.0,100.0,1584.0,1.0,3862.2733398943274,0.4827841674867909,588.1623369517524,588.1623369517524,0.0,0.0,74.84295003279004,58.01226198673248,100.0,100.0,0.0,0.0,100.0,0.0,100.0,0.0,0.24354459170848006,0.7453912900233235,0.24842764675874682,0.3015723532412532,0.0,0.0,0.0,0.0,-2.094137415035791
residual_sac,1,403.22440461835606,182.05052714023864,403.22440461835606,9352.353595424336,0.0,0.0,5066.807015293574,541.7681189655322,2027.8999999999999,2027.8999999999999,100.0,2027.8999999999999,1.0,3965.9868455642536,0.4957483556955317,483.3148053997681,483.3148053997681,0.0,0.0,75.52101461070433,59.70117896795273,100.0,100.0,0.0,0.0,100.0,0.0,100.0,0.0,0.2386811565502875,0.7638524384880204,0.24051268457156746,0.30948731542843255,0.0,0.0,0.0,0.0,-1.8963596577108193
residual_sac,1,332.98146961103976,154.78926786938754,332.98146961103976,10362.359688543389,0.0,0.0,4765.691961721752,459.9041246358872,757.2,757.2,100.0,757.2,1.0,2790.875845197297,0.34885948064966216,565.4635461670393,565.4635461670393,0.0,0.0,69.92258223549564,57.22453575581312,100.0,100.0,0.0,0.0,100.0,0.0,100.0,0.0,0.281594143684912,0.6285415433449753,0.2982042329857801,0.25179576701421996,0.0,0.0,0.0,0.0,-1.6123882069727868
residual_sac,1,279.8655084305258,127.70971191683304,279.8655084305258,10367.661037694967,0.0,0.0,3928.2065195796345,378.89033074069226,819.0,819.0,100.0,819.0,1.0,3114.6672046254553,0.3893334005781819,569.5494373277961,569.5494373277961,0.0,0.0,60.88081112194734,47.98198426142335,100.0,100.0,0.0,0.0,100.0,0.0,100.0,0.0,0.41159652055792706,0.7661906378528615,0.45655256349198586,0.09344743650801418,0.0,0.0,0.0,0.0,-1.3303094991336775
residual_sac,1,198.72215452434403,121.65573101868,198.72215452434403,7610.703148310433,0.0,0.0,3727.9270739210906,489.8268926372047,700.5,700.5,100.0,700.5,1.0,2107.092893069647,0.26338661163370586,426.4734766314612,426.4734766314612,0.0,0.0,90.75501557457486,85.378004796803,100.0,100.0,0.0,0.0,100.0,0.0,100.0,0.0,0.3142664800451128,0.6511095666265295,0.3192597552249091,0.23074024477509092,0.0,0.0,0.0,0.0,-1.26724719811125
residual_sac,1,212.90193345966398,122.8207844599342,212.90193345966398,5570.225677521083,0.0,0.0,2959.113207519549,531.2375797377823,940.7,940.7,100.0,940.7,1.0,3060.3031685013116,0.382537896062664,365.27287604512617,365.27287604512617,0.0,0.0,99.68802073456634,86.34913684800267,100.0,100.0,0.0,0.0,100.0,0.0,100.0,0.0,0.22757126214529613,0.6739883221907421,0.22757126214529613,0.32242873785470394,0.0,0.0,0.0,0.0,-1.279383171457648
residual_sac,1,504.5175565673965,215.83109502239114,504.5175565673965,11195.492112917917,0.0,0.0,6375.773180815066,569.4946784392247,715.9,715.9,100.0,715.9,1.0,2722.905654584537,0.34036320682306714,624.1206859446527,624.1206859446527,0.0,0.0,132.66176153486248,129.11873012781143,100.0,100.0,0.0,0.0,100.0,0.0,100.0,0.0,0.35038458504459113,0.5747302529602938,0.46428440767546403,0.08571559232453602,0.0,0.0,0.0,0.0,-2.2482405731499076
residual_sac,1,560.2129130958402,211.2305062462121,560.2129130958402,10592.19545381634,0.0,0.0,6406.463023442271,604.8286260743082,628.5,628.5,100.0,628.5,1.0,2624.253563017659,0.3280316953772074,612.3471005447964,612.3471005447964,0.0,0.0,78.00655038538825,61.77515480667353,100.0,100.0,0.0,0.0,100.0,0.0,100.0,0.0,0.27901334477049766,0.6494901883785376,0.28570135094972043,0.2642986490502796,0.0,0.0,0.0,0.0,-2.2003177733980426
residual_sac,1,435.030911284564,187.42025155142295,435.030911284564,10126.108257961532,0.0,0.0,5381.314180701764,531.4296513145382,1100.6999999999998,1100.6999999999998,100.0,1100.6999999999998,1.0,3324.3375199624143,0.4155421899953018,557.1819893405038,557.1819893405038,0.0,0.0,84.72424541963387,73.68436399847269,100.0,100.0,0.0,0.0,100.0,0.0,100.0,0.0,0.24296807511909582,0.7267357904047949,0.24296807511909582,0.30703192488090425,0.0,0.0,0.0,0.0,-1.952294286993989
residual_sac,1,512.2714105928478,206.74966597033057,512.2714105928478,10594.676829919677,0.0,0.0,6303.819182193489,594.9987227917437,656.3,656.3,100.0,656.3,1.0,2505.9381342521533,0.3132422667815192,607.6584424148164,607.6584424148164,0.0,0.0,79.65292855933534,63.93710086122155,100.0,100.0,1.0,1.0,100.0,0.0,100.0,0.0,0.2716779856348172,0.6030086613218879,0.29980817232682083,0.2501918276731792,0.0,8.333333333333332,0.0,8.333333333333332,-2.15364235385761
residual_sac,1,430.7512050900085,187.35186889000843,430.7512050900085,10367.598821921913,0.0,0.0,5932.15941046382,572.1825769261523,615.2,615.2,100.0,615.2,1.0,3187.3418958472785,0.3984177369809098,580.90564597292,580.90564597292,0.0,0.0,77.86953179528834,68.67379061877728,100.0,100.0,0.0,0.0,100.0,0.0,100.0,0.0,0.3538105832481007,0.7361384618555316,0.4146344999873029,0.13536550001269715,0.0,0.0,0.0,0.0,-1.9515819676042545
residual_sac,1,293.23821696919606,145.39313678438663,293.23821696919606,7271.852285464081,0.0,0.0,4112.27525023442,565.5058833434457,1260.8,1260.8,100.0,1260.8,1.0,2737.172768855108,0.3421465961068885,568.4961093819188,568.4961093819188,0.0,0.0,109.24242724870838,102.62775178998709,100.0,100.0,0.0,0.0,100.0,0.0,100.0,0.0,0.30479189571513504,0.6713722434208762,0.30479189571513504,0.245208104284865,0.0,0.0,0.0,0.0,-1.5145118415040273
residual_sac,1,242.44025673488787,115.41875932662178,242.44025673488787,5801.833390615469,0.0,0.0,2882.564102241817,496.83675972226246,773.1,773.1,100.0,773.1,1.0,3013.71962005954,0.37671495250744247,384.31772548924073,384.31772548924073,0.0,0.0,95.55926085932951,83.21192730218172,100.0,100.0,0.0,0.0,100.0,0.0,100.0,0.0,0.2632467470224237,0.6619207795443732,0.2632467470224237,0.28675325297757637,0.0,0.0,0.0,0.0,-1.2022787429856436
residual_sac,1,480.55404543107625,189.4519911789513,480.55404543107625,11049.605257124756,0.0,0.0,5205.351631067371,471.0893746825004,725.6,725.6,100.0,725.6,1.0,2808.192429725674,0.35102405371570927,622.8533938146468,622.8533938146468,0.0,0.0,129.90485375930191,125.73195016011596,100.0,100.0,0.0,0.0,100.0,0.0,100.0,0.0,0.3664046957439069,0.6154366250025599,0.42980265040375415,0.1201973495962459,0.0,0.0,0.0,0.0,-1.9734582414474093
residual_sac,1,511.36928054795516,190.82063492380075,511.36928054795516,10667.571827463953,0.0,0.0,5602.730001729729,525.2113688426591,601.9,601.9,100.0,601.9,1.0,3035.210343195088,0.379401292899386,605.5045415297964,605.5045415297964,0.0,0.0,75.45253593419838,57.28357434272766,100.0,100.0,0.0,0.0,100.0,0.0,100.0,0.0,0.28631590414724895,0.7019824201618283,0.2919583720767367,0.25804162792326335,0.0,0.0,0.0,0.0,-1.9877149471229245
residual_sac,1,459.12023119264353,185.46106382528777,459.12023119264353,10061.656976849194,0.0,0.0,5096.598869332251,506.53673456161187,1402.6000000000001,1402.6000000000001,99.99999999999999,1402.6000000000001,0.9999999999999999,3574.3842661221142,0.4467980332652643,534.6973277256434,534.6973277256434,0.0,0.0,78.90495461698163,66.84820037335157,100.0,100.0,0.0,0.0,100.0,0.0,100.0,0.0,0.2400886152959539,0.7492939507036818,0.24113870795627868,0.30886129204372137,0.0,0.0,0.0,0.0,-1.9318860815134142
residual_sac,1,429.24033931304405,173.68741564835292,429.24033931304405,10965.417284893761,0.0,0.0,5383.447292064851,490.947781757583,497.19999999999993,497.19999999999993,100.0,497.19999999999993,1.0,2565.286574651167,0.3206608218313959,585.5867541195712,585.5867541195712,0.0,0.0,66.31172522965213,51.57177550718188,100.0,100.0,0.0,0.0,100.0,0.0,100.0,0.0,0.30749576628102404,0.6309002202433437,0.33205070098642636,0.21794929901357368,0.0,0.0,0.0,0.0,-1.8092439130036764
residual_sac,1,409.88358634666037,175.05509575250127,409.88358634666037,10814.735132817135,0.0,0.0,5489.930782786856,507.6343262561976,649.0999999999999,649.0999999999999,100.0,649.0999999999999,1.0,3266.5833487437426,0.4083229185929678,596.7752457856179,596.7752457856179,0.0,0.0,74.87087562151277,62.67286250367761,100.0,100.0,0.0,0.0,100.0,0.0,100.0,0.0,0.38643274052292875,0.7519948285722462,0.4497563840004403,0.10024361599955972,0.0,0.0,0.0,0.0,-1.8234905807552215
residual_sac,1,307.2956939766625,142.49488721271686,307.2956939766625,8398.080364632073,0.0,0.0,4303.232146849255,512.4066405665769,405.4,405.4,100.0,405.4,1.0,2003.3206434417725,0.25041508043022154,536.2476214068633,536.2476214068633,0.0,0.0,89.00702655852585,79.47035199031234,100.0,100.0,0.0,0.0,100.0,0.0,100.0,0.0,0.3295552206956372,0.6076485321461493,0.33017822973555366,0.21982177026444638,0.0,0.0,0.0,0.0,-1.484321741799134
residual_sac,1,266.7357777918461,120.89248181771575,266.7357777918461,6373.458234616484,0.0,0.0,3179.3319835709726,498.83938460644595,584.7,584.7,100.0,584.7,1.0,2669.3986533157167,0.3336748316644646,431.7563971539366,431.7563971539366,0.0,0.0,98.24515393142812,86.8172681890428,100.0,100.0,0.0,0.0,100.0,0.0,100.0,0.0,0.2918518729640055,0.6680603162295696,0.2918518729640055,0.25814812703599455,0.0,0.0,0.0,0.0,-1.2592966856012058
residual_sac,1,550.8315244280753,212.83150379372037,550.8315244280753,11322.015550480199,0.0,0.0,6032.459547421853,532.8079192724655,733.5,733.5,100.0,733.5,1.0,3203.47609708892,0.40043451213611503,644.7687190586155,644.7687190586155,0.0,0.0,117.79593729824039,109.54684043046318,100.0,100.0,1.0,1.0,100.0,0.0,100.0,0.0,0.29137849146936956,0.6548892368135386,0.3604172904330297,0.18958270956697032,0.0,8.333333333333332,0.0,8.333333333333332,-2.216994831184587
residual_sac,1,621.7990992872699,233.57741091597498,621.7990992872699,11536.042688764797,0.0,0.0,7275.354093993768,630.6628963049343,433.79999999999995,433.79999999999995,100.0,433.79999999999995,1.0,2526.233199064866,0.31577914988310823,639.0583917837505,639.0583917837505,0.0,0.0,76.95577869185416,60.86003677919507,100.0,100.0,0.0,0.0,100.0,0.0,100.0,0.0,0.28382941028923225,0.632776529502715,0.3005305562882075,0.24946944371179253,0.0,0.0,0.0,0.0,-2.4330980303747394
residual_sac,1,604.9636991391499,233.0578634480949,604.9636991391499,11838.75226542576,0.0,0.0,7071.720834793184,597.3366682775892,384.09999999999997,384.09999999999997,100.00000000000001,384.09999999999997,1.0000000000000002,2622.6376946205346,0.3278297118275668,633.8443045394055,633.8443045394055,0.0,0.0,92.49726171236404,82.32021443545818,100.0,100.0,0.0,0.0,100.0,0.0,100.0,0.0,0.2798353085705227,0.6557188210781358,0.2798353085705227,0.27016469142947735,0.0,0.0,0.0,0.0,-2.427686077584322
residual_sac,1,498.3406277777061,199.31717730385742,498.3406277777061,11380.763949718517,0.0,0.0,6165.135664741599,541.715450033043,593.2,593.2,100.0,593.2,1.0,2629.085100431939,0.32863563755399233,653.5820109926073,653.5820109926073,0.0,0.0,83.01039227271285,68.68872120976448,100.0,100.0,0.0,0.0,100.0,0.0,100.0,0.0,0.29822798350495777,0.676718781437031,0.31941965963915603,0.23058034036084402,0.0,0.0,0.0,0.0,-2.0762205969151815
residual_sac,1,335.18447263083567,142.6094362120225,335.18447263083567,11255.237843643003,0.0,0.0,4355.342372729612,386.96138040206097,950.6000000000001,950.6000000000001,100.0,950.6000000000001,1.0,3273.693634238487,0.40921170427981085,615.2192611537416,615.2192611537416,0.0,0.0,66.79240086304634,53.522897232323885,100.0,100.0,0.0,0.0,100.0,0.0,100.0,0.0,0.42128324517718874,0.7799610252150851,0.4862661258788554,0.06373387412114462,0.0,0.0,0.0,0.0,-1.4855149605419011
residual_sac,1,277.8655245478084,141.25021033103565,277.8655245478084,8214.531505355717,0.0,0.0,4164.162737047641,506.926382147623,767.5,767.5,100.0,767.5,1.0,2305.5704938921394,0.28819631173651744,428.1980409333753,428.1980409333753,0.0,0.0,95.95191949094212,91.59026239067316,100.0,100.0,0.0,0.0,100.0,0.0,100.0,0.0,0.299635432761071,0.6429308304953142,0.3036025703173875,0.24639742968261252,0.0,0.0,0.0,0.0,-1.4713563576149546
residual_sac,1,347.5665035133775,162.42840536106496,347.5665035133775,6720.514609671694,0.0,0.0,4188.49054173488,623.2395560463625,278.4,278.4,100.0,278.4,1.0,2834.792328435882,0.3543490410544853,481.33224516256337,481.33224516256337,0.0,0.0,106.40499803086654,97.39888962358236,100.0,100.0,0.0,0.0,100.0,0.0,100.0,0.0,0.22705739399813119,0.6314467510338782,0.22705739399813119,0.32294260600186886,0.0,0.0,0.0,0.0,-1.6919625558444267
residual_sac,1,582.3692967210474,233.75655019631597,582.3692967210474,12189.05894853497,0.0,0.0,6824.1091307867955,559.8552898627994,447.20000000000005,447.20000000000005,100.0,447.20000000000005,1.0,2995.3396978887713,0.3744174622360964,676.4698656123257,676.4698656123257,0.0,0.0,125.34471837390906,115.93023964943102,100.0,100.0,1.0,1.0,100.0,0.0,100.0,0.0,0.29125804977689096,0.6056606496829426,0.37260797051156763,0.1773920294884324,0.0,10.416666666666668,0.0,10.416666666666668,-2.434964064544958
residual_sac,1,487.34763101195375,192.21295644322697,487.34763101195375,12391.759391713867,0.0,0.0,5729.891947693818,462.3953521503401,329.9,329.9,100.0,329.9,1.0,3148.4252043456017,0.3935531505432002,670.1304842611581,670.1304842611581,0.0,0.0,76.0274491729433,57.462307810783386,100.0,100.0,0.0,0.0,100.0,0.0,100.0,0.0,0.27121665795081057,0.6996367181991986,0.2928035891556372,0.25719641084436284,0.0,0.0,0.0,0.0,-2.002218296283614
residual_sac,1,384.3540448604979,162.59225193149848,384.3540448604979,12211.63933178695,0.0,0.0,4413.392852583578,361.4087128413216,496.1,496.1,100.0,496.1,1.0,3487.209903685137,0.4359012379606421,641.9187079657178,641.9187079657178,0.0,0.0,81.21154352223928,67.83836223185062,100.0,100.0,1.0,1.0,100.0,0.0,100.0,0.0,0.24834096047905077,0.7508493078925489,0.24834096047905077,0.3016590395209493,0.0,8.333333333333332,0.0,8.333333333333332,-1.6936692909531093
residual_sac,1,517.9139617523709,186.43814850193516,517.9139617523709,12446.90447214463,0.0,0.0,5428.937514462459,436.1676854363325,614.3000000000001,614.3000000000001,100.0,614.3000000000001,1.0,3149.492196415302,0.3936865245519127,637.8675512580118,637.8675512580118,0.0,0.0,70.50565923974912,53.69055951014161,100.0,100.0,1.0,1.0,100.0,0.0,100.0,0.0,0.30873294847967064,0.7280956060775808,0.3299043155837942,0.22009568441620586,0.0,8.333333333333332,0.0,8.333333333333332,-1.942064046895158
residual_sac,1,498.5249790804433,206.01427853988838,498.5249790804433,11812.196436612481,0.0,0.0,6545.589435677648,554.1382139048478,935.5,935.5,100.0,935.5,1.0,3432.213241776442,0.42902665522205524,643.3765819779167,643.3765819779167,0.0,0.0,79.87944923456456,67.07368707284331,100.0,100.0,0.0,0.0,100.0,0.0,100.0,0.0,0.3910485997214485,0.783256687616662,0.47199294778684686,0.07800705221315318,0.0,0.0,0.0,0.0,-2.1459820681238373
residual_sac,1,390.5277061023262,175.3962961030958,390.5277061023262,9246.53506707746,0.0,0.0,5396.580481347481,583.6327275242975,426.29999999999995,426.29999999999995,100.0,426.29999999999995,1.0,2311.5756795398247,0.2889469599424781,606.7250584361218,606.7250584361218,0.0,0.0,94.95280225620296,85.898707062006,100.0,100.0,0.0,0.0,100.0,0.0,100.0,0.0,0.32902029800474286,0.6185923978014174,0.3350954562996463,0.21490454370035372,0.0,0.0,0.0,0.0,-1.8270447510739147
residual_sac,1,313.79827494961427,139.16128846714957,313.79827494961427,6802.74444117517,0.0,0.0,3541.300168423774,520.5693377204121,616.6,616.6,100.0,616.6,1.0,3002.500263942241,0.3753125329927801,520.8157701149014,520.8157701149014,0.0,0.0,105.74193082511994,94.99464547261596,100.0,100.0,0.0,0.0,100.0,0.0,100.0,0.0,0.24586301992037535,0.6835664630258503,0.24586301992037535,0.3041369800796247,0.0,0.0,0.0,0.0,-1.4495967548661415
residual_sac,1,630.4778573946526,245.3383307393579,630.4778573946526,12306.006906447685,0.0,0.0,6661.855119433334,541.3498602818825,679.0,679.0,100.0,679.0,1.0,3372.4236093762515,0.42155295117203145,676.4698656123257,676.4698656123257,0.0,0.0,128.2245564250607,120.95916352356524,100.0,100.0,1.0,1.0,100.0,0.0,100.0,0.0,0.2422705783240297,0.603594435570235,0.32733978571125144,0.2226602142887486,0.0,15.625,0.0,15.625,-2.5556076118683113
residual_sac,1,583.8335280227233,222.1131041952993,583.8335280227233,12100.96496656229,0.0,0.0,6545.027367719037,540.8682188407646,1164.1000000000001,1164.1000000000001,100.0,1164.1000000000001,1.0,3975.008179249653,0.49687602240620665,676.4698656123257,676.4698656123257,0.0,0.0,74.32875308810031,58.339392952757095,100.0,100.0,0.0,0.0,100.0,0.0,100.0,0.0,0.26542325785270304,0.7973157893934893,0.2833709292030135,0.26662907079698656,0.0,1.0416666666666665,0.0,1.0416666666666665,-2.3136781687010344
residual_sac,1,522.099146437687,223.50744946144482,522.099146437687,12631.560495751579,0.0,0.0,6207.0726300226,491.3939676820016,916.3,916.3,100.0,916.3,1.0,3763.499999972612,0.47043749999657647,676.4698656123257,676.4698656123257,0.0,0.0,73.00467849236837,58.72315043084092,100.0,100.0,1.0,1.0,100.0,0.0,100.0,0.0,0.23633046514275377,0.7447607521610223,0.2437219950449903,0.30627800495500973,0.0,9.375,0.0,9.375,-2.3282025985567167
residual_sac,1,403.7649068641731,160.3986823012533,403.7649068641731,12876.332538803159,0.0,0.0,4652.465445983527,361.31914362751996,617.4000000000001,617.4000000000001,100.0,617.4000000000001,1.0,3399.448069637696,0.424931008704712,652.3794634629363,652.3794634629363,0.0,0.0,72.78997497767881,55.523564014583826,100.0,100.0,1.0,1.0,100.0,0.0,100.0,0.0,0.328648003689569,0.7795234477897514,0.35593054864437296,0.1940694513556271,0.0,8.333333333333332,0.0,8.333333333333332,-1.670819607304722
residual_sac,1,335.2689400170007,137.1439844657833,335.2689400170007,13278.426913835163,0.0,0.0,4238.205946179987,319.17982255594467,380.0,380.0,100.0,380.0,1.0,3033.9012915174317,0.37923766143967896,676.4698656123257,676.4698656123257,0.0,0.0,49.71622250115412,36.18616001625286,100.0,100.0,0.0,0.0,100.0,0.0,100.0,0.0,0.5083231555124899,0.8192850851251083,0.6019860390195394,0.051986039019539354,0.0,2.083333333333333,0.0,2.083333333333333,-1.428583171518576
residual_sac,1,21.471614120917746,79.14316715021053,21.471614120917746,10633.255369523215,0.0,0.0,2856.7215194341734,268.65916599934593,476.1,476.1,100.0,476.1,1.0,1541.2361124543286,0.19265451405679107,488.65032389520525,488.65032389520525,0.0,0.0,67.14549453537188,58.40635085478425,100.0,100.0,0.0,0.0,100.0,0.0,100.0,0.0,0.5115796508222553,0.7379638867025416,0.6397896748305271,0.08978967483052702,0.0,0.0,0.0,0.0,-0.8244079911480263
residual_sac,1,201.21101130179596,101.71646178086507,201.21101130179596,7340.086695293541,0.0,0.0,2812.802822359319,383.21111713338297,584.2,584.2,100.0,584.2,1.0,2274.18850696867,0.2842735633710837,445.42414454797563,445.42414454797563,0.0,0.0,85.29730912287482,75.53275590762496,100.0,100.0,0.0,0.0,100.0,0.0,100.0,0.0,0.34028644706032474,0.6699933838384912,0.34028644706032474,0.2097135529396753,0.0,0.0,0.0,0.0,-1.0595464768840113
residual_sac,1,500.85492656015526,219.8598452266287,500.85492656015526,12599.901341314035,0.0,0.0,5659.136751856395,449.14135425017605,890.2,890.2,100.0,890.2,1.0,3377.212486644974,0.4221515608306218,676.4698656123257,676.4698656123257,0.0,0.0,120.47829202600684,112.76866776658012,100.0,100.0,1.0,1.0,100.0,0.0,100.0,0.0,0.23153513038479248,0.6422190828300037,0.28742023258876964,0.2625797674112304,0.0,22.916666666666664,0.0,22.916666666666664,-2.2902067211107155
residual_sac,1,561.2318959694001,226.1645960858796,561.2318959694001,13732.71444690146,0.0,0.0,7023.157049762507,511.4179776269327,424.4,424.4,100.0,424.4,1.0,3217.514047670473,0.4021892559588091,664.7847367111996,664.7847367111996,0.0,0.0,72.47038670724561,56.006427109241486,100.0,100.0,0.0,0.0,100.0,0.0,100.0,0.0,0.2704124257468166,0.7047779618895992,0.29894705020265927,0.2510529497973408,0.0,0.0,0.0,0.0,-2.3558812092279124
residual_sac,1,607.9275954883221,242.72531403308733,607.9275954883221,13720.52931286353,0.0,0.0,7001.590170227255,510.3002960434618,328.1,328.1,100.0,328.1,1.0,2924.848202223464,0.365606025277933,676.4698656123257,676.4698656123257,0.0,0.0,84.5193250431911,70.66966683658039,100.0,100.0,1.0,1.0,100.0,0.0,100.0,0.0,0.244629307915464,0.7105512824180729,0.24510108883592832,0.30489891116407175,0.0,23.958333333333336,0.0,23.958333333333336,-2.5283886878446595
residual_sac,1,513.9836368824926,203.79746202635343,513.9836368824926,13700.129753205849,0.0,0.0,6336.814598570451,462.5368308710819,335.9,335.9,100.0,335.9,1.0,2921.2490892006863,0.3651561361500858,676.4698656123257,676.4698656123257,0.0,0.0,76.51334491705417,58.28762823660309,100.0,100.0,1.0,1.0,100.0,0.0,100.0,0.0,0.3355552489466405,0.7704324585043997,0.35129626423184596,0.1987037357681541,0.0,9.375,0.0,9.375,-2.1228902294411816
residual_sac,1,312.0158598106842,145.9222087160515,312.0158598106842,14402.23021410422,0.0,0.0,4566.673868419353,317.08102151756833,444.3,444.3,100.0,444.3,1.0,3178.411479653252,0.39730143495665654,676.4698656123257,676.4698656123257,0.0,0.0,70.07459640482786,55.53162540878384,100.0,100.0,0.0,0.0,100.0,0.0,100.0,0.0,0.47837360743222224,0.8113387863344653,0.6614433153931867,0.11144331539318664,0.0,6.25,0.0,6.25,-1.5200230074588699
residual_sac,1,154.32808214824576,97.95819404012232,154.32808214824576,10927.61958402692,0.0,0.0,3131.260073307565,286.54548680341867,558.0,558.0,100.0,558.0,1.0,1940.2010996592624,0.2425251374574078,559.1238281851399,559.1238281851399,0.0,0.0,75.69718584528623,63.687304221093655,100.0,100.0,0.0,0.0,100.0,0.0,100.0,0.0,0.5203747197071298,0.7655816375535904,0.5743492528301675,0.024349252830167423,0.0,0.0,0.0,0.0,-1.0203978545846075
residual_sac,1,306.28386015307206,136.15332427927535,306.28386015307206,7517.7691642180025,0.0,0.0,3622.687952259971,481.8833716659885,555.5999999999999,555.5999999999999,100.0,555.5999999999999,1.0,2780.6373661576877,0.34757967076971097,553.9305299031189,553.9305299031189,0.0,0.0,102.31247737658815,91.29077419638634,100.0,100.0,0.0,0.0,100.0,0.0,100.0,0.0,0.2667419576574944,0.6849814351620421,0.2667419576574944,0.2832580423425056,0.0,0.0,0.0,0.0,-1.418263794575785
residual_sac,1,495.1361174211876,297.74971206290104,495.1361174211876,13648.140272652367,0.0,0.0,6029.441786232878,441.7775364101766,659.9,659.9,100.0,659.9,1.0,3256.4118701413017,0.4070514837676627,996.5413985647466,996.5413985647466,9.0,384.50244848576074,145.95912131701624,125.91120865695814,100.0,100.0,1.0,1.0,100.0,0.0,100.0,0.0,0.2,0.6108937519463701,0.23996475774095358,0.31003524225904644,8.333333333333332,22.916666666666664,8.333333333333332,22.916666666666664,-3.101559500655219
residual_sac,1,581.9557535425513,231.23581070990667,581.9557535425513,14152.229456184708,0.0,0.0,7045.249327469037,497.81904323139497,601.0,601.0,100.0,601.0,1.0,3415.948275075586,0.42699353438444826,676.4698656123257,676.4698656123257,0.0,0.0,75.6904183240142,59.659695904992354,100.0,100.0,0.0,0.0,100.0,0.0,100.0,0.0,0.2584847763739022,0.7624127109095773,0.29169285656623006,0.25830714343377,0.0,7.291666666666667,0.0,7.291666666666667,-2.408706361561528
residual_sac,1,484.7020310150074,212.96928722620817,484.7020310150074,13862.9073079488,0.0,0.0,6095.225764564817,439.67875057996656,841.8,841.8,100.0,841.8,1.0,3912.64432683194,0.4890805408539925,676.4698656123257,676.4698656123257,0.0,0.0,81.13692635645029,64.6320463510009,100.0,100.0,0.0,0.0,100.0,0.0,100.0,0.0,0.24331365228726637,0.835313773302713,0.24331365228726637,0.3066863477127337,0.0,4.166666666666666,0.0,4.166666666666666,-2.2184300752730017
residual_sac,1,421.61324351695635,182.63497494472966,421.61324351695635,14334.51270011459,0.0,0.0,5698.1262014467,397.51098071168815,547.9,547.9,100.0,547.9,1.0,3217.0074213031144,0.4021259276628893,676.4698656123257,676.4698656123257,0.0,0.0,75.86427421605212,60.59880785411411,100.0,100.0,0.0,0.0,100.0,0.0,100.0,0.0,0.3473773103133392,0.7724925465307272,0.3632854073227261,0.18671459267727397,0.0,28.125,0.0,28.125,-1.9024476556742673
residual_sac,1,403.68213766846327,191.19317162851527,403.68213766846327,14100.533619928783,0.0,0.0,6454.685508330221,457.761789894787,623.5,623.5,100.0,623.5,1.0,3462.15945577843,0.4327699319723038,676.4698656123257,676.4698656123257,0.0,0.0,69.31931299568973,56.32620128194336,100.0,100.0,0.0,0.0,100.0,0.0,100.0,0.0,0.45577952813751543,0.8147553103940193,0.5425186766845085,0.0074813233154915615,0.0,10.416666666666668,0.0,10.416666666666668,-1.991595537797034
residual_sac,1,286.5896151698035,148.276960374692,286.5896151698035,10936.243006526413,0.0,0.0,4980.552242414366,455.41711531484134,314.4,314.4,100.0,314.4,1.0,1710.2071905334808,0.2137758988166851,553.6488626316292,553.6488626316292,0.0,0.0,88.85573574528111,78.13743324950337,100.0,100.0,0.0,0.0,100.0,0.0,100.0,0.0,0.4694118405539674,0.6634955239381718,0.4694118405539674,0.08058815944603265,0.0,0.0,0.0,0.0,-1.5445516705697084
residual_sac,1,202.58104444161705,106.05341275299278,202.58104444161705,8206.556293105983,0.0,0.0,3165.4589998658257,385.7231811746674,328.3,328.3,100.0,328.3,1.0,2010.6402004318554,0.25133002505398194,575.0538217559852,575.0538217559852,0.0,0.0,84.61073373063631,74.50163122266531,100.0,100.0,0.0,0.0,100.0,0.0,100.0,0.0,0.38306500386648357,0.6624464661852494,0.38306500386648357,0.16693499613351648,0.0,0.0,0.0,0.0,-1.1047230495103415
residual_sac,1,339.6432627876567,247.44453866521772,339.6432627876567,13846.811865114807,0.0,0.0,6111.977439541784,441.3996159607032,372.8,372.8,100.0,372.8,1.0,2625.3511345505867,0.32816889181882336,810.1705542137811,810.1705542137811,2.0,59.9098083331435,120.283239148135,112.73847843625062,100.0,100.0,0.0,0.0,100.0,0.0,100.0,0.0,0.2,0.5850320957521709,0.23566948675503943,0.31433051324496064,3.125,23.958333333333336,3.125,23.958333333333336,-2.5775472777626844
residual_sac,1,410.2306025485294,223.15787800035625,410.2306025485294,14460.837588283732,0.0,0.0,7283.240535227911,503.6527442316925,265.6,265.6,100.0,265.6,1.0,3250.019091014935,0.4062523863768669,676.4698656123257,676.4698656123257,0.0,0.0,77.06069695826993,57.51452475036212,100.0,100.0,0.0,0.0,100.0,0.0,100.0,0.0,0.24611283973260617,0.743023731415241,0.2823376692272717,0.26766233077272833,0.0,19.791666666666664,0.0,19.791666666666664,-2.3245612291703774
residual_sac,1,488.37994967701513,244.5482790021349,488.37994967701513,14253.7944918446,0.0,0.0,8182.686945257918,574.0707816392116,541.3,541.3,100.0,541.3,1.0,3288.6380983642684,0.41107976229553356,676.4698656123257,676.4698656123257,0.0,0.0,82.45037063796833,67.12091175699787,100.0,100.0,0.0,0.0,100.0,0.0,100.0,0.0,0.2672854417871566,0.7690439702310246,0.2672854417871566,0.28271455821284347,0.0,16.666666666666664,0.0,16.666666666666664,-2.5473779062722386
residual_sac,1,553.831134983837,247.2685446068836,553.831134983837,14454.376320095369,0.0,0.0,8372.202681338673,579.2157680092442,414.8,414.8,100.0,414.8,1.0,2884.252038265604,0.3605315047832005,676.4698656123257,676.4698656123257,0.0,0.0,77.53505102796566,60.3879892215956,100.0,100.0,0.0,0.0,100.0,0.0,100.0,0.0,0.35180938908663417,0.7563511402466548,0.3771870720995498,0.17281292790045022,0.0,21.875,0.0,21.875,-2.575714006321704
residual_sac,1,479.71439319019873,228.92009590463306,479.71439319019873,13913.029170351696,0.0,0.0,7826.844061652248,562.5549954521083,717.4,717.4,100.0,717.4,1.0,3524.521083666284,0.4405651354582855,676.4698656123257,676.4698656123257,0.0,0.0,76.7387405401672,62.16214299917505,100.0,100.0,0.0,0.0,100.0,0.0,100.0,0.0,0.40426088500283064,0.8026530180781666,0.49470647516007354,0.0552935248399265,0.0,14.583333333333334,0.0,14.583333333333334,-2.384584332339928
residual_sac,1,302.0591058090091,153.80820046329197,302.0591058090091,10311.095643490684,0.0,0.0,4785.062450224866,464.06925274188865,1087.2,1087.2,100.0,1087.2,1.0,2510.210254250715,0.3137762817813394,548.6010479283477,548.6010479283477,0.0,0.0,103.52806019307644,92.68952151760459,100.0,100.0,0.0,0.0,100.0,0.0,100.0,0.0,0.42631466556718534,0.7410178717586655,0.42631466556718534,0.12368533443281471,0.0,0.0,0.0,0.0,-1.602168754825958
residual_sac,1,194.77623881845108,97.69700623977806,194.77623881845108,7509.368151774771,0.0,0.0,2603.368513981622,346.6827649629003,1053.8000000000002,1053.8000000000002,100.0,1053.8000000000002,1.0,2716.719996328138,0.33958999954101726,492.26651236434185,492.26651236434185,0.0,0.0,86.81234108572667,79.80709271505475,100.0,100.0,0.0,0.0,100.0,0.0,100.0,0.0,0.3765807839611609,0.7341174605307024,0.3765807839611609,0.17341921603883914,0.0,0.0,0.0,0.0,-1.0176771483310214
residual_sac,1,499.47717726995324,308.10471049618457,499.47717726995324,14013.535127162402,0.0,0.0,6537.132359357325,466.48702843627353,0.0,0.0,,0.0,,2060.423737708229,0.2575529672135286,892.3535736431467,892.3535736431467,12.0,404.02399173262063,140.89670753741615,129.93451392795794,100.0,100.0,0.0,0.0,100.0,0.0,100.0,0.0,0.2,0.5546389589887893,0.24851825377771652,0.3014817462222835,12.5,16.666666666666664,12.5,16.666666666666664,-3.2094240676685892
residual_sac,2,460.67707612726133,189.09154341073756,460.67707612726133,10669.711165538352,0.0,0.0,5175.21276451856,485.03775633906196,1584.7,1584.7,100.0,1584.7,1.0,3190.3675456652427,0.3987959432081553,613.0289686979072,613.0289686979072,0.0,0.0,121.76341217480903,118.32186747342348,100.0,100.0,0.0,0.0,100.0,0.0,100.0,0.0,0.3365484615707599,0.6225436731937888,0.38500151994362175,0.1649984800563783,0.0,0.0,0.0,0.0,-1.969703577195183
residual_sac,2,420.69727382882695,173.4112114836201,420.69727382882695,10411.672468978319,0.0,0.0,4710.24272797632,452.40020198585137,1639.0,1639.0,100.0,1639.0,1.0,2884.457418108904,0.360557177263613,565.3037865600015,565.3037865600015,0.0,0.0,82.22175368031945,71.42394268885255,100.0,100.0,0.0,0.0,100.0,0.0,100.0,0.0,0.24891565254258521,0.6145667895004154,0.2548722954719355,0.2951277045280645,0.0,0.0,0.0,0.0,-1.8063667862877093
residual_sac,2,441.8871612272024,189.11839035978628,441.8871612272024,10509.953289227311,0.0,0.0,5543.327130528713,527.4359436221868,1694.9,1694.9,100.0,1694.9,1.0,2498.0190877882537,0.3122523859735317,598.4617996898921,598.4617996898921,0.0,0.0,111.26874600806747,104.02081524953246,100.0,100.0,0.0,0.0,100.0,0.0,100.0,0.0,0.33306558140426,0.6049184989582294,0.33306558140426,0.21693441859574003,0.0,0.0,0.0,0.0,-1.9699832329144404
residual_sac,2,479.78155693140064,186.44736372840396,479.78155693140064,11009.505428394532,0.0,0.0,5516.006055680284,501.0221477755026,939.8,939.8,100.0,939.8,1.0,2723.6396089660384,0.3404549511207548,593.0812193854968,593.0812193854968,0.0,0.0,77.32604267026387,61.595572996884584,100.0,100.0,0.0,0.0,100.0,0.0,100.0,0.0,0.28095442245358887,0.6011081888928754,0.31766345389862627,0.23233654610137378,0.0,0.0,0.0,0.0,-1.9421600388375413
residual_sac,2,386.92430671528757,168.41716844027076,386.92430671528757,10348.932541603455,0.0,0.0,5104.361776740099,493.2259202792362,1247.3000000000002,1247.3000000000002,100.0,1247.3000000000002,1.0,2835.401544883509,0.35442519311043863,632.1117315969723,632.1117315969723,0.0,0.0,91.15578574321685,79.16039060801268,100.0,100.0,0.0,0.0,100.0,0.0,100.0,0.0,0.33035755850307613,0.6493575282322104,0.38871141275824467,0.16128858724175538,0.0,0.0,0.0,0.0,-1.7543455045861538
residual_sac,2,237.50376186923728,125.8241863179694,237.50376186923728,7503.900556628119,0.0,0.0,3520.201015719176,469.1161602094818,1325.1,1325.1,100.0,1325.1,1.0,2368.14198160006,0.2960177477000075,428.1309432887712,428.1309432887712,0.0,0.0,102.42124037762886,95.48535011708736,100.0,100.0,0.0,0.0,100.0,0.0,100.0,0.0,0.3001818835581663,0.630768407008417,0.3001818835581663,0.24981811644183377,0.0,0.0,0.0,0.0,-1.310668607478848
residual_sac,2,228.44706864376133,110.36831671114088,228.44706864376133,4970.593806636729,0.0,0.0,2721.9999731576972,547.6206825678025,1989.8,1989.8,100.0,1989.8,1.0,3446.5775190629706,0.43082218988287135,337.3936441769289,337.3936441769289,0.0,0.0,95.05146862836513,87.79432289302349,100.0,100.0,0.0,0.0,100.0,0.0,100.0,0.0,0.30115859776697224,0.7567435371844847,0.30115859776697224,0.2488414022330278,0.0,0.0,0.0,0.0,-1.1496699657410507
residual_sac,2,376.8303611639199,189.63453448205644,376.8303611639199,10802.261074032911,0.0,0.0,4791.42835113252,443.5579105424908,779.3,779.3,100.0,779.3,1.0,2763.485000451594,0.3454356250564492,632.1127704547525,632.1127704547525,0.0,0.0,125.65542455265808,121.2591065093875,100.0,100.0,0.0,0.0,100.0,0.0,100.0,0.0,0.24285753182502848,0.5335984817605088,0.3115993224313831,0.23840067756861694,0.0,0.0,0.0,0.0,-1.975359734188088
residual_sac,2,378.4707406244924,165.46414818730244,378.4707406244924,10605.100072435045,0.0,0.0,4620.369436402472,435.67428924238203,1103.7,1103.7,100.0,1103.7,1.0,2507.013277917061,0.3133766597396326,583.8605727798802,583.8605727798802,0.0,0.0,93.50268207253457,82.06812106072903,100.0,100.0,0.0,0.0,100.0,0.0,100.0,0.0,0.2548074548880109,0.599859807875876,0.2631251473607136,0.28687485263928647,0.0,0.0,0.0,0.0,-1.723584876951067
residual_sac,2,318.09793273636194,145.00782366452177,318.09793273636194,10312.645212070645,0.0,0.0,3968.443009871074,384.8132974870627,1621.7,1621.7,100.0,1621.7,1.0,2989.3116688939745,0.3736639586117468,543.5196909291928,543.5196909291928,0.0,0.0,94.87106078689214,83.95704496651888,100.0,100.0,0.0,0.0,100.0,0.0,100.0,0.0,0.27225391694854467,0.6495759520583961,0.27225391694854467,0.2777460830514554,0.0,0.0,0.0,0.0,-1.5104981631721017
residual_sac,2,227.7096613269853,143.26082608041867,227.7096613269853,9834.591756708589,0.0,0.0,3116.8845311252117,316.93074895549717,1678.0,1678.0,100.0,1678.0,1.0,3718.6081692643,0.4648260211580375,554.06640158971,554.06640158971,0.0,0.0,91.2411492150636,80.09810885414481,100.0,100.0,0.0,0.0,100.0,0.0,100.0,0.0,0.22295295432907022,0.7024607584694852,0.25400923291331884,0.2959907670866812,0.0,0.0,0.0,0.0,-1.4923002716710279
residual_sac,2,196.24746510526293,120.29905343446208,196.24746510526293,8650.632958471388,0.0,0.0,3256.9159707117833,376.4945277816177,2333.3,2333.3,100.0,2333.3,1.0,4062.5256233961773,0.5078157029245222,546.1157463956636,546.1157463956636,0.0,0.0,93.35550807822983,84.23045817762613,100.0,100.0,0.0,0.0,100.0,0.0,100.0,0.0,0.2758404535543197,0.7653115688799077,0.32044207951731096,0.22955792048268908,0.0,0.0,0.0,0.0,-1.2531151399423133
residual_sac,2,125.49607922676356,99.13821252702832,125.49607922676356,6473.202205118449,0.0,0.0,2520.2290895145247,389.33266869398045,2325.2,2325.2,100.0,2325.2,1.0,3310.239335076223,0.41377991688452787,396.9495015690385,396.9495015690385,0.0,0.0,105.65969206249869,99.98968048021197,100.0,100.0,0.0,0.0,100.0,0.0,100.0,0.0,0.3143680961046601,0.7097261344013813,0.3143680961046601,0.23563190389533994,0.0,0.0,0.0,0.0,-1.0326897138232116
residual_sac,2,169.79929219156946,96.19552047474856,169.79929219156946,4370.627169785871,0.0,0.0,2136.6911348015574,488.87517781715513,2654.2000000000003,2654.2000000000003,99.99999999999999,2654.2000000000003,0.9999999999999999,4065.643205995939,0.5082054007494924,322.90067511919443,322.90067511919443,0.0,0.0,97.51149356233863,90.22605400532484,100.0,100.0,0.0,0.0,100.0,0.0,100.0,0.0,0.3064262920302516,0.7998161908520129,0.3064262920302516,0.24357370796974842,0.0,0.0,0.0,0.0,-1.0020366716119642
residual_sac,2,444.1295422516193,189.76703132938601,444.1295422516193,9835.742324938172,0.0,0.0,5363.758823918333,545.3334020675507,2018.2,2018.2,100.0,2018.2,1.0,3685.9679898755317,0.46074599873444144,575.2322853246812,575.2322853246812,0.0,0.0,113.53595800629343,108.87375897155334,100.0,100.0,1.0,1.0,100.0,0.0,100.0,0.0,0.34505147144191517,0.6935815366657327,0.39491551844667266,0.15508448155332738,0.0,8.333333333333332,0.0,8.333333333333332,-1.9767399096811042
residual_sac,2,387.0565894922921,166.9609520285839,387.0565894922921,9827.7309924435,0.0,0.0,4659.802171430111,474.1483232511159,1613.6999999999998,1613.6999999999998,100.0,1613.6999999999998,1.0,2867.969091151638,0.3584961363939548,560.2500581873182,560.2500581873182,0.0,0.0,82.37936271832243,70.5896127037704,100.0,100.0,0.0,0.0,100.0,0.0,100.0,0.0,0.25532486061831544,0.6030000730353214,0.2598390981936084,0.29016090180639165,0.0,0.0,0.0,0.0,-1.7391765836310824
residual_sac,2,447.3993228330871,187.0023685155652,447.3993228330871,9990.51445400535,0.0,0.0,5236.961610550174,524.1933871033634,1563.5,1563.5,100.0,1563.5,1.0,2681.817993766819,0.3352272492208524,593.4512812493156,593.4512812493156,0.0,0.0,105.33485119706796,94.30347718298435,100.0,100.0,1.0,1.0,100.0,0.0,100.0,0.0,0.2804915001570034,0.5706495538486185,0.2833800208212623,0.26661997917873775,0.0,8.333333333333332,0.0,8.333333333333332,-1.947941338703804
residual_sac,2,330.78099559404535,158.17626729658065,330.78099559404535,9545.43511360945,0.0,0.0,4072.3747309818837,426.6306022211262,1555.2,1555.2,100.0,1555.2,1.0,3517.418071509178,0.43967725893864723,514.1252879149929,514.1252879149929,0.0,0.0,78.95082641378843,64.81577707454562,100.0,100.0,0.0,0.0,100.0,0.0,100.0,0.0,0.23895279776231065,0.6627459285095857,0.2643760099643547,0.28562399003564537,0.0,0.0,0.0,0.0,-1.6476694510060483
residual_sac,2,328.11301967617123,149.48322626701832,328.11301967617123,9741.66289538999,0.0,0.0,4345.393255481393,446.06278231386415,908.0,908.0,100.0,908.0,1.0,2324.978538900631,0.2906223173625789,570.2946249685281,570.2946249685281,0.0,0.0,80.36100064965547,68.7544047832489,100.0,100.0,0.0,0.0,100.0,0.0,100.0,0.0,0.2755495910678897,0.5611350243548522,0.3381578301427459,0.21184216985725413,0.0,0.0,0.0,0.0,-1.5571169402814409
residual_sac,2,237.24606341522275,133.44567893455292,237.24606341522275,6846.352226762513,0.0,0.0,3779.827524579963,552.0936404359317,1416.7,1416.7,100.0,1416.7,1.0,2520.1857291516517,0.31502321614395645,428.9430425022126,428.9430425022126,0.0,0.0,108.23401337046437,99.9926813878119,100.0,100.0,0.0,0.0,100.0,0.0,100.0,0.0,0.2824210878649767,0.6514389895879199,0.2824210878649767,0.26757891213502333,0.0,0.0,0.0,0.0,-1.3900591555682595
residual_sac,2,255.52294863230097,113.59577401672539,255.52294863230097,5620.401659207357,0.0,0.0,3185.388827179311,566.7546592441483,1177.4,1177.4,100.0,1177.4,1.0,2435.5415029266196,0.30444268786582745,334.83209944845254,334.83209944845254,0.0,0.0,76.45497009140655,66.80503934621811,100.0,100.0,0.0,0.0,100.0,0.0,100.0,0.0,0.3118814788999383,0.6197453263609337,0.3118814788999383,0.23811852110006176,0.0,0.0,0.0,0.0,-1.1832893126742228
residual_sac,2,478.98057447746294,196.88443240356418,478.98057447746294,10287.342968052213,0.0,0.0,5870.775105021421,570.679438145823,1432.6,1432.6,100.0,1432.6,1.0,2872.284089938673,0.3590355112423341,587.4393519613473,587.4393519613473,0.0,0.0,107.20043068819027,102.11023267799958,100.0,100.0,1.0,1.0,100.0,0.0,100.0,0.0,0.37963399286554506,0.6680966811603287,0.4399270573277921,0.11007294267220796,0.0,8.333333333333332,0.0,8.333333333333332,-2.0508795042037935
residual_sac,2,441.3095591950381,185.50917231304922,441.3095591950381,10076.26536797049,0.0,0.0,5691.418504940817,564.8341222763125,1354.2,1354.2,100.0,1354.2,1.0,2685.257185133737,0.33565714814171715,559.372243273534,559.372243273534,0.0,0.0,78.42892173701078,66.70691939070821,100.0,100.0,0.0,0.0,100.0,0.0,100.0,0.0,0.30334159339959615,0.6209619130073707,0.31517576253181373,0.23482423746818631,0.0,0.0,0.0,0.0,-1.9323872115942626
residual_sac,2,383.02063197955863,178.2561209575398,383.02063197955863,10127.459614625966,0.0,0.0,5257.4325021327295,519.1264840533161,1279.8000000000002,1279.8000000000002,100.0,1279.8000000000002,1.0,2140.7370448828387,0.26759213061035486,586.0331898351133,586.0331898351133,0.0,0.0,102.69658219069564,95.96274737268686,100.0,100.0,0.0,0.0,100.0,0.0,100.0,0.0,0.29410597819019374,0.5417744501622975,0.29410597819019374,0.2558940218098063,0.0,0.0,0.0,0.0,-1.8568345933077062
residual_sac,2,337.79536061890764,159.20582540241492,337.79536061890764,9524.38314197102,0.0,0.0,4020.3593254629404,422.11230538872974,1652.3999999999999,1652.3999999999999,100.00000000000001,1652.3999999999999,1.0000000000000002,3646.072636996066,0.4557590796245083,515.3797219672995,515.3797219672995,0.0,0.0,80.13622934240203,64.33982383459806,100.0,100.0,0.0,0.0,100.0,0.0,100.0,0.0,0.23618213518202524,0.7113132839461803,0.25503668519695594,0.2949633148030441,0.0,0.0,0.0,0.0,-1.6583940146084888
residual_sac,2,153.6122620328934,120.7375727938888,153.6122620328934,8683.014790005553,0.0,0.0,2644.838930998663,304.59915075152963,2015.9,2015.9,100.0,2015.9,1.0,4016.583593009063,0.5020729491261329,536.3029038675736,536.3029038675736,0.0,0.0,96.32156712451874,91.70862594619393,100.0,100.0,0.0,0.0,100.0,0.0,100.0,0.0,0.22766343299073627,0.6866926264224653,0.29200467500359284,0.2579953249964072,0.0,0.0,0.0,0.0,-1.2576830499363416
residual_sac,2,187.52546216513196,99.09921861805674,187.52546216513196,7204.225961987386,0.0,0.0,2573.2384663207704,357.18458581092403,1225.4,1225.4,100.0,1225.4,1.0,2174.7140830678495,0.27183926038348116,455.52953579911826,455.52953579911826,0.0,0.0,88.08377698722582,82.0212796330452,100.0,100.0,0.0,0.0,100.0,0.0,100.0,0.0,0.3011319249985788,0.5690931923645326,0.30366418382398846,0.24633581617601158,0.0,0.0,0.0,0.0,-1.0322835272714244
residual_sac,2,229.720183845034,105.90372422127697,229.720183845034,5327.700977694541,0.0,0.0,2793.9250312486975,524.4147603151922,1398.4,1398.4,100.0,1398.4,1.0,2772.946950140198,0.3466183687675248,334.8283759235835,334.8283759235835,0.0,0.0,83.94976936494437,75.57167205959558,100.0,100.0,0.0,0.0,100.0,0.0,100.0,0.0,0.3114173076010157,0.6789580292670596,0.3114173076010157,0.23858269239898433,0.0,0.0,0.0,0.0,-1.1031637939716352
residual_sac,2,506.60951284875716,206.00630000254318,506.60951284875716,10412.739721786158,0.0,0.0,6083.058173815967,584.1938179909201,1187.9,1187.9,100.0,1187.9,1.0,2928.7230315676125,0.36609037894595153,596.8311083903438,596.8311083903438,0.0,0.0,111.10372566615649,105.03068779118898,100.0,100.0,1.0,1.0,100.0,0.0,100.0,0.0,0.3791664972613236,0.666089733655354,0.416440597940673,0.13355940205932704,0.0,8.333333333333332,0.0,8.333333333333332,-2.1458989583598247
residual_sac,2,483.9799650796805,194.1886860347159,483.9799650796805,9933.57011427806,0.0,0.0,5793.634010780079,583.2378434066293,1584.0,1584.0,100.0,1584.0,1.0,3051.9337385580097,0.38149171731975123,537.0004287681134,537.0004287681134,0.0,0.0,84.53477440183839,73.76348581165075,100.0,100.0,0.0,0.0,100.0,0.0,100.0,0.0,0.2993388596711032,0.6661916060078598,0.3097085139602477,0.24029148603975237,0.0,0.0,0.0,0.0,-2.0227988128616237
residual_sac,2,418.9460973695625,181.2098390013462,418.9460973695625,9571.46823428933,0.0,0.0,5192.695770742529,542.5182055287969,2027.8999999999999,2027.8999999999999,100.0,2027.8999999999999,1.0,3182.6745039759485,0.39783431299699357,548.0252397783388,548.0252397783388,0.0,0.0,103.03836147172441,96.38117048889399,100.0,100.0,0.0,0.0,100.0,0.0,100.0,0.0,0.3054124942749245,0.6458310888254313,0.3054124942749245,0.24458750572507554,0.0,0.0,0.0,0.0,-1.8876024895973564
residual_sac,2,332.68950114185213,160.28193756001457,332.68950114185213,10347.359103821824,0.0,0.0,4753.658006618992,459.40785073006845,757.2,757.2,100.0,757.2,1.0,2509.9357540139226,0.3137419692517403,570.0551512143002,570.0551512143002,0.0,0.0,77.9310660845928,59.80509091168642,100.0,100.0,0.0,0.0,100.0,0.0,100.0,0.0,0.2693224538517781,0.5532610882729445,0.29805331804599117,0.2519466819540089,0.0,0.0,0.0,0.0,-1.6696035162501517
residual_sac,2,264.79089056088793,135.0174885648917,264.79089056088793,9773.8938834782,0.0,0.0,3704.9062261757454,379.06143348236293,819.0,819.0,100.0,819.0,1.0,2675.698383130834,0.33446229789135423,601.623539305182,601.623539305182,0.0,0.0,85.49902167507817,74.52079961076379,100.0,100.0,0.0,0.0,100.0,0.0,100.0,0.0,0.2486984460980558,0.5857289316639421,0.3135469647022925,0.23645303529770756,0.0,0.0,0.0,0.0,-1.4064321725509552
residual_sac,2,203.86761242773667,122.89024767141908,203.86761242773667,7574.092861627589,0.0,0.0,3741.7103493808436,494.0143219443961,700.5,700.5,100.0,700.5,1.0,1640.294502537139,0.20503681281714237,520.3311353549439,520.3311353549439,0.0,0.0,97.52032372917701,88.76979211345315,100.0,100.0,0.0,0.0,100.0,0.0,100.0,0.0,0.3110352339503525,0.5665580316504168,0.3160836726805423,0.23391632731945772,0.0,0.0,0.0,0.0,-1.280106746577282
residual_sac,2,230.88223688326983,109.2726429785325,230.88223688326983,5907.27328497276,0.0,0.0,3174.858130179402,537.4490017680031,940.7,940.7,100.0,940.7,1.0,2175.855405207637,0.27198192565095464,343.564157275752,343.564157275752,0.0,0.0,76.9818568399994,67.53872856497765,100.0,100.0,0.0,0.0,100.0,0.0,100.0,0.0,0.32329056873713197,0.6322449061548374,0.32329056873713197,0.22670943126286808,0.0,0.0,0.0,0.0,-1.1382566976930468
residual_sac,2,500.1343375070501,209.09354257736783,500.1343375070501,11217.601952983157,0.0,0.0,6379.542610884728,568.7082352916063,715.9,715.9,100.0,715.9,1.0,2247.454344395981,0.2809317930494976,620.9524338341714,620.9524338341714,0.0,0.0,119.63770072270974,115.37803066894412,100.0,100.0,0.0,0.0,100.0,0.0,100.0,0.0,0.41159232144113256,0.5951430683156393,0.47591868050013564,0.0740813194998644,0.0,0.0,0.0,0.0,-2.1780577351809147
residual_sac,2,582.8871424292038,215.25028263123335,582.8871424292038,10891.497750901866,0.0,0.0,6600.930590998501,606.062705237387,628.5,628.5,100.0,628.5,1.0,2052.6807247469674,0.2565850905933709,607.518197750107,607.518197750107,0.0,0.0,89.1361073533412,78.11178853735328,100.0,100.0,0.0,0.0,100.0,0.0,100.0,0.0,0.34611290048176047,0.5998994716292356,0.3679580577834836,0.18204194221651643,0.0,0.0,0.0,0.0,-2.2421904440753475
residual_sac,2,446.2108017655815,187.2577470530698,446.2108017655815,10384.944465500375,0.0,0.0,5505.0326085003235,530.0974527873968,1100.6999999999998,1100.6999999999998,100.0,1100.6999999999998,1.0,1835.2476469849162,0.22940595587311452,580.6638046686178,580.6638046686178,0.0,0.0,110.41255925453649,104.27064457908273,100.0,100.0,0.0,0.0,100.0,0.0,100.0,0.0,0.3268657261004058,0.5546915883707173,0.3268657261004058,0.22313427389959423,0.0,0.0,0.0,0.0,-1.9506015318028105
residual_sac,2,524.686231625588,209.39003209329468,524.686231625588,10840.536930457216,0.0,0.0,6460.9112971691375,595.9955063680263,656.3,656.3,100.0,656.3,1.0,2269.6187793135477,0.2837023474141935,621.4191137199814,621.4191137199814,0.0,0.0,90.13372489599473,72.69778251647949,100.0,100.0,1.0,1.0,100.0,0.0,100.0,0.0,0.3352477814003124,0.5810866601335566,0.3643858010609237,0.18561419893907632,0.0,8.333333333333332,0.0,8.333333333333332,-2.1811461676384862
residual_sac,2,426.4443657560571,184.64021186405787,426.4443657560571,10215.412376775113,0.0,0.0,5835.854476671494,571.2793827040592,615.2,615.2,100.0,615.2,1.0,2063.649717477135,0.25795621468464186,589.9465248713805,589.9465248713805,0.0,0.0,88.00789059918391,76.24090882018209,100.0,100.0,0.0,0.0,100.0,0.0,100.0,0.0,0.3302815990944484,0.567908839458227,0.39095361518457994,0.1590463848154201,0.0,0.0,0.0,0.0,-1.923335540250603
residual_sac,2,290.6611888442229,144.17602195348755,290.6611888442229,7129.784198899541,0.0,0.0,4040.819608397251,566.7520216139135,1260.8,1260.8,100.0,1260.8,1.0,2308.190054453428,0.28852375680667847,371.5257585198599,371.5257585198599,0.0,0.0,108.98923839077426,102.40521878004074,100.0,100.0,0.0,0.0,100.0,0.0,100.0,0.0,0.2747315378158095,0.6091299434622569,0.2747315378158095,0.27526846218419054,0.0,0.0,0.0,0.0,-1.5018335620154952
residual_sac,2,248.97685860644543,106.23655329316131,248.97685860644543,5984.85551419068,0.0,0.0,2972.7293495353583,496.7086243747614,773.1,773.1,100.0,773.1,1.0,2069.7456420531134,0.2587182052566392,328.71285034706267,328.71285034706267,0.0,0.0,72.39052114790293,61.89087349921465,100.0,100.0,0.0,0.0,100.0,0.0,100.0,0.0,0.3211726750431425,0.6006448462090334,0.3211726750431425,0.22882732495685754,0.0,0.0,0.0,0.0,-1.1066307634704302
residual_sac,2,470.76415417910994,186.50173036095177,470.76415417910994,10824.53338062868,0.0,0.0,5103.178460064064,471.4455838989408,725.6,725.6,100.0,725.6,1.0,2528.298533547073,0.31603731669338414,621.9741567588683,621.9741567588683,0.0,0.0,119.84293229839632,111.10269855707884,100.0,100.0,0.0,0.0,100.0,0.0,100.0,0.0,0.31593539111278046,0.5574096895717278,0.3770513885410731,0.17294861145892693,0.0,0.0,0.0,0.0,-1.942726357926581
residual_sac,2,524.9186158743809,192.93418465839537,524.9186158743809,10809.694769673197,0.0,0.0,5706.620409516212,527.9168867493136,601.9,601.9,100.0,601.9,1.0,2021.8573852236093,0.25273217315295116,613.1434536029942,613.1434536029942,0.0,0.0,90.05940894593786,77.9833436012268,100.0,100.0,0.0,0.0,100.0,0.0,100.0,0.0,0.32252015913728205,0.5825829966755028,0.34053611036033027,0.20946388963966978,0.0,0.0,0.0,0.0,-2.0097310901916186
residual_sac,2,468.6824395096328,183.5934904421346,468.6824395096328,10263.67594188487,0.0,0.0,5168.612494891255,503.5829778879463,1402.6000000000001,1402.6000000000001,99.99999999999999,1402.6000000000001,0.9999999999999999,2286.790510156097,0.2858488137695121,583.9707011531129,583.9707011531129,0.0,0.0,108.30354929589964,101.3875407166779,100.0,100.0,0.0,0.0,100.0,0.0,100.0,0.0,0.30822837534931324,0.580708342162279,0.30822837534931324,0.2417716246506868,0.0,0.0,0.0,0.0,-1.9124321921055687
residual_sac,2,438.1931467840214,182.1459083903768,438.1931467840214,11084.928673136006,0.0,0.0,5517.469074057231,497.745112914317,497.19999999999993,497.19999999999993,100.0,497.19999999999993,1.0,1973.1265316241966,0.24664081645302458,618.9524972994952,618.9524972994952,0.0,0.0,89.47321178241032,75.75965756550431,100.0,100.0,0.0,0.0,100.0,0.0,100.0,0.0,0.33778972402008056,0.5477171229855159,0.36956465102932085,0.1804353489706792,0.0,0.0,0.0,0.0,-1.8973532123997583
residual_sac,2,391.22182187606825,171.09444812734364,391.22182187606825,10391.80661699544,0.0,0.0,5236.1390269395415,503.8718694376026,649.0999999999999,649.0999999999999,100.0,649.0999999999999,1.0,2345.120479742788,0.29314005996784853,628.1514880320849,628.1514880320849,0.0,0.0,87.21986958863108,75.36021489650011,100.0,100.0,0.0,0.0,100.0,0.0,100.0,0.0,0.2862723444042143,0.5763314861029429,0.3557065324710747,0.19429346752892535,0.0,0.0,0.0,0.0,-1.7822338346598297
residual_sac,2,302.6637790049906,143.53519510609627,302.6637790049906,8274.709179269734,0.0,0.0,4228.384923501963,511.0010312018157,405.4,405.4,100.0,405.4,1.0,1344.9851088978176,0.1681231386122272,481.69268018537474,481.69268018537474,0.0,0.0,95.40804291632931,85.3977588005364,100.0,100.0,0.0,0.0,100.0,0.0,100.0,0.0,0.3021531942320689,0.5550182854847243,0.30774060269163095,0.2422593973083691,0.0,0.0,0.0,0.0,-1.4951582823551695
residual_sac,2,276.80931354395625,114.1261043727935,276.80931354395625,6548.801008262601,0.0,0.0,3282.3680390285426,501.21664025020607,584.7,584.7,100.0,584.7,1.0,1827.5145247713629,0.22843931559642036,352.12546492567776,352.12546492567776,0.0,0.0,78.52593789432194,69.79238502681255,100.0,100.0,0.0,0.0,100.0,0.0,100.0,0.0,0.3465457320949021,0.6170135333967041,0.3465457320949021,0.20345426790509796,0.0,0.0,0.0,0.0,-1.188813587216599
residual_sac,2,546.6448281220032,218.45051098318416,546.6448281220032,11152.028160289836,0.0,0.0,5977.758969578086,536.0243790330177,733.5,733.5,100.0,733.5,1.0,3178.5343596341268,0.39731679495426586,641.4553415590351,641.4553415590351,0.0,0.0,115.31346157550544,105.31919855367623,100.0,100.0,1.0,1.0,100.0,0.0,100.0,0.0,0.2480278375501962,0.5936813355813597,0.3181845022178563,0.23181549778214372,0.0,8.333333333333332,0.0,8.333333333333332,-2.275526156074835
residual_sac,2,645.3704095507472,237.95647006236663,645.3704095507472,11903.098653979765,0.0,0.0,7508.727019649028,630.8212036147837,433.79999999999995,433.79999999999995,100.0,433.79999999999995,1.0,2144.1639669979677,0.26802049587474597,654.4836519638823,654.4836519638823,0.0,0.0,84.05905825990536,71.80456072092056,100.0,100.0,0.0,0.0,100.0,0.0,100.0,0.0,0.36749451841024644,0.6192917502167844,0.39731683575504984,0.1526831642449502,0.0,0.0,0.0,0.0,-2.4787132298163193
residual_sac,2,623.2001730844918,238.65726963369457,623.2001730844918,12226.444719883042,0.0,0.0,7292.7063389376835,596.4699065034047,384.09999999999997,384.09999999999997,100.00000000000001,384.09999999999997,1.0000000000000002,1716.273609520067,0.21453420119000838,670.841873622686,670.841873622686,0.0,0.0,110.7034226640767,103.53778153657913,100.0,100.0,0.0,0.0,100.0,0.0,100.0,0.0,0.3713117969982839,0.5550913021652449,0.38851364974187513,0.1614863502581249,0.0,0.0,0.0,0.0,-2.4860132253509852
residual_sac,2,503.1907775600732,200.3141960356976,503.1907775600732,11537.328265126986,0.0,0.0,6239.659584704739,540.8236154261891,593.2,593.2,100.0,593.2,1.0,2557.451230040655,0.31968140375508186,673.3424628319299,673.3424628319299,0.0,0.0,84.90853045532879,67.86125721409917,100.0,100.0,0.0,0.0,100.0,0.0,100.0,0.0,0.32162228487230243,0.6693008725002895,0.35953122706386104,0.190468772936139,0.0,0.0,0.0,0.0,-2.086606208705183
residual_sac,2,318.8805958466079,143.70183011390037,318.8805958466079,10701.296419452005,0.0,0.0,4164.6185244777225,389.1695324790364,950.6000000000001,950.6000000000001,100.0,950.6000000000001,1.0,2897.5151630586547,0.36218939538233186,645.9811749336038,645.9811749336038,0.0,0.0,86.2593975900402,73.11331508681178,100.0,100.0,0.0,0.0,100.0,0.0,100.0,0.0,0.2767431212274948,0.6298566595367363,0.35242452606525765,0.1975754739347424,0.0,0.0,0.0,0.0,-1.4968940636864623
residual_sac,2,276.3070906979447,141.0161372484392,276.3070906979447,8069.872167954327,0.0,0.0,4098.455516040864,507.8711819396517,767.5,767.5,100.0,767.5,1.0,2032.8004564998769,0.2541000570624846,520.9749782331321,520.9749782331321,0.0,0.0,101.42564945840058,95.16125861555338,100.0,100.0,0.0,0.0,100.0,0.0,100.0,0.0,0.27088950311207177,0.5937667673775394,0.27088950311207177,0.27911049688792827,0.0,0.0,0.0,0.0,-1.4689180963379085
residual_sac,2,368.1329801279346,144.46955712244682,368.1329801279346,7078.597380972964,0.0,0.0,4419.5658151408215,624.3561509827454,278.4,278.4,100.0,278.4,1.0,1716.6640860731532,0.21458301075914415,360.2095645571947,360.2095645571947,0.0,0.0,69.87518699365486,58.11463650316,100.0,100.0,0.0,0.0,100.0,0.0,100.0,0.0,0.33104028558116194,0.5788503596999127,0.33104028558116194,0.2189597144188381,0.0,0.0,0.0,0.0,-1.5048912200254876
residual_sac,2,583.7051304464476,228.86997728257404,583.7051304464476,12302.45116748238,0.0,0.0,6894.139093495947,560.38743821381,447.20000000000005,447.20000000000005,100.0,447.20000000000005,1.0,2631.684127615093,0.32896051595188663,676.4698656123257,676.4698656123257,0.0,0.0,114.22160793826764,104.94016835273912,100.0,100.0,1.0,1.0,100.0,0.0,100.0,0.0,0.32810278471769205,0.6444307237040482,0.40565864349171626,0.14434135650828378,0.0,10.416666666666668,0.0,10.416666666666668,-2.3840622633601463
residual_sac,2,489.8256846019509,190.72313250663177,489.8256846019509,12460.96356419507,0.0,0.0,5754.864184100901,461.8313948559116,329.9,329.9,100.0,329.9,1.0,2119.3908997073568,0.2649238624634196,676.4698656123257,676.4698656123257,0.0,0.0,86.89068922445145,73.5004662221134,100.0,100.0,0.0,0.0,100.0,0.0,100.0,0.0,0.30289248501413807,0.5800110501662126,0.32332882374086397,0.22667117625913608,0.0,5.208333333333334,0.0,5.208333333333334,-1.9866992969440809
residual_sac,2,382.49952722899724,171.2851547708853,382.49952722899724,12205.210366435233,0.0,0.0,4403.086802449554,360.7546834717574,496.1,496.1,100.0,496.1,1.0,2072.843405201994,0.25910542565024924,676.4698656123257,676.4698656123257,0.0,0.0,104.3308466984583,93.03422249763643,100.0,100.0,1.0,1.0,100.0,0.0,100.0,0.0,0.24606843796897054,0.5440086368654821,0.2648764377185848,0.2851235622814152,0.0,14.583333333333334,0.0,14.583333333333334,-1.7842203621967219
residual_sac,2,520.2589488212327,189.21571336539853,520.2589488212327,12491.95699158528,0.0,0.0,5482.099137392222,438.8503051271329,614.3000000000001,614.3000000000001,100.0,614.3000000000001,1.0,2559.616653623101,0.3199520817028876,670.8846322802743,670.8846322802743,0.0,0.0,86.50685639363222,71.70608500018716,100.0,100.0,1.0,1.0,100.0,0.0,100.0,0.0,0.30147894316975204,0.6268929079797427,0.34874974764406824,0.2012502523559318,0.0,8.333333333333332,0.0,8.333333333333332,-1.9709970142229014
residual_sac,2,497.7870589268035,204.2797353514645,497.7870589268035,11693.029291895125,0.0,0.0,6507.194041439665,556.5019875516812,935.5,935.5,100.0,935.5,1.0,2417.218754065643,0.3021523442582054,676.4698656123257,676.4698656123257,0.0,0.0,94.22691523932183,84.84922507274563,100.0,100.0,0.0,0.0,100.0,0.0,100.0,0.0,0.3884678367279854,0.6454799009535171,0.4551832727509298,0.09481672724907025,0.0,1.0416666666666665,0.0,1.0416666666666665,-2.1279139099110886
residual_sac,2,387.65230894228785,175.18305817331958,387.65230894228785,9106.406928416076,0.0,0.0,5332.818483274469,585.6117045059432,426.29999999999995,426.29999999999995,100.0,426.29999999999995,1.0,1453.9526064116735,0.18174407580145918,448.47604645272736,448.47604645272736,0.0,0.0,96.88918136291066,86.10432520508766,100.0,100.0,0.0,0.0,100.0,0.0,100.0,0.0,0.31101972811894946,0.5480609338286145,0.31101972811894946,0.2389802718810506,0.0,0.0,0.0,0.0,-1.8248235226387457
residual_sac,2,331.2144525507729,129.90398266845983,331.2144525507729,7118.704467707582,0.0,0.0,3712.977267184625,521.5804763391598,616.6,616.6,100.0,616.6,1.0,2077.2786659562225,0.2596598332445278,368.7893936596136,368.7893936596136,0.0,0.0,79.89160134379419,72.97128643840551,100.0,100.0,0.0,0.0,100.0,0.0,100.0,0.0,0.3368265799574208,0.6390453107768561,0.3368265799574208,0.21317342004257922,0.0,0.0,0.0,0.0,-1.3531664861297898
residual_sac,2,633.6282730539531,234.40628768042535,633.6282730539531,12490.728549805497,0.0,0.0,6774.500797474428,542.3623426337224,679.0,679.0,100.0,679.0,1.0,2942.491798014583,0.36781147475182285,676.4698656123257,676.4698656123257,0.0,0.0,118.1150398865478,110.16657361693468,100.0,100.0,1.0,1.0,100.0,0.0,100.0,0.0,0.2948735870480731,0.6596046338187657,0.37909653282914557,0.17090346717085447,0.0,13.541666666666666,0.0,13.541666666666666,-2.441732163337764
residual_sac,2,608.3936581565657,223.48931352486386,608.3936581565657,12384.15423049888,0.0,0.0,6739.265049758176,544.1845219563851,1164.1000000000001,1164.1000000000001,100.0,1164.1000000000001,1.0,2785.3155892132236,0.34816444865165297,666.9710508977764,666.9710508977764,0.0,0.0,90.22718217276254,80.52782621234655,100.0,100.0,0.0,0.0,100.0,0.0,100.0,0.0,0.344608665972732,0.678925560660247,0.36952390317247624,0.1804760968275238,0.0,0.0,0.0,0.0,-2.328013682550665
residual_sac,2,518.5775841919194,251.7024737424518,518.5775841919194,12617.732856193456,0.0,0.0,6148.373990330437,487.28040610817715,916.3,916.3,100.0,916.3,1.0,2790.299541277196,0.3487874426596495,790.4294966977371,790.4294966977371,2.0,40.50079273352728,111.75309597924031,101.84638438088773,100.0,100.0,1.0,1.0,100.0,0.0,100.0,0.0,0.2,0.5489257367425086,0.2527456740533427,0.29725432594665735,2.083333333333333,33.33333333333333,2.083333333333333,33.33333333333333,-2.6219007681505393
residual_sac,2,389.4731144198322,166.07642401048582,389.4731144198322,12667.229439546405,0.0,0.0,4530.741780325252,357.6742492861557,617.4000000000001,617.4000000000001,100.0,617.4000000000001,1.0,3078.081552707708,0.3847601940884635,651.8122924853438,651.8122924853438,0.0,0.0,82.41141294825552,65.8497741445899,100.0,100.0,1.0,1.0,100.0,0.0,100.0,0.0,0.2465522534911807,0.6623311457054971,0.3077087840476225,0.24229121595237757,0.0,1.0416666666666665,0.0,1.0416666666666665,-1.7299627501092274
residual_sac,2,319.3336395323564,136.8225927463998,319.3336395323564,12370.028433470809,0.0,0.0,3988.998513294712,322.4728653413023,380.0,380.0,100.0,380.0,1.0,2383.406455934868,0.2979258069918585,676.4698656123257,676.4698656123257,0.0,0.0,86.69615361919212,75.03127139839819,100.0,100.0,0.0,0.0,100.0,0.0,100.0,0.0,0.2945742086005326,0.5897206673116864,0.3829327676479758,0.16706723235202425,0.0,3.125,0.0,3.125,-1.4252353411083314
residual_sac,2,19.051751369605192,78.41064550667328,19.051751369605192,9901.740508088518,0.0,0.0,2659.794814036086,268.61891723615224,476.1,476.1,100.0,476.1,1.0,1793.4462062380899,0.22418077577976123,649.5666972474692,649.5666972474692,0.0,0.0,98.08818628574186,92.68698766827583,100.0,100.0,0.0,0.0,100.0,0.0,100.0,0.0,0.42423880816096754,0.647140853923208,0.4534347395642863,0.09656526043571373,0.0,0.0,0.0,0.0,-0.81677755736118
residual_sac,2,203.96843683946412,99.68452104129787,203.96843683946412,7383.221334705706,0.0,0.0,2855.1017473575803,386.7013621732883,584.2,584.2,100.0,584.2,1.0,2099.559701283412,0.2624449626604265,407.5400432763463,407.5400432763463,0.0,0.0,79.34516467603098,71.82758767157793,100.0,100.0,0.0,0.0,100.0,0.0,100.0,0.0,0.3533245996966352,0.6562490667163752,0.3533245996966352,0.19667540030336483,0.0,0.0,0.0,0.0,-1.0383804275135196
residual_sac,2,498.36874111243935,224.1851716366134,498.36874111243935,12559.667859645622,0.0,0.0,5641.1638671797755,449.14912800400634,890.2,890.2,100.0,890.2,1.0,3272.122304625508,0.40901528807818854,676.4698656123257,676.4698656123257,0.0,0.0,115.27778092002988,106.84667333778901,100.0,100.0,1.0,1.0,100.0,0.0,100.0,0.0,0.22281172168383717,0.6289131160420136,0.2786968238878143,0.27130317611218574,0.0,20.833333333333336,0.0,20.833333333333336,-2.3352622045480564
residual_sac,2,572.6920850492215,228.25701043703197,572.6920850492215,13892.324130282923,0.0,0.0,7147.268764616072,514.4761018810548,424.4,424.4,100.0,424.4,1.0,2449.3530370123767,0.3061691296265471,676.4698656123257,676.4698656123257,0.0,0.0,86.84104872446349,78.9398606463831,100.0,100.0,0.0,0.0,100.0,0.0,100.0,0.0,0.3023093399551715,0.6085262520474847,0.34875667140955385,0.2012433285904462,0.0,39.58333333333333,0.0,39.58333333333333,-2.3776771920524165
residual_sac,2,602.932840928721,277.9515304611676,602.932840928721,13726.301039598791,0.0,0.0,6951.0127079404065,506.40100984872316,328.1,328.1,100.0,328.1,1.0,2427.197472973154,0.30339968412164425,825.0576740735243,825.0576740735243,4.0,94.27177830515063,100.38218497890843,88.20525114759492,100.0,100.0,1.0,1.0,100.0,0.0,100.0,0.0,0.2,0.5892273668960517,0.2529302541274735,0.29706974587252655,3.125,41.66666666666667,3.125,41.66666666666667,-2.895328442303829
residual_sac,2,516.1991994544373,203.72922663351108,516.1991994544373,13819.38634157391,0.0,0.0,6404.179122116504,463.4199351421507,335.9,335.9,100.0,335.9,1.0,2311.400945767951,0.28892511822099387,676.4698656123257,676.4698656123257,0.0,0.0,86.19461023994484,71.41629765369144,100.0,100.0,1.0,1.0,100.0,0.0,100.0,0.0,0.3352040187114208,0.6698934934100819,0.3889733501995995,0.16102664980040055,0.0,32.29166666666667,0.0,32.29166666666667,-2.1221794440990736
residual_sac,2,282.07027052925537,139.4430685139971,282.07027052925537,13199.201144662688,0.0,0.0,4182.050453084758,316.8411790417967,444.3,444.3,100.0,444.3,1.0,2679.966877648816,0.334995859706102,676.4698656123257,676.4698656123257,0.0,0.0,84.92638818568976,73.57535109232496,100.0,100.0,0.0,0.0,100.0,0.0,100.0,0.0,0.26736733444848604,0.6134935488502127,0.36668483435146515,0.1833151656485349,0.0,7.291666666666667,0.0,7.291666666666667,-1.4525319636874698
residual_sac,2,142.43895582446797,100.52941472366408,142.43895582446797,10268.5720825346,0.0,0.0,2944.5424153763547,286.75286025255724,558.0,558.0,100.0,558.0,1.0,2177.997529233153,0.2722496911541441,676.4698656123257,676.4698656123257,0.0,0.0,103.78771209181754,97.31030510913088,100.0,100.0,0.0,0.0,100.0,0.0,100.0,0.0,0.39155342041248303,0.699804615583159,0.4063199076364051,0.14368009236359497,0.0,1.0416666666666665,0.0,1.0416666666666665,-1.0471814033715008
residual_sac,2,320.33994171478645,129.43909141102984,320.33994171478645,7792.433751000458,0.0,0.0,3776.514999133218,484.63870464710175,555.5999999999999,555.5999999999999,100.0,555.5999999999999,1.0,1975.7058857689644,0.24696323572112056,453.51920656048134,453.51920656048134,0.0,0.0,80.6290507792783,74.88385885953903,100.0,100.0,0.0,0.0,100.0,0.0,100.0,0.0,0.34582487814322144,0.6494302057150998,0.34582487814322144,0.2041751218567786,0.0,0.0,0.0,0.0,-1.3483238688648942
residual_sac,2,492.17465194962955,300.17223051109556,492.17465194962955,13630.225942478883,0.0,0.0,6016.294874236311,441.3936276350639,659.9,659.9,100.0,659.9,1.0,2906.852760858683,0.36335659510733537,996.5413985647466,996.5413985647466,10.0,443.6955540580328,141.91048949696696,117.07807861317367,100.0,100.0,1.0,1.0,100.0,0.0,100.0,0.0,0.2,0.5937429102822921,0.23996475774095358,0.31003524225904644,7.291666666666667,25.0,7.291666666666667,25.0,-3.126794067823912
residual_sac,2,584.4483228090737,229.91315318873177,584.4483228090737,14198.575577281736,0.0,0.0,7092.143092988956,499.4968019423481,601.0,601.0,100.0,601.0,1.0,2642.8858761102974,0.33036073451378717,676.4698656123257,676.4698656123257,0.0,0.0,85.04053547527577,74.26652187363297,100.0,100.0,0.0,0.0,100.0,0.0,100.0,0.0,0.26787484053906113,0.6608048779183495,0.31321220910389114,0.2367877908961089,0.0,41.66666666666667,0.0,41.66666666666667,-2.3949286790492894
residual_sac,2,482.63469401156516,240.74329558022208,482.63469401156516,13860.077588914344,0.0,0.0,6100.389883224856,440.1411062881862,841.8,841.8,100.0,841.8,1.0,2899.8401249633257,0.3624800156204157,718.6543249167037,718.6543249167037,2.0,16.406240273749887,104.69218531777952,96.20603346379033,100.0,100.0,0.0,0.0,100.0,0.0,100.0,0.0,0.2,0.6488005162264288,0.25559850350031155,0.2944014964996885,0.0,40.625,0.0,40.625,-2.50774266229398
residual_sac,2,418.56521147522534,181.17586916343114,418.56521147522534,14304.754332560142,0.0,0.0,5683.7268452596345,397.3313146890241,547.9,547.9,100.0,547.9,1.0,2680.8203278735054,0.3351025409841882,676.4698656123257,676.4698656123257,0.0,0.0,82.87267123008782,69.32557416159631,100.0,100.0,0.0,0.0,100.0,0.0,100.0,0.0,0.3112109924740326,0.6703456440802805,0.36271474249865365,0.1872852575013464,0.0,20.833333333333336,0.0,20.833333333333336,-1.8872486371190744
residual_sac,2,392.9949639097365,187.74218736463598,392.9949639097365,13678.316735953384,0.0,0.0,6261.273998145777,457.7517920526033,623.5,623.5,100.0,623.5,1.0,2431.740216403079,0.3039675270503849,676.4698656123257,676.4698656123257,0.0,0.0,88.8472955770223,77.83934555326192,100.0,100.0,0.0,0.0,100.0,0.0,100.0,0.0,0.3726027929209803,0.6562990646542668,0.4500447627471264,0.09995523725287364,0.0,11.458333333333332,0.0,11.458333333333332,-1.9556477850482914
residual_sac,2,273.83978856618967,149.3244241427476,273.83978856618967,10695.700322776021,0.0,0.0,4851.263223619918,453.5713489736962,314.4,314.4,100.0,314.4,1.0,1475.6469086290826,0.18445586357863533,645.1260974929601,645.1260974929601,0.0,0.0,105.73878650165281,98.14563859254122,100.0,100.0,0.0,0.0,100.0,0.0,100.0,0.0,0.39199037814448934,0.595092861844035,0.4122062052448305,0.13779379475516956,0.0,0.0,0.0,0.0,-1.5554627514869541
residual_sac,2,205.1154241494899,104.34869615767303,205.1154241494899,8229.860409086847,0.0,0.0,3190.4164482781,387.6634948456065,328.3,328.3,100.0,328.3,1.0,1804.7120610180702,0.22558900762725878,499.70213576991847,499.70213576991847,0.0,0.0,78.4326602334104,71.60930847749114,100.0,100.0,0.0,0.0,100.0,0.0,100.0,0.0,0.39154053995154087,0.6499296781219529,0.39154053995154087,0.15845946004845918,0.0,0.0,0.0,0.0,-1.0869655849757607
residual_sac,2,345.3278080022575,282.71994121610885,345.3278080022575,13835.498608652844,0.0,0.0,6126.084849498524,442.78020061143417,372.8,372.8,100.0,372.8,1.0,2404.0957183155624,0.3005119647894453,951.4660436896088,951.4660436896088,8.0,353.43077856345064,134.03160775193513,115.48098041203109,100.0,100.0,0.0,0.0,100.0,0.0,100.0,0.0,0.2,0.5443426199943282,0.23567592526346534,0.3143240747365347,8.333333333333332,18.75,8.333333333333332,18.75,-2.9449993876678007
residual_sac,2,407.64154343371126,249.02641870499198,407.64154343371126,14350.382874299721,0.0,0.0,7236.607156328154,504.2797268697467,265.6,265.6,100.0,265.6,1.0,2669.1981465574204,0.3336497683196776,676.4698656123257,676.4698656123257,0.0,0.0,86.43299734804609,74.13923745913354,100.0,100.0,0.0,0.0,100.0,0.0,100.0,0.0,0.20666336310700115,0.6400766088197478,0.26213897827069743,0.2878610217293026,0.0,50.0,0.0,50.0,-2.5940251948436663
residual_sac,2,487.38204334317663,271.0794675757901,487.38204334317663,14188.619615729132,0.0,0.0,8175.8263966443765,576.224228858801,541.3,541.3,100.0,541.3,1.0,2616.645928395612,0.3270807410494515,676.4698656123257,676.4698656123257,0.0,0.0,99.97579899545867,88.18731980417124,100.0,100.0,0.0,0.0,100.0,0.0,100.0,0.0,0.21081800986231017,0.61912244194567,0.259591235834824,0.290408764165176,0.0,44.79166666666667,0.0,44.79166666666667,-2.8237444539144803
residual_sac,2,553.8700830879429,247.80702933418291,553.8700830879429,14475.903838659702,0.0,0.0,8393.349561715913,579.8152333190021,414.8,414.8,100.0,414.8,1.0,2600.113413315791,0.3250141766644739,676.4698656123257,676.4698656123257,0.0,0.0,84.7822050231568,71.72183559420456,100.0,100.0,0.0,0.0,100.0,0.0,100.0,0.0,0.3358622129947357,0.6866201070360721,0.38622123262603014,0.1637787673739699,0.0,43.75,0.0,43.75,-2.581323222231072
residual_sac,2,475.5889320306226,225.74485047379937,475.5889320306226,13720.230662643702,0.0,0.0,7727.5029039880865,563.2196057044351,717.4,717.4,100.0,717.4,1.0,2404.6384485303565,0.3005798060662946,676.4698656123257,676.4698656123257,0.0,0.0,91.83743159411273,81.41269533481824,100.0,100.0,0.0,0.0,100.0,0.0,100.0,0.0,0.3806521311817233,0.66190125925647,0.46081034305629753,0.08918965694370251,0.0,13.541666666666666,0.0,13.541666666666666,-2.351508859102077
residual_sac,2,294.6011637265742,155.0979415495792,294.6011637265742,10144.394737184179,0.0,0.0,4706.733576298524,463.97381985206454,1087.2,1087.2,100.0,1087.2,1.0,2423.833251648019,0.3029791564560024,566.8551493847722,566.8551493847722,0.0,0.0,114.0849296767685,106.97013325989246,100.0,100.0,0.0,0.0,100.0,0.0,100.0,0.0,0.3755069309824325,0.71256845464511,0.3856927291863486,0.16430727081365143,0.0,0.0,0.0,0.0,-1.6156035578081165
residual_sac,2,192.15776284471087,97.91249501262632,192.15776284471087,7412.983746430046,0.0,0.0,2590.7133445974605,349.4832085454254,1053.8000000000002,1053.8000000000002,100.0,1053.8000000000002,1.0,2742.778926125029,0.34284736576562863,399.80124407240345,399.80124407240345,0.0,0.0,86.71423297852283,80.4685715585947,100.0,100.0,0.0,0.0,100.0,0.0,100.0,0.0,0.3521186685896427,0.7385667049634257,0.3521186685896427,0.19788133141035735,0.0,0.0,0.0,0.0,-1.0199218230481908
residual_sac,2,512.0770905871657,364.4940441417899,512.0770905871657,14007.045262603478,0.0,0.0,6637.441839458248,473.8645242461758,0.0,0.0,,0.0,,1933.7881754174286,0.24172352192717858,940.3754550204424,940.3754550204424,21.0,841.2244846295713,162.28488791943943,137.14204352366127,100.0,100.0,0.0,0.0,100.0,0.0,100.0,0.0,0.2,0.5497184422896574,0.24851825377771652,0.3014817462222835,19.791666666666664,10.416666666666668,19.791666666666664,10.416666666666668,-3.7968129598103117
residual_sac,3,458.5006251260568,187.8295257868184,458.5006251260568,10608.864769002717,0.0,0.0,5165.922167943977,486.94391722646094,1584.7,1584.7,100.0,1584.7,1.0,2946.0511915751936,0.3682563989468992,612.6234991611259,612.6234991611259,0.0,0.0,123.70377458956939,117.8987936116755,100.0,100.0,0.0,0.0,100.0,0.0,100.0,0.0,0.32721795011466925,0.613280415630377,0.37290422719556027,0.17709577280443978,0.0,0.0,0.0,0.0,-1.9565575602793583
residual_sac,3,436.77523435129984,166.35220034460778,436.77523435129984,10845.582388836297,0.0,0.0,4897.28926160957,451.546914313288,1639.0,1639.0,100.0,1639.0,1.0,2999.45447818113,0.37493180977264123,560.0749437484017,560.0749437484017,0.0,0.0,66.03785247452932,56.25382894650102,100.0,100.0,0.0,0.0,100.0,0.0,100.0,0.0,0.3331383253020773,0.7026649980536621,0.3620172177315094,0.18798278226849063,0.0,0.0,0.0,0.0,-1.732835420256331
residual_sac,3,438.22050884061156,181.68760704874197,438.22050884061156,10582.732632504527,0.0,0.0,5504.283716550229,520.1193215109674,1694.9,1694.9,100.0,1694.9,1.0,3177.628486965375,0.3972035608706719,586.3956085813852,586.3956085813852,0.0,0.0,76.36069033026175,64.15305752307177,100.0,100.0,0.0,0.0,100.0,0.0,100.0,0.0,0.3189334635388471,0.7339784649617114,0.34256568458388287,0.20743431541611718,0.0,0.0,0.0,0.0,-1.8925792400910622
residual_sac,3,487.72340320696867,184.9001368831645,487.72340320696867,11211.509726217244,0.0,0.0,5641.7449287774325,503.210099848074,939.8,939.8,100.0,939.8,1.0,2687.279510593301,0.33590993882416265,599.5909254851574,599.5909254851574,0.0,0.0,69.84585673023089,57.970101945102215,100.0,100.0,0.0,0.0,100.0,0.0,100.0,0.0,0.3342740529535288,0.6579654289778369,0.3686974389248178,0.18130256107518222,0.0,0.0,0.0,0.0,-1.9260430925329635
residual_sac,3,374.7833608961779,161.86495146471592,374.7833608961779,10141.727353329072,0.0,0.0,4966.953847643666,489.75422771676466,1247.3000000000002,1247.3000000000002,100.0,1247.3000000000002,1.0,2832.0132616782494,0.35400165770978115,504.6200263609553,504.6200263609553,0.0,0.0,73.29074426899831,60.70558186620474,100.0,100.0,0.0,0.0,100.0,0.0,100.0,0.0,0.31261571616268835,0.7021180842727732,0.3368854241951529,0.21311457580484716,0.0,0.0,0.0,0.0,-1.6860932444241241
residual_sac,3,237.09414037663535,125.17914249776629,237.09414037663535,7534.783669922959,0.0,0.0,3531.8138272691167,468.73460234396197,1325.1,1325.1,100.0,1325.1,1.0,2322.5323532451403,0.2903165441556425,400.5360014342943,400.5360014342943,0.0,0.0,100.67712650225243,94.42183813080192,100.0,100.0,0.0,0.0,100.0,0.0,100.0,0.0,0.30849794432238176,0.6365896621067669,0.30849794432238176,0.2415020556776183,0.0,0.0,0.0,0.0,-1.303949401018399
residual_sac,3,227.59585637732363,111.68704713625857,227.59585637732363,5038.229334634938,0.0,0.0,2734.7120774523455,542.7922978124017,1989.8,1989.8,100.0,1989.8,1.0,3706.0654506904157,0.463258181336302,318.8512580886758,318.8512580886758,0.0,0.0,94.936751198655,86.65012745186687,100.0,100.0,0.0,0.0,100.0,0.0,100.0,0.0,0.31476077127788227,0.8041627876760107,0.31476077127788227,0.23523922872211778,0.0,0.0,0.0,0.0,-1.1634067410026934
residual_sac,3,383.6839164026287,176.6465744103169,383.6839164026287,11048.573097732193,0.0,0.0,4895.75557624631,443.112022968034,779.3,779.3,100.0,779.3,1.0,2464.8222757766453,0.30810278447208067,629.758416788447,629.758416788447,0.0,0.0,131.39059337575247,128.53553369641304,100.0,100.0,0.0,0.0,100.0,0.0,100.0,0.0,0.3150354120733867,0.5517003852366437,0.37708988042397484,0.1729101195760252,0.0,0.0,0.0,0.0,-1.840068483440801
residual_sac,3,389.9455025597116,159.21892744987213,389.9455025597116,11004.235496631765,0.0,0.0,4776.799199866239,434.0873294949337,1103.7,1103.7,100.0,1103.7,1.0,2718.0950521788263,0.3397618815223533,578.5328238466768,578.5328238466768,0.0,0.0,72.13240649289872,63.49370162934065,100.0,100.0,0.0,0.0,100.0,0.0,100.0,0.0,0.330886892159082,0.6900334815234521,0.3603323409848901,0.18966765901510996,0.0,0.0,0.0,0.0,-1.6585304942695014
residual_sac,3,328.472277831542,141.16277466675683,328.472277831542,10686.816407249871,0.0,0.0,4109.056528663461,384.497718691593,1621.7,1621.7,100.0,1621.7,1.0,3227.5074113499836,0.40343842641874794,555.8443868799659,555.8443868799659,0.0,0.0,71.73455066931292,59.335892740637064,100.0,100.0,0.0,0.0,100.0,0.0,100.0,0.0,0.33881110669056225,0.7507233789201552,0.3628639977299933,0.18713600227000676,0.0,0.0,0.0,0.0,-1.4704455694453837
residual_sac,3,243.67668732622585,115.82916584841908,243.67668732622585,10186.536402202812,0.0,0.0,3266.1068002031607,320.62976768991604,1678.0,1678.0,100.0,1678.0,1.0,3290.127863627101,0.4112659829533876,540.8197831257378,540.8197831257378,0.0,0.0,67.7008842419463,57.74379223585129,100.0,100.0,0.0,0.0,100.0,0.0,100.0,0.0,0.33401644994760843,0.7519676256793633,0.3476081168412644,0.20239188315873563,0.0,0.0,0.0,0.0,-1.206553810921032
residual_sac,3,190.0842143158664,115.64798714618834,190.0842143158664,8788.027771031113,0.0,0.0,3220.0304453556705,366.41104571496584,2333.3,2333.3,100.0,2333.3,1.0,4163.598943538927,0.5204498679423659,489.06276085259327,489.06276085259327,0.0,0.0,76.7739323181636,67.08297593495739,100.0,100.0,0.0,0.0,100.0,0.0,100.0,0.0,0.3354855796807914,0.9,0.353539314014806,0.19646068598519406,2.083333333333333,0.0,2.083333333333333,0.0,-1.2046665327727952
residual_sac,3,127.14687180712224,98.32362628978515,127.14687180712224,6410.729721602709,0.0,0.0,2523.46072482036,393.63080872320484,2325.2,2325.2,100.0,2325.2,1.0,3554.78416983545,0.44434802122943123,353.45396394465064,353.45396394465064,0.0,0.0,96.36235359142097,90.57337893173099,100.0,100.0,0.0,0.0,100.0,0.0,100.0,0.0,0.2955921722523281,0.7479606362650948,0.2955921722523281,0.25440782774767196,0.0,0.0,0.0,0.0,-1.0242044405185953
residual_sac,3,170.88370070758904,96.74203887446504,170.88370070758904,4511.6292079070945,0.0,0.0,2197.2698260688744,487.02358390133946,2654.2000000000003,2654.2000000000003,99.99999999999999,2654.2000000000003,0.9999999999999999,4124.1146143666265,0.5155143267958283,322.70491105527395,322.70491105527395,0.0,0.0,93.50969237911576,83.06379225105047,100.0,100.0,0.0,0.0,100.0,0.0,100.0,0.0,0.3409730571893943,0.8565575323476525,0.3409730571893943,0.20902694281060574,0.0,0.0,0.0,0.0,-1.0077295716090109
residual_sac,3,429.50860098011304,186.4338211640789,429.50860098011304,9564.18210898816,0.0,0.0,5234.787029010415,547.3324294077278,2018.2,2018.2,100.0,2018.2,1.0,3174.8694430771006,0.39685868038463756,575.5536407867555,575.5536407867555,0.0,0.0,114.80856569893855,104.44379387782146,100.0,100.0,1.0,1.0,100.0,0.0,100.0,0.0,0.2869664559710674,0.6293648730541341,0.3334929917977188,0.21650700820228125,0.0,8.333333333333332,0.0,8.333333333333332,-1.942018970459155
residual_sac,3,398.27736833826543,160.5261172301129,398.27736833826543,10180.57317212933,0.0,0.0,4816.600286567358,473.116808369242,1613.6999999999998,1613.6999999999998,100.0,1613.6999999999998,1.0,2996.5551082360053,0.37456938852950067,558.9354771163762,558.9354771163762,0.0,0.0,61.384641630208975,50.58442074805498,100.0,100.0,0.0,0.0,100.0,0.0,100.0,0.0,0.3262704477358025,0.6903483340109312,0.3465160863760512,0.20348391362394885,0.0,0.0,0.0,0.0,-1.6721470544803427
residual_sac,3,454.27003957230954,178.38659373196276,454.27003957230954,10268.737663833488,0.0,0.0,5340.32025474081,520.056157783583,1563.5,1563.5,100.0,1563.5,1.0,3163.676067924912,0.395459508490614,543.0816952942123,543.0816952942123,0.0,0.0,69.25094663793142,56.239734310656786,100.0,100.0,1.0,1.0,100.0,0.0,100.0,0.0,0.31798982965087497,0.726268692902593,0.3468456121985802,0.20315438780141987,0.0,8.333333333333332,0.0,8.333333333333332,-1.8581936847079454
residual_sac,3,344.10065742043986,145.06777953779869,344.10065742043986,9869.854217172282,0.0,0.0,4260.881765317863,431.7066566094233,1555.2,1555.2,100.0,1555.2,1.0,3077.2419925105696,0.3846552490638212,511.1674600059539,511.1674600059539,0.0,0.0,69.96498712787168,57.34503800049424,100.0,100.0,0.0,0.0,100.0,0.0,100.0,0.0,0.3274072888110742,0.7192439006082784,0.3512344984157565,0.19876550158424355,0.0,0.0,0.0,0.0,-1.5111227035187362
residual_sac,3,325.16115048658844,139.0193878532911,325.16115048658844,9764.109377273517,0.0,0.0,4327.685194234487,443.22375211275335,908.0,908.0,100.0,908.0,1.0,2249.56134324928,0.28119516790616,482.3668692550653,482.3668692550653,0.0,0.0,54.54663840760816,43.03927551954985,100.0,100.0,0.0,0.0,100.0,0.0,100.0,0.0,0.31736960855071433,0.6297563184675968,0.3447443575584591,0.20525564244154093,0.0,0.0,0.0,0.0,-1.4481186234717824
residual_sac,3,237.08778888094514,133.1311112410453,237.08778888094514,6898.876812784413,0.0,0.0,3806.725981017773,551.7892382080909,1416.7,1416.7,100.0,1416.7,1.0,2500.750410405993,0.31259380130074915,362.7830670939386,362.7830670939386,0.0,0.0,105.97469530754017,99.71288358792663,100.0,100.0,0.0,0.0,100.0,0.0,100.0,0.0,0.29425711974722796,0.6527122115658309,0.2958188468760775,0.25418115312392253,0.0,0.0,0.0,0.0,-1.3867824087608884
residual_sac,3,252.76827320012558,117.16050098500203,252.76827320012558,5656.2081616091855,0.0,0.0,3180.2432652983402,562.2571119082655,1177.4,1177.4,100.0,1177.4,1.0,3032.7786053198856,0.3790973256649857,342.09923162165035,342.09923162165035,0.0,0.0,84.16198498670437,66.52647722512484,100.0,100.0,0.0,0.0,100.0,0.0,100.0,0.0,0.3131829596020618,0.708394395522499,0.3131829596020618,0.23681704039793827,0.0,0.0,0.0,0.0,-1.2204218852604378
residual_sac,3,463.2175399717977,194.89039239634837,463.2175399717977,9979.70450839955,0.0,0.0,5714.997988803812,572.6620446520944,1432.6,1432.6,100.0,1432.6,1.0,2622.758211997504,0.327844776499688,587.902480051252,587.902480051252,0.0,0.0,110.93579535909092,100.96066983858093,100.0,100.0,1.0,1.0,100.0,0.0,100.0,0.0,0.3080212548860509,0.5878337751917553,0.36611739990806513,0.1838826000919349,0.0,8.333333333333332,0.0,8.333333333333332,-2.030108254128629
residual_sac,3,442.12858543996157,183.97816514549322,442.12858543996157,10154.435008124135,0.0,0.0,5736.381758060056,564.9139271136817,1354.2,1354.2,100.0,1354.2,1.0,3000.4797598136865,0.3750599699767108,537.7562018109436,537.7562018109436,0.0,0.0,62.93712877859619,52.637666650116444,100.0,100.0,0.0,0.0,100.0,0.0,100.0,0.0,0.3004594558200031,0.6769618216042907,0.3306999124477366,0.21930008755226343,0.0,0.0,0.0,0.0,-1.9164392202655545
residual_sac,3,392.15765603234985,170.5077687376033,392.15765603234985,10386.017180881297,0.0,0.0,5393.760841359532,519.3290890456478,1279.8000000000002,1279.8000000000002,100.0,1279.8000000000002,1.0,2690.045322771002,0.33625566534637524,542.0043341267051,542.0043341267051,0.0,0.0,67.86490078370296,55.471168737858534,100.0,100.0,0.0,0.0,100.0,0.0,100.0,0.0,0.32991155579471565,0.6790610788727804,0.35178337459896636,0.19821662540103369,0.0,0.0,0.0,0.0,-1.7761225910167011
residual_sac,3,352.6815874781568,148.01669683379285,352.6815874781568,9877.284795171408,0.0,0.0,4199.95282623037,425.2132962981438,1652.3999999999999,1652.3999999999999,100.00000000000001,1652.3999999999999,1.0000000000000002,3284.357870936983,0.41054473386712287,575.0042723913389,575.0042723913389,0.0,0.0,80.06200991096007,70.82986729219556,100.0,100.0,0.0,0.0,100.0,0.0,100.0,0.0,0.32392247179677913,0.7460576293658089,0.34801860426333747,0.20198139573666257,0.0,0.0,0.0,0.0,-1.5418405920186755
residual_sac,3,162.4823120692716,99.62338426734107,162.4823120692716,9090.426581389773,0.0,0.0,2792.752672505685,307.21909995105204,2015.9,2015.9,100.0,2015.9,1.0,3867.261380476818,0.48340767255960226,482.00182924015957,482.00182924015957,0.0,0.0,68.60214781728986,56.79455129429698,100.0,100.0,0.0,0.0,100.0,0.0,100.0,0.0,0.3782324154128227,0.8559483460932945,0.3959072866917997,0.15409271330820035,0.0,0.0,0.0,0.0,-1.037743586118136
residual_sac,3,178.25402350890613,93.76967112174731,178.25402350890613,7218.574980024705,0.0,0.0,2521.1585522297505,349.25986904705144,1225.4,1225.4,100.0,1225.4,1.0,2135.8718488878735,0.2669839811109842,389.76067188645305,389.76067188645305,0.0,0.0,81.6432873878531,73.2007110491395,100.0,100.0,0.0,0.0,100.0,0.0,100.0,0.0,0.30775446338300716,0.6518798073461876,0.30775446338300716,0.24224553661699288,0.0,0.0,0.0,0.0,-0.9767674075182011
residual_sac,3,226.19435279652302,108.15740418808454,226.19435279652302,5349.068006795196,0.0,0.0,2785.844762206987,520.8093743934429,1398.4,1398.4,100.0,1398.4,1.0,3143.2618334543567,0.3929077291817946,309.2832457347066,309.2832457347066,0.0,0.0,87.91097287552684,75.27050608769059,100.0,100.0,0.0,0.0,100.0,0.0,100.0,0.0,0.3120153433563926,0.7335375673164484,0.3120153433563926,0.23798465664360746,0.0,0.0,0.0,0.0,-1.126639626959214
residual_sac,3,488.63726364409916,203.95517739421743,488.63726364409916,10060.262554984467,0.0,0.0,5887.77336703679,585.2504678538064,1187.9,1187.9,100.0,1187.9,1.0,2649.942107759425,0.33124276346992815,597.437493263734,597.437493263734,0.0,0.0,113.6254910317105,101.28630733572486,100.0,100.0,1.0,1.0,100.0,0.0,100.0,0.0,0.29454059433307794,0.5740472534036213,0.33178182560265757,0.21821817439734248,0.0,8.333333333333332,0.0,8.333333333333332,-2.1245330978564314
residual_sac,3,480.9413803282831,193.23040716020915,480.9413803282831,9981.471242510539,0.0,0.0,5810.62924584481,582.1415605645045,1584.0,1584.0,100.0,1584.0,1.0,3502.012394405163,0.43775154930064536,557.6432685195246,557.6432685195246,0.0,0.0,69.41829944503853,58.95705781877041,100.0,100.0,0.0,0.0,100.0,0.0,100.0,0.0,0.28374492720174815,0.7320972481148199,0.3159255175809309,0.23407448241906914,0.0,0.0,0.0,0.0,-2.0128167412521787
residual_sac,3,416.99206812766533,176.21209528139025,416.99206812766533,9736.83144919936,0.0,0.0,5278.792976887362,542.1468990634963,2027.8999999999999,2027.8999999999999,100.0,2027.8999999999999,1.0,3706.582505672667,0.4633228132090834,522.9741892927811,522.9741892927811,0.0,0.0,72.28127361310915,56.08561672270298,100.0,100.0,0.0,0.0,100.0,0.0,100.0,0.0,0.3236923402407588,0.8012350819333746,0.34008650561714804,0.209913494382852,0.0,0.0,0.0,0.0,-1.8355426591811483
residual_sac,3,338.4118794607803,153.55518246712884,338.4118794607803,10623.499560468505,0.0,0.0,4873.905039182814,458.7852629390866,757.2,757.2,100.0,757.2,1.0,2696.6715521156757,0.33708394401445946,562.6914950510845,562.6914950510845,0.0,0.0,61.71185986571259,47.68215483054519,100.0,100.0,0.0,0.0,100.0,0.0,100.0,0.0,0.3335027446403868,0.6513198627370327,0.36478364415854214,0.1852163558414579,0.0,0.0,0.0,0.0,-1.5995331506992587
residual_sac,3,270.2327448847519,123.1461381559874,270.2327448847519,10033.671050172603,0.0,0.0,3803.5187980220135,379.07549280844563,819.0,819.0,100.0,819.0,1.0,2567.5618226914785,0.3209452278364348,486.6133448921592,486.6133448921592,0.0,0.0,57.53457688941561,46.64410408586264,100.0,100.0,0.0,0.0,100.0,0.0,100.0,0.0,0.3520969981107099,0.6962692416981238,0.3799639876337321,0.17003601236626792,0.0,0.0,0.0,0.0,-1.282772272458202
residual_sac,3,201.0288342326461,121.44368081792243,201.0288342326461,7580.617281412135,0.0,0.0,3736.9734106786595,492.9642629290642,700.5,700.5,100.0,700.5,1.0,1732.1162848601425,0.21651453560751782,431.34129639715724,431.34129639715724,0.0,0.0,94.34370421016801,87.42875503376126,100.0,100.0,0.0,0.0,100.0,0.0,100.0,0.0,0.31013692593514935,0.5947094571101126,0.3165389470047004,0.23346105299529962,0.0,0.0,0.0,0.0,-1.2650383418533586
residual_sac,3,227.2697697071007,113.1103922869214,227.2697697071007,5888.138928891274,0.0,0.0,3144.390327205493,534.0210829226436,940.7,940.7,100.0,940.7,1.0,2775.3783451651034,0.34692229314563794,321.487170255962,321.487170255962,0.0,0.0,85.82578065728366,69.39499843865633,100.0,100.0,0.0,0.0,100.0,0.0,100.0,0.0,0.3108094372778051,0.7033082858882233,0.3108094372778051,0.23919056272219497,0.0,0.0,0.0,0.0,-1.1782332529887645
residual_sac,3,487.0507239998836,206.30933252933937,487.0507239998836,10971.575915349738,0.0,0.0,6248.533917378955,569.5201824777943,715.9,715.9,100.0,715.9,1.0,2061.0828479739434,0.2576353559967429,621.4299028016092,621.4299028016092,0.0,0.0,117.62627687650541,107.98818776383996,100.0,100.0,0.0,0.0,100.0,0.0,100.0,0.0,0.35770869365144875,0.5482360453207114,0.4167221915927105,0.13327780840728953,0.0,0.0,0.0,0.0,-2.1490555471806183
residual_sac,3,563.4049630834991,212.20909562760852,563.4049630834991,10729.414166831659,0.0,0.0,6497.508719594272,605.5790762258322,628.5,628.5,100.0,628.5,1.0,2437.4872647556977,0.3046859080944622,609.5492915859377,609.5492915859377,0.0,0.0,74.96896151489082,63.292626570910215,100.0,100.0,0.0,0.0,100.0,0.0,100.0,0.0,0.2775887877218232,0.6146812291670787,0.32244718194869215,0.2275528180513079,0.0,0.0,0.0,0.0,-2.210511412787589
residual_sac,3,447.5704874624814,182.8755926129094,447.5704874624814,10524.782395851871,0.0,0.0,5604.2553028290795,532.4818216705253,1100.6999999999998,1100.6999999999998,100.0,1100.6999999999998,1.0,2629.824112145014,0.3287280140181268,566.4522172816396,566.4522172816396,0.0,0.0,79.72708085808422,69.29643079638481,100.0,100.0,0.0,0.0,100.0,0.0,100.0,0.0,0.3222567256406975,0.6725744318100844,0.3516776283557496,0.19832237164425043,0.0,0.0,0.0,0.0,-1.9049540897178063
residual_sac,3,519.0534522680878,205.748736716518,519.0534522680878,10788.78400479303,0.0,0.0,6413.203624150419,594.4324792582081,656.3,656.3,100.0,656.3,1.0,2568.8965751218384,0.3211120718902298,602.5383194763251,602.5383194763251,0.0,0.0,78.56067976557064,63.8233014382422,100.0,100.0,1.0,1.0,100.0,0.0,100.0,0.0,0.30825900066168027,0.640449627047285,0.3475911265652098,0.20240887343479025,0.0,8.333333333333332,0.0,8.333333333333332,-2.1432160074637294
residual_sac,3,412.07769194175296,178.4934646235362,412.07769194175296,9917.29261423525,0.0,0.0,5670.556177260706,571.7846994976439,615.2,615.2,100.0,615.2,1.0,2086.7602126615584,0.2608450265826948,508.11559001265215,508.11559001265215,0.0,0.0,73.56438506831142,59.73041923716664,100.0,100.0,0.0,0.0,100.0,0.0,100.0,0.0,0.29173317612562166,0.5949104817275828,0.31602912551187323,0.2339708744881268,0.0,0.0,0.0,0.0,-1.8593069231618353
residual_sac,3,292.606158393402,143.92011217207244,292.606158393402,7226.591398616109,0.0,0.0,4092.655564431064,566.3327755343697,1260.8,1260.8,100.0,1260.8,1.0,2347.0121696619,0.2933765212077375,413.50184680530606,413.50184680530606,0.0,0.0,107.06497220870713,100.86706578731537,100.0,100.0,0.0,0.0,100.0,0.0,100.0,0.0,0.29785575337452946,0.6250910417360567,0.29846713534580166,0.2515328646541984,0.0,0.0,0.0,0.0,-1.4991678351257545
residual_sac,3,250.64759866375738,112.03997520648986,250.64759866375738,5969.566817752606,0.0,0.0,2973.5505723107462,498.11831630192125,773.1,773.1,100.0,773.1,1.0,2803.5279283502878,0.35044099104378595,329.9810205553486,329.9810205553486,0.0,0.0,85.09889791527392,63.52545125409961,100.0,100.0,0.0,0.0,100.0,0.0,100.0,0.0,0.3079318174263776,0.6899679487890643,0.3079318174263776,0.24206818257362245,0.0,0.0,0.0,0.0,-1.1670830750676027
residual_sac,3,467.5941274286869,181.6200268679716,467.5941274286869,10813.940411866759,0.0,0.0,5090.001222091742,470.6888542224804,725.6,725.6,100.0,725.6,1.0,2161.0148207832544,0.2701268525979068,620.199428460681,620.199428460681,0.0,0.0,117.49079116523592,109.44190174341202,100.0,100.0,0.0,0.0,100.0,0.0,100.0,0.0,0.3246277470608513,0.5706785518029707,0.3791115252417203,0.17088847475827973,0.0,0.0,0.0,0.0,-1.8918752798747043
residual_sac,3,518.4450152325714,188.82180096489324,518.4450152325714,10834.344210170357,0.0,0.0,5706.790041765737,526.7314690268646,601.9,601.9,100.0,601.9,1.0,2442.7653841096194,0.3053456730137024,584.6441591442235,584.6441591442235,0.0,0.0,66.24755474105983,55.3668231703341,100.0,100.0,0.0,0.0,100.0,0.0,100.0,0.0,0.30496646359437574,0.6381011006295646,0.34130677228854833,0.2086932277114517,0.0,0.0,0.0,0.0,-1.9668937600509713
residual_sac,3,470.8664828666028,179.24395631538061,470.8664828666028,10477.946835369225,0.0,0.0,5278.018132309317,503.7263707516539,1402.6000000000001,1402.6000000000001,99.99999999999999,1402.6000000000001,0.9999999999999999,2947.597453243386,0.36844968165542324,572.396851401601,572.396851401601,0.0,0.0,77.66077503097482,66.35462455451488,100.0,100.0,0.0,0.0,100.0,0.0,100.0,0.0,0.3311812444380334,0.7255226919065787,0.3533891250733889,0.19661087492661117,0.0,0.0,0.0,0.0,-1.8671245449518814
residual_sac,3,430.4199647710387,173.6868947676786,430.4199647710387,11069.220175224313,0.0,0.0,5430.2426247466865,490.571380710353,497.19999999999993,497.19999999999993,100.0,497.19999999999993,1.0,2667.6877089266377,0.3334609636158297,599.2609347032726,599.2609347032726,0.0,0.0,61.460231430618656,45.942470245063305,100.0,100.0,0.0,0.0,100.0,0.0,100.0,0.0,0.31706978241901784,0.652487820670955,0.3567218704945866,0.19327812950541345,0.0,0.0,0.0,0.0,-1.809238487163319
residual_sac,3,391.7424678679449,166.04781207869695,391.7424678679449,10389.434091363059,0.0,0.0,5242.1479640817915,504.5653033633172,649.0999999999999,649.0999999999999,100.0,649.0999999999999,1.0,2089.0768966521546,0.26113461208151934,522.2922891564854,522.2922891564854,0.0,0.0,71.67495206648012,56.84668309986591,100.0,100.0,0.0,0.0,100.0,0.0,100.0,0.0,0.3273986231298265,0.6088443022197433,0.3583973902784077,0.19160260972159232,0.0,0.0,0.0,0.0,-1.7296647091530932
residual_sac,3,302.8703556804354,142.56347000110463,302.8703556804354,8265.879961865607,0.0,0.0,4234.090901732684,512.2371630445322,405.4,405.4,100.0,405.4,1.0,1509.877025651044,0.1887346282063805,417.2060599247784,417.2060599247784,0.0,0.0,93.24419771088999,83.31597223877907,100.0,100.0,0.0,0.0,100.0,0.0,100.0,0.0,0.3016592716712833,0.5507049734613245,0.30341500427126383,0.2465849957287362,0.0,0.0,0.0,0.0,-1.48503614584484
residual_sac,3,275.0449489733684,119.9630351202847,275.0449489733684,6458.3648775005,0.0,0.0,3257.798519652026,504.430855401414,584.7,584.7,100.0,584.7,1.0,2536.0647365690684,0.31700809207113356,353.37045694342373,353.37045694342373,0.0,0.0,90.30165026900234,74.41027723252773,100.0,100.0,0.0,0.0,100.0,0.0,100.0,0.0,0.314816997302116,0.6894239384973956,0.314816997302116,0.23518300269788406,0.0,0.0,0.0,0.0,-1.2496149491696322
residual_sac,3,534.331634627281,216.5614733432946,534.331634627281,11019.88662307055,0.0,0.0,5849.8736020638025,530.8469861946556,733.5,733.5,100.0,733.5,1.0,2495.066228978978,0.31188327862237225,642.6419597679203,642.6419597679203,0.0,0.0,109.93189916513246,99.27079384889684,100.0,100.0,1.0,1.0,100.0,0.0,100.0,0.0,0.23669417707203325,0.5811083363115127,0.2938738269782753,0.25612617302172475,0.0,8.333333333333332,0.0,8.333333333333332,-2.255848680659319
residual_sac,3,627.0728569461762,234.58630692776512,627.0728569461762,11694.278208144175,0.0,0.0,7377.846666543043,630.8937187251911,433.79999999999995,433.79999999999995,100.0,433.79999999999995,1.0,2373.391592791998,0.29667394909899975,643.7319646712837,643.7319646712837,0.0,0.0,72.98862128415458,63.07204533368349,100.0,100.0,0.0,0.0,100.0,0.0,100.0,0.0,0.28511500821257796,0.6066631707753963,0.3421022842133216,0.20789771578667843,0.0,0.0,0.0,0.0,-2.443607363830887
residual_sac,3,616.9900043316576,231.6745709037724,616.9900043316576,12239.97815191968,0.0,0.0,7316.907695519783,597.7876434666856,384.09999999999997,384.09999999999997,100.00000000000001,384.09999999999997,1.0000000000000002,2300.694408198002,0.2875868010247502,666.5320633820749,666.5320633820749,0.0,0.0,81.14716946504505,69.40161874517798,100.0,100.0,0.0,0.0,100.0,0.0,100.0,0.0,0.33475512911259653,0.6300228392206231,0.3844039558706391,0.16559604412936096,0.0,0.0,0.0,0.0,-2.4132767802476294
residual_sac,3,506.23284860117286,201.0735134855518,506.23284860117286,11619.380118962568,0.0,0.0,6283.031764418311,540.7372596550605,593.2,593.2,100.0,593.2,1.0,2607.805281610581,0.3259756602013226,608.6206303353775,608.6206303353775,0.0,0.0,79.69068345575677,68.10930585488677,100.0,100.0,0.0,0.0,100.0,0.0,100.0,0.0,0.340481501273815,0.69083081794447,0.3794251917867727,0.17057480821322735,0.0,0.0,0.0,0.0,-2.094515765474498
residual_sac,3,322.15752301366587,137.66875944419806,322.15752301366587,10834.765095810466,0.0,0.0,4202.165382926796,387.84093109242116,950.6000000000001,950.6000000000001,100.0,950.6000000000001,1.0,2697.648805433145,0.3372061006791431,528.6366871794653,528.6366871794653,0.0,0.0,63.737390146357924,51.618571765720844,100.0,100.0,0.0,0.0,100.0,0.0,100.0,0.0,0.3526275500268464,0.7114627760184526,0.3883996743074239,0.16160032569257615,0.0,0.0,0.0,0.0,-1.4340495775437299
residual_sac,3,276.08156690979797,139.86485250674946,276.08156690979797,8174.63375354755,0.0,0.0,4148.93328162116,507.5375125913923,767.5,767.5,100.0,767.5,1.0,2002.3019457630926,0.25028774322038655,415.1698682497395,415.1698682497395,0.0,0.0,98.04792194358201,91.67622122913599,100.0,100.0,0.0,0.0,100.0,0.0,100.0,0.0,0.2956974985716749,0.615504423157456,0.2975056243473279,0.25249437565267213,0.0,0.0,0.0,0.0,-1.4569255469453068
residual_sac,3,364.09380032414595,149.0879744933162,364.09380032414595,7030.2641466330115,0.0,0.0,4385.713112892319,623.8333327763736,278.4,278.4,100.0,278.4,1.0,2272.7156298515583,0.2840894537314448,378.48347929639766,378.48347929639766,0.0,0.0,83.20426123311462,62.73644035682082,100.0,100.0,0.0,0.0,100.0,0.0,100.0,0.0,0.31180752191666816,0.6352537627224929,0.31180752191666816,0.23819247808333188,0.0,0.0,0.0,0.0,-1.5529997343053772
residual_sac,3,564.5957326661864,231.56013496766866,564.5957326661864,11938.69532510263,0.0,0.0,6692.933082624085,560.6084166124367,447.20000000000005,447.20000000000005,100.0,447.20000000000005,1.0,2422.0610318200484,0.302757628977506,674.4565358407809,674.4565358407809,0.0,0.0,112.63126058105924,100.49549795155572,100.0,100.0,1.0,1.0,100.0,0.0,100.0,0.0,0.25080351613421203,0.5598011543439857,0.3172892700328402,0.23271072996715986,0.0,8.333333333333332,0.0,8.333333333333332,-2.4120847392465485
residual_sac,3,497.20639698442176,188.06811066806057,497.20639698442176,12742.267490535676,0.0,0.0,5871.353512880738,460.7777632388967,329.9,329.9,100.0,329.9,1.0,2319.1515141526124,0.28989393926907653,676.4698656123257,676.4698656123257,0.0,0.0,68.95344707681527,57.38602810522622,100.0,100.0,0.0,0.0,100.0,0.0,100.0,0.0,0.3384566155707309,0.6324690975574258,0.39118462110330965,0.1588153788966904,0.0,4.166666666666666,0.0,4.166666666666666,-1.9590428194589642
residual_sac,3,394.8535397415542,155.78357246792467,394.8535397415542,12723.825172095616,0.0,0.0,4586.181044971482,360.44043225533704,496.1,496.1,100.0,496.1,1.0,2540.3215179603326,0.31754018974504156,669.3215749196614,669.3215749196614,0.0,0.0,78.1821041993161,63.20770811289549,100.0,100.0,1.0,1.0,100.0,0.0,100.0,0.0,0.35204235930622907,0.684360836031739,0.38870348400476107,0.16129651599523898,0.0,8.333333333333332,0.0,8.333333333333332,-1.622745546540882
residual_sac,3,523.2870191484028,186.74898624422616,523.2870191484028,12641.64420131066,0.0,0.0,5526.244214172584,437.14600143544885,614.3000000000001,614.3000000000001,100.0,614.3000000000001,1.0,2839.1406650086365,0.3548925831260796,648.8125371453676,648.8125371453676,0.0,0.0,68.60640489163697,57.42705361917615,100.0,100.0,1.0,1.0,100.0,0.0,100.0,0.0,0.340354295815302,0.71111606805703,0.3826347904588631,0.16736520954113693,0.0,8.333333333333332,0.0,8.333333333333332,-1.9453019400440226
residual_sac,3,475.8103647109839,197.39573240503546,475.8103647109839,11249.029179005498,0.0,0.0,6246.148587108939,555.2611241125029,935.5,935.5,100.0,935.5,1.0,2392.2700208236,0.29903375260295,572.0407919113858,572.0407919113858,0.0,0.0,82.19504636827234,67.68142553046346,100.0,100.0,0.0,0.0,100.0,0.0,100.0,0.0,0.3148652374306416,0.6555300684365688,0.3443572578454807,0.20564274215451933,0.0,0.0,0.0,0.0,-2.056205545885786
residual_sac,3,387.132446059018,175.101526910392,387.132446059018,9124.862620796743,0.0,0.0,5339.199673103457,585.1265816248817,426.29999999999995,426.29999999999995,100.0,426.29999999999995,1.0,1648.435170715063,0.20605439633938286,489.91600394416656,489.91600394416656,0.0,0.0,97.85737967990411,87.49853195622563,100.0,100.0,0.0,0.0,100.0,0.0,100.0,0.0,0.30788711167077654,0.5483954476434403,0.31314471558403373,0.23685528441596632,0.0,0.0,0.0,0.0,-1.8239742386499167
residual_sac,3,328.74385710557203,134.86803944509748,328.74385710557203,7133.743703061052,0.0,0.0,3709.379440938188,519.9765502293716,616.6,616.6,100.0,616.6,1.0,2687.7305527539856,0.33596631909424823,408.0457730573573,408.0457730573573,0.0,0.0,90.75293863916102,76.30847115069628,100.0,100.0,0.0,0.0,100.0,0.0,100.0,0.0,0.33275988078599944,0.7056592078796877,0.33275988078599944,0.2172401192140006,0.0,0.0,0.0,0.0,-1.404875410886432
residual_sac,3,611.390369731951,255.0584178824513,611.390369731951,12081.468191942611,0.0,0.0,6563.9857317450615,543.3102688730103,679.0,679.0,100.0,679.0,1.0,2659.124988515418,0.3323906235644272,676.4698656123257,676.4698656123257,0.0,0.0,111.98673526339323,100.33746923785958,100.0,100.0,1.0,1.0,100.0,0.0,100.0,0.0,0.21375474269458175,0.5735039291428868,0.2802821161307283,0.26971788386927176,0.0,11.458333333333332,0.0,11.458333333333332,-2.6568585196088677
residual_sac,3,598.8253038323887,220.70127618426034,598.8253038323887,12349.672138088554,0.0,0.0,6706.4605193003135,543.0476569994448,1164.1000000000001,1164.1000000000001,100.0,1164.1000000000001,1.0,3251.7206762907763,0.40646508453634705,674.6066317915961,674.6066317915961,0.0,0.0,73.1465919529619,63.03938431665301,100.0,100.0,0.0,0.0,100.0,0.0,100.0,0.0,0.3040426531447537,0.7366518364751768,0.3549085509618565,0.19509144903814357,0.0,0.0,0.0,0.0,-2.2989716269193785
residual_sac,3,540.5313688126557,210.8819626603592,540.5313688126557,13110.659378358097,0.0,0.0,6428.817587088366,490.35043940661615,916.3,916.3,100.0,916.3,1.0,3037.7089708948624,0.3797136213618578,676.4698656123257,676.4698656123257,0.0,0.0,84.79698845954272,72.56737186098412,100.0,100.0,1.0,1.0,100.0,0.0,100.0,0.0,0.3230621083376055,0.7102938726278982,0.3729654489257772,0.17703455107422283,0.0,18.75,0.0,18.75,-2.1966871110454083
residual_sac,3,401.0460898272721,157.945796885038,401.0460898272721,13009.72494149508,0.0,0.0,4684.775566403264,360.09797189954185,617.4000000000001,617.4000000000001,100.0,617.4000000000001,1.0,2873.4546276779547,0.35918182845974433,676.4698656123257,676.4698656123257,0.0,0.0,70.29959360638418,56.181694915447025,100.0,100.0,1.0,1.0,100.0,0.0,100.0,0.0,0.3611182781661767,0.7375663581572407,0.39607047058022227,0.15392952941977778,0.0,16.666666666666664,0.0,16.666666666666664,-1.6452687175524792
residual_sac,3,311.16696857415366,130.35633869822493,311.16696857415366,12493.302929481757,0.0,0.0,3985.991297632308,319.0502399670584,380.0,380.0,100.0,380.0,1.0,2264.153066683913,0.2830191333354891,605.3329770761774,605.3329770761774,0.0,0.0,59.826750439864014,47.73171339184046,100.0,100.0,0.0,0.0,100.0,0.0,100.0,0.0,0.37489309058131726,0.6929758241644745,0.4153218379259752,0.13467816207402483,0.0,0.0,0.0,0.0,-1.3578785281065098
residual_sac,3,17.3153643962763,81.41677585262013,17.3153643962763,9482.698189029146,0.0,0.0,2536.4713874602226,267.48414184422234,476.1,476.1,100.0,476.1,1.0,2147.0164134559072,0.2683770516819884,497.5687016490641,497.5687016490641,0.0,0.0,100.20730013595308,93.8666332513094,100.0,100.0,0.0,0.0,100.0,0.0,100.0,0.0,0.34400038335189265,0.6814526897107576,0.34400038335189265,0.2059996166481074,0.0,0.0,0.0,0.0,-0.8480914151314597
residual_sac,3,205.40932447845023,103.95166402540426,205.40932447845023,7349.472562710399,0.0,0.0,2838.2794706338927,386.1881851270112,584.2,584.2,100.0,584.2,1.0,2568.1352523695614,0.3210169065461952,384.33161244498564,384.33161244498564,0.0,0.0,87.2346000776924,74.35305947437882,100.0,100.0,0.0,0.0,100.0,0.0,100.0,0.0,0.33886497404505966,0.7129049221786582,0.33886497404505966,0.21113502595494038,0.0,0.0,0.0,0.0,-1.082829833597961
residual_sac,3,481.6550534769747,238.0477697010778,481.6550534769747,12388.481949255012,0.0,0.0,5517.336920475361,445.3602098364561,890.2,890.2,100.0,890.2,1.0,2482.959107735297,0.3103698884669121,676.4698656123257,676.4698656123257,0.0,0.0,108.773136852168,97.52893665057611,100.0,100.0,1.0,1.0,100.0,0.0,100.0,0.0,0.20049435307907593,0.6045801714387891,0.24596816825342796,0.3040318317465721,0.0,13.541666666666666,0.0,13.541666666666666,-2.4796642677195604
residual_sac,3,564.8924130209779,221.7596746932494,564.8924130209779,13967.991252691649,0.0,0.0,7128.986349697519,510.3802129260178,424.4,424.4,100.0,424.4,1.0,2525.7783007225307,0.31572228759031634,676.4698656123257,676.4698656123257,0.0,0.0,66.8437201096494,59.889458593060674,100.0,100.0,0.0,0.0,100.0,0.0,100.0,0.0,0.31214203360967047,0.6560795598252942,0.3667178868267722,0.18328211317322785,0.0,23.958333333333336,0.0,23.958333333333336,-2.3099966113880144
residual_sac,3,620.7203049063728,232.85868947626187,620.7203049063728,14070.441029608763,0.0,0.0,7146.93454343674,507.9396252325905,328.1,328.1,100.0,328.1,1.0,2771.172430212471,0.3463965537765589,676.4698656123257,676.4698656123257,0.0,0.0,75.76436419106693,66.88722202364093,100.0,100.0,1.0,1.0,100.0,0.0,100.0,0.0,0.2732282762972522,0.6872640059051857,0.3346656189515721,0.21533438104842795,0.0,43.75,0.0,43.75,-2.4256113487110613
residual_sac,3,518.4008035974787,203.62543794639942,518.4008035974787,13912.76626491715,0.0,0.0,6426.122688843893,461.8867712201992,335.9,335.9,100.0,335.9,1.0,2583.3944516825695,0.32292430646032116,676.4698656123257,676.4698656123257,0.0,0.0,70.61389782013785,57.181195501843064,100.0,100.0,1.0,1.0,100.0,0.0,100.0,0.0,0.3646880282844629,0.7304946838280484,0.40885965774352606,0.14114034225647398,0.0,23.958333333333336,0.0,23.958333333333336,-2.1210983119416604
residual_sac,3,290.24716260689877,134.06861659797158,290.24716260689877,13405.946739030518,0.0,0.0,4266.727112903516,318.27122664013166,444.3,444.3,100.0,444.3,1.0,2271.961209257691,0.28399515115721136,669.330348338263,669.330348338263,0.0,0.0,68.29077064142652,56.66725877672434,100.0,100.0,0.0,0.0,100.0,0.0,100.0,0.0,0.3794714101069072,0.6649075512792794,0.4236735246084303,0.12632647539156977,0.0,0.0,0.0,0.0,-1.396548089562204
residual_sac,3,133.7184020577066,101.7396836912209,133.7184020577066,10114.75518507062,0.0,0.0,2878.391142617324,284.57348595701353,558.0,558.0,100.0,558.0,1.0,2470.9645608341043,0.30887057010426305,557.7102722111794,557.7102722111794,0.0,0.0,104.1416979544817,96.833018027246,100.0,100.0,0.0,0.0,100.0,0.0,100.0,0.0,0.35886890571095065,0.7301747226682637,0.3640566269776793,0.18594337302232072,0.0,0.0,0.0,0.0,-1.059788371783551
residual_sac,3,317.7974590067869,134.16054017515805,317.7974590067869,7768.6805348828375,0.0,0.0,3756.5045918082083,483.5447377377401,555.5999999999999,555.5999999999999,100.0,555.5999999999999,1.0,2539.6641090944568,0.3174580136368071,414.0343837487765,414.0343837487765,0.0,0.0,90.28704550946408,78.55226835235953,100.0,100.0,0.0,0.0,100.0,0.0,100.0,0.0,0.33264377019085173,0.7076021283988525,0.33264377019085173,0.21735622980914832,0.0,0.0,0.0,0.0,-1.397505626824563
residual_sac,3,489.36551337785886,296.68370385911635,489.36551337785886,13608.431914510244,0.0,0.0,6020.985838327806,442.44523367220717,659.9,659.9,100.0,659.9,1.0,2604.1259141947125,0.3255157392743391,996.5413985647466,996.5413985647466,10.0,442.50848519230703,140.8438867349203,112.4245961891035,100.0,100.0,1.0,1.0,100.0,0.0,100.0,0.0,0.2,0.5932485036475214,0.23839274844350658,0.3116072515564935,7.291666666666667,21.875,7.291666666666667,21.875,-3.090455248532462
residual_sac,3,585.4008914383023,226.31089449872238,585.4008914383023,14333.976758599842,0.0,0.0,7113.672939584329,496.28048512890155,601.0,601.0,100.0,601.0,1.0,2658.94726330143,0.3323684079126788,676.4698656123257,676.4698656123257,0.0,0.0,73.66511249907512,68.62302587095144,100.0,100.0,0.0,0.0,100.0,0.0,100.0,0.0,0.2930651512592978,0.6963979590170415,0.346900993604754,0.20309900639524603,0.0,37.5,0.0,37.5,-2.3574051510283582
residual_sac,3,496.2878923064825,204.9781607033937,496.2878923064825,14309.464663063409,0.0,0.0,6285.174956685809,439.23201214574726,841.8,841.8,100.0,841.8,1.0,3374.065262972359,0.42175815787154486,676.4698656123257,676.4698656123257,0.0,0.0,80.25456903124054,73.9154417187288,100.0,100.0,0.0,0.0,100.0,0.0,100.0,0.0,0.2980590755764198,0.7832245024685552,0.36200928739672106,0.187990712603279,0.0,36.45833333333333,0.0,36.45833333333333,-2.1351891739936844
residual_sac,3,425.4032702255073,180.8154649615114,425.4032702255073,14538.092667569654,0.0,0.0,5782.465270433551,397.74579806693527,547.9,547.9,100.0,547.9,1.0,2919.562475138795,0.36494530939234937,676.4698656123257,676.4698656123257,0.0,0.0,63.29474702496063,51.87736492934287,100.0,100.0,0.0,0.0,100.0,0.0,100.0,0.0,0.37782653177676057,0.7561069925085461,0.4180632718403946,0.13193672815960544,0.0,23.958333333333336,0.0,23.958333333333336,-1.8834944266824103
residual_sac,3,381.58050877881294,183.9598190440031,381.58050877881294,13458.222544716316,0.0,0.0,6149.689065381335,456.94660234279576,623.5,623.5,100.0,623.5,1.0,2391.297497978201,0.29891218724727514,676.4698656123257,676.4698656123257,0.0,0.0,78.8065928711438,64.9585826714028,100.0,100.0,0.0,0.0,100.0,0.0,100.0,0.0,0.3602744264768201,0.6826235340735903,0.39546765303895587,0.15453234696104418,0.0,2.083333333333333,0.0,2.083333333333333,-1.916248115041699
residual_sac,3,266.7003494045165,149.35297334985674,266.7003494045165,10411.124844043436,0.0,0.0,4733.465296635777,454.6545515054462,314.4,314.4,100.0,314.4,1.0,1645.0015055673257,0.20562518819591571,497.5036369978226,497.5036369978226,0.0,0.0,106.16104473862993,99.9237984418869,100.0,100.0,0.0,0.0,100.0,0.0,100.0,0.0,0.3387960839961171,0.6025648851157454,0.3387960839961171,0.21120391600388294,0.0,0.0,0.0,0.0,-1.5557601390610076
residual_sac,3,201.22806162264098,108.62285178516308,201.22806162264098,8108.647224044704,0.0,0.0,3139.6046299593713,387.192159581126,328.3,328.3,100.0,328.3,1.0,2326.175499325056,0.290771937415632,410.8710064095463,410.8710064095463,0.0,0.0,89.29331522096832,76.82013232260942,100.0,100.0,0.0,0.0,100.0,0.0,100.0,0.0,0.35450754392817124,0.7011011074156296,0.35450754392817124,0.1954924560718288,0.0,0.0,0.0,0.0,-1.131488039428782
residual_sac,3,325.03029263020187,236.98161093738054,325.03029263020187,13789.41320776668,0.0,0.0,6048.5349922325295,438.6361407188656,372.8,372.8,100.0,372.8,1.0,2065.0255585242426,0.25812819481553034,709.8248252541601,709.8248252541601,1.0,8.3387399104586,114.40542653936215,105.48086186059356,100.0,100.0,0.0,0.0,100.0,0.0,100.0,0.0,0.2,0.59835513273402,0.22848932860474494,0.32151067139525513,0.0,21.875,0.0,21.875,-2.4685584472643805
residual_sac,3,408.4700768227989,224.46797009988603,408.4700768227989,14489.332877535508,0.0,0.0,7304.598111551916,504.1362617099564,265.6,265.6,100.0,265.6,1.0,2799.1200740917047,0.3498900092614631,676.4698656123257,676.4698656123257,0.0,0.0,72.15962821741566,63.21864274576226,100.0,100.0,0.0,0.0,100.0,0.0,100.0,0.0,0.23977980958351325,0.6833075108307984,0.29525542474720956,0.2547445752527905,0.0,44.79166666666667,0.0,44.79166666666667,-2.338208021873813
residual_sac,3,500.6188669334281,245.7794644566546,500.6188669334281,14679.971194762757,0.0,0.0,8447.952230008721,575.4747143524793,541.3,541.3,100.0,541.3,1.0,2936.1735362483673,0.3670216920310459,676.4698656123257,676.4698656123257,0.0,0.0,77.4523411788491,69.0458625082275,100.0,100.0,0.0,0.0,100.0,0.0,100.0,0.0,0.3269977986448108,0.7431254820518075,0.3784915565382227,0.17150844346177735,0.0,47.91666666666667,0.0,47.91666666666667,-2.5602027547568187
residual_sac,3,557.5244322463043,249.71533851071078,557.5244322463043,14593.894624186592,0.0,0.0,8455.260279359112,579.3696951426614,414.8,414.8,100.0,414.8,1.0,2760.570769102942,0.3450713461378678,676.4698656123257,676.4698656123257,0.0,0.0,78.63685950341144,66.90420038780894,100.0,100.0,0.0,0.0,100.0,0.0,100.0,0.0,0.3708284872633644,0.7441075508636917,0.4136992427938805,0.13630075720611956,0.0,39.58333333333333,0.0,39.58333333333333,-2.601201442819904
residual_sac,3,462.1708679636064,221.94119054519115,462.1708679636064,13347.382807877355,0.0,0.0,7528.614035599373,564.0517054141983,717.4,717.4,100.0,717.4,1.0,2355.2719382590376,0.2944089922823797,676.4698656123257,676.4698656123257,0.0,0.0,87.72559393032206,73.49406940250311,100.0,100.0,0.0,0.0,100.0,0.0,100.0,0.0,0.33322626728644267,0.652629274382578,0.36810905240609654,0.1818909475939035,0.0,1.0416666666666665,0.0,1.0416666666666665,-2.311887401512408
residual_sac,3,288.83082657566524,155.06999500230017,288.83082657566524,9948.898506611717,0.0,0.0,4622.153075944034,464.58942895761777,1087.2,1087.2,100.0,1087.2,1.0,2518.896627199656,0.314862078399957,479.2547036373967,479.2547036373967,0.0,0.0,114.79652743598336,108.93529942259192,100.0,100.0,0.0,0.0,100.0,0.0,100.0,0.0,0.33553480053103235,0.707605938185954,0.33553480053103235,0.2144651994689677,0.0,0.0,0.0,0.0,-1.615312447940627
residual_sac,3,191.10934372909298,100.7790196016766,191.10934372909298,7400.290929874546,0.0,0.0,2570.742080882512,347.38392115160974,1053.8000000000002,1053.8000000000002,100.0,1053.8000000000002,1.0,3080.849111505291,0.38510613893816137,409.54632503749394,409.54632503749394,0.0,0.0,92.60999762777179,83.75204261392355,100.0,100.0,0.0,0.0,100.0,0.0,100.0,0.0,0.3446042045670878,0.7732214504328997,0.3446042045670878,0.20539579543291225,0.0,0.0,0.0,0.0,-1.0497814541841313
residual_sac,3,488.867853980644,260.1114695985366,488.867853980644,14013.7747293838,0.0,0.0,6439.907460556027,459.54124316362527,0.0,0.0,,0.0,,2201.668140514924,0.2752085175643655,748.632233201164,748.632233201164,4.0,57.94232908040945,128.305099327669,124.87643212777147,100.0,100.0,0.0,0.0,100.0,0.0,100.0,0.0,0.2,0.595997104414399,0.24676621613989536,0.3032337838601047,4.166666666666666,22.916666666666664,4.166666666666666,22.916666666666664,-2.7094944749847563
residual_sac,4,456.26909062021275,183.45188647248,456.26909062021275,10589.323126187843,0.0,0.0,5153.901747999373,486.7073831427012,1584.7,1584.7,100.0,1584.7,1.0,2620.5255373270656,0.3275656921658832,588.0636387040424,588.0636387040424,0.0,0.0,116.72147968810208,107.34288971871138,100.0,100.0,0.0,0.0,100.0,0.0,100.0,0.0,0.35895690309611705,0.6375872466868975,0.37218853980528316,0.17781146019471689,0.0,0.0,0.0,0.0,-1.910957150755
residual_sac,4,441.483859912187,165.69141929226186,441.483859912187,10923.386542248878,0.0,0.0,4955.1942434614775,453.6316850361422,1639.0,1639.0,100.0,1639.0,1.0,3244.6176053989398,0.40557720067486747,546.8979791334116,546.8979791334116,0.0,0.0,44.61512178858548,34.545255638659,100.0,100.0,0.0,0.0,100.0,0.0,100.0,0.0,0.37353558526484004,0.7996680577553191,0.3783486647004172,0.17165133529958282,0.0,0.0,0.0,0.0,-1.7259522842943944
residual_sac,4,447.05303374297023,184.54100680084431,447.05303374297023,10720.228748516862,0.0,0.0,5581.507737871831,520.6519253279954,1694.9,1694.9,100.0,1694.9,1.0,3147.1374253107083,0.39339217816383854,604.3310018358663,604.3310018358663,0.0,0.0,84.80747983603946,71.35926289483905,100.0,100.0,0.0,0.0,100.0,0.0,100.0,0.0,0.3773761107976715,0.7509440806574992,0.3773761107976715,0.17262388920232852,0.0,0.0,0.0,0.0,-1.9223021541754617
residual_sac,4,502.24035142797413,191.93952493587042,502.24035142797413,11378.968291750407,0.0,0.0,5719.039331663196,502.5973519769292,939.8,939.8,100.0,939.8,1.0,2642.172330828951,0.3302715413536189,611.3220184926818,611.3220184926818,0.0,0.0,92.7337606218321,83.35400186479092,100.0,100.0,0.0,0.0,100.0,0.0,100.0,0.0,0.4041631302715098,0.6681553388798124,0.4111958429976951,0.13880415700230492,0.0,0.0,0.0,0.0,-1.999370051415317
residual_sac,4,390.39820662304794,164.76328308633867,390.39820662304794,10362.644597584615,0.0,0.0,5100.24137696483,492.17565351547654,1247.3000000000002,1247.3000000000002,100.0,1247.3000000000002,1.0,2801.5671094027393,0.3501958886753424,534.9441764217631,534.9441764217631,0.0,0.0,72.19251162240985,60.313648730516434,100.0,100.0,0.0,0.0,100.0,0.0,100.0,0.0,0.39257799749028854,0.7160102052432045,0.39257799749028854,0.1574220025097115,0.0,0.0,0.0,0.0,-1.7162841988160278
residual_sac,4,236.79315923146203,127.76264611031205,236.79315923146203,7512.634461734902,0.0,0.0,3506.090297734954,466.6925185290179,1325.1,1325.1,100.0,1325.1,1.0,3149.111026729957,0.3936388783412446,455.21893869873674,455.21893869873674,0.0,0.0,100.17804404046855,93.00176193937659,100.0,100.0,0.0,0.0,100.0,0.0,100.0,0.0,0.29234922205362546,0.7118722471993252,0.29234922205362546,0.2576507779463746,0.0,0.0,0.0,0.0,-1.3308608969824172
residual_sac,4,237.0324153053439,112.78866112428534,237.0324153053439,5168.24081344644,0.0,0.0,2820.460904806475,545.7293896732438,1989.8,1989.8,100.0,1989.8,1.0,3698.6405193076207,0.4623300649134526,303.7793607849081,303.7793607849081,0.0,0.0,87.42300306784672,79.46386430412531,100.0,100.0,0.0,0.0,100.0,0.0,100.0,0.0,0.3474016619685016,0.8312846727496012,0.3474016619685016,0.20259833803149846,0.0,0.0,0.0,0.0,-1.1748818867113056
residual_sac,4,379.9245572923479,170.68396758166483,379.9245572923479,10945.380302664167,0.0,0.0,4854.9160567493045,443.55846233753897,779.3,779.3,100.0,779.3,1.0,2084.3622831897437,0.26054528539871796,604.9697023161762,604.9697023161762,0.0,0.0,121.22178497705214,115.40794679895043,100.0,100.0,0.0,0.0,100.0,0.0,100.0,0.0,0.33083498689277124,0.5652778992909376,0.3561386378792777,0.19386136212072236,0.0,0.0,0.0,0.0,-1.777957995642342
residual_sac,4,394.8642977189323,159.35156784353927,394.8642977189323,11116.403229049349,0.0,0.0,4831.625866373759,434.6393133480234,1103.7,1103.7,100.0,1103.7,1.0,2800.4320153241706,0.35005400191552133,582.606481731671,582.606481731671,0.0,0.0,64.96482676449601,53.014229983091354,100.0,100.0,0.0,0.0,100.0,0.0,100.0,0.0,0.37720097491093585,0.7495494947593464,0.3873548748030194,0.16264512519698066,0.0,0.0,0.0,0.0,-1.6599121650368673
residual_sac,4,327.6830049786443,142.38280718867395,327.6830049786443,10684.171813981236,0.0,0.0,4101.3949893227555,383.87579877325607,1621.7,1621.7,100.0,1621.7,1.0,3365.0323379938613,0.42062904224923264,550.8288624866193,550.8288624866193,0.0,0.0,76.17411877651968,63.8640521094203,100.0,100.0,0.0,0.0,100.0,0.0,100.0,0.0,0.36043767943507915,0.7683059401523259,0.36043767943507915,0.1895623205649209,0.0,0.0,0.0,0.0,-1.483154241548687
residual_sac,4,255.17708983776294,119.07106129495266,255.17708983776294,10378.240485436883,0.0,0.0,3341.8786480015815,322.0082106105582,1678.0,1678.0,100.0,1678.0,1.0,3138.683523427726,0.39233544042846574,541.7630538751337,541.7630538751337,0.0,0.0,81.03585225005793,68.35240973159671,100.0,100.0,0.0,0.0,100.0,0.0,100.0,0.0,0.39754006967314093,0.7375378083495291,0.39754006967314093,0.15245993032685912,0.0,0.0,0.0,0.0,-1.2403235551557568
residual_sac,4,201.33008789448198,114.92150901001921,201.33008789448198,8845.031555354208,0.0,0.0,3302.7321083381685,373.39969763464654,2333.3,2333.3,100.0,2333.3,1.0,3761.2938181837576,0.4701617272729697,444.9511294904603,444.9511294904603,0.0,0.0,72.61085201764129,61.89956273883581,100.0,100.0,0.0,0.0,100.0,0.0,100.0,0.0,0.37297016261964966,0.8275390396284816,0.37297016261964966,0.17702983738035039,0.0,0.0,0.0,0.0,-1.1970990521877
residual_sac,4,128.42900735229404,102.0671268802793,128.42900735229404,6403.781510558636,0.0,0.0,2526.870137458412,394.5903109423825,2325.2,2325.2,100.0,2325.2,1.0,4122.257471972189,0.5152821839965236,468.3492533375018,468.3492533375018,0.0,0.0,104.02953858240053,93.15426144748926,100.0,100.0,0.0,0.0,100.0,0.0,100.0,0.0,0.2865727487694755,0.7870286634377186,0.2865727487694755,0.2634272512305245,0.0,0.0,0.0,0.0,-1.0631992383362427
residual_sac,4,173.14408098996128,97.25336382645027,173.14408098996128,4504.7818747440715,0.0,0.0,2189.811319925802,486.1081803323076,2654.2000000000003,2654.2000000000003,99.99999999999999,2654.2000000000003,0.9999999999999999,4287.944361127269,0.5359930451409086,303.179091038413,303.179091038413,0.0,0.0,90.90478510779796,81.08004936948419,100.0,100.0,0.0,0.0,100.0,0.0,100.0,0.0,0.33715720828783924,0.8737156915184617,0.33715720828783924,0.2128427917121608,0.0,0.0,0.0,0.0,-1.0130558731921904
residual_sac,4,438.1476266524445,185.3847689777208,438.1476266524445,9743.504777898186,0.0,0.0,5312.221789709187,545.2064642857505,2018.2,2018.2,100.0,2018.2,1.0,3185.3360112590935,0.3981670014073867,553.1160274167971,553.1160274167971,0.0,0.0,111.90194262754405,102.78313918397953,100.0,100.0,1.0,1.0,100.0,0.0,100.0,0.0,0.37344809813442653,0.7170115739331372,0.3782483716929268,0.17175162830707325,0.0,8.333333333333332,0.0,8.333333333333332,-1.9310913435179249
residual_sac,4,405.5333699947232,160.9187533348554,405.5333699947232,10344.829457260308,0.0,0.0,4897.691018797656,473.44337951944794,1613.6999999999998,1613.6999999999998,100.0,1613.6999999999998,1.0,3154.4860033715036,0.3943107504214379,532.6887780559782,532.6887780559782,0.0,0.0,48.8136108008774,39.543695375323296,100.0,100.0,0.0,0.0,100.0,0.0,100.0,0.0,0.3834768269147822,0.7823719126526356,0.3856081021899954,0.16439189781000463,0.0,0.0,0.0,0.0,-1.6762370139047438
residual_sac,4,461.25493004688235,180.5375934958439,461.25493004688235,10325.98256891786,0.0,0.0,5370.205522323351,520.0672658975965,1563.5,1563.5,100.0,1563.5,1.0,3220.2025309259216,0.4025253163657402,586.0453177092384,586.0453177092384,0.0,0.0,73.58029592687274,58.105998300015926,100.0,100.0,1.0,1.0,100.0,0.0,100.0,0.0,0.3598272132499776,0.7337988485746777,0.36045049401179297,0.18954950598820708,0.0,8.333333333333332,0.0,8.333333333333332,-1.880599932248374
residual_sac,4,352.78407856148317,147.38217476226615,352.78407856148317,10109.271602482217,0.0,0.0,4306.227358034791,425.96811396158813,1555.2,1555.2,100.0,1555.2,1.0,3035.270697752723,0.3794088372190904,519.3936157565226,519.3936157565226,0.0,0.0,80.2012323315445,68.39189995080233,100.0,100.0,0.0,0.0,100.0,0.0,100.0,0.0,0.39773986720951715,0.7110468312202544,0.41170604799352484,0.1382939520064752,0.0,0.0,0.0,0.0,-1.535230987106939
residual_sac,4,338.6524812529832,142.02178688112048,338.6524812529832,9999.182710507112,0.0,0.0,4438.832117634431,443.9194928371615,908.0,908.0,100.0,908.0,1.0,2210.927539451095,0.2763659424313869,511.1594203217292,511.1594203217292,0.0,0.0,61.34937366682539,46.505369152873755,100.0,100.0,0.0,0.0,100.0,0.0,100.0,0.0,0.4040856486567788,0.6388379609941699,0.4040856486567788,0.14591435134322123,0.0,0.0,0.0,0.0,-1.479393613345005
residual_sac,4,237.26408309275746,135.16333371140178,237.26408309275746,6893.056222526769,0.0,0.0,3786.1032691179153,549.2633669147781,1416.7,1416.7,100.0,1416.7,1.0,3284.214343911097,0.4105267929888871,479.0167198036195,479.0167198036195,0.0,0.0,104.9873636316804,97.9696067981422,100.0,100.0,0.0,0.0,100.0,0.0,100.0,0.0,0.28431076707582587,0.7353696776868754,0.28431076707582587,0.2656892329241742,0.0,0.0,0.0,0.0,-1.407951392827102
residual_sac,4,265.86864417090374,115.93354028306393,265.86864417090374,5846.9607490766175,0.0,0.0,3302.6038391111106,564.8411167515833,1177.4,1177.4,100.0,1177.4,1.0,2594.2731674244187,0.3242841459280523,311.6660252799025,311.6660252799025,0.0,0.0,71.42612373302867,56.25132145360112,100.0,100.0,0.0,0.0,100.0,0.0,100.0,0.0,0.36655941721411445,0.6903037336202688,0.36655941721411445,0.1834405827858856,0.0,0.0,0.0,0.0,-1.2076410446152492
residual_sac,4,469.53793969871754,193.47774903302144,469.53793969871754,10038.843902414625,0.0,0.0,5730.46252105007,570.8289297806226,1432.6,1432.6,100.0,1432.6,1.0,2633.8639437780785,0.32923299297225983,564.2535071207562,564.2535071207562,0.0,0.0,106.54757038981793,94.84040391141518,100.0,100.0,1.0,1.0,100.0,0.0,100.0,0.0,0.3752689134370275,0.6522265373243494,0.38077922731136404,0.169220772688636,0.0,8.333333333333332,0.0,8.333333333333332,-2.015393219093973
residual_sac,4,458.18468271818404,185.3466124159371,458.18468271818404,10467.741634801649,0.0,0.0,5927.056048464369,566.2210871501587,1354.2,1354.2,100.0,1354.2,1.0,3118.4523187993273,0.3898065398499159,533.907914150037,533.907914150037,0.0,0.0,44.230803021628546,35.83188448101282,100.0,100.0,0.0,0.0,100.0,0.0,100.0,0.0,0.40104304385308054,0.7971019006907749,0.40761616675732476,0.14238383324267528,0.0,0.0,0.0,0.0,-1.9306938793326782
residual_sac,4,396.4987085223979,171.1475642774345,396.4987085223979,10415.058427951135,0.0,0.0,5415.602716839519,519.9781407183987,1279.8000000000002,1279.8000000000002,100.0,1279.8000000000002,1.0,2861.727981244848,0.35771599765560597,553.4087513528741,553.4087513528741,0.0,0.0,62.73982988490615,50.66022286191583,100.0,100.0,0.0,0.0,100.0,0.0,100.0,0.0,0.3568507316185928,0.7155379602475874,0.3568507316185928,0.19314926838140722,0.0,0.0,0.0,0.0,-1.7827871278899428
residual_sac,4,364.33045159241897,149.3428773378168,364.33045159241897,10053.017595535903,0.0,0.0,4304.7720798148475,428.206957652835,1652.3999999999999,1652.3999999999999,100.00000000000001,1652.3999999999999,1.0000000000000002,3185.5530558769015,0.3981941319846127,520.8384177316027,520.8384177316027,0.0,0.0,80.8823923731704,68.928846064955,100.0,100.0,0.0,0.0,100.0,0.0,100.0,0.0,0.39327717296883874,0.7496538153617951,0.39327717296883874,0.1567228270311613,0.0,0.0,0.0,0.0,-1.5556549722689248
residual_sac,4,174.21813667750067,99.4663788286895,174.21813667750067,9188.041711635458,0.0,0.0,2833.7407435255295,308.41618186571424,2015.9,2015.9,100.0,2015.9,1.0,3334.44522616447,0.41680565327055874,473.12598453758704,473.12598453758704,0.0,0.0,71.07304242657737,58.5243352688849,100.0,100.0,0.0,0.0,100.0,0.0,100.0,0.0,0.42072872200004563,0.7755963714417423,0.42717864989415116,0.12282135010584888,0.0,0.0,0.0,0.0,-1.036108112798849
residual_sac,4,179.88960290056446,96.4013497700902,179.88960290056446,7183.627683047662,0.0,0.0,2493.6073158507434,347.1236853957927,1225.4,1225.4,100.0,1225.4,1.0,2760.4729196930757,0.34505911496163444,384.91391041764854,384.91391041764854,0.0,0.0,81.27890298064587,72.67962079495192,100.0,100.0,0.0,0.0,100.0,0.0,100.0,0.0,0.2909931690537532,0.6861640502805095,0.2909931690537532,0.2590068309462468,0.0,0.0,0.0,0.0,-1.004180726771773
residual_sac,4,240.0275037907419,107.3078585406409,240.0275037907419,5554.846541505603,0.0,0.0,2901.831867914079,522.3964057749752,1398.4,1398.4,100.0,1398.4,1.0,2821.589742098494,0.3526987177623117,295.1661948836054,295.1661948836054,0.0,0.0,76.06085261961606,65.37731988355517,100.0,100.0,0.0,0.0,100.0,0.0,100.0,0.0,0.3676543816713597,0.7296033399565482,0.3676543816713597,0.18234561832864032,0.0,0.0,0.0,0.0,-1.117790193131676
residual_sac,4,497.45574478857213,203.09796130201545,497.45574478857213,10219.192762028353,0.0,0.0,5974.290296962154,584.6146986443916,1187.9,1187.9,100.0,1187.9,1.0,2650.771012168664,0.331346376521083,569.5142234059169,569.5142234059169,0.0,0.0,110.37730566662245,101.09865691967848,100.0,100.0,1.0,1.0,100.0,0.0,100.0,0.0,0.3630148260160414,0.6374858652720521,0.37155602306595964,0.1784439769340404,0.0,8.333333333333332,0.0,8.333333333333332,-2.1156037635626608
residual_sac,4,497.7802517783199,193.1179190403189,497.7802517783199,10298.387673252088,0.0,0.0,5988.076468489104,581.4576668192326,1584.0,1584.0,100.0,1584.0,1.0,3530.3360274437046,0.44129200343046304,501.2853280319385,501.2853280319385,0.0,0.0,42.33673254094198,35.32664170488715,100.0,100.0,0.0,0.0,100.0,0.0,100.0,0.0,0.3945031623977399,0.8472464463946656,0.39489551169468606,0.15510448830531398,0.0,0.0,0.0,0.0,-2.011644990003322
residual_sac,4,422.2506428107653,175.91487432752822,422.2506428107653,9805.973665643376,0.0,0.0,5306.088886914047,541.1078050825982,2027.8999999999999,2027.8999999999999,100.0,2027.8999999999999,1.0,3547.205833723097,0.4434007292153871,547.2412646072519,547.2412646072519,0.0,0.0,70.93258548653617,59.83814299106598,100.0,100.0,0.0,0.0,100.0,0.0,100.0,0.0,0.359439438814493,0.7988350223813906,0.359439438814493,0.19056056118550707,0.0,0.0,0.0,0.0,-1.832446607578419
residual_sac,4,348.7452269282028,159.813853079001,348.7452269282028,10781.057609730075,0.0,0.0,4964.117253269733,460.4480778202631,757.2,757.2,100.0,757.2,1.0,2390.863426974648,0.298857928371831,596.4979233643398,596.4979233643398,0.0,0.0,88.09329379633081,79.09643547609448,100.0,100.0,0.0,0.0,100.0,0.0,100.0,0.0,0.3802542562848553,0.6114283941923341,0.4081481811218825,0.14185181887811754,0.0,0.0,0.0,0.0,-1.6647276362395937
residual_sac,4,280.77416232258844,123.99429149294622,280.77416232258844,10233.018331628597,0.0,0.0,3882.2986206678006,379.38939371077316,819.0,819.0,100.0,819.0,1.0,2181.197292190812,0.2726496615238515,492.489697409429,492.489697409429,0.0,0.0,62.540582613389006,47.294518537819386,100.0,100.0,0.0,0.0,100.0,0.0,100.0,0.0,0.43194390367320645,0.6638129062179452,0.4348230329881847,0.11517696701181535,0.0,0.0,0.0,0.0,-1.291607203051523
residual_sac,4,203.0011110233022,124.37366729245785,203.0011110233022,7575.770069276343,0.0,0.0,3737.2450796224057,493.3155369615642,700.5,700.5,100.0,700.5,1.0,2440.0152371859213,0.3050019046482402,439.7047785969192,439.7047785969192,0.0,0.0,93.07687971520465,86.97146205231547,100.0,100.0,0.0,0.0,100.0,0.0,100.0,0.0,0.30624395109152863,0.6674547630431246,0.30624395109152863,0.2437560489084714,0.0,0.0,0.0,0.0,-1.295559034296436
residual_sac,4,238.82322412625908,112.560268233194,238.82322412625908,6032.711566121432,0.0,0.0,3243.179871088518,537.5990274923143,940.7,940.7,100.0,940.7,1.0,2403.957943073853,0.3004947428842316,319.9704311331033,319.9704311331033,0.0,0.0,78.32978538174105,65.02546453848481,100.0,100.0,0.0,0.0,100.0,0.0,100.0,0.0,0.35176508616389374,0.6766616117102358,0.35176508616389374,0.1982349138361063,0.0,0.0,0.0,0.0,-1.1725027940957709
residual_sac,4,495.74435114290145,204.76585384068932,495.74435114290145,11140.365252180116,0.0,0.0,6332.161941701255,568.3980550334363,715.9,715.9,100.0,715.9,1.0,1969.8422276370593,0.2462302784546324,583.347013028761,583.347013028761,0.0,0.0,116.80164293118456,109.31771211326122,100.0,100.0,0.0,0.0,100.0,0.0,100.0,0.0,0.43913375617777595,0.6331797752715158,0.46014556972463666,0.08985443027536338,0.0,0.0,0.0,0.0,-2.132977644173847
residual_sac,4,594.3341068346285,214.74823900468186,594.3341068346285,11221.077860468316,0.0,0.0,6783.542970802157,604.535772334356,628.5,628.5,100.0,628.5,1.0,2398.599294684898,0.2998249118356122,607.6103584518587,607.6103584518587,0.0,0.0,62.80601467167715,51.675016805529594,100.0,100.0,0.0,0.0,100.0,0.0,100.0,0.0,0.43386028218513834,0.7484323101919969,0.4460237285573288,0.10397627144267124,0.0,0.0,0.0,0.0,-2.236960822965436
residual_sac,4,456.24901295038114,182.25319540719383,456.24901295038114,10673.42702422764,0.0,0.0,5673.019599047799,531.508725938782,1100.6999999999998,1100.6999999999998,100.0,1100.6999999999998,1.0,2747.273251217843,0.3434091564022304,554.7137340730474,554.7137340730474,0.0,0.0,69.34788246485314,58.93452214077115,100.0,100.0,0.0,0.0,100.0,0.0,100.0,0.0,0.38738093288539355,0.7472094870357682,0.38738093288539355,0.1626190671146065,0.0,0.0,0.0,0.0,-1.8984707854916023
residual_sac,4,527.8444617834998,210.03193979024354,527.8444617834998,10836.002215788227,0.0,0.0,6449.60711211356,595.2017158797163,656.3,656.3,100.0,656.3,1.0,2557.42327691915,0.31967790961489373,609.4374999139916,609.4374999139916,0.0,0.0,92.76235078135753,77.99155032262206,100.0,100.0,1.0,1.0,100.0,0.0,100.0,0.0,0.3595584019590425,0.6520397462516706,0.3595584019590425,0.19044159804095756,0.0,8.333333333333332,0.0,8.333333333333332,-2.18783270614837
residual_sac,4,427.1867607638015,180.49851371471132,427.1867607638015,10201.16645391163,0.0,0.0,5823.472953850986,570.8634380353611,615.2,615.2,100.0,615.2,1.0,2196.6737735853794,0.2745842216981724,514.5631627394839,514.5631627394839,0.0,0.0,73.51164643855051,56.21963022276759,100.0,100.0,0.0,0.0,100.0,0.0,100.0,0.0,0.3856808896953256,0.643532827781062,0.3856808896953256,0.16431911030467444,0.0,0.0,0.0,0.0,-1.8801928511949095
residual_sac,4,293.819189498205,145.8017650078561,293.819189498205,7297.87915875462,0.0,0.0,4118.943726943047,564.402840515921,1260.8,1260.8,100.0,1260.8,1.0,3131.991165427411,0.3914988956784264,443.30886267696866,443.30886267696866,0.0,0.0,103.90218038900719,95.92748805880547,100.0,100.0,0.0,0.0,100.0,0.0,100.0,0.0,0.3062420710795361,0.7217207713894404,0.3062420710795361,0.24375792892046394,0.0,0.0,0.0,0.0,-1.518768385498501
residual_sac,4,251.18936193466448,108.45975807045085,251.18936193466448,5970.810877702719,0.0,0.0,2969.734970423253,497.37548739206824,773.1,773.1,100.0,773.1,1.0,2313.5263206964714,0.28919079008705895,323.1373987155954,323.1373987155954,0.0,0.0,77.44586087747452,63.17534167319536,100.0,100.0,0.0,0.0,100.0,0.0,100.0,0.0,0.3145294464791855,0.6405677720739341,0.3145294464791855,0.23547055352081453,0.0,0.0,0.0,0.0,-1.1297891465671963
residual_sac,4,473.00436729200806,180.46860702635541,473.00436729200806,10915.853574187611,0.0,0.0,5135.425541691513,470.45570067329396,725.6,725.6,100.0,725.6,1.0,2129.9522250258533,0.26624402812823167,589.6783467935763,589.6783467935763,0.0,0.0,114.47894381539895,106.78761014714837,100.0,100.0,0.0,0.0,100.0,0.0,100.0,0.0,0.3837608573233987,0.6234084327316383,0.4050218402945849,0.14497815970541517,0.0,0.0,0.0,0.0,-1.8798813231912022
residual_sac,4,543.1006710470776,193.11199562174744,543.1006710470776,11225.91295956835,0.0,0.0,5906.064431326729,526.1099433603505,601.9,601.9,100.0,601.9,1.0,2325.8015290570775,0.2907251911321347,614.9550164402135,614.9550164402135,0.0,0.0,69.96007410924133,57.47173931449652,100.0,100.0,0.0,0.0,100.0,0.0,100.0,0.0,0.42824544644997753,0.7233734266173065,0.4408282882881936,0.10917171171180645,0.0,0.0,0.0,0.0,-2.011583287726536
residual_sac,4,479.04340756894163,178.66549246759047,479.04340756894163,10574.224117756243,0.0,0.0,5336.982475065103,504.7162246261869,1402.6000000000001,1402.6000000000001,99.99999999999999,1402.6000000000001,0.9999999999999999,3024.2836353465673,0.3780354544183209,570.6964471152164,570.6964471152164,0.0,0.0,67.1623697896457,54.100321885198355,100.0,100.0,0.0,0.0,100.0,0.0,100.0,0.0,0.3765063128347366,0.7687073701668166,0.3765063128347366,0.17349368716526342,0.0,0.0,0.0,0.0,-1.861098879870734
residual_sac,4,441.4813558238585,181.70241796310347,441.4813558238585,11179.643866050015,0.0,0.0,5523.176232467327,494.0386562079971,497.19999999999993,497.19999999999993,100.0,497.19999999999993,1.0,2248.8870720562636,0.28111088400703294,615.0634105133236,615.0634105133236,0.0,0.0,96.22277967145972,87.86317044869065,100.0,100.0,0.0,0.0,100.0,0.0,100.0,0.0,0.38973688811179164,0.615562772436828,0.38973688811179164,0.1602631118882084,0.0,0.0,0.0,0.0,-1.8927335204489946
residual_sac,4,406.1444316820322,168.8834187481367,406.1444316820322,10671.51364273201,0.0,0.0,5372.814873292127,503.4726143981797,649.0999999999999,649.0999999999999,100.0,649.0999999999999,1.0,2121.4276209180966,0.2651784526147621,550.2150915057728,550.2150915057728,0.0,0.0,77.14649149820985,64.08807327970862,100.0,100.0,0.0,0.0,100.0,0.0,100.0,0.0,0.4284245791206949,0.6529122431025999,0.42859504170781565,0.1214049582921844,0.0,0.0,0.0,0.0,-1.759202278626424
residual_sac,4,306.0522074246775,144.0007525450389,306.0522074246775,8331.58762978262,0.0,0.0,4280.002411438305,513.7079031778694,405.4,405.4,100.0,405.4,1.0,2314.3965296183937,0.28929956620229924,489.94903809362364,489.94903809362364,0.0,0.0,91.14262425763644,81.64827832952142,100.0,100.0,0.0,0.0,100.0,0.0,100.0,0.0,0.3095423972416984,0.633390491489108,0.3095423972416984,0.24045760275830164,0.0,0.0,0.0,0.0,-1.5000078390108218
residual_sac,4,284.02158346984857,119.14628678682044,284.02158346984857,6593.033225485053,0.0,0.0,3333.7683882641377,505.65017257574505,584.7,584.7,100.0,584.7,1.0,2141.4463032262056,0.2676807879032757,357.25019318783774,357.25019318783774,0.0,0.0,86.49505892626752,71.95796025916934,100.0,100.0,0.0,0.0,100.0,0.0,100.0,0.0,0.3535909222088975,0.6638336675880785,0.3535909222088975,0.19640907779110256,0.0,0.0,0.0,0.0,-1.2411071540293797
residual_sac,4,544.8737497694401,204.92653329449126,544.8737497694401,11253.163701043439,0.0,0.0,5953.448727409155,529.0466650598113,733.5,733.5,100.0,733.5,1.0,2569.517933919868,0.3211897417399835,621.4738106378172,621.4738106378172,0.0,0.0,107.39841079373402,96.85726338740669,100.0,100.0,1.0,1.0,100.0,0.0,100.0,0.0,0.3145603582777147,0.6590569201543247,0.35131469534823356,0.19868530465176648,0.0,8.333333333333332,0.0,8.333333333333332,-2.134651388484284
residual_sac,4,660.9190818025753,239.14426358490718,660.9190818025753,12237.514967449177,0.0,0.0,7719.776080281939,630.8287344951924,433.79999999999995,433.79999999999995,100.0,433.79999999999995,1.0,2559.757975233946,0.3199697469042433,648.2075689713286,648.2075689713286,0.0,0.0,55.2066559356508,43.68776213377714,100.0,100.0,0.0,0.0,100.0,0.0,100.0,0.0,0.45359038666011636,0.7715161693054645,0.4756992858303847,0.07430071416961537,0.0,0.0,0.0,0.0,-2.49108607900945
residual_sac,4,632.2761049116198,233.51402854119198,632.2761049116198,12462.471772881585,0.0,0.0,7445.564961294263,597.4388626095714,384.09999999999997,384.09999999999997,100.00000000000001,384.09999999999997,1.0000000000000002,2334.679353996721,0.29183491924959015,634.1002048670633,634.1002048670633,0.0,0.0,76.11555715627605,69.20765861868858,100.0,100.0,0.0,0.0,100.0,0.0,100.0,0.0,0.4229646370996442,0.7148013913114191,0.4396645587212505,0.11033544127874956,0.0,0.0,0.0,0.0,-2.432437797304083
residual_sac,4,520.1405655595242,206.36172293167706,520.1405655595242,11793.689010556978,0.0,0.0,6400.754341467871,542.7270751109609,593.2,593.2,100.0,593.2,1.0,2378.965876293852,0.2973707345367315,617.9891726561285,617.9891726561285,0.0,0.0,97.37123342155351,86.62461126223207,100.0,100.0,0.0,0.0,100.0,0.0,100.0,0.0,0.42599552182318706,0.7083925231198266,0.42599552182318706,0.12400447817681298,0.0,0.0,0.0,0.0,-2.149601280538303
residual_sac,4,333.7616729836833,139.0823040854283,333.7616729836833,11017.744795779758,0.0,0.0,4278.000071373883,388.28273395954227,950.6000000000001,950.6000000000001,100.0,950.6000000000001,1.0,2359.2335452540256,0.2949041931567532,551.1382145442783,551.1382145442783,0.0,0.0,69.49563742858409,54.65348791331053,100.0,100.0,0.0,0.0,100.0,0.0,100.0,0.0,0.4381299492843667,0.7000514306949746,0.43854630155203506,0.11145369844796499,0.0,0.0,0.0,0.0,-1.448774000889878
residual_sac,4,279.06641620065324,141.10074756837955,279.06641620065324,8200.378945717694,0.0,0.0,4135.396236257426,504.2933093252921,767.5,767.5,100.0,767.5,1.0,2690.6779954140356,0.33633474942675445,506.9543206937644,506.9543206937644,0.0,0.0,94.05570021528054,89.43137917667627,100.0,100.0,0.0,0.0,100.0,0.0,100.0,0.0,0.2951192510924238,0.6791601802912577,0.2951192510924238,0.2548807489075762,0.0,0.0,0.0,0.0,-1.469799453837287
residual_sac,4,392.2241377614553,152.4011988719319,392.2241377614553,7461.610500521523,0.0,0.0,4661.106221274283,624.6783078463421,278.4,278.4,100.0,278.4,1.0,1978.9493844795052,0.24736867305993815,432.999036309362,432.999036309362,0.0,0.0,75.5880738090256,64.11524778231978,100.0,100.0,0.0,0.0,100.0,0.0,100.0,0.0,0.42355471233728226,0.6583166645757276,0.42355471233728226,0.1264452876627178,0.0,0.0,0.0,0.0,-1.5875124882492908
residual_sac,4,580.7262864961172,227.8670270797632,580.7262864961172,12216.017093654695,0.0,0.0,6855.15422899556,561.1611523166825,447.20000000000005,447.20000000000005,100.0,447.20000000000005,1.0,2590.827162433148,0.3238533953041435,654.5475419628699,654.5475419628699,0.0,0.0,114.1863001958109,104.88366370489048,100.0,100.0,1.0,1.0,100.0,0.0,100.0,0.0,0.34095598525656434,0.65110069897354,0.38454584462961966,0.16545415537038038,0.0,8.333333333333332,0.0,8.333333333333332,-2.3736148654142
residual_sac,4,506.88983059305207,190.53426689259933,506.88983059305207,12915.80717920804,0.0,0.0,5983.564180263821,463.2745052044603,329.9,329.9,100.0,329.9,1.0,2529.090998437563,0.31613637480469536,676.4698656123257,676.4698656123257,0.0,0.0,65.60285563610395,51.4129556097385,100.0,100.0,0.0,0.0,100.0,0.0,100.0,0.0,0.40371263766524607,0.728155363504612,0.43193332610086177,0.11806667389913827,0.0,5.208333333333334,0.0,5.208333333333334,-1.9847319467979097
residual_sac,4,401.9036296253063,159.4645162208729,401.9036296253063,12721.453357248623,0.0,0.0,4596.548974325771,361.3226292031075,496.1,496.1,100.0,496.1,1.0,2875.706967032619,0.35946337087907737,676.3212838553766,676.3212838553766,0.0,0.0,86.79616979782426,72.74046037346125,100.0,100.0,1.0,1.0,100.0,0.0,100.0,0.0,0.3763408215843948,0.7247596433487369,0.3838071078164781,0.16619289218352196,0.0,8.333333333333332,0.0,8.333333333333332,-1.6610887106340926
residual_sac,4,534.0550313184419,193.00006052252246,534.0550313184419,12721.67599413016,0.0,0.0,5562.030381023167,437.2089325014654,614.3000000000001,614.3000000000001,100.0,614.3000000000001,1.0,2845.5752179118717,0.355696902238984,658.6384305618493,658.6384305618493,0.0,0.0,94.39579712810003,82.46100647374988,100.0,100.0,1.0,1.0,100.0,0.0,100.0,0.0,0.4025865163708413,0.7340739008369866,0.4025865163708413,0.14741348362915874,0.0,5.208333333333334,0.0,5.208333333333334,-2.010417297109609
residual_sac,4,490.81034527078,200.43917245511318,490.81034527078,11500.88043817746,0.0,0.0,6385.1885243075085,555.1912793660314,935.5,935.5,100.0,935.5,1.0,2512.8400942802227,0.31410501178502787,601.7116506298302,601.7116506298302,0.0,0.0,82.22779319159724,68.33382686600089,100.0,100.0,0.0,0.0,100.0,0.0,100.0,0.0,0.4058561313208282,0.7043498152337769,0.4058561313208282,0.14414386867917184,0.0,0.0,0.0,0.0,-2.087908046407429
residual_sac,4,394.19732012829894,174.44034630428266,394.19732012829894,9267.684792544427,0.0,0.0,5415.617593695434,584.354961883483,426.29999999999995,426.29999999999995,100.0,426.29999999999995,1.0,2421.5948858015963,0.30269936072519954,508.7063564844004,508.7063564844004,0.0,0.0,90.52814004731049,79.61100554093719,100.0,100.0,0.0,0.0,100.0,0.0,100.0,0.0,0.33897841420627484,0.6412693027475171,0.33897841420627484,0.2110215857937252,0.0,0.0,0.0,0.0,-1.817086940669611
residual_sac,4,342.68329288258064,133.46125521005717,342.68329288258064,7351.132557236858,0.0,0.0,3824.803111816439,520.3012028467767,616.6,616.6,100.0,616.6,1.0,2176.9197514687703,0.27211496893359627,433.1965513806949,433.1965513806949,0.0,0.0,80.88763645497181,67.86859752610326,100.0,100.0,0.0,0.0,100.0,0.0,100.0,0.0,0.3937317687063651,0.680902402559668,0.3937317687063651,0.15626823129363493,0.0,0.0,0.0,0.0,-1.3902214084380955
residual_sac,4,635.070230872562,235.14798751507016,635.070230872562,12435.905361160738,0.0,0.0,6761.072174447059,543.6734984782803,679.0,679.0,100.0,679.0,1.0,2959.985757358033,0.3699982196697541,667.8593722765928,667.8593722765928,0.0,0.0,120.04774564874747,112.30270989121813,100.0,100.0,1.0,1.0,100.0,0.0,100.0,0.0,0.3147836889336417,0.6749349596886133,0.3651482726406402,0.18485172735935984,0.0,8.333333333333332,0.0,8.333333333333332,-2.449458203281981
residual_sac,4,619.826337794035,222.55891081007195,619.826337794035,12745.473390960306,0.0,0.0,6905.453256736552,541.7965300240811,1164.1000000000001,1164.1000000000001,100.0,1164.1000000000001,1.0,3420.7261083355875,0.4275907635419484,653.6114082694098,653.6114082694098,0.0,0.0,53.08775944971511,41.45905803889036,100.0,100.0,0.0,0.0,100.0,0.0,100.0,0.0,0.4339068468512946,0.8572238839136948,0.451820900167665,0.09817909983233503,0.0,0.0,0.0,0.0,-2.318321987604916
residual_sac,4,541.7911294083751,209.55361312398915,541.7911294083751,13102.51527372661,0.0,0.0,6434.31021370729,491.0744295493767,916.3,916.3,100.0,916.3,1.0,3232.630747263279,0.40407884340790984,676.4698656123257,676.4698656123257,0.0,0.0,72.73059947951178,61.10751363587432,100.0,100.0,1.0,1.0,100.0,0.0,100.0,0.0,0.3595020904495279,0.7631683694327271,0.3684261025761294,0.18157389742387064,0.0,16.666666666666664,0.0,16.666666666666664,-2.1828501367082205
residual_sac,4,411.1421383884726,162.95063135084166,411.1421383884726,13082.218803855796,0.0,0.0,4717.427906299268,360.5984563496885,617.4000000000001,617.4000000000001,100.0,617.4000000000001,1.0,2734.843185736819,0.34185539821710237,676.4698656123257,676.4698656123257,0.0,0.0,91.94075932833977,78.64480472535232,100.0,100.0,1.0,1.0,100.0,0.0,100.0,0.0,0.4159960217289755,0.7349647090967846,0.4159960217289755,0.13400397827102456,0.0,16.666666666666664,0.0,16.666666666666664,-1.6974024099046006
residual_sac,4,342.35623447521994,135.24288498101444,342.35623447521994,12747.289555600179,0.0,0.0,4144.910218827291,325.1601213535105,380.0,380.0,100.0,380.0,1.0,1856.4823932270715,0.23206029915338394,660.3575415578738,660.3575415578738,0.0,0.0,76.61132153354754,65.20169069990516,100.0,100.0,0.0,0.0,100.0,0.0,100.0,0.0,0.4680861377588702,0.65920969259221,0.4841320283012836,0.06586797169871644,0.0,0.0,0.0,0.0,-1.408780051885567
residual_sac,4,16.637922762411065,81.97301684138625,16.637922762411065,9404.474495658327,0.0,0.0,2514.4681209679748,267.3693380878225,476.1,476.1,100.0,476.1,1.0,2254.7807089608696,0.28184758862010867,522.0898143128989,522.0898143128989,0.0,0.0,101.18520298833839,97.12595380842686,100.0,100.0,0.0,0.0,100.0,0.0,100.0,0.0,0.3230362260558775,0.6692450484413315,0.3230362260558775,0.22696377394412254,0.0,0.0,0.0,0.0,-0.8538855920977735
residual_sac,4,207.06072029063384,103.21604550653187,207.06072029063384,7303.301828096266,0.0,0.0,2843.2609557726255,389.31171444050415,584.2,584.2,100.0,584.2,1.0,2297.763504957077,0.28722043811963466,380.1551495780553,380.1551495780553,0.0,0.0,87.45058910260981,75.41191428899765,100.0,100.0,0.0,0.0,100.0,0.0,100.0,0.0,0.3307756875673398,0.6746658502334703,0.3307756875673398,0.21922431243266022,0.0,0.0,0.0,0.0,-1.0751671406930403
residual_sac,4,506.5433128348402,202.6212694796246,506.5433128348402,12789.765249017877,0.0,0.0,5747.945882270074,449.4176218528685,890.2,890.2,100.0,890.2,1.0,2996.511329754394,0.37456391621929924,676.4698656123257,676.4698656123257,0.0,0.0,118.83581925028976,111.60799270322696,100.0,100.0,1.0,1.0,100.0,0.0,100.0,0.0,0.30403213959134406,0.7077576002665548,0.33983265985237365,0.2101673401476264,0.0,14.583333333333334,0.0,14.583333333333334,-2.1106382237460894
residual_sac,4,587.3662862036449,227.25169355073587,587.3662862036449,14406.469280249348,0.0,0.0,7364.728780908522,511.2098348070092,424.4,424.4,100.0,424.4,1.0,2751.6165055948914,0.34395206319936145,676.4698656123257,676.4698656123257,0.0,0.0,69.5884811387386,61.087430815203795,100.0,100.0,0.0,0.0,100.0,0.0,100.0,0.0,0.43834093124705426,0.7597833828616535,0.47358436346538657,0.07641563653461347,0.0,30.208333333333332,0.0,30.208333333333332,-2.3672051411534984
residual_sac,4,630.9197849988109,234.12479390727708,630.9197849988109,14220.441880371103,0.0,0.0,7247.420324142227,509.6480394287927,328.1,328.1,100.0,328.1,1.0,2975.629516359199,0.3719536895448999,676.4698656123257,676.4698656123257,0.0,0.0,76.24943295106803,65.74260987380511,100.0,100.0,1.0,1.0,100.0,0.0,100.0,0.0,0.3436797760178787,0.7606243019375665,0.3695922048299979,0.18040779517000216,0.0,41.66666666666667,0.0,41.66666666666667,-2.4387999365341364
residual_sac,4,522.2233284718031,206.94000694987938,522.2233284718031,13870.279954484935,0.0,0.0,6453.908233908338,465.3048283875103,335.9,335.9,100.0,335.9,1.0,2512.5578948308266,0.3140697368538533,676.4698656123257,676.4698656123257,0.0,0.0,89.37622384194219,74.76256620531096,100.0,100.0,1.0,1.0,100.0,0.0,100.0,0.0,0.3991328628350732,0.744132900040375,0.3991328628350732,0.15086713716492683,0.0,35.41666666666667,0.0,35.41666666666667,-2.1556250723945767
residual_sac,4,300.3352554435452,136.80527018757687,300.3352554435452,13647.385932182813,0.0,0.0,4322.393160762574,316.71949355294845,444.3,444.3,100.0,444.3,1.0,1985.4135327682666,0.2481766915960333,676.4698656123257,676.4698656123257,0.0,0.0,85.46635413272324,73.49689123377645,100.0,100.0,0.0,0.0,100.0,0.0,100.0,0.0,0.46200876395350626,0.6716115915808907,0.48778884874395095,0.06221115125604909,0.0,11.458333333333332,0.0,11.458333333333332,-1.425054897787259
residual_sac,4,134.98838659413093,100.33309762887502,134.98838659413093,10072.350184741603,0.0,0.0,2864.651594468447,284.4074661748803,558.0,558.0,100.0,558.0,1.0,2344.4810997667037,0.293060137470838,525.0848710570858,525.0848710570858,0.0,0.0,101.75916477960139,98.59989304095507,100.0,100.0,0.0,0.0,100.0,0.0,100.0,0.0,0.3550640775471688,0.7085669561031326,0.3550640775471688,0.19493592245283126,0.0,0.0,0.0,0.0,-1.045136433634115
residual_sac,4,332.793119407088,133.82913828508802,332.793119407088,8006.670651955897,0.0,0.0,3894.633922667027,486.4236449785321,555.5999999999999,555.5999999999999,100.0,555.5999999999999,1.0,2103.5167682056176,0.2629395960257022,432.5910561450608,432.5910561450608,0.0,0.0,83.63559889438046,70.57742839679122,100.0,100.0,0.0,0.0,100.0,0.0,100.0,0.0,0.3978148969629777,0.6866895371326589,0.3978148969629777,0.15218510303702232,0.0,0.0,0.0,0.0,-1.3940535238030003
residual_sac,4,493.17255736613185,262.8395412821794,493.17255736613185,13648.913344568118,0.0,0.0,6054.760230958953,443.6074930000619,659.9,659.9,100.0,659.9,1.0,3271.49668367681,0.4089370854596012,882.7733913547007,882.7733913547007,5.0,104.80701282627834,122.40084781478545,112.63617826383967,100.0,100.0,1.0,1.0,100.0,0.0,100.0,0.0,0.2,0.6818202422232011,0.23996475774095358,0.31003524225904644,3.125,29.166666666666668,3.125,29.166666666666668,-2.737911888356036
residual_sac,4,610.3365104198813,230.5088186502078,610.3365104198813,14828.453369707058,0.0,0.0,7388.423010219085,498.2598539449058,601.0,601.0,100.0,601.0,1.0,3118.1867407876102,0.38977334259845126,676.4698656123257,676.4698656123257,0.0,0.0,62.78026088584333,53.989187315470815,100.0,100.0,0.0,0.0,100.0,0.0,100.0,0.0,0.42696454754281826,0.8261770442846903,0.4647912440753561,0.08520875592464394,0.0,35.41666666666667,0.0,35.41666666666667,-2.4011335276063313
residual_sac,4,501.99184269581207,205.43688904516412,501.99184269581207,14366.051031303177,0.0,0.0,6321.733890075917,440.0467377082996,841.8,841.8,100.0,841.8,1.0,3443.162708023857,0.4303953385029821,676.4698656123257,676.4698656123257,0.0,0.0,81.9919955551517,70.1495033438671,100.0,100.0,0.0,0.0,100.0,0.0,100.0,0.0,0.3511647126382927,0.824514006355909,0.3752880459077261,0.17471195409227397,0.0,32.29166666666667,0.0,32.29166666666667,-2.1399675942204595
residual_sac,4,422.8144867593843,182.3976767164711,422.8144867593843,14369.145633261698,0.0,0.0,5713.080427586601,397.5936060082767,547.9,547.9,100.0,547.9,1.0,2710.135591978721,0.3387669489973401,676.4698656123257,676.4698656123257,0.0,0.0,82.98903047072564,70.10941251910198,100.0,100.0,0.0,0.0,100.0,0.0,100.0,0.0,0.3778293349144191,0.7159880922963325,0.3784576650426613,0.17154233495733873,0.0,43.75,0.0,43.75,-1.8999757991299073
residual_sac,4,401.43816172292395,188.43571213138625,401.43816172292395,13707.513935617535,0.0,0.0,6302.244329808493,459.765670084987,623.5,623.5,100.0,623.5,1.0,2261.141053192848,0.282642631649106,676.4698656123257,676.4698656123257,0.0,0.0,85.63165693459112,73.5228883794391,100.0,100.0,0.0,0.0,100.0,0.0,100.0,0.0,0.45954227469107983,0.7081466612890038,0.45954227469107983,0.09045772530892021,0.0,11.458333333333332,0.0,11.458333333333332,-1.9628720013686067
residual_sac,4,277.0707751749706,151.63947444059409,277.0707751749706,10580.931122540416,0.0,0.0,4830.251299551926,456.50531542182586,314.4,314.4,100.0,314.4,1.0,2227.8900835990808,0.2784862604498851,632.479562454012,632.479562454012,0.0,0.0,100.35589825095593,93.91322424635291,100.0,100.0,0.0,0.0,100.0,0.0,100.0,0.0,0.3738256640595912,0.6814994581542395,0.3738256640595912,0.17617433594040882,0.0,0.0,0.0,0.0,-1.5795778587561884
residual_sac,4,205.9004364728247,107.81147917595445,205.9004364728247,8062.756751215362,0.0,0.0,3140.400148497817,389.4945916636317,328.3,328.3,100.0,328.3,1.0,2002.9114927004118,0.25036393658755146,449.5041649027615,449.5041649027615,0.0,0.0,90.75462392513619,78.73908765614033,100.0,100.0,0.0,0.0,100.0,0.0,100.0,0.0,0.34716696709765515,0.6563437979687747,0.34716696709765515,0.2028330329023449,0.0,0.0,0.0,0.0,-1.123036241416192
residual_sac,4,336.76709029720286,200.64999319488055,336.76709029720286,14059.487666908566,0.0,0.0,6182.533948233539,439.7410556278805,372.8,372.8,100.0,372.8,1.0,2564.269493713076,0.3205336867141345,676.4698656123257,676.4698656123257,0.0,0.0,122.80749399475482,117.43412183309287,100.0,100.0,0.0,0.0,100.0,0.0,100.0,0.0,0.25401608424082267,0.6541720222954873,0.2896920095042881,0.26030799049571196,0.0,27.083333333333332,0.0,27.083333333333332,-2.090104095780006
residual_sac,4,417.59658627679596,215.42061411392135,417.59658627679596,14780.671770822602,0.0,0.0,7443.356463758674,503.58715619759835,265.6,265.6,100.0,265.6,1.0,2881.0837470172596,0.36013546837715743,676.4698656123257,676.4698656123257,0.0,0.0,66.86157451145105,57.435690441772806,100.0,100.0,0.0,0.0,100.0,0.0,100.0,0.0,0.32564344354197944,0.7590566892547259,0.3671344755851637,0.18286552441483633,0.0,46.875,0.0,46.875,-2.243964730353347
residual_sac,4,507.6557242220574,245.4967396431563,507.6557242220574,14830.962370085075,0.0,0.0,8519.70213019792,574.4537621767998,541.3,541.3,100.0,541.3,1.0,3162.205695417337,0.39527571192716715,676.4698656123257,676.4698656123257,0.0,0.0,71.86543911294038,58.591835557024694,100.0,100.0,0.0,0.0,100.0,0.0,100.0,0.0,0.3745591638279536,0.7991190984224992,0.41338926384502955,0.1366107361549705,0.0,37.5,0.0,37.5,-2.5572577046162115
residual_sac,4,555.1025741880873,248.49017336166094,555.1025741880873,14433.667532460926,0.0,0.0,8359.197190806837,579.1457487854165,414.8,414.8,100.0,414.8,1.0,2684.5875938236636,0.33557344922795795,676.4698656123257,676.4698656123257,0.0,0.0,85.64367469709632,72.25861793307452,100.0,100.0,0.0,0.0,100.0,0.0,100.0,0.0,0.3745645477388337,0.7449791922804906,0.3745645477388337,0.17543545226116636,0.0,42.70833333333333,0.0,42.70833333333333,-2.5884393058506348
residual_sac,4,475.23942770536064,225.60025539674265,475.23942770536064,13636.519082641244,0.0,0.0,7688.637314228023,563.826975757718,717.4,717.4,100.0,717.4,1.0,2405.8474204108124,0.30073092755135156,676.4698656123257,676.4698656123257,0.0,0.0,90.72166531756831,78.00580085611335,100.0,100.0,0.0,0.0,100.0,0.0,100.0,0.0,0.43773001645077886,0.7206459548412708,0.4398394015151104,0.11016059848488963,0.0,8.333333333333332,0.0,8.333333333333332,-2.350002660382736
residual_sac,4,293.44406359904247,156.57379289782318,293.44406359904247,10065.090794130223,0.0,0.0,4679.36528546465,464.91038989867536,1087.2,1087.2,100.0,1087.2,1.0,2983.803541654056,0.37297544270675703,676.4698656123257,676.4698656123257,0.0,0.0,109.12617754595831,104.91731655531152,100.0,100.0,0.0,0.0,100.0,0.0,100.0,0.0,0.35865682722111936,0.7718371807363447,0.35865682722111936,0.1913431727788807,0.0,1.0416666666666665,0.0,1.0416666666666665,-1.6309770093523248
residual_sac,4,187.59235477922792,99.69965006851646,187.59235477922792,7246.348969986803,0.0,0.0,2523.1069696344166,348.19009960529286,1053.8000000000002,1053.8000000000002,100.0,1053.8000000000002,1.0,2933.487082184838,0.36668588527310475,467.753320833237,467.753320833237,0.0,0.0,93.78317123086265,87.94733500108123,100.0,100.0,0.0,0.0,100.0,0.0,100.0,0.0,0.30795857551081374,0.7413379500247826,0.30795857551081374,0.2420414244891863,0.0,0.0,0.0,0.0,-1.0385380215470466
residual_sac,4,493.29964626769,277.3101859633939,493.29964626769,14022.703289783542,0.0,0.0,6487.216586301336,462.6223954283978,0.0,0.0,,0.0,,2239.3204493668827,0.2799150561708603,867.4671701738871,867.4671701738871,8.0,190.43463243560984,132.91128917282228,125.91960415046071,100.0,100.0,0.0,0.0,100.0,0.0,100.0,0.0,0.2,0.5605721546487588,0.24851825377771652,0.3014817462222835,7.291666666666667,22.916666666666664,7.291666666666667,22.916666666666664,-2.8886477704520197
residual_sac,5,477.9968874343117,193.70987615956756,477.9968874343117,11072.028597107452,0.0,0.0,5370.613364694609,485.06137042471806,1584.7,1584.7,100.0,1584.7,1.0,3226.43347228703,0.40330418403587875,614.2853958667533,614.2853958667533,0.0,0.0,135.43699042676704,133.5042865946889,100.0,100.0,0.0,0.0,100.0,0.0,100.0,0.0,0.3996933579092048,0.7219550418718087,0.4852505312218569,0.06474946877814314,0.0,0.0,0.0,0.0,-2.0178112099954952
residual_sac,5,440.9604790464343,169.78632204110235,440.9604790464343,11034.56307103053,0.0,0.0,4973.320201147482,450.7038628655932,1639.0,1639.0,100.0,1639.0,1.0,3706.9421116479525,0.46336776395599405,611.2372849854698,611.2372849854698,0.0,0.0,71.08914234282439,57.08267008885741,100.0,100.0,0.0,0.0,100.0,0.0,100.0,0.0,0.3544190005209615,0.7865129092184219,0.40024823136460347,0.14975176863539658,0.0,0.0,0.0,0.0,-1.768607521261483
residual_sac,5,440.54516826875357,183.12592874049477,440.54516826875357,10614.037547753875,0.0,0.0,5429.934018569462,511.58044185725873,1694.9,1694.9,100.0,1694.9,1.0,4279.215153843693,0.5349018942304616,540.483489190223,540.483489190223,0.0,0.0,64.87332542146649,50.2361286431551,100.0,100.0,0.0,0.0,100.0,0.0,100.0,0.0,0.3362700136945734,0.8843478853148911,0.3362700136945734,0.21372998630542667,0.0,0.0,0.0,0.0,-1.9075617577134871
residual_sac,5,495.28424204177594,186.23481041145118,495.28424204177594,11297.850045582509,0.0,0.0,5694.67587062711,504.0495180632836,939.8,939.8,100.0,939.8,1.0,2621.4642390701374,0.3276830298837672,631.8843974574725,631.8843974574725,0.0,0.0,71.9763025771521,54.6929488889873,100.0,100.0,0.0,0.0,100.0,0.0,100.0,0.0,0.37877439435904126,0.6777798888675592,0.3911552608413866,0.15884473915861347,0.0,0.0,0.0,0.0,-1.9399459417859497
residual_sac,5,387.90505174074354,164.16388639816125,387.90505174074354,10477.947669172892,0.0,0.0,5105.0276241768215,487.2163695946195,1247.3000000000002,1247.3000000000002,100.0,1247.3000000000002,1.0,3263.971793350146,0.4079964741687683,607.3852250829791,607.3852250829791,0.0,0.0,60.50062239106263,51.972848270088434,100.0,100.0,0.0,0.0,100.0,0.0,100.0,0.0,0.40638296155827314,0.8124918462648365,0.41550952867605473,0.13449047132394532,0.0,0.0,0.0,0.0,-1.7100404833141798
residual_sac,5,244.99691311895148,126.84961506116207,244.99691311895148,7864.74844849528,0.0,0.0,3676.3863501849255,467.45123181763154,1325.1,1325.1,100.0,1325.1,1.0,2972.93198645237,0.37161649830654625,544.0079224543053,544.0079224543053,0.0,0.0,91.14097172789234,83.55681244283915,100.0,100.0,0.0,0.0,100.0,0.0,100.0,0.0,0.38275373734818907,0.7948041966632721,0.38275373734818907,0.16724626265181097,0.0,0.0,0.0,0.0,-1.3213501568871049
residual_sac,5,229.42333250753347,109.672157395067,229.42333250753347,5278.40641765038,0.0,0.0,2846.2888262233987,539.2326018522822,1989.8,1989.8,100.0,1989.8,1.0,3185.6866430870887,0.39821083038588606,495.9950886476291,495.9950886476291,0.0,0.0,90.93015569432364,86.56867882236838,100.0,100.0,0.0,0.0,100.0,0.0,100.0,0.0,0.3815599599855409,0.7916556667954039,0.3815599599855409,0.16844004001445917,0.0,0.0,0.0,0.0,-1.1424183061986146
residual_sac,5,395.99213711532036,178.2969260877068,395.99213711532036,11407.667996134884,0.0,0.0,5047.671945592965,442.48061455708597,779.3,779.3,100.0,779.3,1.0,2598.368581355178,0.32479607266939725,633.118920700419,633.118920700419,0.0,0.0,140.25181988869733,138.5329870507121,100.0,100.0,0.0,0.0,100.0,0.0,100.0,0.0,0.39366924732417846,0.6271910215203138,0.4652684698209761,0.08473153017902396,0.0,0.0,0.0,0.0,-1.8572596467469458
residual_sac,5,394.42928550509123,164.66952067266214,394.42928550509123,11209.286046287918,0.0,0.0,4854.033108135563,433.036777551326,1103.7,1103.7,100.0,1103.7,1.0,3405.6835264235983,0.4257104408029498,627.831403044635,627.831403044635,0.0,0.0,87.41359240366675,76.24361934140325,100.0,100.0,0.0,0.0,100.0,0.0,100.0,0.0,0.34865327649603484,0.7592154053570135,0.40284139289041165,0.1471586071095884,0.0,0.0,0.0,0.0,-1.7153075070068973
residual_sac,5,327.918098514416,147.70599375588017,327.918098514416,10775.754638672797,0.0,0.0,4130.925352561826,383.3536945743425,1621.7,1621.7,100.0,1621.7,1.0,4241.204625215145,0.5301505781518931,576.8984462579048,576.8984462579048,0.0,0.0,72.620747928302,62.43958098589053,100.0,100.0,0.0,0.0,100.0,0.0,100.0,0.0,0.3696486326978352,0.9,0.3721231433787127,0.17787685662128733,4.166666666666666,0.0,4.166666666666666,0.0,-1.5386041016237517
residual_sac,5,253.9602797701763,118.54086317048842,253.9602797701763,10435.553433693614,0.0,0.0,3367.878551878778,322.73118750030045,1678.0,1678.0,100.0,1678.0,1.0,3624.549562597683,0.45306869532471034,513.3318016762867,513.3318016762867,0.0,0.0,56.00706007355725,44.70581319183111,100.0,100.0,0.0,0.0,100.0,0.0,100.0,0.0,0.40195385007068346,0.8560953524885516,0.40565400983621436,0.1443459901637857,0.0,0.0,0.0,0.0,-1.234800658025921
residual_sac,5,197.16605593168018,116.48976744554155,197.16605593168018,8959.535617152762,0.0,0.0,3300.6398168436044,368.39407284956025,2333.3,2333.3,100.0,2333.3,1.0,3774.5922759789546,0.4718240344973693,499.76383507289665,499.76383507289665,0.0,0.0,80.85722895167045,61.225560859661016,100.0,100.0,0.0,0.0,100.0,0.0,100.0,0.0,0.39804193124011,0.9,0.401463238663955,0.14853676133604504,8.333333333333332,0.0,8.333333333333332,0.0,-1.2134350775577245
residual_sac,5,133.82471597334893,96.12861050956269,133.82471597334893,6816.975541081936,0.0,0.0,2687.3509922320864,394.21455688625974,2325.2,2325.2,100.0,2325.2,1.0,3504.3423355662344,0.4380427919457793,448.2876020105668,448.2876020105668,0.0,0.0,83.7134585874369,73.5800689086318,100.0,100.0,0.0,0.0,100.0,0.0,100.0,0.0,0.39793437625239136,0.839093187653074,0.39793437625239136,0.15206562374760868,0.0,0.0,0.0,0.0,-1.0013396928079448
residual_sac,5,167.8563537218317,92.45886458068364,167.8563537218317,4701.23208659686,0.0,0.0,2240.8608086737086,476.65394249783327,2654.2000000000003,2654.2000000000003,99.99999999999999,2654.2000000000003,0.9999999999999999,3488.9846263185354,0.43612307828981695,437.52320278198397,437.52320278198397,0.0,0.0,88.68694356931377,80.49682732671499,100.0,100.0,0.0,0.0,100.0,0.0,100.0,0.0,0.39658419541860046,0.844732811511552,0.39658419541860046,0.15341580458139958,0.0,0.0,0.0,0.0,-0.9631131727154546
residual_sac,5,447.70938442660383,190.5720414477476,447.70938442660383,9947.71705453574,0.0,0.0,5417.118356981055,544.5589502881043,2018.2,2018.2,100.0,2018.2,1.0,3541.7036150583476,0.4427129518822934,576.7738402525072,576.7738402525072,0.0,0.0,122.0401745234179,114.50507598356535,100.0,100.0,1.0,1.0,100.0,0.0,100.0,0.0,0.372853928070332,0.7323927321437138,0.4247967947103635,0.12520320528963652,0.0,8.333333333333332,0.0,8.333333333333332,-1.985125431747371
residual_sac,5,400.47751064542024,164.14669808237397,400.47751064542024,10282.778822637734,0.0,0.0,4849.679286323611,471.6311971669516,1613.6999999999998,1613.6999999999998,100.0,1613.6999999999998,1.0,3665.1698881723914,0.4581462360215489,582.8898030307591,582.8898030307591,0.0,0.0,69.82097231558865,56.454864516854286,100.0,100.0,0.0,0.0,100.0,0.0,100.0,0.0,0.33148565557493836,0.7594736354680522,0.363523495461373,0.18647650453862702,0.0,0.0,0.0,0.0,-1.7098614383580621
residual_sac,5,461.582180682998,181.9169542831898,461.582180682998,10279.522806165804,0.0,0.0,5318.576589303951,517.3952808503711,1563.5,1563.5,100.0,1563.5,1.0,4216.872003643493,0.5271090004554366,529.6621662989635,529.6621662989635,0.0,0.0,61.97142258637762,46.87409847974777,100.0,100.0,1.0,1.0,100.0,0.0,100.0,0.0,0.33603405029787886,0.8528799439386227,0.33603405029787886,0.21396594970212118,0.0,8.333333333333332,0.0,8.333333333333332,-1.894968273783227
residual_sac,5,352.68521056995377,146.3197257220345,352.68521056995377,10012.871682793515,0.0,0.0,4306.626167187795,430.1089940649553,1555.2,1555.2,100.0,1555.2,1.0,3364.397607721988,0.4205497009652485,528.4102041610729,528.4102041610729,0.0,0.0,62.380829505758,49.95332583785057,100.0,100.0,0.0,0.0,100.0,0.0,100.0,0.0,0.3811428651080343,0.7729628268046457,0.38335200576592476,0.16664799423407528,0.0,0.0,0.0,0.0,-1.524163809604526
residual_sac,5,337.3420388187468,139.52071847492073,337.3420388187468,10087.092325546937,0.0,0.0,4457.391033356791,441.8905755494912,908.0,908.0,100.0,908.0,1.0,2411.2996399713675,0.30141245499642094,522.1149424081291,522.1149424081291,0.0,0.0,44.75091709465379,35.24843296036124,100.0,100.0,0.0,0.0,100.0,0.0,100.0,0.0,0.41032004587923976,0.7099187662359138,0.42352140692158663,0.12647859307841341,0.0,0.0,0.0,0.0,-1.453340817447091
residual_sac,5,241.03760425163898,132.8309896263532,241.03760425163898,7101.320349155406,0.0,0.0,3896.4031952759638,548.6871460093166,1416.7,1416.7,100.0,1416.7,1.0,2858.1262179443065,0.3572657772430383,520.4677205572989,520.4677205572989,0.0,0.0,97.6521374490508,91.0707350820303,100.0,100.0,0.0,0.0,100.0,0.0,100.0,0.0,0.3419115688117134,0.766539800575805,0.3419115688117134,0.20808843118828663,0.0,0.0,0.0,0.0,-1.383656141941179
residual_sac,5,257.87144825013837,114.65373627604967,257.87144825013837,5845.130950557006,0.0,0.0,3298.855704918452,564.3766979427708,1177.4,1177.4,100.0,1177.4,1.0,2426.6194452464524,0.30332743065580653,468.28924213505996,468.28924213505996,0.0,0.0,75.97841449833629,67.18328883871436,100.0,100.0,0.0,0.0,100.0,0.0,100.0,0.0,0.36825218645474445,0.6885346123258177,0.36825218645474445,0.1817478135452556,0.0,0.0,0.0,0.0,-1.1943097528755173
residual_sac,5,490.8260503070047,201.81143954985066,490.8260503070047,10497.717686956708,0.0,0.0,5993.159857257107,570.9012221488427,1432.6,1432.6,100.0,1432.6,1.0,3076.5821539929184,0.3845727692491148,590.4888000938622,590.4888000938622,0.0,0.0,118.66597259596688,114.07927152210816,100.0,100.0,1.0,1.0,100.0,0.0,100.0,0.0,0.4258316108069968,0.7167111394150772,0.4899690101528591,0.06003098984714095,0.0,8.333333333333332,0.0,8.333333333333332,-2.1022024953109444
residual_sac,5,447.67808622751033,185.76868645165,447.67808622751033,10282.765235856794,0.0,0.0,5802.348903765789,564.2790407713046,1354.2,1354.2,100.0,1354.2,1.0,3338.151714366279,0.41726896429578486,573.4042602060597,573.4042602060597,0.0,0.0,66.51264548417839,51.15841571241617,100.0,100.0,0.0,0.0,100.0,0.0,100.0,0.0,0.3312541737595738,0.7295572563511907,0.35849270753885565,0.1915072924611444,0.0,0.0,0.0,0.0,-1.9350904838713543
residual_sac,5,402.8592986519895,177.72239793542968,402.8592986519895,10448.236673972404,0.0,0.0,5458.4693399889165,522.4297180773581,1279.8000000000002,1279.8000000000002,100.0,1279.8000000000002,1.0,3618.433112869079,0.4523041391086349,552.8019941895764,552.8019941895764,0.0,0.0,70.71545435726938,58.50999066606164,100.0,100.0,0.0,0.0,100.0,0.0,100.0,0.0,0.3546341580938322,0.7981056238639143,0.3554484767136067,0.19455152328639336,0.0,0.0,0.0,0.0,-1.8512749784940592
residual_sac,5,359.9962626252358,146.3715999656181,359.9962626252358,9973.76891610661,0.0,0.0,4264.669894231814,427.5886006687814,1652.3999999999999,1652.3999999999999,100.00000000000001,1652.3999999999999,1.0000000000000002,3422.721888467935,0.42784023605849186,485.71995013358827,485.71995013358827,0.0,0.0,58.64109681265364,45.324754901230335,100.0,100.0,0.0,0.0,100.0,0.0,100.0,0.0,0.3700134069600816,0.8074798647299533,0.37039630799622586,0.17960369200377418,0.0,0.0,0.0,0.0,-1.5247041663085217
residual_sac,5,172.24624429976996,99.81551344851985,172.24624429976996,9371.600506825529,0.0,0.0,2890.6992064332367,308.4530976675629,2015.9,2015.9,100.0,2015.9,1.0,3783.937481550814,0.4729921851938518,530.4412766118035,530.4412766118035,0.0,0.0,56.64217889577972,47.572239505490764,100.0,100.0,0.0,0.0,100.0,0.0,100.0,0.0,0.4552125188151489,0.9,0.46736221738743244,0.0826377826125676,3.125,0.0,3.125,0.0,-1.039744931755415
residual_sac,5,187.46898060046112,94.65651452457946,187.46898060046112,7550.57940644444,0.0,0.0,2632.8054753350234,348.6891976909635,1225.4,1225.4,100.0,1225.4,1.0,2664.3273091229275,0.3330409136403659,430.7046175993309,430.7046175993309,0.0,0.0,72.24135235384429,62.966255098581314,100.0,100.0,0.0,0.0,100.0,0.0,100.0,0.0,0.38408525468440596,0.7467267393046275,0.38408525468440596,0.16591474531559408,0.0,0.0,0.0,0.0,-0.9860053596310361
residual_sac,5,232.93870685137637,106.14602050348788,232.93870685137637,5558.917864334136,0.0,0.0,2884.775328438595,518.9454852260427,1398.4,1398.4,100.0,1398.4,1.0,2587.415455578054,0.3234269319472568,481.9566925085732,481.9566925085732,0.0,0.0,82.20460769793056,73.94872065633535,100.0,100.0,0.0,0.0,100.0,0.0,100.0,0.0,0.3716777612262305,0.7311098727944233,0.3716777612262305,0.17832223877376957,0.0,0.0,0.0,0.0,-1.1056877135779988
residual_sac,5,513.4379923942461,209.21521240383817,513.4379923942461,10560.443335127013,0.0,0.0,6171.774613644375,584.4238179959085,1187.9,1187.9,100.0,1187.9,1.0,2946.115394684729,0.3682644243355911,598.9381355633861,598.9381355633861,0.0,0.0,122.51984855306495,116.12325206853988,100.0,100.0,1.0,1.0,100.0,0.0,100.0,0.0,0.41172864478284504,0.6924288343450675,0.4531919622797601,0.09680803772023994,0.0,8.333333333333332,0.0,8.333333333333332,-2.1793251292066476
residual_sac,5,484.79557162120983,194.13371455295797,484.79557162120983,10010.181534045201,0.0,0.0,5819.67134457348,581.3752053127553,1584.0,1584.0,100.0,1584.0,1.0,3668.811650773193,0.4586014563466491,593.3113288941581,593.3113288941581,0.0,0.0,76.03311985782172,61.663447972387075,100.0,100.0,0.0,0.0,100.0,0.0,100.0,0.0,0.30299030892766654,0.7557560383688727,0.3209726757584061,0.22902732424159394,0.0,0.0,0.0,0.0,-2.022226193259979
residual_sac,5,418.8726760165353,178.06823257314844,418.8726760165353,9743.73635150854,0.0,0.0,5267.612100155726,540.615212699201,2027.8999999999999,2027.8999999999999,100.0,2027.8999999999999,1.0,4532.114337628394,0.5665142922035493,485.96066460926386,485.96066460926386,0.0,0.0,61.000080354549866,47.289970237761736,100.0,100.0,0.0,0.0,100.0,0.0,100.0,0.0,0.33122429812077075,0.8909026508908541,0.33122429812077075,0.2187757018792293,0.0,0.0,0.0,0.0,-1.8548774226369629
residual_sac,5,341.7095966956079,154.22842416689969,341.7095966956079,10691.46520581157,0.0,0.0,4920.354907993103,460.21333963828835,757.2,757.2,100.0,757.2,1.0,2495.1005474851463,0.3118875684356433,606.6063823601589,606.6063823601589,0.0,0.0,66.81189317479465,54.122151620686054,100.0,100.0,0.0,0.0,100.0,0.0,100.0,0.0,0.38037393936495023,0.6694081019709681,0.38438335642389165,0.1656166435761084,0.0,0.0,0.0,0.0,-1.6065460850718718
residual_sac,5,281.57758698352444,124.89174121966786,281.57758698352444,10416.409413170373,0.0,0.0,3946.41253251363,378.864959697517,819.0,819.0,100.0,819.0,1.0,2804.4867848703275,0.35056084810879096,568.0337280591089,568.0337280591089,0.0,0.0,47.62302323044363,36.81626236066222,100.0,100.0,0.0,0.0,100.0,0.0,100.0,0.0,0.4555830388489949,0.789992500289392,0.472734981290418,0.07726501870958202,0.0,0.0,0.0,0.0,-1.3009556377048737
residual_sac,5,203.61171196070595,121.99797740306366,203.61171196070595,7824.814749871741,0.0,0.0,3827.8099203517377,489.1885677439815,700.5,700.5,100.0,700.5,1.0,2365.526115226542,0.29569076440331776,491.55647371512515,491.55647371512515,0.0,0.0,84.71715285327316,76.64545839652419,100.0,100.0,0.0,0.0,100.0,0.0,100.0,0.0,0.3695426608578158,0.7356453261252422,0.3695426608578158,0.18045733914218426,0.0,0.0,0.0,0.0,-1.2708122646152464
residual_sac,5,236.0765022086,112.56442548882877,236.0765022086,6185.4724331508605,0.0,0.0,3307.036679658723,534.6457712647389,940.7,940.7,100.0,940.7,1.0,2334.121263584049,0.2917651579480061,497.52254183297174,497.52254183297174,0.0,0.0,80.27731181172665,71.42901569604874,100.0,100.0,0.0,0.0,100.0,0.0,100.0,0.0,0.39090148429201793,0.712978875345855,0.39090148429201793,0.1590985157079821,0.0,0.0,0.0,0.0,-1.1725460988419665
residual_sac,5,510.870583120476,212.73792858274444,510.870583120476,11524.23838405134,0.0,0.0,6546.213193235664,568.0386829115857,715.9,715.9,100.0,715.9,1.0,2357.5418960750376,0.2946927370093797,624.2697094775201,624.2697094775201,0.0,0.0,129.67621573176567,126.67190283536911,100.0,100.0,0.0,0.0,100.0,0.0,100.0,0.0,0.44771701965304045,0.6752510165460718,0.5512663481078344,0.0012663481078343253,0.0,0.0,0.0,0.0,-2.216020089403588
residual_sac,5,569.52138200681,212.26650325081818,569.52138200681,10787.432173961091,0.0,0.0,6520.312465775205,604.4360104079318,628.5,628.5,100.0,628.5,1.0,2875.0716906401713,0.35938396133002143,621.4851273783306,621.4851273783306,0.0,0.0,75.84487011880495,59.70931462943554,100.0,100.0,0.0,0.0,100.0,0.0,100.0,0.0,0.30675913639586144,0.691905080753135,0.33135702103290354,0.2186429789670965,0.0,0.0,0.0,0.0,-2.2111094088626895
residual_sac,5,455.20847391173794,188.06308600472593,455.20847391173794,10570.767362904808,0.0,0.0,5614.682295163721,531.1518173095835,1100.6999999999998,1100.6999999999998,100.0,1100.6999999999998,1.0,3554.2797374076463,0.4442849671759558,552.4340647169429,552.4340647169429,0.0,0.0,80.52208308660708,70.90155873447657,100.0,100.0,0.0,0.0,100.0,0.0,100.0,0.0,0.3513292041919472,0.8082870710247771,0.3513292041919472,0.19867079580805286,0.0,0.0,0.0,0.0,-1.9589904792158952
residual_sac,5,517.8009990050209,203.42530135405235,517.8009990050209,10721.43391971336,0.0,0.0,6371.571768993881,594.2835460915871,656.3,656.3,100.0,656.3,1.0,2220.723661624663,0.2775904577030828,621.9057997543403,621.9057997543403,0.0,0.0,78.87120695104814,62.54330752417445,100.0,100.0,1.0,1.0,100.0,0.0,100.0,0.0,0.3351981426444075,0.63702178857397,0.3351981426444075,0.21480185735559254,0.0,8.333333333333332,0.0,8.333333333333332,-2.1190135557713785
residual_sac,5,427.574896786563,179.47879212477494,427.574896786563,10257.912398828832,0.0,0.0,5865.758777173061,571.8277315219389,615.2,615.2,100.0,615.2,1.0,2423.063650824284,0.3028829563530355,542.1180263886763,542.1180263886763,0.0,0.0,62.05067095910978,46.9243467785418,100.0,100.0,0.0,0.0,100.0,0.0,100.0,0.0,0.3847639436477142,0.6876293623479094,0.3969816985340335,0.15301830146596657,0.0,0.0,0.0,0.0,-1.869570751299739
residual_sac,5,298.1944857613187,144.0471050220835,298.1944857613187,7444.112429816994,0.0,0.0,4203.362654842859,564.6559874628592,1260.8,1260.8,100.0,1260.8,1.0,2774.220618664193,0.3467775773330241,535.4601813709783,535.4601813709783,0.0,0.0,98.4951608296534,92.37170089036226,100.0,100.0,0.0,0.0,100.0,0.0,100.0,0.0,0.3474383114092178,0.7474204659516656,0.3474383114092178,0.20256168859078222,0.0,0.0,0.0,0.0,-1.50049067731337
residual_sac,5,261.3550996253218,110.2045044834137,261.3550996253218,6319.261105529553,0.0,0.0,3139.1621325917436,496.7609472324031,773.1,773.1,100.0,773.1,1.0,2267.195098556256,0.283399387319532,482.45964634379004,482.45964634379004,0.0,0.0,76.67498045291836,67.73527776822448,100.0,100.0,0.0,0.0,100.0,0.0,100.0,0.0,0.4023510060317145,0.6943580010923744,0.4023510060317145,0.14764899396828557,0.0,0.0,0.0,0.0,-1.1479635883688928
residual_sac,5,491.7653550136524,188.05010784945813,491.7653550136524,11399.214380295132,0.0,0.0,5352.680553982564,469.5657415861302,725.6,725.6,100.0,725.6,1.0,2533.680946254858,0.31671011828185724,623.2593282676573,623.2593282676573,0.0,0.0,129.45866347244095,126.74980768933892,100.0,100.0,0.0,0.0,100.0,0.0,100.0,0.0,0.45948097436461116,0.7019054316344085,0.5208416275708649,0.029158372429135104,0.0,0.0,0.0,0.0,-1.958855290098522
residual_sac,5,524.0947427282343,193.1776845979346,524.0947427282343,10893.096264146416,0.0,0.0,5722.078814509627,525.2940647686463,601.9,601.9,100.0,601.9,1.0,2999.8725989302598,0.3749840748662825,621.4395095244863,621.4395095244863,0.0,0.0,81.80660314915596,66.50806115940213,100.0,100.0,0.0,0.0,100.0,0.0,100.0,0.0,0.32188171235115953,0.7121015854293823,0.34886701297860584,0.2011329870213942,0.0,0.0,0.0,0.0,-2.012267547895152
residual_sac,5,480.55379383585864,184.36462290737518,480.55379383585864,10528.276710570211,0.0,0.0,5333.279557548182,506.5671908294032,1402.6000000000001,1402.6000000000001,99.99999999999999,1402.6000000000001,0.9999999999999999,3853.103317726698,0.4816379147158373,551.5712369002599,551.5712369002599,0.0,0.0,72.1810681606983,60.65379800274968,100.0,100.0,0.0,0.0,100.0,0.0,100.0,0.0,0.35377621173065266,0.8468235820918125,0.3543714626763825,0.19562853732361757,0.0,0.0,0.0,0.0,-1.9204648219518248
residual_sac,5,432.1095108132947,173.29329484744179,432.1095108132947,11092.033826935063,0.0,0.0,5401.960517923964,487.0126256562839,497.19999999999993,497.19999999999993,100.0,497.19999999999993,1.0,2475.1825746767618,0.30939782183459524,624.370103590411,624.370103590411,0.0,0.0,66.43528377570765,54.09344518557191,100.0,100.0,0.0,0.0,100.0,0.0,100.0,0.0,0.36274092574817246,0.6880185131498876,0.3649024261484103,0.18509757385158976,0.0,0.0,0.0,0.0,-1.8051384879941852
residual_sac,5,408.5723985787524,167.9153748056271,408.5723985787524,10780.208441976414,0.0,0.0,5451.127354911888,505.66066363671285,649.0999999999999,649.0999999999999,100.0,649.0999999999999,1.0,2467.8635351939997,0.30848294189924996,578.8800717216532,578.8800717216532,0.0,0.0,61.291416759400505,44.49864672496915,100.0,100.0,0.0,0.0,100.0,0.0,100.0,0.0,0.43039836852179914,0.7140060567937014,0.45136008827631274,0.0986399117236873,0.0,0.0,0.0,0.0,-1.7491184875586157
residual_sac,5,313.20708246534275,144.2276026490656,313.20708246534275,8575.275060551825,0.0,0.0,4398.260052059199,512.9001718314756,405.4,405.4,100.0,405.4,1.0,2273.3078645340697,0.2841634830667587,560.3271886008483,560.3271886008483,0.0,0.0,88.17442236979556,80.8531865477562,100.0,100.0,0.0,0.0,100.0,0.0,100.0,0.0,0.37107153959487343,0.7099880333095384,0.37107153959487343,0.1789284604051266,0.0,0.0,0.0,0.0,-1.5023708609277666
residual_sac,5,291.99576055766966,121.85736215378617,291.99576055766966,6937.534993537631,0.0,0.0,3470.9869291202203,500.3199165630836,584.7,584.7,100.0,584.7,1.0,2337.250411278684,0.2921563014098355,529.5049297628839,529.5049297628839,0.0,0.0,85.65805751236954,77.64955284073949,100.0,100.0,0.0,0.0,100.0,0.0,100.0,0.0,0.4373177265753334,0.7395037057428845,0.4373177265753334,0.11268227342466663,0.0,0.0,0.0,0.0,-1.2693475224352726
residual_sac,5,559.2474770066051,211.35228497527208,559.2474770066051,11653.078537181926,0.0,0.0,6148.031665453665,527.5886235415735,733.5,733.5,100.0,733.5,1.0,2881.26406859524,0.360158008574405,645.4082023912495,645.4082023912495,0.0,0.0,116.65573114360902,111.18177730333291,100.0,100.0,1.0,1.0,100.0,0.0,100.0,0.0,0.3795174217695444,0.734237983171257,0.44742558056173626,0.10257441943826379,0.0,8.333333333333332,0.0,8.333333333333332,-2.201586301825751
residual_sac,5,638.2902127711981,237.89916466364843,638.2902127711981,11809.463785566555,0.0,0.0,7444.92097090795,630.4198993359106,433.79999999999995,433.79999999999995,100.0,433.79999999999995,1.0,2980.6939682694406,0.3725867460336801,644.4832042198543,644.4832042198543,0.0,0.0,79.18298309265883,64.44292785599828,100.0,100.0,0.0,0.0,100.0,0.0,100.0,0.0,0.32842212875606264,0.7089426191005319,0.3631455183497727,0.18685448165022733,0.0,0.0,0.0,0.0,-2.478116298579671
residual_sac,5,627.5123243080693,236.6189446061577,627.5123243080693,12243.728074582654,0.0,0.0,7315.525099555936,597.4916344918333,384.09999999999997,384.09999999999997,100.00000000000001,384.09999999999997,1.0000000000000002,2716.4267521618867,0.33955334402023585,656.5917521975779,656.5917521975779,0.0,0.0,89.39239907904377,79.08967155963182,100.0,100.0,0.0,0.0,100.0,0.0,100.0,0.0,0.37425981377777673,0.7086558593675358,0.3800092617035106,0.16999073829648942,0.0,0.0,0.0,0.0,-2.4647806729808095
residual_sac,5,513.7097421483054,201.72095664012386,513.7097421483054,11713.08322947864,0.0,0.0,6355.152458231487,542.5687100248123,593.2,593.2,100.0,593.2,1.0,2408.891442273695,0.30111143028421183,641.8001674146263,641.8001674146263,0.0,0.0,79.47897995873339,67.52944784238935,100.0,100.0,0.0,0.0,100.0,0.0,100.0,0.0,0.39193062138619117,0.7102291719759126,0.40543364798311177,0.14456635201688828,0.0,0.0,0.0,0.0,-2.10125996500129
residual_sac,5,334.68250854013075,140.79556691644657,334.68250854013075,11254.679991106563,0.0,0.0,4356.613654616651,387.09351648018804,950.6000000000001,950.6000000000001,100.0,950.6000000000001,1.0,3127.388393828378,0.3909235492285472,626.6691774692654,626.6691774692654,0.0,0.0,54.0479289149801,44.68540344387293,100.0,100.0,0.0,0.0,100.0,0.0,100.0,0.0,0.45780105790457826,0.8322208842583291,0.4880034214695669,0.061996578530433166,0.0,0.0,0.0,0.0,-1.4666204887129852
residual_sac,5,276.9304132782524,140.70044637670134,276.9304132782524,8417.546160021902,0.0,0.0,4201.719159545975,499.16199800620313,767.5,767.5,100.0,767.5,1.0,2764.7838803434797,0.345597985042935,579.8461666564281,579.8461666564281,0.0,0.0,91.45972622775827,83.31003980711102,100.0,100.0,0.0,0.0,100.0,0.0,100.0,0.0,0.34853179075467783,0.7768028904919153,0.34853179075467783,0.20146820924532222,0.0,0.0,0.0,0.0,-1.4656296497573056
residual_sac,5,386.14932671033995,157.2632682586983,386.14932671033995,7454.290955520732,0.0,0.0,4653.885998029533,624.3230946845202,278.4,278.4,100.0,278.4,1.0,2459.6532630305774,0.30745665787882215,524.9882219474268,524.9882219474268,0.0,0.0,94.78689636653093,86.4549683406949,100.0,100.0,0.0,0.0,100.0,0.0,100.0,0.0,0.4155554935842908,0.7229602006834283,0.4155554935842908,0.13444450641570926,0.0,0.0,0.0,0.0,-1.6381590443614407
residual_sac,5,594.2966011294818,232.89421354304366,594.2966011294818,12527.321987064654,0.0,0.0,7024.950589664841,560.7703383786734,447.20000000000005,447.20000000000005,100.0,447.20000000000005,1.0,2726.746054249719,0.34084325678121485,676.4698656123257,676.4698656123257,0.0,0.0,123.87896204469435,115.74288266141029,100.0,100.0,1.0,1.0,100.0,0.0,100.0,0.0,0.38216272419513664,0.6952208256582123,0.46073077459808437,0.08926922540191568,0.0,11.458333333333332,0.0,11.458333333333332,-2.4259813910733716
residual_sac,5,514.516958352872,197.29254113348617,514.516958352872,13165.239281216964,0.0,0.0,6057.091354859859,460.0821318532051,329.9,329.9,100.0,329.9,1.0,3199.5207834047974,0.39994009792559965,676.4698656123257,676.4698656123257,0.0,0.0,88.15109953537966,74.33384030523294,100.0,100.0,0.0,0.0,100.0,0.0,100.0,0.0,0.4010182070749098,0.7443597581339414,0.48577249321108135,0.0642275067889187,0.0,4.166666666666666,0.0,4.166666666666666,-2.0551306368071476
residual_sac,5,406.07445303931166,162.74721012974567,406.07445303931166,12914.384564518052,0.0,0.0,4664.176179070098,361.161320213803,496.1,496.1,100.0,496.1,1.0,3553.941754816654,0.44424271935208176,669.5696686578061,669.5696686578061,0.0,0.0,81.79284410985608,68.99702092632651,100.0,100.0,1.0,1.0,100.0,0.0,100.0,0.0,0.40421340055327604,0.8430302838983823,0.4234023354508398,0.12659766454916027,0.0,7.291666666666667,0.0,7.291666666666667,-1.6952834388515174
residual_sac,5,525.4862471616071,185.80915870829574,525.4862471616071,12711.309460817645,0.0,0.0,5529.686861250881,435.02102425371896,614.3000000000001,614.3000000000001,100.0,614.3000000000001,1.0,2873.4554216816114,0.3591819277102014,676.4698656123257,676.4698656123257,0.0,0.0,63.52474909822104,47.30657064404274,100.0,100.0,1.0,1.0,100.0,0.0,100.0,0.0,0.389123060299008,0.76355067701057,0.3996337993320768,0.15036620066792322,0.0,9.375,0.0,9.375,-1.9355120698780806
residual_sac,5,489.3765366695273,199.6764673984568,489.3765366695273,11579.867584346408,0.0,0.0,6410.02881103261,553.5494049774495,935.5,935.5,100.0,935.5,1.0,2940.678408926022,0.3675848011157527,666.1479377298191,666.1479377298191,0.0,0.0,68.64508133850138,57.1297163143754,100.0,100.0,0.0,0.0,100.0,0.0,100.0,0.0,0.40208058627352655,0.7744173404921649,0.42014018525615077,0.12985981474384928,0.0,0.0,0.0,0.0,-2.0799632020672583
residual_sac,5,395.96707890056786,176.1571594001142,395.96707890056786,9376.91501211721,0.0,0.0,5475.841849352166,583.9705107997751,426.29999999999995,426.29999999999995,100.0,426.29999999999995,1.0,2472.8755602237147,0.30910944502796434,611.0102896687649,611.0102896687649,0.0,0.0,93.84166369416356,87.24531568586826,100.0,100.0,0.0,0.0,100.0,0.0,100.0,0.0,0.3656640230195724,0.7154273387660279,0.3656640230195724,0.18433597698042764,0.0,0.0,0.0,0.0,-1.8349704104178564
residual_sac,5,343.0610896191935,138.12867444023436,343.0610896191935,7471.722707593151,0.0,0.0,3890.097914147591,520.6427040171435,616.6,616.6,100.0,616.6,1.0,2564.433106895063,0.32055413836188285,564.4987650495182,564.4987650495182,0.0,0.0,91.35272504349683,82.75857167318463,100.0,100.0,0.0,0.0,100.0,0.0,100.0,0.0,0.4189475856667314,0.7603003743489318,0.4189475856667314,0.13105241433326864,0.0,0.0,0.0,0.0,-1.4388403587524412
residual_sac,5,646.1905682190296,238.9890519137056,646.1905682190296,12695.43723702797,0.0,0.0,6895.563962584014,543.1529323363644,679.0,679.0,100.0,679.0,1.0,3080.166991745169,0.38502087396814616,676.4698656123257,676.4698656123257,0.0,0.0,128.14151065287268,121.30905998209373,100.0,100.0,1.0,1.0,100.0,0.0,100.0,0.0,0.3441114264175171,0.7059242409558774,0.42857481520441176,0.12142518479558828,0.0,14.583333333333334,0.0,14.583333333333334,-2.4894692907677665
residual_sac,5,606.7766878495836,222.93225102686762,606.7766878495836,12515.560451760797,0.0,0.0,6776.092900502155,541.4134609967736,1164.1000000000001,1164.1000000000001,100.0,1164.1000000000001,1.0,3742.76389090311,0.46784548636288875,676.4698656123257,676.4698656123257,0.0,0.0,75.97054832082341,59.73165726377314,100.0,100.0,0.0,0.0,100.0,0.0,100.0,0.0,0.3493411265046292,0.8060114121031522,0.39013563034827015,0.1598643696517299,0.0,3.125,0.0,3.125,-2.322210948196538
residual_sac,5,553.2414353372787,216.09611760894305,553.2414353372787,13320.385351121582,0.0,0.0,6542.5217619051555,491.16610289012937,916.3,916.3,100.0,916.3,1.0,3824.292654956651,0.47803658186958137,676.4698656123257,676.4698656123257,0.0,0.0,82.20238832307356,68.62273608694568,100.0,100.0,1.0,1.0,100.0,0.0,100.0,0.0,0.3897938181847879,0.8166095540220392,0.41537489023979174,0.1346251097602083,0.0,9.375,0.0,9.375,-2.2510012250931566
residual_sac,5,413.29238215571456,159.61227624882252,413.29238215571456,13320.663771969028,0.0,0.0,4809.276312772357,361.0387886895416,617.4000000000001,617.4000000000001,100.0,617.4000000000001,1.0,3126.2332832553197,0.39077916040691496,676.4698656123257,676.4698656123257,0.0,0.0,61.56296553280686,45.44880666303178,100.0,100.0,1.0,1.0,100.0,0.0,100.0,0.0,0.42982085917952584,0.8091776538442447,0.4706645766404714,0.07933542335952865,0.0,10.416666666666668,0.0,10.416666666666668,-1.6626278775919012
residual_sac,5,321.17694535341343,135.1717191035114,321.17694535341343,13049.297200223697,0.0,0.0,4130.698861745491,316.54569578464964,380.0,380.0,100.0,380.0,1.0,3135.650188225087,0.39195627352813583,673.5538575043923,673.5538575043923,0.0,0.0,43.689542336250796,36.478546261787415,100.0,100.0,0.0,0.0,100.0,0.0,100.0,0.0,0.49604286113101215,0.8706651026323879,0.5433229077596962,0.0066770922403038835,0.0,0.0,0.0,0.0,-1.408038740661577
residual_sac,5,15.752626766850014,85.31132128986505,15.752626766850014,10271.027059386812,0.0,0.0,2730.5056286508707,265.84543228862685,476.1,476.1,100.0,476.1,1.0,3026.615977055806,0.37832699713197576,651.49864087615,651.49864087615,0.0,0.0,83.78522449711676,74.93426034012226,100.0,100.0,0.0,0.0,100.0,0.0,100.0,0.0,0.530057583141954,0.9,0.530057583141954,0.019942416858046097,5.208333333333334,0.0,5.208333333333334,0.0,-0.8886595967694276
residual_sac,5,209.56088521813135,105.5551896415923,209.56088521813135,7860.858373830671,0.0,0.0,3009.104730007609,382.7959475806258,584.2,584.2,100.0,584.2,1.0,2409.656181957488,0.301207022744686,565.3429066229542,565.3429066229542,0.0,0.0,78.61221881224536,68.83244849741459,100.0,100.0,0.0,0.0,100.0,0.0,100.0,0.0,0.4689127654952562,0.7955520127445735,0.4689127654952562,0.08108723450474387,0.0,0.0,0.0,0.0,-1.0995332254332533
residual_sac,5,514.3802837873153,204.53030027222098,514.3802837873153,13059.910432584955,0.0,0.0,5845.330351605353,447.578134764312,890.2,890.2,100.0,890.2,1.0,2973.2866921994973,0.37166083652493714,676.4698656123257,676.4698656123257,0.0,0.0,124.32335661690837,118.90484185980661,100.0,100.0,1.0,1.0,100.0,0.0,100.0,0.0,0.35187066474023393,0.7597005379661966,0.40775576694421106,0.14224423305578898,0.0,23.958333333333336,0.0,23.958333333333336,-2.1305239611689686
residual_sac,5,582.9691055115085,229.80338614218476,582.9691055115085,14257.96598474996,0.0,0.0,7297.29632962788,511.8048631503908,424.4,424.4,100.0,424.4,1.0,3127.5298710250404,0.39094123387813007,676.4698656123257,676.4698656123257,0.0,0.0,82.77559904125356,73.60274718407908,100.0,100.0,0.0,0.0,100.0,0.0,100.0,0.0,0.37567975382521007,0.7429006213356157,0.43158711704209385,0.1184128829579062,0.0,33.33333333333333,0.0,33.33333333333333,-2.3937852723144246
residual_sac,5,635.67771940182,236.46616001071072,635.67771940182,14354.39322367109,0.0,0.0,7297.241083355664,508.36290811109734,328.1,328.1,100.0,328.1,1.0,3163.5035903650514,0.39543794879563143,676.4698656123257,676.4698656123257,0.0,0.0,83.42442467002616,73.25220805950836,100.0,100.0,1.0,1.0,100.0,0.0,100.0,0.0,0.3428791158137542,0.7569148454216876,0.400713876989558,0.14928612301044203,0.0,55.208333333333336,0.0,55.208333333333336,-2.463189166778237
residual_sac,5,521.5379353149126,203.21916688860875,521.5379353149126,14013.018887522103,0.0,0.0,6466.389196452849,461.4558253547241,335.9,335.9,100.0,335.9,1.0,2598.323473115249,0.3247904341394061,676.4698656123257,676.4698656123257,0.0,0.0,64.38311415869909,50.194640799744285,100.0,100.0,1.0,1.0,100.0,0.0,100.0,0.0,0.4060934474842413,0.7647429621900772,0.43376426760092535,0.1162357323990747,0.0,23.958333333333336,0.0,23.958333333333336,-2.116866321756341
residual_sac,5,308.47745282202675,142.84291082702975,308.47745282202675,14128.918779640862,0.0,0.0,4514.889361948949,319.54953046051213,444.3,444.3,100.0,444.3,1.0,3293.357044809536,0.411669630601192,676.4698656123257,676.4698656123257,0.0,0.0,54.550998108727605,43.96276824742689,100.0,100.0,0.0,0.0,100.0,0.0,100.0,0.0,0.5225691551001846,0.8728523856971767,0.5915509210945981,0.041550921094598015,0.0,4.166666666666666,0.0,4.166666666666666,-1.4879469877815599
residual_sac,5,130.6057198442664,104.78952111587847,130.6057198442664,10718.508916577834,0.0,0.0,3013.1416549476107,281.11574831899617,558.0,558.0,100.0,558.0,1.0,3088.56331679468,0.386070414599335,676.4698656123257,676.4698656123257,0.0,0.0,87.3611375477508,77.30912185963852,100.0,100.0,0.0,0.0,100.0,0.0,100.0,0.0,0.5023164026632604,0.9,0.5072705211206161,0.04272947887938394,7.291666666666667,1.0416666666666665,7.291666666666667,1.0416666666666665,-1.0915575116237342
residual_sac,5,333.78905209032496,139.33190333992107,333.78905209032496,8207.20578990727,0.0,0.0,3946.585837529373,480.8683903579764,555.5999999999999,555.5999999999999,100.0,555.5999999999999,1.0,2537.84388741033,0.3172304859262912,595.6640624173767,595.6640624173767,0.0,0.0,89.77419712647823,80.5165727622807,100.0,100.0,0.0,0.0,100.0,0.0,100.0,0.0,0.4424426872037716,0.7876890681943967,0.4424426872037716,0.10755731279622843,0.0,0.0,0.0,0.0,-1.4513739931241778
residual_sac,5,495.77990582172333,241.4155711285474,495.77990582172333,13704.778622365026,0.0,0.0,6091.872796808328,444.50720180674153,659.9,659.9,100.0,659.9,1.0,3343.0918155807703,0.4178864769475963,676.4698656123257,676.4698656123257,0.0,0.0,120.78061969994621,112.9219395270581,100.0,100.0,1.0,1.0,100.0,0.0,100.0,0.0,0.21306620600631446,0.722978156015982,0.253030963747268,0.296969036252732,0.0,32.29166666666667,0.0,32.29166666666667,-2.5147455325890355
residual_sac,5,606.3346463809826,231.6418060027849,606.3346463809826,14731.629833493422,0.0,0.0,7342.378221724066,498.4090901490506,601.0,601.0,100.0,601.0,1.0,3185.041997972328,0.398130249746541,676.4698656123257,676.4698656123257,0.0,0.0,78.9198116770743,67.60901397269654,100.0,100.0,0.0,0.0,100.0,0.0,100.0,0.0,0.3832358781600665,0.7918086923228399,0.43969582759878345,0.1103041724012166,0.0,47.91666666666667,0.0,47.91666666666667,-2.412935479195676
residual_sac,5,514.7018079550613,209.20111123523918,514.7018079550613,14710.826488123834,0.0,0.0,6472.185607914624,439.9607060242108,841.8,841.8,100.0,841.8,1.0,3801.580249758486,0.47519753121981073,676.4698656123257,676.4698656123257,0.0,0.0,79.20418442780512,70.28651060662064,100.0,100.0,0.0,0.0,100.0,0.0,100.0,0.0,0.4181387714832598,0.8899457695699887,0.45699720331327576,0.09300279668672429,0.0,43.75,0.0,43.75,-2.1791782420337413
residual_sac,5,432.79556275815804,182.2115583500908,432.79556275815804,14754.581423680513,0.0,0.0,5867.982967748365,397.7058243299594,547.9,547.9,100.0,547.9,1.0,3170.425701678678,0.3963032127098347,676.4698656123257,676.4698656123257,0.0,0.0,57.787311706452705,43.831316230627415,100.0,100.0,0.0,0.0,100.0,0.0,100.0,0.0,0.4364954140272268,0.814837486563182,0.469038363144772,0.08096163685522806,0.0,20.833333333333336,0.0,20.833333333333336,-1.8980370661467791
residual_sac,5,392.848910299464,187.202906125868,392.848910299464,13937.617035121008,0.0,0.0,6347.606256802143,455.4298084677596,623.5,623.5,100.0,623.5,1.0,3263.4699346733983,0.4079337418341748,676.4698656123257,676.4698656123257,0.0,0.0,49.276374100840876,40.203788766009104,100.0,100.0,0.0,0.0,100.0,0.0,100.0,0.0,0.46178180363338744,0.8592083575157015,0.5042849169096331,0.04571508309036698,0.0,3.125,0.0,3.125,-1.9500302721444582
residual_sac,5,281.4695624051019,158.43099860897522,281.4695624051019,11109.437025968371,0.0,0.0,5060.378571656003,455.50270097641675,314.4,314.4,100.0,314.4,1.0,2803.444407920335,0.3504305509900419,676.4698656123257,676.4698656123257,0.0,0.0,93.79416669535638,85.29455751574523,100.0,100.0,0.0,0.0,100.0,0.0,100.0,0.0,0.4968388265326224,0.8560606467596241,0.4987422344083236,0.05125776559167644,0.0,1.0416666666666665,0.0,1.0416666666666665,-1.650322902176825
residual_sac,5,206.017747533231,113.02498150526225,206.017747533231,8678.846873825692,0.0,0.0,3344.9930197566036,385.41906181622824,328.3,328.3,100.0,328.3,1.0,2389.348643826039,0.29866858047825484,612.9876564427166,612.9876564427166,0.0,0.0,82.88442185042122,73.26826518401504,100.0,100.0,0.0,0.0,100.0,0.0,100.0,0.0,0.49643457710178795,0.8037827593668694,0.49643457710178795,0.05356542289821209,0.0,0.0,0.0,0.0,-1.1773435573464817
residual_sac,5,338.7316699950494,196.4123835750032,338.7316699950494,14227.984370786036,0.0,0.0,6246.803629254537,439.0504984023557,372.8,372.8,100.0,372.8,1.0,2502.8546201076597,0.31285682751345745,676.4698656123257,676.4698656123257,0.0,0.0,127.32223806045785,123.74150222187023,100.0,100.0,0.0,0.0,100.0,0.0,100.0,0.0,0.2969835749386407,0.6973949891474516,0.3326595002021061,0.21734049979789394,0.0,28.125,0.0,28.125,-2.0459623289062834
residual_sac,5,422.0361135600473,217.70060907220977,422.0361135600473,14808.588844641145,0.0,0.0,7462.974701752028,503.9625841494472,265.6,265.6,100.0,265.6,1.0,3108.0088114638,0.388501101432975,676.4698656123257,676.4698656123257,0.0,0.0,80.94073353570508,67.68797613471709,100.0,100.0,0.0,0.0,100.0,0.0,100.0,0.0,0.31573610241571,0.7491493481284565,0.3712117175794063,0.17878828242059375,0.0,62.5,0.0,62.5,-2.2677146778355186
residual_sac,5,508.91880275401644,247.0807831064285,508.91880275401644,14834.706883098792,0.0,0.0,8525.467228050811,574.6973833209938,541.3,541.3,100.0,541.3,1.0,3217.631341647961,0.4022039177059951,676.4698656123257,676.4698656123257,0.0,0.0,77.99370736330873,63.98771950872325,100.0,100.0,0.0,0.0,100.0,0.0,100.0,0.0,0.3820776620296998,0.800271581722572,0.4136155711478072,0.13638442885219282,0.0,48.95833333333333,0.0,48.95833333333333,-2.5737581573586303
residual_sac,5,554.7445122415696,246.17755019766122,554.7445122415696,14492.713051405643,0.0,0.0,8398.273449740484,579.4824902660954,414.8,414.8,100.0,414.8,1.0,2503.364631414974,0.31292057892687175,676.4698656123257,676.4698656123257,0.0,0.0,73.53987673119909,59.88876113633205,100.0,100.0,0.0,0.0,100.0,0.0,100.0,0.0,0.37250603726540493,0.7260771664816537,0.39167025018977736,0.1583297498102227,0.0,34.375,0.0,34.375,-2.5643494812256376
residual_sac,5,473.3268208298072,224.19144059958523,473.3268208298072,13716.810323274574,0.0,0.0,7730.479965580607,563.5770841318401,717.4,717.4,100.0,717.4,1.0,3083.7528101407843,0.38546910126759804,676.4698656123257,676.4698656123257,0.0,0.0,66.77853286691955,52.13224011708623,100.0,100.0,0.0,0.0,100.0,0.0,100.0,0.0,0.4167957160080157,0.7995923528554789,0.4512418107001414,0.09875818929985863,0.0,2.083333333333333,0.0,2.083333333333333,-2.3353275062456795
residual_sac,5,300.7337712806267,160.91808724678054,300.7337712806267,10425.60984797114,0.0,0.0,4856.6178167617145,465.8353695929672,1087.2,1087.2,100.0,1087.2,1.0,3321.8855852310835,0.41523569815388545,676.4698656123257,676.4698656123257,0.0,0.0,100.96304824166617,94.25389346017634,100.0,100.0,0.0,0.0,100.0,0.0,100.0,0.0,0.4445679457321166,0.8974919876813333,0.4445679457321166,0.10543205426788343,0.0,3.125,0.0,3.125,-1.6762300754872974
residual_sac,5,195.77604233469003,101.5042158190883,195.77604233469003,7829.688042005665,0.0,0.0,2725.9716049220497,348.1583928117474,1053.8000000000002,1053.8000000000002,100.0,1053.8000000000002,1.0,2845.544954645523,0.35569311933069037,592.5150304041217,592.5150304041217,0.0,0.0,81.10920847250466,75.29460955411196,100.0,100.0,0.0,0.0,100.0,0.0,100.0,0.0,0.4551134362938354,0.8385706139242589,0.4551134362938354,0.09488656370616466,0.0,0.0,0.0,0.0,-1.0573355814488365
residual_sac,5,489.41102725308053,254.4046372316622,489.41102725308053,14023.12174478811,0.0,0.0,6438.166591761494,459.11079636417827,0.0,0.0,,0.0,,2247.4856867636972,0.28093571084546215,726.902710088039,726.902710088039,2.0,13.91955597702929,129.0247684168276,125.265891102951,100.0,100.0,0.0,0.0,100.0,0.0,100.0,0.0,0.2,0.6071945749080043,0.24851825377771652,0.3014817462222835,0.0,30.208333333333332,0.0,30.208333333333332,-2.6500483044964813
proposed_residual_safesac,1,460.69245462698535,199.07481914155258,460.69245462698535,10719.834608992856,0.0,0.0,5224.25465962728,487.34470728164575,1584.7,1584.7,100.0,1584.7,1.0,2790.0474618703483,0.3487559327337935,613.892532712342,613.892532712342,0.0,0.0,118.05611752410933,112.13471842929721,100.0,100.0,0.0,0.0,100.0,0.0,100.0,0.0,0.35844007874518696,0.6678683641020827,0.40268455406759496,0.1473154459324051,0.0,0.0,0.0,0.0,-2.073696032724506
proposed_residual_safesac,1,434.48635044211164,182.3162696697438,434.48635044211164,10734.65127770916,0.0,0.0,4857.661997649427,452.5216396862853,1639.0,1639.0,100.0,1639.0,1.0,4126.4804568870495,0.5158100571108812,546.0350230914319,546.0350230914319,0.0,0.0,65.81207877477651,51.45354252308607,100.0,100.0,0.0,0.0,100.0,0.0,100.0,0.0,0.31758104007686966,0.8373879005985152,0.3197893924889821,0.23021060751101796,0.0,0.0,0.0,0.0,-1.8991278090598314
proposed_residual_safesac,1,450.6483821666041,190.84215237390958,450.6483821666041,10856.316957820969,0.0,0.0,5562.824940221888,512.4044334588434,1694.9,1694.9,100.0,1694.9,1.0,4046.2999282767423,0.5057874910345928,547.3563572481769,547.3563572481769,0.0,0.0,57.77679789438857,40.98108306515159,100.0,100.0,0.0,0.0,100.0,0.0,100.0,0.0,0.3999076205558136,0.9,0.3999076205558136,0.15009237944418646,4.166666666666666,0.0,4.166666666666666,0.0,-1.9879390872282248
proposed_residual_safesac,1,490.9924354760591,193.4821025810599,490.9924354760591,11219.218292108035,0.0,0.0,5653.126140086182,503.8787902061569,939.8,939.8,100.0,939.8,1.0,2839.4883483943113,0.3549360435492889,593.0828571690436,593.0828571690436,0.0,0.0,60.92799744762487,48.91925863921642,100.0,100.0,0.0,0.0,100.0,0.0,100.0,0.0,0.36766238065277684,0.7180431284968036,0.36867443694082197,0.18132556305917807,0.0,0.0,0.0,0.0,-2.015438568552707
proposed_residual_safesac,1,383.0205945903141,178.53918914798564,383.0205945903141,10354.391024703393,0.0,0.0,5051.737126286143,487.8835572496503,1247.3000000000002,1247.3000000000002,100.0,1247.3000000000002,1.0,3520.2427578928064,0.4400303447366008,597.5697982420588,597.5697982420588,0.0,0.0,73.69138905426723,62.722971849143505,100.0,100.0,0.0,0.0,100.0,0.0,100.0,0.0,0.3247212053735127,0.7738496163264628,0.38129203720945865,0.1687079627905414,0.0,0.0,0.0,0.0,-1.859783220291517
proposed_residual_safesac,1,245.72425087060824,140.75684621607851,245.72425087060824,7869.13019678415,0.0,0.0,3689.6761213311675,468.87979091247144,1325.1,1325.1,100.0,1325.1,1.0,3015.6033779107347,0.37695042223884184,575.9811145500619,575.9811145500619,0.0,0.0,96.60771163323015,91.81657088920474,100.0,100.0,0.0,0.0,100.0,0.0,100.0,0.0,0.3689257341930807,0.7648844198629403,0.3833031867498188,0.16669681325018126,0.0,0.0,0.0,0.0,-1.4662171480841513
proposed_residual_safesac,1,236.47773196580027,122.81280308854497,236.47773196580027,5280.971052033105,0.0,0.0,2849.8845995100996,539.6516230500698,1989.8,1989.8,100.0,1989.8,1.0,3861.8645155148924,0.48273306443936154,433.4688460147318,433.4688460147318,0.0,0.0,91.85361680205023,81.11640447750688,100.0,100.0,0.0,0.0,100.0,0.0,100.0,0.0,0.3735273118738851,0.8544468838626529,0.3735273118738851,0.17647268812611494,0.0,0.0,0.0,0.0,-1.2793000321723433
proposed_residual_safesac,1,382.6913212098834,184.37427681351042,382.6913212098834,11109.762316342718,0.0,0.0,4912.6274047596025,442.19014456619055,779.3,779.3,100.0,779.3,1.0,2104.880084238238,0.2631100105297797,631.8948499129892,631.8948499129892,0.0,0.0,120.19522719524204,116.1550180055201,100.0,100.0,0.0,0.0,100.0,0.0,100.0,0.0,0.33889102879527433,0.5993285149864686,0.3970249925399639,0.15297500746003617,0.0,0.0,0.0,0.0,-1.9205653834740668
proposed_residual_safesac,1,382.84528244488445,173.76447464388926,382.84528244488445,10765.373958907032,0.0,0.0,4666.461874596506,433.46955641383727,1103.7,1103.7,100.0,1103.7,1.0,3659.168868004082,0.45739610850051027,539.9777077497401,539.9777077497401,0.0,0.0,63.69065544822514,50.19193245097995,100.0,100.0,0.0,0.0,100.0,0.0,100.0,0.0,0.2825916927882328,0.7932867835119354,0.28846539722643383,0.2615346027735662,0.0,0.0,0.0,0.0,-1.8100466108738464
proposed_residual_safesac,1,333.77202912314465,153.0148858939226,333.77202912314465,10809.657619874582,0.0,0.0,4174.363742437956,386.16983897463984,1621.7,1621.7,100.0,1621.7,1.0,4076.914219870096,0.509614277483762,545.5368604024208,545.5368604024208,0.0,0.0,60.54647165435492,44.12430615870391,100.0,100.0,0.0,0.0,100.0,0.0,100.0,0.0,0.3827177139389152,0.9,0.3827177139389152,0.16728228606108486,5.208333333333334,0.0,5.208333333333334,0.0,-1.5939050613950272
proposed_residual_safesac,1,255.97020248335173,125.88426725100406,255.97020248335173,10349.074258602825,0.0,0.0,3346.6149789473666,323.3733660926669,1678.0,1678.0,100.0,1678.0,1.0,3799.571509722471,0.4749464387153089,503.98824294064934,503.98824294064934,0.0,0.0,58.27092270017361,44.126794300973415,100.0,100.0,0.0,0.0,100.0,0.0,100.0,0.0,0.3817604216184656,0.852755397528232,0.3817604216184656,0.16823957838153447,0.0,0.0,0.0,0.0,-1.3112944505312922
proposed_residual_safesac,1,195.00156586365125,123.75835137902965,195.00156586365125,9000.763388945034,0.0,0.0,3309.193697890414,367.65700362203165,2333.3,2333.3,100.0,2333.3,1.0,4002.8583496844567,0.500357293710557,528.6018793733449,528.6018793733449,0.0,0.0,70.85949272339987,63.21107829553546,100.0,100.0,0.0,0.0,100.0,0.0,100.0,0.0,0.36912650040453093,0.9,0.40885532993349616,0.14114467006650389,4.166666666666666,0.0,4.166666666666666,0.0,-1.2891494935315588
proposed_residual_safesac,1,135.61560337640492,109.41889740067992,135.61560337640492,6619.980474230559,0.0,0.0,2629.030919134163,397.135751286296,2325.2,2325.2,100.0,2325.2,1.0,4161.634656313132,0.5202043320391415,483.0631839664765,483.0631839664765,0.0,0.0,85.64245514790095,80.75655261054635,100.0,100.0,0.0,0.0,100.0,0.0,100.0,0.0,0.34018843994218495,0.857531663905401,0.34018843994218495,0.2098115600578151,0.0,0.0,0.0,0.0,-1.1397801812570825
proposed_residual_safesac,1,180.61146821769432,105.1144443289343,180.61146821769432,4808.778846620725,0.0,0.0,2331.362744663349,484.8138829053593,2654.2000000000003,2654.2000000000003,99.99999999999999,2654.2000000000003,0.9999999999999999,4102.074434882328,0.512759304360291,317.3156824810975,317.3156824810975,0.0,0.0,87.11178598543673,74.04484395429355,100.0,100.0,0.0,0.0,100.0,0.0,100.0,0.0,0.4156409657620786,0.9,0.4156409657620786,0.13435903423792145,7.291666666666667,0.0,7.291666666666667,0.0,-1.094942128426399
proposed_residual_safesac,1,431.7118249340018,195.71965900558507,431.7118249340018,9758.726969410556,0.0,0.0,5305.699892684455,543.6877073531783,2018.2,2018.2,100.0,2018.2,1.0,3017.9719541228783,0.3772464942653598,576.5841812530641,576.5841812530641,0.0,0.0,106.15613225088929,94.47423803046574,100.0,100.0,1.0,1.0,100.0,0.0,100.0,0.0,0.34108080390208445,0.7229538275244514,0.38420603155122474,0.1657939684487753,0.0,6.25,0.0,6.25,-2.0387464479748445
proposed_residual_safesac,1,393.0493087922493,176.96049678715525,393.0493087922493,10017.09900573605,0.0,0.0,4721.498178664302,471.3438667183633,1613.6999999999998,1613.6999999999998,100.0,1613.6999999999998,1.0,4114.684769195429,0.5143355961494286,526.8425611529533,526.8425611529533,0.0,0.0,64.0320143768039,49.07044377177954,100.0,100.0,0.0,0.0,100.0,0.0,100.0,0.0,0.2912493438093733,0.8076022501598378,0.2912493438093733,0.25875065619062676,0.0,0.0,0.0,0.0,-1.843338508199534
proposed_residual_safesac,1,466.922237950492,191.03217955792516,466.922237950492,10447.423375916158,0.0,0.0,5398.031780943598,516.6854626938322,1563.5,1563.5,100.0,1563.5,1.0,4251.479559964815,0.5314349449956018,546.7976025716066,546.7976025716066,0.0,0.0,58.78717734440115,43.6032240588709,100.0,100.0,1.0,1.0,100.0,0.0,100.0,0.0,0.377620444667447,0.9,0.377620444667447,0.17237955533255306,3.125,0.0,3.125,0.0,-1.9899185370617205
proposed_residual_safesac,1,352.9055490109606,153.32099916474272,352.9055490109606,10031.911998391764,0.0,0.0,4310.261320664307,429.6550170451349,1555.2,1555.2,100.0,1555.2,1.0,3461.6376589907472,0.4327047073738434,489.34443388799326,489.34443388799326,0.0,0.0,57.81890817646944,42.64869587495923,100.0,100.0,0.0,0.0,100.0,0.0,100.0,0.0,0.38687086042736785,0.7964534949718282,0.38687086042736785,0.1631291395726322,0.0,0.0,0.0,0.0,-1.5970937412994033
proposed_residual_safesac,1,323.4514950013831,156.77788180970694,323.4514950013831,9713.992348768907,0.0,0.0,4289.1958617303335,441.5482026063074,908.0,908.0,100.0,908.0,1.0,2875.583797787185,0.3594479747233981,573.3787361822122,573.3787361822122,0.0,0.0,62.78339015942271,54.06671231612563,100.0,100.0,0.0,0.0,100.0,0.0,100.0,0.0,0.27667466929281415,0.668817304185897,0.3241674054469495,0.22583259455305055,0.0,0.0,0.0,0.0,-1.6331029355177806
proposed_residual_safesac,1,242.02045972663257,150.41190246054367,242.02045972663257,7144.517566739062,0.0,0.0,3918.52645087469,548.466207028056,1416.7,1416.7,100.0,1416.7,1.0,3171.0020217550773,0.3963752527193847,537.0715420733359,537.0715420733359,0.0,0.0,104.71686176536998,99.80129115283489,100.0,100.0,0.0,0.0,100.0,0.0,100.0,0.0,0.3287897516087614,0.774064323731403,0.34871121559873336,0.20128878440126668,0.0,0.0,0.0,0.0,-1.5667906506306633
proposed_residual_safesac,1,253.2465377887424,130.11549045122268,253.2465377887424,5710.9507355559,0.0,0.0,3203.402290637001,560.9227673236414,1177.4,1177.4,100.0,1177.4,1.0,3048.904458521593,0.3811130573151991,348.4658607265141,348.4658607265141,0.0,0.0,87.19502533188799,73.21904068812728,100.0,100.0,0.0,0.0,100.0,0.0,100.0,0.0,0.32667973279238594,0.7246368519719041,0.32667973279238594,0.2233202672076141,0.0,0.0,0.0,0.0,-1.3553696922002363
proposed_residual_safesac,1,471.3205164522759,204.18037458441296,471.3205164522759,10185.440004200973,0.0,0.0,5824.427191331836,571.8385449160329,1432.6,1432.6,100.0,1432.6,1.0,2515.160159787656,0.31439501997345703,589.667668626043,589.667668626043,0.0,0.0,99.2906268181377,90.4890280743562,100.0,100.0,1.0,1.0,100.0,0.0,100.0,0.0,0.3634779784110445,0.6729022851769859,0.4189993197570997,0.13100068024290035,0.0,7.291666666666667,0.0,7.291666666666667,-2.126878901920968
proposed_residual_safesac,1,442.462651813511,203.68087794657194,442.462651813511,10106.256103620552,0.0,0.0,5704.332501222711,564.4357754974309,1354.2,1354.2,100.0,1354.2,1.0,4247.777529527864,0.530972191190983,560.7106637167292,560.7106637167292,0.0,0.0,73.95656550737255,62.20084251835942,100.0,100.0,0.0,0.0,100.0,0.0,100.0,0.0,0.29754379275234116,0.8295789657347543,0.3026378205575784,0.24736217944242167,0.0,0.0,0.0,0.0,-2.1216758119434576
proposed_residual_safesac,1,411.051319081094,186.3695712130363,411.051319081094,10609.294981411493,0.0,0.0,5578.277889449921,525.7915723168788,1279.8000000000002,1279.8000000000002,100.0,1279.8000000000002,1.0,3801.8828784472444,0.47523535980590553,549.289241648896,549.289241648896,0.0,0.0,63.77556673916366,50.579945370554924,100.0,100.0,0.0,0.0,100.0,0.0,100.0,0.0,0.39341256589242185,0.8615833944201253,0.39341256589242185,0.1565874341075782,0.0,0.0,0.0,0.0,-1.9413497001357947
proposed_residual_safesac,1,356.3687498576154,155.6761598605313,356.3687498576154,9836.848026639609,0.0,0.0,4200.91134565414,427.05868122364643,1652.3999999999999,1652.3999999999999,100.00000000000001,1652.3999999999999,1.0000000000000002,3840.6177471334013,0.48007721839167516,470.09272091987367,470.09272091987367,0.0,0.0,56.87239204490146,42.91602233424783,100.0,100.0,0.0,0.0,100.0,0.0,100.0,0.0,0.3307598818869032,0.8328870463962752,0.3307598818869032,0.21924011811309685,0.0,0.0,0.0,0.0,-1.6216266652138678
proposed_residual_safesac,1,167.62382889356917,107.26410743031455,167.62382889356917,9097.025526351797,0.0,0.0,2809.2269987273094,308.8072019353672,2015.9,2015.9,100.0,2015.9,1.0,3864.4382661766813,0.4830547832720852,444.4385654899222,444.4385654899222,0.0,0.0,58.949670105672155,50.970880035310984,100.0,100.0,0.0,0.0,100.0,0.0,100.0,0.0,0.37885533759760837,0.855989546599142,0.39759541122265696,0.1524045887773431,0.0,0.0,0.0,0.0,-1.11733445239911
proposed_residual_safesac,1,178.60488701915716,109.06798341678886,178.60488701915716,7228.672256444106,0.0,0.0,2485.62231927582,343.85599887447864,1225.4,1225.4,100.0,1225.4,1.0,2951.3097123480247,0.3689137140435031,379.64648998621465,379.64648998621465,0.0,0.0,82.22380198963036,70.75141770765185,100.0,100.0,0.0,0.0,100.0,0.0,100.0,0.0,0.29982089452781585,0.7322553485588097,0.29982089452781585,0.2501791054721842,0.0,0.0,0.0,0.0,-1.1361248272582174
proposed_residual_safesac,1,228.5894905465377,121.38581464692429,228.5894905465377,5486.715102117805,0.0,0.0,2843.8103340174853,518.3083650397319,1398.4,1398.4,100.0,1398.4,1.0,3350.517910603911,0.41881473882548886,347.3679475870701,347.3679475870701,0.0,0.0,90.51995601485335,77.67580868676305,100.0,100.0,0.0,0.0,100.0,0.0,100.0,0.0,0.34381351853128517,0.7857171454161663,0.34381351853128517,0.20618648146871488,0.0,0.0,0.0,0.0,-1.2644355692387947
proposed_residual_safesac,1,499.6220584193393,213.12179256989904,499.6220584193393,10362.531093608513,0.0,0.0,6060.136481056129,584.8123809050811,1187.9,1187.9,100.0,1187.9,1.0,2522.1013709114154,0.31526267136392694,598.6605269303448,598.6605269303448,0.0,0.0,103.87753193043912,95.40707532771471,100.0,100.0,1.0,1.0,100.0,0.0,100.0,0.0,0.3727889794295194,0.6894246187506009,0.40908845278357,0.14091154721643007,0.0,8.333333333333332,0.0,8.333333333333332,-2.220018672603115
proposed_residual_safesac,1,480.98019448794463,210.54924030672584,480.98019448794463,9991.20373626874,0.0,0.0,5787.812980840755,579.2908576001313,1584.0,1584.0,100.0,1584.0,1.0,4654.498017778527,0.5818122522223159,578.9513181984335,578.9513181984335,0.0,0.0,72.98610433167477,58.10215063393116,100.0,100.0,0.0,0.0,100.0,0.0,100.0,0.0,0.3018027699299945,0.8805331417049607,0.30357666509357245,0.2464233349064276,0.0,0.0,0.0,0.0,-2.193221253195061
proposed_residual_safesac,1,426.0784010773933,187.1837597225064,426.0784010773933,9900.355455467445,0.0,0.0,5378.581252878012,543.2715297012597,2027.8999999999999,2027.8999999999999,100.0,2027.8999999999999,1.0,4276.225278301023,0.5345281597876278,505.7335005981725,505.7335005981725,0.0,0.0,60.107509085527894,43.9084944454579,100.0,100.0,0.0,0.0,100.0,0.0,100.0,0.0,0.37371338082685346,0.9,0.37371338082685346,0.17628661917314659,6.25,0.0,6.25,0.0,-1.9498308304427752
proposed_residual_safesac,1,336.85623840211184,162.10167039335977,336.85623840211184,10499.178180210896,0.0,0.0,4824.705714620983,459.53174922916384,757.2,757.2,100.0,757.2,1.0,2642.059837835349,0.3302574797294186,525.3985721688957,525.3985721688957,0.0,0.0,52.297580908200004,37.11219495162368,100.0,100.0,0.0,0.0,100.0,0.0,100.0,0.0,0.3343630147114682,0.66369451203547,0.3343630147114682,0.21563698528853187,0.0,0.0,0.0,0.0,-1.6885590665974977
proposed_residual_safesac,1,270.63434247248637,138.33671158891295,270.63434247248637,10036.9703594859,0.0,0.0,3797.0774383914695,378.3091214175866,819.0,819.0,100.0,819.0,1.0,3065.136426189996,0.3831420532737495,565.4223223165809,565.4223223165809,0.0,0.0,67.59689385417326,58.96253138780594,100.0,100.0,0.0,0.0,100.0,0.0,100.0,0.0,0.32992999428641173,0.7392036239585154,0.3744065418610267,0.17559345813897337,0.0,0.0,0.0,0.0,-1.4410074123845098
proposed_residual_safesac,1,200.0044843372433,138.68237665669375,200.0044843372433,7803.787684058199,0.0,0.0,3800.9397786974982,487.0634533615217,700.5,700.5,100.0,700.5,1.0,2601.108815509089,0.3251386019386361,468.0628058893639,468.0628058893639,0.0,0.0,96.68644456768283,86.99067765846848,100.0,100.0,0.0,0.0,100.0,0.0,100.0,0.0,0.33464308501960316,0.7171419365840048,0.3612566995436302,0.18874330045636983,0.0,0.0,0.0,0.0,-1.4446080901738931
proposed_residual_safesac,1,228.2645760161525,126.45811334350245,228.2645760161525,6008.353073776814,0.0,0.0,3190.778756947284,531.0571329227129,940.7,940.7,100.0,940.7,1.0,2956.2767558633855,0.3695345944829232,428.9375686625776,428.9375686625776,0.0,0.0,87.79869637918074,72.6902961730957,100.0,100.0,0.0,0.0,100.0,0.0,100.0,0.0,0.33858178143591766,0.7488034515954465,0.33858178143591766,0.21141821856408238,0.0,0.0,0.0,0.0,-1.317272013994817
proposed_residual_safesac,1,489.61709455602943,212.69577173363842,489.61709455602943,11147.583364976661,0.0,0.0,6328.019151919176,567.6583834125402,715.9,715.9,100.0,715.9,1.0,1913.394790041076,0.2391743487551345,623.7611268855096,623.7611268855096,0.0,0.0,109.07312569008992,103.25062396004796,100.0,100.0,0.0,0.0,100.0,0.0,100.0,0.0,0.4050908122940445,0.6293518657993448,0.4626766335089837,0.08732336649101635,0.0,0.0,0.0,0.0,-2.2155809555587336
proposed_residual_safesac,1,561.9791469046409,228.00287710168055,561.9791469046409,10681.25641154616,0.0,0.0,6444.687638246195,603.3641914334775,628.5,628.5,100.0,628.5,1.0,3383.641762667512,0.422955220333439,601.2027863303545,601.2027863303545,0.0,0.0,76.64018081892554,62.602902576327324,100.0,100.0,0.0,0.0,100.0,0.0,100.0,0.0,0.2882219795523611,0.7590237176335589,0.29825373550434114,0.2517462644956589,0.0,0.0,0.0,0.0,-2.3750299698091726
proposed_residual_safesac,1,461.73658713356957,193.2686308171162,461.73658713356957,10765.786786121387,0.0,0.0,5749.717833812122,534.0731660434068,1100.6999999999998,1100.6999999999998,100.0,1100.6999999999998,1.0,3614.472102683564,0.4518090128354455,535.5722547504654,535.5722547504654,0.0,0.0,57.57209954844983,44.380183424800634,100.0,100.0,0.0,0.0,100.0,0.0,100.0,0.0,0.3993760064360448,0.8620778507944421,0.3993760064360448,0.15062399356395523,0.0,0.0,0.0,0.0,-2.0132149043449603
proposed_residual_safesac,1,525.3753973704067,215.73195437996776,525.3753973704067,10916.309373125892,0.0,0.0,6484.624045055703,594.0308050465985,656.3,656.3,100.0,656.3,1.0,2440.609947214617,0.30507624340182715,621.6940864656578,621.6940864656578,0.0,0.0,70.79800408536222,54.62301792576909,100.0,100.0,1.0,1.0,100.0,0.0,100.0,0.0,0.3683131194829215,0.6815835008344246,0.3811602001802397,0.16883979981976033,0.0,8.333333333333332,0.0,8.333333333333332,-2.247207858124664
proposed_residual_safesac,1,423.83308729760336,198.53529655487247,423.83308729760336,10208.991935058204,0.0,0.0,5836.706556078273,571.7221243005122,615.2,615.2,100.0,615.2,1.0,3165.514421718565,0.3956893027148206,610.095350880277,610.095350880277,0.0,0.0,79.89147412439624,68.5781616717577,100.0,100.0,0.0,0.0,100.0,0.0,100.0,0.0,0.31165208205383127,0.7175576420900218,0.3752106284701116,0.17478937152988844,0.0,0.0,0.0,0.0,-2.0680760057799215
proposed_residual_safesac,1,302.2302084786485,161.68106646575126,302.2302084786485,7571.49746050385,0.0,0.0,4272.588499982652,564.2990072003973,1260.8,1260.8,100.0,1260.8,1.0,2938.719277404495,0.3673399096755619,589.3564714348363,589.3564714348363,0.0,0.0,108.00427213558143,101.86773724853992,100.0,100.0,0.0,0.0,100.0,0.0,100.0,0.0,0.35535087576907803,0.7465143582708986,0.3772161274163967,0.17278387258360334,0.0,0.0,0.0,0.0,-1.684177775684909
proposed_residual_safesac,1,254.94981482825688,123.69327239429619,254.94981482825688,6117.401821337229,0.0,0.0,3047.5683566239813,498.1801826380272,773.1,773.1,100.0,773.1,1.0,2828.674556705605,0.35358431958820064,450.71788129726355,450.71788129726355,0.0,0.0,82.9423466637282,69.1138930618763,100.0,100.0,0.0,0.0,100.0,0.0,100.0,0.0,0.3446165934862594,0.7172995888782288,0.3446165934862594,0.20538340651374065,0.0,0.0,0.0,0.0,-1.2884715874405852
proposed_residual_safesac,1,471.8435441460523,191.1623995514659,471.8435441460523,10989.110241145943,0.0,0.0,5154.706739210143,469.0740766171994,725.6,725.6,100.0,725.6,1.0,2003.061329385358,0.25038266617316973,622.627229950511,622.627229950511,0.0,0.0,110.43989525516216,101.52961416170001,100.0,100.0,0.0,0.0,100.0,0.0,100.0,0.0,0.37127503632226583,0.6430796009249985,0.42498798124368653,0.12501201875631351,0.0,0.0,0.0,0.0,-1.99127499532777
proposed_residual_safesac,1,515.9280708642016,205.9229586395469,515.9280708642016,10785.025127671806,0.0,0.0,5656.544600754425,524.4813557495642,601.9,601.9,100.0,601.9,1.0,3363.648230216203,0.42045602877702537,587.6024043204643,587.6024043204643,0.0,0.0,73.84380854391183,61.41484575346112,100.0,100.0,0.0,0.0,100.0,0.0,100.0,0.0,0.3046239611183107,0.7609362153518908,0.31714682071632677,0.23285317928367327,0.0,0.0,0.0,0.0,-2.145030819161947
proposed_residual_safesac,1,489.0050541000277,191.06842856998833,489.0050541000277,10723.391865356534,0.0,0.0,5453.862648442804,508.5949219166647,1402.6000000000001,1402.6000000000001,99.99999999999999,1402.6000000000001,0.9999999999999999,3821.6922617879927,0.4777115327234991,547.2177600915918,547.2177600915918,0.0,0.0,57.23345376830184,44.37456364249558,100.0,100.0,0.0,0.0,100.0,0.0,100.0,0.0,0.4036174047730938,0.9,0.4036174047730938,0.14638259522690622,2.083333333333333,0.0,2.083333333333333,0.0,-1.9902961309373783
proposed_residual_safesac,1,438.30589720522505,182.6569806032419,438.30589720522505,11218.726744878064,0.0,0.0,5514.899785077827,491.5798299121304,497.19999999999993,497.19999999999993,100.0,497.19999999999993,1.0,2308.248055813018,0.2885310069766272,593.7064678194072,593.7064678194072,0.0,0.0,64.6952579425684,54.19463040307164,100.0,100.0,0.0,0.0,100.0,0.0,100.0,0.0,0.38840598654599745,0.6630395259197611,0.3987589250925913,0.15124107490740873,0.0,0.0,0.0,0.0,-1.9026768812837698
proposed_residual_safesac,1,398.48094989776297,185.0248021413936,398.48094989776297,10537.493162218438,0.0,0.0,5339.350583155538,506.70026551471136,649.0999999999999,649.0999999999999,100.0,649.0999999999999,1.0,3216.4105248335445,0.40205131560419305,623.4319210868875,623.4319210868875,0.0,0.0,77.48256377014238,65.16035301610827,100.0,100.0,0.0,0.0,100.0,0.0,100.0,0.0,0.3179980792296005,0.7315216726584068,0.3809983578513904,0.16900164214860963,0.0,0.0,0.0,0.0,-1.9273416889728499
proposed_residual_safesac,1,303.8911469349782,161.86138729250513,303.8911469349782,8400.588677095833,0.0,0.0,4296.997237986898,511.5114432042889,405.4,405.4,100.0,405.4,1.0,2436.834536310741,0.3046043170388426,581.2617226737243,581.2617226737243,0.0,0.0,99.14148320300085,90.79184336587787,100.0,100.0,0.0,0.0,100.0,0.0,100.0,0.0,0.3007480073222502,0.6719490150903686,0.32524460603918354,0.2247553939608165,0.0,0.0,0.0,0.0,-1.6860561176302618
proposed_residual_safesac,1,278.6142708469364,131.34546138897602,278.6142708469364,6638.102115341391,0.0,0.0,3328.0491763544464,501.35552580050785,584.7,584.7,100.0,584.7,1.0,2647.5926793980616,0.3309490849247577,487.6064172049391,487.6064172049391,0.0,0.0,87.42871228404863,75.62631508335471,100.0,100.0,0.0,0.0,100.0,0.0,100.0,0.0,0.3583796447450721,0.7250668917726792,0.3583796447450721,0.19162035525492793,0.0,0.0,0.0,0.0,-1.3681818894685003
proposed_residual_safesac,1,542.7988210644185,219.83411999776158,542.7988210644185,11336.452104643893,0.0,0.0,5964.266404890663,526.1140213742398,733.5,733.5,100.0,733.5,1.0,2396.89333280604,0.299611666600755,644.9038219266956,644.9038219266956,0.0,0.0,106.22486216770633,95.13940918933831,100.0,100.0,1.0,1.0,100.0,0.0,100.0,0.0,0.31773612524200556,0.6813813851328825,0.3743787856717159,0.17562121432828415,0.0,8.333333333333332,0.0,8.333333333333332,-2.2899387499766832
proposed_residual_safesac,1,632.1084215895817,253.3393434529767,632.1084215895817,11662.864281214941,0.0,0.0,7348.584676894659,630.0840427964874,433.79999999999995,433.79999999999995,100.0,433.79999999999995,1.0,3381.4264879720017,0.4226783109965002,642.1268315692336,642.1268315692336,0.0,0.0,83.16488334644662,70.08211510255933,100.0,100.0,0.0,0.0,100.0,0.0,100.0,0.0,0.3034006572289016,0.7479078973217244,0.32130644233662214,0.2286935576633779,0.0,0.0,0.0,0.0,-2.6389514943018404
proposed_residual_safesac,1,641.3835985738579,242.78501563121387,641.3835985738579,12572.2030939184,0.0,0.0,7518.2621496716565,598.006737045832,384.09999999999997,384.09999999999997,100.00000000000001,384.09999999999997,1.0000000000000002,2696.7861880372557,0.33709827350465693,649.2374399669471,649.2374399669471,0.0,0.0,74.01547885415083,62.42407690733671,100.0,100.0,0.0,0.0,100.0,0.0,100.0,0.0,0.457957855855535,0.7680154411681878,0.46248803529409094,0.0875119647059091,0.0,0.0,0.0,0.0,-2.529010579491811
proposed_residual_safesac,1,515.6550305346204,208.8000746338043,515.6550305346204,11788.317135986132,0.0,0.0,6393.737441493175,542.3791511321873,593.2,593.2,100.0,593.2,1.0,2851.2123729122277,0.35640154661402845,674.3507309041826,674.3507309041826,0.0,0.0,67.04303960281018,53.921711165457964,100.0,100.0,0.0,0.0,100.0,0.0,100.0,0.0,0.4146004678195154,0.7887012413822967,0.4185923606664338,0.13140763933356625,0.0,0.0,0.0,0.0,-2.175000777435461
proposed_residual_safesac,1,323.8497436201494,151.68077301341773,323.8497436201494,10899.952895741037,0.0,0.0,4217.903737037213,386.9653178671336,950.6000000000001,950.6000000000001,100.0,950.6000000000001,1.0,3184.8894478116135,0.3981111809764517,611.0737283072908,611.0737283072908,0.0,0.0,68.57003988900937,56.864350102841854,100.0,100.0,0.0,0.0,100.0,0.0,100.0,0.0,0.33590873854612113,0.7481914923791868,0.3984672830884777,0.15153271691152237,0.0,0.0,0.0,0.0,-1.5800080522231015
proposed_residual_safesac,1,283.8926108897035,158.4363327061633,283.8926108897035,8560.007997105004,0.0,0.0,4317.476134666366,504.3775819048928,767.5,767.5,100.0,767.5,1.0,2831.157834901002,0.3538947293626252,520.9369907233454,520.9369907233454,0.0,0.0,100.27263576110366,91.55239500105381,100.0,100.0,0.0,0.0,100.0,0.0,100.0,0.0,0.3430815723269556,0.7390096530547968,0.3833426045022108,0.16665739549778924,0.0,0.0,0.0,0.0,-1.650378465689201
proposed_residual_safesac,1,355.77027518015757,165.57097329390024,355.77027518015757,6963.742859668595,0.0,0.0,4339.269123953862,623.123112297166,278.4,278.4,100.0,278.4,1.0,2405.4276660910105,0.3006784582613763,520.3990575586129,520.3990575586129,0.0,0.0,92.70498353889056,80.90948639437556,100.0,100.0,0.0,0.0,100.0,0.0,100.0,0.0,0.2931133197329243,0.6458827944669512,0.2934527624452011,0.25654723755479897,0.0,0.0,0.0,0.0,-1.7246976384781274
proposed_residual_safesac,1,576.9707363497528,239.15889534634363,576.9707363497528,12236.228785890584,0.0,0.0,6868.140095873286,561.2954952095075,447.20000000000005,447.20000000000005,100.0,447.20000000000005,1.0,2141.8545679240297,0.2677318209905037,676.4698656123257,676.4698656123257,0.0,0.0,106.43962970945778,99.10735243739298,100.0,100.0,1.0,1.0,100.0,0.0,100.0,0.0,0.33616224705452924,0.6566413161571899,0.39536526205638606,0.154634737943614,0.0,10.416666666666668,0.0,10.416666666666668,-2.4912384931910796
proposed_residual_safesac,1,492.3505422360582,205.6850244111591,492.3505422360582,12477.498833674917,0.0,0.0,5782.0570901241335,463.39872815850083,329.9,329.9,100.0,329.9,1.0,3217.5805287599433,0.4021975660949929,653.2675060800582,653.2675060800582,0.0,0.0,75.1443071225289,59.85254729166627,100.0,100.0,0.0,0.0,100.0,0.0,100.0,0.0,0.2972093588457783,0.7234270802107493,0.3133794633925455,0.23662053660745452,0.0,0.0,0.0,0.0,-2.1425523376162405
proposed_residual_safesac,1,399.6071183718078,165.9159951615071,399.6071183718078,12767.67971864255,0.0,0.0,4611.159901138194,361.1588011880712,496.1,496.1,100.0,496.1,1.0,3357.838032861147,0.41972975410764335,629.3202460165851,629.3202460165851,0.0,0.0,67.14875647939434,52.14197617024183,100.0,100.0,1.0,1.0,100.0,0.0,100.0,0.0,0.3891936701366979,0.8198762840828968,0.3891936701366979,0.16080632986330212,0.0,8.333333333333332,0.0,8.333333333333332,-1.7282916162656992
proposed_residual_safesac,1,527.7922115421505,197.12531603752458,527.7922115421505,12679.266808915754,0.0,0.0,5538.175737101967,436.789904382141,614.3000000000001,614.3000000000001,100.0,614.3000000000001,1.0,2754.163475452193,0.3442704344315241,676.4698656123257,676.4698656123257,0.0,0.0,73.13953677023713,58.568308755193875,100.0,100.0,1.0,1.0,100.0,0.0,100.0,0.0,0.38309136613072625,0.7265681664904644,0.39314298611023746,0.1568570138897626,0.0,9.375,0.0,9.375,-2.0533887087242144
proposed_residual_safesac,1,486.78704246621305,216.53794849102468,486.78704246621305,11530.349253951186,0.0,0.0,6381.3851600437365,553.4424863892984,935.5,935.5,100.0,935.5,1.0,3461.126343661795,0.4326407929577244,654.8434549121692,654.8434549121692,0.0,0.0,83.59029237053088,70.92397287487984,100.0,100.0,0.0,0.0,100.0,0.0,100.0,0.0,0.3257918518385499,0.7657635043895494,0.40106751457014495,0.1489324854298551,0.0,0.0,0.0,0.0,-2.2556036301148406
proposed_residual_safesac,1,388.19045806216417,195.6834141472367,388.19045806216417,9291.079582836215,0.0,0.0,5409.72421776963,582.2492606524684,426.29999999999995,426.29999999999995,100.0,426.29999999999995,1.0,2719.860269019264,0.339982533627408,638.3470242020749,638.3470242020749,0.0,0.0,106.78955503813468,98.64637991413474,100.0,100.0,0.0,0.0,100.0,0.0,100.0,0.0,0.2926308131153913,0.6673681208097059,0.3410083765308009,0.20899162346919914,0.0,0.0,0.0,0.0,-2.038368897367049
proposed_residual_safesac,1,336.0892939741279,148.1115975032943,336.0892939741279,7309.8239344295935,0.0,0.0,3804.0340826119964,520.4002335398022,616.6,616.6,100.0,616.6,1.0,2947.3917294597577,0.3684239661824697,548.7743211641339,548.7743211641339,0.0,0.0,91.99089174577547,77.53330133855343,100.0,100.0,0.0,0.0,100.0,0.0,100.0,0.0,0.37350668018729377,0.7641605056142324,0.37350668018729377,0.17649331981270627,0.0,0.0,0.0,0.0,-1.5428291406593155
proposed_residual_safesac,1,627.244444570899,246.16029757407458,627.244444570899,12427.187777151752,0.0,0.0,6755.593836003623,543.6140466489331,679.0,679.0,100.0,679.0,1.0,2446.6695804764245,0.3058336975595531,676.4698656123257,676.4698656123257,0.0,0.0,109.6707515769224,102.93245432180754,100.0,100.0,1.0,1.0,100.0,0.0,100.0,0.0,0.3043026492254729,0.6707436757655895,0.3695513152286483,0.18044868477135173,0.0,12.5,0.0,12.5,-2.5641697663966103
proposed_residual_safesac,1,591.4614216689907,238.22227639587823,591.4614216689907,12256.33223667106,0.0,0.0,6617.682067990147,539.939840092616,1164.1000000000001,1164.1000000000001,100.0,1164.1000000000001,1.0,4535.380171784577,0.5669225214730722,651.1504431874099,651.1504431874099,0.0,0.0,78.45075098115737,67.00892057269812,100.0,100.0,0.0,0.0,100.0,0.0,100.0,0.0,0.29957717469608575,0.882517268948447,0.3150748715858794,0.23492512841412067,0.0,0.0,0.0,0.0,-2.4814820457903983
proposed_residual_safesac,1,547.3171513586115,223.2476951103827,547.3171513586115,13103.479790467158,0.0,0.0,6472.883413231208,493.98201979448703,916.3,916.3,100.0,916.3,1.0,4014.918469251737,0.5018648086564671,659.0455698517893,659.0455698517893,0.0,0.0,69.05373034106138,54.50477311387658,100.0,100.0,1.0,1.0,100.0,0.0,100.0,0.0,0.35863162102415813,0.8500077552804237,0.35863162102415813,0.1913683789758419,0.0,8.333333333333332,0.0,8.333333333333332,-2.3254968240664864
proposed_residual_safesac,1,407.45679144111216,167.66567484421856,407.45679144111216,13050.300897141038,0.0,0.0,4706.1858347416755,360.6189521478904,617.4000000000001,617.4000000000001,100.0,617.4000000000001,1.0,2918.453076214883,0.36480663452686035,670.5324180330957,670.5324180330957,0.0,0.0,69.45423387669163,57.48254684731364,100.0,100.0,1.0,1.0,100.0,0.0,100.0,0.0,0.39808813544870986,0.7745624719397741,0.40565052411760205,0.144349475882398,0.0,8.333333333333332,0.0,8.333333333333332,-1.7465174462939432
proposed_residual_safesac,1,319.6433790630721,141.78892368894566,319.6433790630721,12640.985708764088,0.0,0.0,4036.3642268494773,319.3077122182834,380.0,380.0,100.0,380.0,1.0,2959.39716916203,0.3699246461452537,673.648966230291,673.648966230291,0.0,0.0,60.98764017722356,52.24639615043998,100.0,100.0,0.0,0.0,100.0,0.0,100.0,0.0,0.3742670826357457,0.7706797844200007,0.4433718626092677,0.10662813739073235,0.0,0.0,0.0,0.0,-1.476967955093184
proposed_residual_safesac,1,18.433630348222685,88.58694525021951,18.433630348222685,10617.442339220692,0.0,0.0,2835.442296583399,267.0551160997892,476.1,476.1,100.0,476.1,1.0,2387.1175191455045,0.29838968989318804,517.4668555546078,517.4668555546078,0.0,0.0,55.08609703931982,46.86374766752124,100.0,100.0,0.0,0.0,100.0,0.0,100.0,0.0,0.5210612749873778,0.8517347470959445,0.6249794475538243,0.07497944755382424,0.0,0.0,0.0,0.0,-0.9227806796897866
proposed_residual_safesac,1,212.48388928973208,111.64681892539232,212.48388928973208,7738.476161400432,0.0,0.0,2966.2292240043653,383.3092151656337,584.2,584.2,100.0,584.2,1.0,2794.8864735869765,0.3493608091983721,440.16934231796796,440.16934231796796,0.0,0.0,76.28852850558245,62.40401165559888,100.0,100.0,0.0,0.0,100.0,0.0,100.0,0.0,0.4333348559449403,0.8027015483730188,0.4333348559449403,0.11666514405505973,0.0,0.0,0.0,0.0,-1.1629876971395035
proposed_residual_safesac,1,497.33246955958924,216.07335524022747,497.33246955958924,12743.58528843697,0.0,0.0,5680.413130037705,445.7468602020413,890.2,890.2,100.0,890.2,1.0,2581.2962280103075,0.32266202850128844,676.4698656123257,676.4698656123257,0.0,0.0,111.9136446522838,105.72462752030727,100.0,100.0,1.0,1.0,100.0,0.0,100.0,0.0,0.2840443687283967,0.7030362957052985,0.3335992516174887,0.21640074838251133,0.0,13.541666666666666,0.0,13.541666666666666,-2.2507641170857027
proposed_residual_safesac,1,561.8251613605553,240.24743236221423,561.8251613605553,13733.468703850893,0.0,0.0,7012.568069049167,510.6188553138676,424.4,424.4,100.0,424.4,1.0,3476.553753437526,0.43456921917969077,676.4698656123257,676.4698656123257,0.0,0.0,72.33050425217422,59.60114531656139,100.0,100.0,0.0,0.0,100.0,0.0,100.0,0.0,0.28040389237446905,0.7590210211600289,0.29581265579923866,0.2541873442007614,0.0,12.5,0.0,12.5,-2.5025774204397315
proposed_residual_safesac,1,629.0747482396386,245.56801261237794,629.0747482396386,14153.779162892159,0.0,0.0,7236.234230231143,511.2580991232947,328.1,328.1,100.0,328.1,1.0,3019.2436101979843,0.377405451274748,676.4698656123257,676.4698656123257,0.0,0.0,71.01258110424699,59.502389604514434,100.0,100.0,1.0,1.0,100.0,0.0,100.0,0.0,0.35234507402039644,0.7752365496439472,0.35234507402039644,0.1976549259796036,0.0,39.58333333333333,0.0,39.58333333333333,-2.558000131378937
proposed_residual_safesac,1,517.8127072378269,213.85911587614328,517.8127072378269,13865.041041517994,0.0,0.0,6422.987189761594,463.2504996219169,335.9,335.9,100.0,335.9,1.0,2508.779382880147,0.31359742286001835,676.4698656123257,676.4698656123257,0.0,0.0,72.55160516328495,59.367663791099424,100.0,100.0,1.0,1.0,100.0,0.0,100.0,0.0,0.38273240001185627,0.7451072382847919,0.3978698855976502,0.15213011440234986,0.0,25.0,0.0,25.0,-2.227699123709826
proposed_residual_safesac,1,294.84180067558356,145.69854794603066,294.84180067558356,13541.108448447594,0.0,0.0,4304.437137940261,317.8792308124331,444.3,444.3,100.0,444.3,1.0,2900.9652118080867,0.36262065147601086,676.4698656123257,676.4698656123257,0.0,0.0,70.1662458996645,56.07760391836249,100.0,100.0,0.0,0.0,100.0,0.0,100.0,0.0,0.3856055387779562,0.7355602217458063,0.4494389538080782,0.10056104619192185,0.0,3.125,0.0,3.125,-1.5176932077711527
proposed_residual_safesac,1,142.71882827716996,108.55610874893435,142.71882827716996,11057.958962890492,0.0,0.0,3128.053304880311,282.8779990392236,558.0,558.0,100.0,558.0,1.0,2917.7920460581136,0.3647240057572642,573.3330986624348,573.3330986624348,0.0,0.0,70.46322708511694,60.96425773575902,100.0,100.0,0.0,0.0,100.0,0.0,100.0,0.0,0.5371806413093542,0.8986190822409398,0.5944355095425433,0.04443550954254327,0.0,0.0,0.0,0.0,-1.1307927994680662
proposed_residual_safesac,1,325.66037369971025,147.07817374503685,325.66037369971025,8000.83775929957,0.0,0.0,3852.1349615155914,481.4664510648476,555.5999999999999,555.5999999999999,100.0,555.5999999999999,1.0,2860.018124526145,0.35750226556576814,531.9687276589325,531.9687276589325,0.0,0.0,90.6443100167051,78.32442028447986,100.0,100.0,0.0,0.0,100.0,0.0,100.0,0.0,0.38664963899983146,0.7774073717725298,0.38664963899983146,0.1633503610001686,0.0,0.0,0.0,0.0,-1.5320643098441338
proposed_residual_safesac,1,490.6609386646311,289.2011188196784,490.6609386646311,13627.581818347408,0.0,0.0,6048.18801057063,443.81960726353446,659.9,659.9,100.0,659.9,1.0,2855.2584412676456,0.3569073051584557,909.0337120378434,909.0337120378434,6.0,167.31601846139137,121.04166298234642,109.57211998232242,100.0,100.0,1.0,1.0,100.0,0.0,100.0,0.0,0.2,0.6702592966782647,0.23996475774095358,0.31003524225904644,6.25,26.041666666666668,6.25,26.041666666666668,-3.01251165437165
proposed_residual_safesac,1,587.3253418644722,243.04581425685373,587.3253418644722,14214.97435412975,0.0,0.0,7097.1689726189215,499.27413133580814,601.0,601.0,100.0,601.0,1.0,3467.158798106644,0.43339484976333054,676.4698656123257,676.4698656123257,0.0,0.0,72.20165721046315,58.81846651022344,100.0,100.0,0.0,0.0,100.0,0.0,100.0,0.0,0.2938327697709361,0.7982155189582788,0.30674274371687726,0.24325725628312278,0.0,14.583333333333334,0.0,14.583333333333334,-2.5317272318422264
proposed_residual_safesac,1,507.1691110915858,215.61104426111905,507.1691110915858,14485.185613935926,0.0,0.0,6374.1721409871225,440.04766738057197,841.8,841.8,100.0,841.8,1.0,3765.2743771817995,0.4706592971477249,676.4698656123257,676.4698656123257,0.0,0.0,72.33712635242058,62.142057237434805,100.0,100.0,0.0,0.0,100.0,0.0,100.0,0.0,0.4009785269229773,0.9,0.4009785269229773,0.14902147307702274,2.083333333333333,16.666666666666664,2.083333333333333,16.666666666666664,-2.2459483777199902
proposed_residual_safesac,1,426.8155500458579,189.9830057997703,426.8155500458579,14514.13753410707,0.0,0.0,5769.298647522601,397.49510668237826,547.9,547.9,100.0,547.9,1.0,2933.074233133292,0.3666342791416615,676.4698656123257,676.4698656123257,0.0,0.0,68.325913602813,56.40820592125067,100.0,100.0,0.0,0.0,100.0,0.0,100.0,0.0,0.4042482381905092,0.7683921891375197,0.41189326686447,0.13810673313553007,0.0,27.083333333333332,0.0,27.083333333333332,-1.9789896437476073
proposed_residual_safesac,1,388.4030415707754,198.2690108798589,388.4030415707754,13637.64708724914,0.0,0.0,6222.579725676157,456.27956830574635,623.5,623.5,100.0,623.5,1.0,3317.377417611461,0.4146721772014326,676.4698656123257,676.4698656123257,0.0,0.0,72.92941072975404,61.02200633918736,100.0,100.0,0.0,0.0,100.0,0.0,100.0,0.0,0.35737294998044083,0.7837296415242603,0.4285021793553327,0.12149782064466735,0.0,5.208333333333334,0.0,5.208333333333334,-2.065302196665197
proposed_residual_safesac,1,274.5974768873927,160.50045874026858,274.5974768873927,10891.778112142267,0.0,0.0,4939.525637658476,453.50957270712684,314.4,314.4,100.0,314.4,1.0,2391.998769512831,0.2989998461891039,632.0953581646187,632.0953581646187,0.0,0.0,95.04295484201212,86.11612766981125,100.0,100.0,0.0,0.0,100.0,0.0,100.0,0.0,0.43977240103430365,0.7566514727453582,0.44953432206497695,0.10046567793502309,0.0,0.0,0.0,0.0,-1.6718797785444643
proposed_residual_safesac,1,207.9987057321956,116.68819404350774,207.9987057321956,8464.228804147147,0.0,0.0,3268.618736433469,386.1685230947409,328.3,328.3,100.0,328.3,1.0,2616.3342325005333,0.32704177906256665,528.057711078266,528.057711078266,0.0,0.0,79.1921800008197,66.64240658283234,100.0,100.0,0.0,0.0,100.0,0.0,100.0,0.0,0.4397974754624205,0.784000579991386,0.4397974754624205,0.11020252453757956,0.0,0.0,0.0,0.0,-1.2155020212865388
proposed_residual_safesac,1,329.9476515187429,219.99803878585925,329.9476515187429,14030.766143623654,0.0,0.0,6149.045193825674,438.2544139701263,372.8,372.8,100.0,372.8,1.0,2188.3685326183213,0.27354606657729014,676.4698656123257,676.4698656123257,0.0,0.0,119.64385520284794,115.52407609010429,100.0,100.0,0.0,0.0,100.0,0.0,100.0,0.0,0.25164866919571616,0.6554063475118228,0.28732459445918157,0.2626754055408185,0.0,27.083333333333332,0.0,27.083333333333332,-2.2916462373527007
proposed_residual_safesac,1,409.1829742836233,233.3793947123504,409.1829742836233,14446.967088239115,0.0,0.0,7275.888141247201,503.62737706866545,265.6,265.6,100.0,265.6,1.0,3196.8503849898957,0.39960629812373694,676.4698656123257,676.4698656123257,0.0,0.0,73.79096123748553,57.78432064181459,100.0,100.0,0.0,0.0,100.0,0.0,100.0,0.0,0.2594812348462198,0.752503809627928,0.27954758008287184,0.2704524199171282,0.0,21.875,0.0,21.875,-2.4310353615869835
proposed_residual_safesac,1,505.92133514013625,255.98667460094129,505.92133514013625,14765.52979759731,0.0,0.0,8484.72815784122,574.6307971436203,541.3,541.3,100.0,541.3,1.0,3160.0007134964217,0.3950000891870527,676.4698656123257,676.4698656123257,0.0,0.0,71.93688667989905,62.35098228200652,100.0,100.0,0.0,0.0,100.0,0.0,100.0,0.0,0.3959792461106029,0.8150750512562434,0.3970378844475711,0.15296211555242895,0.0,42.70833333333333,0.0,42.70833333333333,-2.6665278604264717
proposed_residual_safesac,1,556.1465248939217,258.13136635886923,556.1465248939217,14545.70088329785,0.0,0.0,8425.718727799527,579.2583523750573,414.8,414.8,100.0,414.8,1.0,2736.6073723786185,0.3420759215473273,676.4698656123257,676.4698656123257,0.0,0.0,71.37371285837176,58.47919349468457,100.0,100.0,0.0,0.0,100.0,0.0,100.0,0.0,0.38156294554113634,0.755599939463818,0.4019423795227994,0.14805762047720067,0.0,33.33333333333333,0.0,33.33333333333333,-2.6888683995715543
proposed_residual_safesac,1,470.14747309053064,239.10269421273534,470.14747309053064,13620.161755792618,0.0,0.0,7658.758782247478,562.3104130162205,717.4,717.4,100.0,717.4,1.0,3466.496155427676,0.4333120194284595,676.4698656123257,676.4698656123257,0.0,0.0,83.6834139900558,71.17596201465022,100.0,100.0,0.0,0.0,100.0,0.0,100.0,0.0,0.3417188317989643,0.7792220350479435,0.4221376823054188,0.12786231769458123,0.0,6.25,0.0,6.25,-2.490653064715993
proposed_residual_safesac,1,301.8447384916896,165.4114597347833,301.8447384916896,10472.243606358134,0.0,0.0,4865.18797926725,464.57933582765327,1087.2,1087.2,100.0,1087.2,1.0,3070.809610641858,0.38385120133023226,676.4698656123257,676.4698656123257,0.0,0.0,98.14936047487879,90.33039558303153,100.0,100.0,0.0,0.0,100.0,0.0,100.0,0.0,0.45893374009453297,0.8555925485432526,0.4594627658444464,0.09053723415555365,0.0,1.0416666666666665,0.0,1.0416666666666665,-1.7230360389039927
proposed_residual_safesac,1,204.8055674142975,109.54830638442775,204.8055674142975,7927.665686953912,0.0,0.0,2753.83585054699,347.37033059792293,1053.8000000000002,1053.8000000000002,100.0,1053.8000000000002,1.0,3530.501548746216,0.441312693593277,449.20769341541705,449.20769341541705,0.0,0.0,77.81280737380281,64.33979791286576,100.0,100.0,0.0,0.0,100.0,0.0,100.0,0.0,0.4708528049239963,0.9,0.4708528049239963,0.07914719507600376,1.0416666666666665,0.0,1.0416666666666665,0.0,-1.1411281915044558
proposed_residual_safesac,1,487.2853208793415,282.6069872238578,487.2853208793415,14016.043895468198,0.0,0.0,6433.62487462877,459.0186020114386,0.0,0.0,,0.0,,2109.3768833674303,0.2636721104209288,748.632233201164,748.632233201164,4.0,49.553605341618606,127.9873263701963,124.97098071462132,100.0,100.0,0.0,0.0,100.0,0.0,100.0,0.0,0.2,0.5987522162185474,0.24851825377771652,0.3014817462222835,4.166666666666666,26.041666666666668,4.166666666666666,26.041666666666668,-2.9438227835818522
proposed_residual_safesac,2,452.85458502305346,196.63076401414145,452.85458502305346,10573.690326920074,0.0,0.0,5152.883427399916,487.3306544906975,1584.7,1584.7,100.0,1584.7,1.0,2559.5396217454586,0.31994245271818234,597.9567868770378,597.9567868770378,0.0,0.0,110.01362408664546,101.366894133389,100.0,100.0,0.0,0.0,100.0,0.0,100.0,0.0,0.3325266680716334,0.6058861821638946,0.36905758272137257,0.18094241727862748,0.0,0.0,0.0,0.0,-2.0482371251473066
proposed_residual_safesac,2,437.67771732947244,177.8231100470952,437.67771732947244,10821.94014464632,0.0,0.0,4904.933898367218,453.2397918310164,1639.0,1639.0,100.0,1639.0,1.0,2525.1882625594603,0.31564853281993255,588.7851674994852,588.7851674994852,0.0,0.0,77.07548819447804,67.21994057297707,100.0,100.0,0.0,0.0,100.0,0.0,100.0,0.0,0.3567064079290326,0.6678538673852531,0.36218321594883607,0.18781678405116398,0.0,0.0,0.0,0.0,-1.852324062990575
proposed_residual_safesac,2,448.2414374888748,198.2095301124687,448.2414374888748,10716.218562172477,0.0,0.0,5601.648595340615,522.7262362036972,1694.9,1694.9,100.0,1694.9,1.0,2700.480338843368,0.337560042355421,607.0960291873637,607.0960291873637,0.0,0.0,101.63673317561117,92.63339079916477,100.0,100.0,0.0,0.0,100.0,0.0,100.0,0.0,0.38210238532535257,0.7016059244888758,0.38210238532535257,0.16789761467464748,0.0,0.0,0.0,0.0,-2.064682605338216
proposed_residual_safesac,2,496.07886097260746,197.5961502119666,496.07886097260746,11308.41445328877,0.0,0.0,5678.104448805656,502.11322482563605,939.8,939.8,100.0,939.8,1.0,2585.9047647153407,0.3232380955894176,616.4773572209531,616.4773572209531,0.0,0.0,77.5920840865145,63.69715062901378,100.0,100.0,0.0,0.0,100.0,0.0,100.0,0.0,0.3734863654081914,0.6472923497812113,0.3942560285270119,0.15574397147298813,0.0,0.0,0.0,0.0,-2.0582932313746523
proposed_residual_safesac,2,387.99061067430705,176.276776364535,387.99061067430705,10361.752801085124,0.0,0.0,5110.1475719612545,493.17404787210324,1247.3000000000002,1247.3000000000002,100.0,1247.3000000000002,1.0,2638.9954849359174,0.32987443561698965,551.2363554947076,551.2363554947076,0.0,0.0,77.91276209542511,68.9848498441279,100.0,100.0,0.0,0.0,100.0,0.0,100.0,0.0,0.35536729210977613,0.6695125456225819,0.39444037782518815,0.1555596221748119,0.0,0.0,0.0,0.0,-1.8362164204639064
proposed_residual_safesac,2,241.92487757988317,135.675501175497,241.92487757988317,7670.615256194484,0.0,0.0,3594.7285161159534,468.6362691979621,1325.1,1325.1,100.0,1325.1,1.0,2459.185807441956,0.3073982259302445,428.49454354283006,428.49454354283006,0.0,0.0,90.82352879120346,86.35210637003183,100.0,100.0,0.0,0.0,100.0,0.0,100.0,0.0,0.34074740236151135,0.685329771146384,0.34074740236151135,0.2092525976384887,0.0,0.0,0.0,0.0,-1.4132864705780939
proposed_residual_safesac,2,236.49136159533026,120.87236473269027,236.49136159533026,5171.614254546561,0.0,0.0,2826.859553511463,546.6106740320519,1989.8,1989.8,100.0,1989.8,1.0,3669.003834441409,0.4586254793051761,328.1449832082876,328.1449832082876,0.0,0.0,85.95971380581868,79.32330425828695,100.0,100.0,0.0,0.0,100.0,0.0,100.0,0.0,0.3486263393984271,0.834021575342469,0.3486263393984271,0.20137366060157297,0.0,0.0,0.0,0.0,-1.2590871326321904
proposed_residual_safesac,2,378.4002564696429,185.93812425607425,378.4002564696429,11018.825949128992,0.0,0.0,4875.135641783427,442.43694058610595,779.3,779.3,100.0,779.3,1.0,2078.9706178687775,0.2598713272335972,612.5568024085642,612.5568024085642,0.0,0.0,116.94693358417115,112.36600270494819,100.0,100.0,0.0,0.0,100.0,0.0,100.0,0.0,0.3184414792184133,0.5499149374193044,0.37459337863824155,0.1754066213617585,0.0,0.0,0.0,0.0,-1.9368554610007733
proposed_residual_safesac,2,392.19322758816685,171.70749493081044,392.19322758816685,10999.817779920006,0.0,0.0,4793.753267427208,435.80297086176546,1103.7,1103.7,100.0,1103.7,1.0,2153.872373362571,0.2692340466703214,607.5106020815235,607.5106020815235,0.0,0.0,86.29708205125972,75.90172188356519,100.0,100.0,0.0,0.0,100.0,0.0,100.0,0.0,0.35553061878320685,0.6531587318313069,0.366464841661267,0.18353515833873302,0.0,0.0,0.0,0.0,-1.7886197388626088
proposed_residual_safesac,2,330.1024732820192,154.74464607237735,330.1024732820192,10677.52276758999,0.0,0.0,4117.540301506184,385.6269278117914,1621.7,1621.7,100.0,1621.7,1.0,2676.5616695679983,0.3345702086959998,594.4657068259539,594.4657068259539,0.0,0.0,88.67351463393838,76.70660996809602,100.0,100.0,0.0,0.0,100.0,0.0,100.0,0.0,0.3657927679166171,0.694856823082346,0.3676055846208911,0.18239441537910894,0.0,0.0,0.0,0.0,-1.6119233965872641
proposed_residual_safesac,2,242.51211968161485,127.47149941228462,242.51211968161485,10213.6352940869,0.0,0.0,3263.259517599054,319.5002977527787,1678.0,1678.0,100.0,1678.0,1.0,3228.4275074117386,0.40355343842646735,523.7074765345253,523.7074765345253,0.0,0.0,69.65463889586393,57.472825702279806,100.0,100.0,0.0,0.0,100.0,0.0,100.0,0.0,0.33560193882167355,0.7275157084283306,0.35518330454395863,0.1948166954560414,0.0,0.0,0.0,0.0,-1.3278281188779648
proposed_residual_safesac,2,194.90856990747653,128.24745772583907,194.90856990747653,8760.83806267342,0.0,0.0,3266.322229647678,372.8321658591348,2333.3,2333.3,100.0,2333.3,1.0,3818.3592105031003,0.47729490131288754,478.5175894649358,478.5175894649358,0.0,0.0,78.6687922052332,73.6013269983232,100.0,100.0,0.0,0.0,100.0,0.0,100.0,0.0,0.319832007774145,0.823155808162188,0.3511620053069744,0.19883799469302565,0.0,0.0,0.0,0.0,-1.3359110179774902
proposed_residual_safesac,2,130.74652479201703,107.41887928013332,130.74652479201703,6634.296456393511,0.0,0.0,2603.4417468809734,392.4216778663879,2325.2,2325.2,100.0,2325.2,1.0,3576.3870207921404,0.44704837759901755,345.58850103934486,345.58850103934486,0.0,0.0,87.46262602584028,81.73665916547179,100.0,100.0,0.0,0.0,100.0,0.0,100.0,0.0,0.35128025580117334,0.7866618289708998,0.35128025580117334,0.1987197441988267,0.0,0.0,0.0,0.0,-1.1189466591680555
proposed_residual_safesac,2,182.869345893106,105.08878513117727,182.869345893106,4742.889086030618,0.0,0.0,2313.171977433396,487.71369843888084,2654.2000000000003,2654.2000000000003,99.99999999999999,2654.2000000000003,0.9999999999999999,4188.676218438732,0.5235845273048415,312.31213647249643,312.31213647249643,0.0,0.0,81.5401439932862,74.01404864487046,100.0,100.0,0.0,0.0,100.0,0.0,100.0,0.0,0.3980358416279428,0.9,0.3980358416279428,0.15196415837205723,2.083333333333333,0.0,2.083333333333333,0.0,-1.0946748451164299
proposed_residual_safesac,2,425.3159509524282,195.58227902393804,425.3159509524282,9608.613341649168,0.0,0.0,5237.211233285614,545.0538019450296,2018.2,2018.2,100.0,2018.2,1.0,2929.0028783655807,0.3661253597956976,559.8010540643816,559.8010540643816,0.0,0.0,100.45873867086993,89.52024229229619,100.0,100.0,1.0,1.0,100.0,0.0,100.0,0.0,0.305418095303687,0.6416722930440669,0.34776962471836875,0.2022303752816313,0.0,8.333333333333332,0.0,8.333333333333332,-2.0373154064993546
proposed_residual_safesac,2,402.15151681854667,172.6998316394774,402.15151681854667,10191.694486893353,0.0,0.0,4848.601439506391,475.7404615828853,1613.6999999999998,1613.6999999999998,100.0,1613.6999999999998,1.0,2545.747026704492,0.3182183783380615,573.6221933496718,573.6221933496718,0.0,0.0,75.38501881586076,64.12368919700384,100.0,100.0,0.0,0.0,100.0,0.0,100.0,0.0,0.35508346654550904,0.6605209751536046,0.35508346654550904,0.194916533454491,0.0,0.0,0.0,0.0,-1.7989565795778895
proposed_residual_safesac,2,462.2240585627592,195.84283981284506,462.2240585627592,10309.660748152126,0.0,0.0,5387.3851689931635,522.556978410641,1563.5,1563.5,100.0,1563.5,1.0,2993.727677034095,0.37421595962926185,593.5841492883753,593.5841492883753,0.0,0.0,90.2540696868865,77.79869278892875,100.0,100.0,1.0,1.0,100.0,0.0,100.0,0.0,0.35927010378121993,0.6986347642903369,0.35927010378121993,0.19072989621878012,0.0,8.333333333333332,0.0,8.333333333333332,-2.0400295813838025
proposed_residual_safesac,2,346.8822621431483,155.39107587302507,346.8822621431483,9909.616048038619,0.0,0.0,4242.4525893052205,428.1147290408811,1555.2,1555.2,100.0,1555.2,1.0,3138.847023576772,0.3923558779470965,519.0246392273691,519.0246392273691,0.0,0.0,66.73336948418762,49.054966773837805,100.0,100.0,0.0,0.0,100.0,0.0,100.0,0.0,0.35047018865211876,0.6938581033235216,0.36039770798078913,0.18960229201921092,0.0,0.0,0.0,0.0,-1.6186570403440113
proposed_residual_safesac,2,334.4077180089355,154.01986240236081,334.4077180089355,9916.585635104375,0.0,0.0,4418.574107503668,445.574139133339,908.0,908.0,100.0,908.0,1.0,2073.182415340157,0.2591478019175196,526.3362022633571,526.3362022633571,0.0,0.0,65.11003859576539,54.0584453381598,100.0,100.0,0.0,0.0,100.0,0.0,100.0,0.0,0.3437487349109682,0.5644160824888919,0.38517633466297735,0.1648236653370227,0.0,0.0,0.0,0.0,-1.6043735666912584
proposed_residual_safesac,2,239.65711977137715,145.5181259896591,239.65711977137715,6952.077375827769,0.0,0.0,3831.9346877678945,551.1927558648085,1416.7,1416.7,100.0,1416.7,1.0,2706.3895548192995,0.33829869435241244,405.9535429332734,405.9535429332734,0.0,0.0,98.15055954605236,94.44953501224518,100.0,100.0,0.0,0.0,100.0,0.0,100.0,0.0,0.3064983540615627,0.7128931683893274,0.3064983540615627,0.24350164593843737,0.0,0.0,0.0,0.0,-1.5158138123922822
proposed_residual_safesac,2,250.88386124047,123.8270725383024,250.88386124047,5570.849575446857,0.0,0.0,3147.827249960537,565.0533562841784,1177.4,1177.4,100.0,1177.4,1.0,2603.717135412343,0.32546464192654284,325.89194811464364,325.89194811464364,0.0,0.0,76.8333056493038,68.15701136365533,100.0,100.0,0.0,0.0,100.0,0.0,100.0,0.0,0.2973196415944503,0.6626736943900695,0.2973196415944503,0.25268035840554975,0.0,0.0,0.0,0.0,-1.28986533894065
proposed_residual_safesac,2,464.2288844655594,204.02173950403858,464.2288844655594,10026.303918128793,0.0,0.0,5732.879123530243,571.7838966724809,1432.6,1432.6,100.0,1432.6,1.0,2354.8319022243168,0.2943539877780396,571.2318536493508,571.2318536493508,0.0,0.0,95.7897417987559,83.0387812897001,100.0,100.0,1.0,1.0,100.0,0.0,100.0,0.0,0.33329115501278195,0.6082666064391715,0.38121979362027136,0.16878020637972868,0.0,8.333333333333332,0.0,8.333333333333332,-2.1252264531670684
proposed_residual_safesac,2,451.6557213870475,197.40927067148232,451.6557213870475,10288.398715213561,0.0,0.0,5823.53310845582,566.0291042030186,1354.2,1354.2,100.0,1354.2,1.0,2424.1956257557467,0.30302445321946836,587.5102519872562,587.5102519872562,0.0,0.0,81.2178333117427,71.39752376824617,100.0,100.0,0.0,0.0,100.0,0.0,100.0,0.0,0.3614738929222886,0.646832265884698,0.3716280250540892,0.17837197494591084,0.0,0.0,0.0,0.0,-2.0563465694946075
proposed_residual_safesac,2,400.51131549240273,187.89518712203645,400.51131549240273,10532.211255929267,0.0,0.0,5488.433739708413,521.1093479176669,1279.8000000000002,1279.8000000000002,100.0,1279.8000000000002,1.0,2536.876801487574,0.31710960018594675,603.1234887545397,603.1234887545397,0.0,0.0,92.69607137439085,79.97858123853803,100.0,100.0,0.0,0.0,100.0,0.0,100.0,0.0,0.3903449744152686,0.662727381984345,0.3903449744152686,0.15965502558473144,0.0,0.0,0.0,0.0,-1.957241532521213
proposed_residual_safesac,2,357.1744517197718,157.06060541129654,357.1744517197718,9941.718284166245,0.0,0.0,4235.380928178252,426.0210163995257,1652.3999999999999,1652.3999999999999,100.00000000000001,1652.3999999999999,1.0000000000000002,3093.5661875597125,0.3866957734449641,505.8506757875639,505.8506757875639,0.0,0.0,71.9673064592882,61.392319947481155,100.0,100.0,0.0,0.0,100.0,0.0,100.0,0.0,0.3510795957332696,0.729694828737494,0.36659582820306946,0.18340417179693058,0.0,0.0,0.0,0.0,-1.636047973034339
proposed_residual_safesac,2,162.99889966775186,109.71450470814074,162.99889966775186,9102.24014747845,0.0,0.0,2780.2610852280695,305.4480040276978,2015.9,2015.9,100.0,2015.9,1.0,3489.837949646442,0.43622974370580525,494.5788854412817,494.5788854412817,0.0,0.0,73.15388768523965,67.94705232605338,100.0,100.0,0.0,0.0,100.0,0.0,100.0,0.0,0.35895631913594117,0.752033489075238,0.4037065095851772,0.14629349041482287,0.0,0.0,0.0,0.0,-1.1428594240431327
proposed_residual_safesac,2,185.10727956838883,101.76344334634621,185.10727956838883,7396.972912673364,0.0,0.0,2594.734778810251,350.78332845651585,1225.4,1225.4,100.0,1225.4,1.0,2068.707920413699,0.25858849005171236,386.0420370172794,386.0420370172794,0.0,0.0,69.9730011829083,63.57645783573389,100.0,100.0,0.0,0.0,100.0,0.0,100.0,0.0,0.3532742725791001,0.6657231762876421,0.3532742725791001,0.19672572742089994,0.0,0.0,0.0,0.0,-1.0600358681911064
proposed_residual_safesac,2,228.68695597909965,115.86990748303987,228.68695597909965,5378.6029233749205,0.0,0.0,2789.366587125799,518.6042968525275,1398.4,1398.4,100.0,1398.4,1.0,2992.101148133079,0.3740126435166349,330.8414894577233,330.8414894577233,0.0,0.0,82.16449996992485,73.44760922715068,100.0,100.0,0.0,0.0,100.0,0.0,100.0,0.0,0.3213480204105708,0.7455554921583146,0.3213480204105708,0.22865197958942923,0.0,0.0,0.0,0.0,-1.206978202948332
proposed_residual_safesac,2,491.62368899437774,214.06529030002253,491.62368899437774,10128.43039865412,0.0,0.0,5925.411752859824,585.0276419579485,1187.9,1187.9,100.0,1187.9,1.0,2400.0048197763936,0.3000006024720492,589.8965967288143,589.8965967288143,0.0,0.0,97.89252366220248,85.85187241890075,100.0,100.0,1.0,1.0,100.0,0.0,100.0,0.0,0.3240210209311288,0.5977553726890217,0.35205264246579693,0.19794735753420312,0.0,8.333333333333332,0.0,8.333333333333332,-2.229846773958568
proposed_residual_safesac,2,489.41499138519214,206.83927873102846,489.41499138519214,10017.461695276957,0.0,0.0,5851.228000520444,584.1028574413402,1584.0,1584.0,100.0,1584.0,1.0,2856.956050456774,0.35711950630709677,568.0338284692318,568.0338284692318,0.0,0.0,85.07433540241465,74.47784282267094,100.0,100.0,0.0,0.0,100.0,0.0,100.0,0.0,0.33321036362344114,0.6929194934953699,0.33321036362344114,0.2167896363765589,0.0,0.0,0.0,0.0,-2.15457582011488
proposed_residual_safesac,2,430.20491567303577,190.59568693763373,430.20491567303577,9869.444690871876,0.0,0.0,5362.791597571446,543.3731851733688,2027.8999999999999,2027.8999999999999,100.0,2027.8999999999999,1.0,3273.4257994874797,0.409178224935935,570.7548243530382,570.7548243530382,0.0,0.0,89.75137439716993,78.76853570342064,100.0,100.0,0.0,0.0,100.0,0.0,100.0,0.0,0.37884038339807125,0.7394219718852408,0.37884038339807125,0.1711596166019288,0.0,0.0,0.0,0.0,-1.9853717389336847
proposed_residual_safesac,2,344.1688433098331,167.1001737899399,344.1688433098331,10691.75059061558,0.0,0.0,4918.945245308838,460.0692097724689,757.2,757.2,100.0,757.2,1.0,2225.0418057885563,0.27813022572356955,604.3629217963905,604.3629217963905,0.0,0.0,77.57351012636906,61.30828829482198,100.0,100.0,0.0,0.0,100.0,0.0,100.0,0.0,0.37165990946384264,0.582067279633655,0.3879193658850825,0.16208063411491752,0.0,0.0,0.0,0.0,-1.740626810311874
proposed_residual_safesac,2,275.68432435251793,135.2817275113781,275.68432435251793,10148.082034688747,0.0,0.0,3849.9852756633613,379.38058270549294,819.0,819.0,100.0,819.0,1.0,2160.0945504860224,0.2700118188107528,521.845768852645,521.845768852645,0.0,0.0,69.47591434798291,58.36863201111555,100.0,100.0,0.0,0.0,100.0,0.0,100.0,0.0,0.36122523262417566,0.6127126973577466,0.4138317451445204,0.13616825485547962,0.0,0.0,0.0,0.0,-1.4091846615768553
proposed_residual_safesac,2,204.10278078182327,129.98383727827243,204.10278078182327,7735.110716884385,0.0,0.0,3801.2671916065838,491.4302239151001,700.5,700.5,100.0,700.5,1.0,1729.6806734311642,0.21621008417889553,439.4396900758224,439.4396900758224,0.0,0.0,83.25431541638801,79.05180808156729,100.0,100.0,0.0,0.0,100.0,0.0,100.0,0.0,0.3550321694088524,0.6445218352029543,0.35524437241263185,0.1947556275873682,0.0,0.0,0.0,0.0,-1.3539983049820046
proposed_residual_safesac,2,228.57971326999572,119.71200297745574,228.57971326999572,5891.935077191445,0.0,0.0,3155.2479138508506,535.519803343605,940.7,940.7,100.0,940.7,1.0,2383.5543506114254,0.2979442938264282,345.8897560358526,345.8897560358526,0.0,0.0,77.23533975745623,68.10417789965868,100.0,100.0,0.0,0.0,100.0,0.0,100.0,0.0,0.31678641248965494,0.6767985478130069,0.31678641248965494,0.2332135875103451,0.0,0.0,0.0,0.0,-1.2470000310151639
proposed_residual_safesac,2,492.28420162898635,212.8401720140963,492.28420162898635,11093.653840107934,0.0,0.0,6305.293054979991,568.3693709807196,715.9,715.9,100.0,715.9,1.0,1790.6361718983721,0.2238295214872965,591.7683546639444,591.7683546639444,0.0,0.0,106.6478227735265,99.36400726437569,100.0,100.0,0.0,0.0,100.0,0.0,100.0,0.0,0.4166176730058353,0.5865946141277887,0.4507513761676888,0.09924862383231126,0.0,0.0,0.0,0.0,-2.2170851251468364
proposed_residual_safesac,2,585.5267411182085,225.88527969358324,585.5267411182085,10915.81772672503,0.0,0.0,6614.695969246202,605.9734721523924,628.5,628.5,100.0,628.5,1.0,1892.048511966039,0.23650606399575488,619.8095565185097,619.8095565185097,0.0,0.0,91.23010653080979,83.00269283354282,100.0,100.0,0.0,0.0,100.0,0.0,100.0,0.0,0.3690751792859042,0.6213889062297575,0.37610679393476143,0.17389320606523861,0.0,0.0,0.0,0.0,-2.3529716634748254
proposed_residual_safesac,2,459.8850463222469,197.37582743713432,459.8850463222469,10690.445401263494,0.0,0.0,5672.022080318076,530.5692950499242,1100.6999999999998,1100.6999999999998,100.0,1100.6999999999998,1.0,2233.5022047994034,0.2791877755999254,602.518514197968,602.518514197968,0.0,0.0,100.59224717437836,89.76228516548872,100.0,100.0,0.0,0.0,100.0,0.0,100.0,0.0,0.3982322670086195,0.6720886449988852,0.3982322670086195,0.15176773299138052,0.0,0.0,0.0,0.0,-2.0559982024701493
proposed_residual_safesac,2,525.5287611549286,219.26896558200048,525.5287611549286,10820.797765300136,0.0,0.0,6440.214076854722,595.1699880675194,656.3,656.3,100.0,656.3,1.0,2314.913799657699,0.2893642249572124,620.4616992121155,620.4616992121155,0.0,0.0,85.78988111766282,71.50883292779326,100.0,100.0,1.0,1.0,100.0,0.0,100.0,0.0,0.35733617110884375,0.6414679016749892,0.35886342919317366,0.1911365708068264,0.0,8.333333333333332,0.0,8.333333333333332,-2.284051724812505
proposed_residual_safesac,2,428.7613310554548,191.82319831431226,428.7613310554548,10255.99887962517,0.0,0.0,5854.4097930660555,570.8278502932149,615.2,615.2,100.0,615.2,1.0,2084.801276309351,0.2606001595386689,526.5855406197325,526.5855406197325,0.0,0.0,75.26544700591688,62.783173751086,100.0,100.0,0.0,0.0,100.0,0.0,100.0,0.0,0.3643689467026595,0.5982844662452113,0.40084223948538117,0.14915776051461888,0.0,0.0,0.0,0.0,-1.998158315774086
proposed_residual_safesac,2,297.3125560208897,154.77149459490033,297.3125560208897,7338.381256957326,0.0,0.0,4156.829033557224,566.4504047968677,1260.8,1260.8,100.0,1260.8,1.0,2486.705930764794,0.3108382413455993,410.2603435666281,410.2603435666281,0.0,0.0,96.77732625129998,93.7136746942997,100.0,100.0,0.0,0.0,100.0,0.0,100.0,0.0,0.32465924900193766,0.6844769090026142,0.32465924900193766,0.2253407509980624,0.0,0.0,0.0,0.0,-1.6122030686968785
proposed_residual_safesac,2,256.6721471943881,114.09257007643994,256.6721471943881,6154.087203166968,0.0,0.0,3064.7477936857786,498.00200947893984,773.1,773.1,100.0,773.1,1.0,1997.3736148317575,0.2496717018539697,334.4484095428898,334.4484095428898,0.0,0.0,68.49245934293018,55.80279175192118,100.0,100.0,0.0,0.0,100.0,0.0,100.0,0.0,0.3644647225341247,0.6392119633117681,0.3644647225341247,0.18553527746587534,0.0,0.0,0.0,0.0,-1.1884642716295828
proposed_residual_safesac,2,470.89513641798374,190.917416333507,470.89513641798374,10920.542893619393,0.0,0.0,5133.428623488747,470.0708264685343,725.6,725.6,100.0,725.6,1.0,1816.2341957458516,0.22702927446823146,608.9105918622847,608.9105918622847,0.0,0.0,107.66422866296104,97.44572481140494,100.0,100.0,0.0,0.0,100.0,0.0,100.0,0.0,0.35947007291761235,0.5951015414756293,0.4102203847779748,0.13977961522202526,0.0,0.0,0.0,0.0,-1.9887230868073644
proposed_residual_safesac,2,532.5779973840797,202.89258018766463,532.5779973840797,10982.357705824224,0.0,0.0,5792.870580109919,527.4705792033901,601.9,601.9,100.0,601.9,1.0,1855.6968010075861,0.23196210012594826,624.978255245114,624.978255245114,0.0,0.0,87.10972300639327,77.22629960626364,100.0,100.0,0.0,0.0,100.0,0.0,100.0,0.0,0.37388093789727156,0.6163741740922066,0.3858903068061712,0.16410969319382884,0.0,0.0,0.0,0.0,-2.11346437695484
proposed_residual_safesac,2,488.14012075233717,194.56863026721618,488.14012075233717,10651.904500633831,0.0,0.0,5388.383955269286,505.8610838041832,1402.6000000000001,1402.6000000000001,99.99999999999999,1402.6000000000001,0.9999999999999999,2554.401127851025,0.31930014098137816,599.1458504628586,599.1458504628586,0.0,0.0,96.17847096638825,83.1121338531375,100.0,100.0,0.0,0.0,100.0,0.0,100.0,0.0,0.40198005926966063,0.706865514140598,0.40198005926966063,0.14801994073033942,0.0,0.0,0.0,0.0,-2.026756565283502
proposed_residual_safesac,2,439.18891675804446,188.01408678280882,439.18891675804446,11115.071657675277,0.0,0.0,5489.980446809626,493.9221820507686,497.19999999999993,497.19999999999993,100.0,497.19999999999993,1.0,1907.3326857488528,0.2384165857186066,625.9556561194706,625.9556561194706,0.0,0.0,86.3810745628131,75.45093633234501,100.0,100.0,0.0,0.0,100.0,0.0,100.0,0.0,0.3740718555852873,0.5855324388055799,0.37795437840547996,0.17204562159452008,0.0,0.0,0.0,0.0,-1.9584800706542584
proposed_residual_safesac,2,399.35432312368283,178.85399130192718,399.35432312368283,10571.979385230647,0.0,0.0,5317.655590735168,502.9952667297178,649.0999999999999,649.0999999999999,100.0,649.0999999999999,1.0,2156.2707498827617,0.2695338437353452,565.9849166241452,565.9849166241452,0.0,0.0,74.86782542575541,62.06617895513773,100.0,100.0,0.0,0.0,100.0,0.0,100.0,0.0,0.35505844087644317,0.6060048285605675,0.40323173513276317,0.14676826486723688,0.0,0.0,0.0,0.0,-1.8630624093950747
proposed_residual_safesac,2,311.19187772084723,149.63510674533,311.19187772084723,8482.176095264616,0.0,0.0,4345.799308761814,512.3448582007115,405.4,405.4,100.0,405.4,1.0,1468.6646431413678,0.183583080392671,454.1929567509265,454.1929567509265,0.0,0.0,80.10264427731379,72.59645499289036,100.0,100.0,0.0,0.0,100.0,0.0,100.0,0.0,0.3580888991510411,0.588345904809444,0.3580888991510411,0.19191110084895896,0.0,0.0,0.0,0.0,-1.5586990285971876
proposed_residual_safesac,2,282.13914126215457,121.78437404562044,282.13914126215457,6698.351411917176,0.0,0.0,3358.6532847671806,501.4149121516275,584.7,584.7,100.0,584.7,1.0,1820.2841041173529,0.2275355130146691,419.9659007606943,419.9659007606943,0.0,0.0,73.31630152626188,64.34726100414991,100.0,100.0,0.0,0.0,100.0,0.0,100.0,0.0,0.3840752859062959,0.652067628275548,0.3840752859062959,0.16592471409370413,0.0,0.0,0.0,0.0,-1.2685872296418796
proposed_residual_safesac,2,538.1462628948971,219.28669634217604,538.1462628948971,11123.038568095279,0.0,0.0,5893.185429406492,529.8179443798915,733.5,733.5,100.0,733.5,1.0,2231.7783500994756,0.27897229376243443,620.3437638097828,620.3437638097828,0.0,0.0,97.73933734990479,85.73976006102048,100.0,100.0,1.0,1.0,100.0,0.0,100.0,0.0,0.27210648118793823,0.6164271042700606,0.3230734511362093,0.22692654886379077,0.0,8.333333333333332,0.0,8.333333333333332,-2.2842364202310006
proposed_residual_safesac,2,646.9711448631344,247.74542476716908,646.9711448631344,11903.44274116324,0.0,0.0,7512.377631405647,631.1096541362045,433.79999999999995,433.79999999999995,100.0,433.79999999999995,1.0,2079.2117575569137,0.2599014696946142,663.6512358329699,663.6512358329699,0.0,0.0,84.45160279656344,76.10221188515425,100.0,100.0,0.0,0.0,100.0,0.0,100.0,0.0,0.38148656373182405,0.6373059882874353,0.3982362392138744,0.15176376078612563,0.0,0.0,0.0,0.0,-2.5806815079913448
proposed_residual_safesac,2,632.6475744255278,249.26298569170132,632.6475744255278,12372.379615309077,0.0,0.0,7385.9925649768775,596.9742923049138,384.09999999999997,384.09999999999997,100.00000000000001,384.09999999999997,1.0000000000000002,1966.608670437911,0.2458260838047389,674.1226087522335,674.1226087522335,0.0,0.0,107.74616651595363,98.60588004812598,100.0,100.0,0.0,0.0,100.0,0.0,100.0,0.0,0.417759232225587,0.6407871087666088,0.42183384317720907,0.12816615682279098,0.0,0.0,0.0,0.0,-2.5964894342885554
proposed_residual_safesac,2,513.6233233390108,210.7650403656889,513.6233233390108,11722.756678875727,0.0,0.0,6353.52260060007,541.9819565178765,593.2,593.2,100.0,593.2,1.0,2340.178073892175,0.29252225923652186,613.3078852758484,613.3078852758484,0.0,0.0,81.34011963639439,68.57208805158734,100.0,100.0,0.0,0.0,100.0,0.0,100.0,0.0,0.3908349697470361,0.6972680717779233,0.4087367125745799,0.14126328742542016,0.0,0.0,0.0,0.0,-2.195469170475926
proposed_residual_safesac,2,326.67683140648865,149.6657219196519,326.67683140648865,10909.961726318174,0.0,0.0,4245.360610857303,389.1269939670083,950.6000000000001,950.6000000000001,100.0,950.6000000000001,1.0,2391.3710867465743,0.2989213858433218,554.0393073401888,554.0393073401888,0.0,0.0,70.91775300246901,61.28134177997708,100.0,100.0,0.0,0.0,100.0,0.0,100.0,0.0,0.3530655973301887,0.6451699739930569,0.4111527884012205,0.13884721159877955,0.0,0.0,0.0,0.0,-1.5590179366630406
proposed_residual_safesac,2,277.9284445716446,149.5786576143908,277.9284445716446,8259.883104512573,0.0,0.0,4162.389915525785,503.9284288722889,767.5,767.5,100.0,767.5,1.0,2079.957980136773,0.2599947475170966,451.0677957780692,451.0677957780692,0.0,0.0,89.69255114261398,86.23603507876396,100.0,100.0,0.0,0.0,100.0,0.0,100.0,0.0,0.3178497594604233,0.6652570121622131,0.3178497594604233,0.23215024053957672,0.0,0.0,0.0,0.0,-1.5581110168165708
proposed_residual_safesac,2,360.52665091933704,154.53108168780955,360.52665091933704,6959.347791976792,0.0,0.0,4346.539786121223,624.5613692610979,278.4,278.4,100.0,278.4,1.0,1726.8590194200376,0.21585737742750472,380.6886760632944,380.6886760632944,0.0,0.0,73.95691003475015,63.13185794278979,100.0,100.0,0.0,0.0,100.0,0.0,100.0,0.0,0.3010578712303017,0.5821878858578345,0.3010578712303017,0.24894212876969835,0.0,0.0,0.0,0.0,-1.6096987675813494
proposed_residual_safesac,2,574.732172768801,241.23051203790968,574.732172768801,12128.359557088437,0.0,0.0,6798.327225660481,560.531471190363,447.20000000000005,447.20000000000005,100.0,447.20000000000005,1.0,2362.3777984665358,0.295297224808317,666.8343594320132,666.8343594320132,0.0,0.0,104.9763601599182,94.61280123730349,100.0,100.0,1.0,1.0,100.0,0.0,100.0,0.0,0.29908519305869474,0.6088708983928605,0.3655333906387565,0.18446660936124354,0.0,8.333333333333332,0.0,8.333333333333332,-2.5128178337282256
proposed_residual_safesac,2,502.18320399398726,200.2243737004859,502.18320399398726,12815.954785991813,0.0,0.0,5913.971223887225,461.453814611718,329.9,329.9,100.0,329.9,1.0,2029.818293204163,0.25372728665052036,676.4698656123257,676.4698656123257,0.0,0.0,81.06220368813221,71.3757159958439,100.0,100.0,0.0,0.0,100.0,0.0,100.0,0.0,0.37644370363764756,0.605931678927631,0.41334252487275397,0.13665747512724608,0.0,9.375,0.0,9.375,-2.0856705593800613
proposed_residual_safesac,2,393.39161372960405,171.84844857472814,393.39161372960405,12604.23274439908,0.0,0.0,4544.249338425345,360.5335945930279,496.1,496.1,100.0,496.1,1.0,2132.7896043066357,0.26659870053832946,676.4698656123257,676.4698656123257,0.0,0.0,95.45892429926307,84.25790290924621,87.5,87.5,1.0,0.0,0.0,6.517157879185447,87.5,1.6292894697963618,0.33850317969311394,0.6250097044929792,0.363994242937469,0.18600575706253103,0.0,16.666666666666664,0.0,16.666666666666664,-1.7900880059867514
proposed_residual_safesac,2,524.0877891652295,198.51538827750545,524.0877891652295,12587.788647296216,0.0,0.0,5513.183121968514,437.97868525165563,614.3000000000001,614.3000000000001,100.0,614.3000000000001,1.0,2353.702154912965,0.2942127693641206,668.6954406364797,668.6954406364797,0.0,0.0,77.87938783979338,65.09480942040682,100.0,100.0,1.0,1.0,100.0,0.0,100.0,0.0,0.3532026657261768,0.6610918844154419,0.3753808514091065,0.17461914859089356,0.0,8.333333333333332,0.0,8.333333333333332,-2.067868627890682
proposed_residual_safesac,2,492.2540846872973,210.914435708532,492.2540846872973,11551.619370369786,0.0,0.0,6419.828084325807,555.7513521258187,935.5,935.5,100.0,935.5,1.0,2433.3095284802275,0.30416369106002844,610.5386836825912,610.5386836825912,0.0,0.0,82.80140568453807,74.54900043085217,100.0,100.0,0.0,0.0,100.0,0.0,100.0,0.0,0.3822203110030216,0.6691764463494372,0.4195778482499591,0.13042215175004096,0.0,0.0,0.0,0.0,-2.1970253719638753
proposed_residual_safesac,2,397.1822458883744,182.14632535010543,397.1822458883744,9331.50416072804,0.0,0.0,5461.470271107749,585.2722323259027,426.29999999999995,426.29999999999995,100.0,426.29999999999995,1.0,1719.867050376105,0.21498338129701314,470.5204073886454,470.5204073886454,0.0,0.0,85.7594324971662,77.24118055775762,100.0,100.0,0.0,0.0,100.0,0.0,100.0,0.0,0.36395667893302613,0.5967289855359983,0.36395667893302613,0.1860433210669739,0.0,0.0,0.0,0.0,-1.8973575557302649
proposed_residual_safesac,2,331.89029746811497,139.8669954986987,331.89029746811497,7146.274071627565,0.0,0.0,3720.9613429485607,520.6855076719876,616.6,616.6,100.0,616.6,1.0,2219.850882450904,0.277481360306363,415.2506508212696,415.2506508212696,0.0,0.0,80.4117253335035,71.82255294173956,100.0,100.0,0.0,0.0,100.0,0.0,100.0,0.0,0.3418989984244658,0.6747229516751784,0.3418989984244658,0.20810100157553424,0.0,0.0,0.0,0.0,-1.4569478697781115
proposed_residual_safesac,2,626.9461368034322,249.92693424365186,626.9461368034322,12362.781074828461,0.0,0.0,6705.819467292527,542.4199803186739,679.0,679.0,100.0,679.0,1.0,2761.3875431467122,0.345173442893339,676.4698656123257,676.4698656123257,0.0,0.0,110.10793527869424,100.24884172500379,100.0,100.0,1.0,1.0,100.0,0.0,100.0,0.0,0.2700090995573214,0.6293885805497584,0.34939095305359363,0.2006090469464064,0.0,9.375,0.0,9.375,-2.6034055650380403
proposed_residual_safesac,2,610.8675460536579,234.0123300656202,610.8675460536579,12412.152092543005,0.0,0.0,6755.464254069265,544.262123417568,1164.1000000000001,1164.1000000000001,100.0,1164.1000000000001,1.0,2639.467317238801,0.32993341465485015,676.4698656123257,676.4698656123257,0.0,0.0,89.60884808828713,81.36504231406374,100.0,100.0,0.0,0.0,100.0,0.0,100.0,0.0,0.3646458063064133,0.7008911437944506,0.3784036583114834,0.17159634168851662,0.0,1.0416666666666665,0.0,1.0416666666666665,-2.437628438183544
proposed_residual_safesac,2,532.6335200902477,228.11563746147232,532.6335200902477,12914.27275620435,0.0,0.0,6325.936633372261,489.8407175373556,916.3,916.3,100.0,916.3,1.0,3079.235603788236,0.3849044504735295,676.4698656123257,676.4698656123257,0.0,0.0,92.97952885199109,81.64932865637905,100.0,100.0,1.0,1.0,100.0,0.0,100.0,0.0,0.2977773308904469,0.6749744074908786,0.32327144953701326,0.2267285504629868,0.0,22.916666666666664,0.0,22.916666666666664,-2.3762045568903365
proposed_residual_safesac,2,398.3074179643238,169.93657291963717,398.3074179643238,12952.66868792945,0.0,0.0,4638.248501290875,358.0921131421545,617.4000000000001,617.4000000000001,100.0,617.4000000000001,1.0,2680.029591083697,0.33500369888546216,667.275648713077,667.275648713077,0.0,0.0,76.72879307504776,64.78742435574532,100.0,100.0,1.0,1.0,100.0,0.0,100.0,0.0,0.3252358510692959,0.6840805921422818,0.3842690782985551,0.16573092170144493,0.0,8.333333333333332,0.0,8.333333333333332,-1.7701726345795539
proposed_residual_safesac,2,322.04465823982133,139.6432629263514,322.04465823982133,12639.595499715102,0.0,0.0,4061.2919755031826,321.3150274939356,380.0,380.0,100.0,380.0,1.0,1967.0284226217423,0.24587855282771778,640.962367864972,640.962367864972,0.0,0.0,68.22882371683755,60.340177826583385,100.0,100.0,0.0,0.0,100.0,0.0,100.0,0.0,0.37700530887622385,0.63228115645217,0.4557548994608445,0.09424510053915552,0.0,0.0,0.0,0.0,-1.4546173221494938
proposed_residual_safesac,2,18.00908785076661,84.15784537935963,18.00908785076661,9908.725382694649,0.0,0.0,2654.080583719562,267.85287524012426,476.1,476.1,100.0,476.1,1.0,1790.6635675133625,0.2238329459391703,536.0838285760519,536.0838285760519,0.0,0.0,84.13478963456201,78.30560728907585,100.0,100.0,0.0,0.0,100.0,0.0,100.0,0.0,0.45171358511466625,0.7108063890548821,0.45521895419768466,0.09478104580231539,0.0,0.0,0.0,0.0,-0.8766442227016628
proposed_residual_safesac,2,211.51957242986842,106.17182967559603,211.51957242986842,7673.790906856412,0.0,0.0,2965.720042725068,386.4739186567155,584.2,584.2,100.0,584.2,1.0,2067.7737149279046,0.2584717143659881,408.3395033792821,408.3395033792821,0.0,0.0,69.51284567252696,59.75496098399162,100.0,100.0,0.0,0.0,100.0,0.0,100.0,0.0,0.42647035557642177,0.7083101396422206,0.42647035557642177,0.12352964442357828,0.0,0.0,0.0,0.0,-1.105956559120792
proposed_residual_safesac,2,491.24499280794646,231.44224590211343,491.24499280794646,12561.129788125894,0.0,0.0,5601.394236529648,445.9307666595944,890.2,890.2,100.0,890.2,1.0,2666.0496628070878,0.33325620785088594,676.4698656123257,676.4698656123257,0.0,0.0,106.1220118792072,98.12231500734572,100.0,100.0,1.0,1.0,100.0,0.0,100.0,0.0,0.2311955951817457,0.6331184055276426,0.2868380609287375,0.26316193907126256,0.0,21.875,0.0,21.875,-2.410856728147015
proposed_residual_safesac,2,569.7121078662342,238.07133648022645,569.7121078662342,13923.074327691656,0.0,0.0,7136.851548576258,512.591643239435,424.4,424.4,100.0,424.4,1.0,2320.155425101014,0.2900194281376267,676.4698656123257,676.4698656123257,0.0,0.0,75.76207729324817,69.83644748169031,100.0,100.0,0.0,0.0,100.0,0.0,100.0,0.0,0.32356202512611554,0.6322814813163354,0.3581118053215896,0.19188819467841045,0.0,31.25,0.0,31.25,-2.479909755002359
proposed_residual_safesac,2,610.0676085542761,258.0023524346772,610.0676085542761,13877.120272598568,0.0,0.0,7047.76547570386,507.86945254198093,328.1,328.1,100.0,328.1,1.0,2680.8588784485937,0.3351073598060742,676.4698656123257,676.4698656123257,0.0,0.0,86.75833755033133,76.7722225911675,100.0,100.0,1.0,1.0,100.0,0.0,100.0,0.0,0.24325788309927524,0.6572936127072087,0.28743046514697596,0.2625695348530241,0.0,46.875,0.0,46.875,-2.6875245045278877
proposed_residual_safesac,2,515.1004790633217,215.18241689814056,515.1004790633217,13831.342910026578,0.0,0.0,6398.322488791393,462.59589762272026,335.9,335.9,100.0,335.9,1.0,2206.882171409441,0.27586027142618014,676.4698656123257,676.4698656123257,0.0,0.0,79.51766825953395,68.22007291341768,100.0,100.0,1.0,1.0,100.0,0.0,100.0,0.0,0.3530289576546881,0.6835908014205815,0.3933072912497519,0.15669270875024816,0.0,28.125,0.0,28.125,-2.2414835093556307
proposed_residual_safesac,2,291.1215458691681,143.1963572459121,291.1215458691681,13629.902340769373,0.0,0.0,4307.520605100113,316.0345905205484,444.3,444.3,100.0,444.3,1.0,2250.5360955262586,0.28131701194078235,676.4698656123257,676.4698656123257,0.0,0.0,76.73738239654085,66.45706055011044,100.0,100.0,0.0,0.0,100.0,0.0,100.0,0.0,0.38196504753112553,0.626805223058876,0.480010956305402,0.06998904369459802,0.0,3.125,0.0,3.125,-1.4916287213115844
proposed_residual_safesac,2,140.17933706553953,106.98292721883931,140.17933706553953,10438.343244168149,0.0,0.0,2982.8537244335075,285.75930630562596,558.0,558.0,100.0,558.0,1.0,2201.616474052961,0.27520205925662017,567.790734771304,567.790734771304,0.0,0.0,89.13216177334724,83.49782908335328,100.0,100.0,0.0,0.0,100.0,0.0,100.0,0.0,0.4412713229584781,0.7615429337066035,0.4485155376216546,0.10148446237834546,0.0,0.0,0.0,0.0,-1.1144054918629094
proposed_residual_safesac,2,322.9764534961512,139.25199053404575,322.9764534961512,7855.355222894245,0.0,0.0,3795.6080664547544,483.1873236480185,555.5999999999999,555.5999999999999,100.0,555.5999999999999,1.0,2144.473540988257,0.2680591926235321,480.8953695663102,480.8953695663102,0.0,0.0,80.0430058916698,72.83246759325266,100.0,100.0,0.0,0.0,100.0,0.0,100.0,0.0,0.3594108326029643,0.690663300737499,0.3594108326029643,0.19058916739703574,0.0,0.0,0.0,0.0,-1.4505415680629765
proposed_residual_safesac,2,490.5751695301386,314.17257857952666,490.5751695301386,13618.440506985335,0.0,0.0,6017.977162958001,441.8991410852944,659.9,659.9,100.0,659.9,1.0,2676.8856734076753,0.3346107091759594,996.5413985647466,996.5413985647466,9.0,394.8545829499948,133.7080512156331,109.19123200890267,100.0,100.0,1.0,1.0,100.0,0.0,100.0,0.0,0.2,0.6048482705993546,0.23996475774095358,0.31003524225904644,6.25,26.041666666666668,6.25,26.041666666666668,-3.2726310268700693
proposed_residual_safesac,2,584.8506860296333,242.47153755424944,584.8506860296333,14265.717805051752,0.0,0.0,7102.738490624177,497.88861574907696,601.0,601.0,100.0,601.0,1.0,2567.7446601546358,0.32096808251932946,676.4698656123257,676.4698656123257,0.0,0.0,76.69472389121965,69.14206247787352,100.0,100.0,0.0,0.0,100.0,0.0,100.0,0.0,0.2889396063656712,0.6818696437449595,0.33098383501022355,0.2190161649897765,0.0,39.58333333333333,0.0,39.58333333333333,-2.525745182856765
proposed_residual_safesac,2,490.7854054608408,220.8814874004693,490.7854054608408,14103.182178183415,0.0,0.0,6206.0888133742865,440.04882975805623,841.8,841.8,100.0,841.8,1.0,2985.0903183516243,0.373136289793953,676.4698656123257,676.4698656123257,0.0,0.0,90.02717918742829,82.44409399470739,100.0,100.0,0.0,0.0,100.0,0.0,100.0,0.0,0.2796251518734781,0.7327430997508936,0.3153609491883447,0.23463905081165537,0.0,38.54166666666667,0.0,38.54166666666667,-2.3008488270882217
proposed_residual_safesac,2,421.061120128604,193.24068918544714,421.061120128604,14377.561326067504,0.0,0.0,5715.148501992015,397.5047208896309,547.9,547.9,100.0,547.9,1.0,2643.7032047452003,0.33046290059315003,676.4698656123257,676.4698656123257,0.0,0.0,77.4480593425743,67.98696387603506,100.0,100.0,0.0,0.0,100.0,0.0,100.0,0.0,0.3322268393665571,0.6847515961370638,0.3814166141634917,0.16858338583650834,0.0,33.33333333333333,0.0,33.33333333333333,-2.012923845681741
proposed_residual_safesac,2,389.64580752735355,195.3170259887669,389.64580752735355,13660.391786277341,0.0,0.0,6239.05372354079,456.7258261075852,623.5,623.5,100.0,623.5,1.0,2417.990100330791,0.30224876254134886,676.4698656123257,676.4698656123257,0.0,0.0,80.21992182635516,70.98445873705815,100.0,100.0,0.0,0.0,100.0,0.0,100.0,0.0,0.3759710907321574,0.684332145351244,0.44573402847849225,0.1042659715215078,0.0,7.291666666666667,0.0,7.291666666666667,-2.034552354049655
proposed_residual_safesac,2,275.71444213629775,155.6807890516959,275.71444213629775,10788.27751123804,0.0,0.0,4903.522447645011,454.523202850229,314.4,314.4,100.0,314.4,1.0,1570.3528423236517,0.19629410529045646,555.3679040000707,555.3679040000707,0.0,0.0,91.13969829465103,85.48679938539863,100.0,100.0,0.0,0.0,100.0,0.0,100.0,0.0,0.4321064688946371,0.6642133369565498,0.4341659779440109,0.11583402205598914,0.0,0.0,0.0,0.0,-1.6216748859551657
proposed_residual_safesac,2,212.7614733995115,110.78001761375424,212.7614733995115,8454.201810544633,0.0,0.0,3283.6647993217125,388.406247320251,328.3,328.3,100.0,328.3,1.0,1798.1522363284291,0.22476902954105363,464.4356469794064,464.4356469794064,0.0,0.0,71.67665407473794,61.63805043324828,100.0,100.0,0.0,0.0,100.0,0.0,100.0,0.0,0.44778384247531444,0.6866590602364977,0.44778384247531444,0.1022161575246856,0.0,0.0,0.0,0.0,-1.15395851680994
proposed_residual_safesac,2,335.7662654209148,272.54464895564814,335.7662654209148,13827.554910493578,0.0,0.0,6093.236917742248,440.65902881485994,372.8,372.8,100.0,372.8,1.0,2249.09176192574,0.2811364702407175,874.4737842504876,874.4737842504876,4.0,121.7868515497438,114.98877142324386,107.05694137635112,100.0,100.0,0.0,0.0,100.0,0.0,100.0,0.0,0.2,0.5671495566441421,0.23567592526346534,0.3143240747365347,3.125,25.0,3.125,25.0,-2.839006759954668
proposed_residual_safesac,2,406.6124072184786,253.66341472378815,406.6124072184786,14395.029627691149,0.0,0.0,7256.686073651919,504.1105340757701,265.6,265.6,100.0,265.6,1.0,2661.2119866084495,0.33265149832605617,676.4698656123257,676.4698656123257,0.0,0.0,78.73988714778464,67.96843557953554,100.0,100.0,0.0,0.0,100.0,0.0,100.0,0.0,0.22448809258259217,0.6579013382953388,0.273417807076251,0.276582192923749,0.0,44.79166666666667,0.0,44.79166666666667,-2.6423272367061266
proposed_residual_safesac,2,494.4924650029916,261.08919133812515,494.4924650029916,14421.943415521482,0.0,0.0,8298.379881123048,575.3995589936925,541.3,541.3,100.0,541.3,1.0,2702.4347683474416,0.3378043460434302,676.4698656123257,676.4698656123257,0.0,0.0,87.09740206950899,76.08531203029759,100.0,100.0,0.0,0.0,100.0,0.0,100.0,0.0,0.28706011352379107,0.6953645456071509,0.31689835652030374,0.2331016434796963,0.0,41.66666666666667,0.0,41.66666666666667,-2.7196790764388035
proposed_residual_safesac,2,551.1995985112303,259.1153082970035,551.1995985112303,14397.382590671947,0.0,0.0,8345.909219009669,579.6823947998004,414.8,414.8,100.0,414.8,1.0,2441.1575086034986,0.3051446885754373,676.4698656123257,676.4698656123257,0.0,0.0,78.44574157443301,65.62506277424798,100.0,100.0,0.0,0.0,100.0,0.0,100.0,0.0,0.34411209959895855,0.697764398532506,0.3686043282066538,0.18139567179334626,0.0,34.375,0.0,34.375,-2.6991177947604528
proposed_residual_safesac,2,472.6648112124691,234.45298060359187,472.6648112124691,13617.301399399694,0.0,0.0,7669.101193117473,563.1880332365675,717.4,717.4,100.0,717.4,1.0,2467.443338579569,0.30843041732244614,676.4698656123257,676.4698656123257,0.0,0.0,85.5042478729554,73.75202095116401,100.0,100.0,0.0,0.0,100.0,0.0,100.0,0.0,0.3751144074834812,0.6766895663091638,0.43423844830609665,0.1157615516939034,0.0,5.208333333333334,0.0,5.208333333333334,-2.442218547954082
proposed_residual_safesac,2,296.59612248135215,164.73375719251231,296.59612248135215,10231.1131563784,0.0,0.0,4753.293531780985,464.5920203529008,1087.2,1087.2,100.0,1087.2,1.0,2565.776707111082,0.3207220883888853,514.6396566593999,514.6396566593999,0.0,0.0,102.66945692867425,98.14234152436256,100.0,100.0,0.0,0.0,100.0,0.0,100.0,0.0,0.4055798746612631,0.7668229315820448,0.4055798746612631,0.14442012533873694,0.0,0.0,0.0,0.0,-1.7159766374220033
proposed_residual_safesac,2,205.3613117487722,104.87229752396843,205.3613117487722,7880.614728829033,0.0,0.0,2755.4883021794244,349.6539796697888,1053.8000000000002,1053.8000000000002,100.0,1053.8000000000002,1.0,2786.3572452309527,0.3482946556538691,412.149894138367,412.149894138367,0.0,0.0,71.4922879358313,60.98394729197025,100.0,100.0,0.0,0.0,100.0,0.0,100.0,0.0,0.4686211762082269,0.8111389139690509,0.4686211762082269,0.08137882379177314,0.0,0.0,0.0,0.0,-1.092419765874671
proposed_residual_safesac,2,493.979939093504,321.50622003702426,493.979939093504,14007.448034898014,0.0,0.0,6506.833471109818,464.52669000796993,0.0,0.0,,0.0,,1941.6473989082251,0.24270592486352813,892.3535736431467,892.3535736431467,11.0,360.95848118682215,134.30501480427986,124.61281985753038,100.0,100.0,0.0,0.0,100.0,0.0,100.0,0.0,0.2,0.5505864430048582,0.24851825377771652,0.3014817462222835,10.416666666666668,19.791666666666664,10.416666666666668,19.791666666666664,-3.3490231253856693
proposed_residual_safesac,3,447.3499177146707,206.8707784958463,447.3499177146707,10317.315944692415,0.0,0.0,5008.757658301462,485.4709970259407,1584.7,1584.7,100.0,1584.7,1.0,3242.418789437921,0.40530234867974013,578.3660526065612,578.3660526065612,0.0,0.0,109.73838513283768,98.54432502761483,100.0,100.0,0.0,0.0,100.0,0.0,100.0,0.0,0.26460401651476756,0.5469339495682397,0.2961190325847751,0.2538809674152249,0.0,0.0,0.0,0.0,-2.1549039426650656
proposed_residual_safesac,3,454.3933919621409,172.8624464017174,454.3933919621409,11386.486688006076,0.0,0.0,5144.281069391789,451.78826536639286,1639.0,1639.0,100.0,1639.0,1.0,3229.4625942499983,0.4036828242812498,561.1042366009915,561.1042366009915,0.0,0.0,51.56554367839971,40.20268954336643,100.0,100.0,0.0,0.0,100.0,0.0,100.0,0.0,0.4555966958566245,0.8377378844944466,0.49447045955437646,0.05552954044562358,0.0,0.0,0.0,0.0,-1.800650483351223
proposed_residual_safesac,3,447.7730841646552,193.5012831395311,447.7730841646552,10847.812595711772,0.0,0.0,5648.298823229683,520.685509027184,1694.9,1694.9,100.0,1694.9,1.0,2692.7598075301507,0.33659497594126886,568.514790205965,568.514790205965,0.0,0.0,87.03509801832281,81.68051820248365,100.0,100.0,0.0,0.0,100.0,0.0,100.0,0.0,0.39013434206967107,0.7333143426814733,0.41514322751108224,0.1348567724889178,0.0,0.0,0.0,0.0,-2.0156383660367823
proposed_residual_safesac,3,493.1083802328426,196.24057804829917,493.1083802328426,11314.743941297984,0.0,0.0,5683.5056937063055,502.3097052123228,939.8,939.8,100.0,939.8,1.0,2091.536472580931,0.26144205907261636,625.0359732630902,625.0359732630902,0.0,0.0,83.7277955680269,71.10052108764648,100.0,100.0,0.0,0.0,100.0,0.0,100.0,0.0,0.3778422445914502,0.6126647478616016,0.4021827073981479,0.14781729260185217,0.0,0.0,0.0,0.0,-2.0441726880031164
proposed_residual_safesac,3,395.49553816547274,167.9059140410141,395.49553816547274,10653.13841297687,0.0,0.0,5217.215344743606,489.7350567029503,1247.3000000000002,1247.3000000000002,100.0,1247.3000000000002,1.0,2810.866580556296,0.351358322569537,519.0906141481655,519.0906141481655,0.0,0.0,52.86023226626398,39.30210554972291,100.0,100.0,0.0,0.0,100.0,0.0,100.0,0.0,0.45000801555706227,0.7898102444036005,0.4651777060884856,0.08482229391151447,0.0,0.0,0.0,0.0,-1.7490199379272304
proposed_residual_safesac,3,254.26818568038982,130.89893327026164,254.26818568038982,8060.434505705249,0.0,0.0,3751.990239098238,465.48238019210316,1325.1,1325.1,100.0,1325.1,1.0,2870.4020802212517,0.35880026002765647,392.53372312960283,392.53372312960283,0.0,0.0,75.55967629848705,70.10963764041662,100.0,100.0,0.0,0.0,100.0,0.0,100.0,0.0,0.4330549728349653,0.7840821692163592,0.4330549728349653,0.11694502716503474,0.0,0.0,0.0,0.0,-1.3635305548985588
proposed_residual_safesac,3,240.68617357903483,115.9735373506432,240.68617357903483,5331.67400462667,0.0,0.0,2894.014458830721,542.7965881483716,1989.8,1989.8,100.0,1989.8,1.0,3413.0176704659807,0.42662720880824756,262.1947397147101,262.1947397147101,0.0,0.0,75.86165081076638,72.65414800494909,100.0,100.0,0.0,0.0,100.0,0.0,100.0,0.0,0.39197796117671835,0.7906783806297025,0.39197796117671835,0.1580220388232817,0.0,0.0,0.0,0.0,-1.2080576807358667
proposed_residual_safesac,3,370.2803580388469,237.8775379791345,370.2803580388469,10564.447503782027,0.0,0.0,4689.509548303873,443.8953903292197,779.3,779.3,100.0,779.3,1.0,2890.979536744103,0.3613724420930129,600.5471563156891,600.5471563156891,0.0,0.0,114.65857451943319,105.20771627418638,100.0,100.0,0.0,0.0,100.0,0.0,100.0,0.0,0.2,0.5404420568898923,0.2504320810246959,0.29956791897530416,2.083333333333333,0.0,2.083333333333333,0.0,-2.4778910206159845
proposed_residual_safesac,3,404.14914504739403,166.43316431897267,404.14914504739403,11620.47407951107,0.0,0.0,5013.011705179522,431.3947667607073,1103.7,1103.7,100.0,1103.7,1.0,2947.611414125652,0.3684514267657065,594.5445861018447,594.5445861018447,0.0,0.0,58.61080517876264,49.67418322339654,100.0,100.0,0.0,0.0,100.0,0.0,100.0,0.0,0.47242907239037685,0.8357485206165589,0.511650243437267,0.038349756562733095,0.0,0.0,0.0,0.0,-1.7336787949892987
proposed_residual_safesac,3,334.010115897196,150.3931307683768,334.010115897196,10993.990489350263,0.0,0.0,4219.29469473753,383.7819123842891,1621.7,1621.7,100.0,1621.7,1.0,2759.04313022275,0.3448803912778437,585.9479110535196,585.9479110535196,0.0,0.0,81.2549064209166,75.39942217990756,100.0,100.0,0.0,0.0,100.0,0.0,100.0,0.0,0.40699558908361333,0.7614733982394635,0.4457684659676118,0.10423153403238822,0.0,0.0,0.0,0.0,-1.5665951121705917
proposed_residual_safesac,3,249.54924520489897,120.96671177341929,249.54924520489897,10359.166192955938,0.0,0.0,3327.8929587901894,321.2510444183338,1678.0,1678.0,100.0,1678.0,1.0,3030.1173910895404,0.37876467388619256,504.36729408813835,504.36729408813835,0.0,0.0,56.866263260715876,44.8868771083653,100.0,100.0,0.0,0.0,100.0,0.0,100.0,0.0,0.394158011312348,0.7873546906584931,0.394158011312348,0.15584198868765203,0.0,0.0,0.0,0.0,-1.2600699143064509
proposed_residual_safesac,3,204.42638210005828,116.06979686631564,204.42638210005828,9278.990138963403,0.0,0.0,3437.689466593533,370.4809914775459,2333.3,2333.3,100.0,2333.3,1.0,3371.2596272758537,0.4214074534094817,453.89516879804546,453.89516879804546,0.0,0.0,59.97409709077016,40.193938296870506,100.0,100.0,0.0,0.0,100.0,0.0,100.0,0.0,0.4811904630519122,0.9,0.4866062861630739,0.06339371383692616,7.291666666666667,0.0,7.291666666666667,0.0,-1.2090603840241212
proposed_residual_safesac,3,140.2904728185922,102.82197037196273,140.2904728185922,6943.0755388408015,0.0,0.0,2717.846903004948,391.4471170306053,2325.2,2325.2,100.0,2325.2,1.0,4004.45476397884,0.500556845497355,345.36125544513555,345.36125544513555,0.0,0.0,69.16654889162649,65.35532530397177,100.0,100.0,0.0,0.0,100.0,0.0,100.0,0.0,0.41641811111742594,0.8557582676971053,0.4230849399321296,0.12691506006787046,0.0,0.0,0.0,0.0,-1.071062191374612
proposed_residual_safesac,3,184.19251103279439,99.93683389304012,184.19251103279439,4787.078148601427,0.0,0.0,2320.409473739405,484.7235415234084,2654.2000000000003,2654.2000000000003,99.99999999999999,2654.2000000000003,0.9999999999999999,4100.250723854828,0.5125313404818534,232.25486947318302,232.25486947318302,0.0,0.0,72.1056065512605,68.98363120853901,100.0,100.0,0.0,0.0,100.0,0.0,100.0,0.0,0.3766468567871606,0.822202163638519,0.41023204916253475,0.1397679508374653,0.0,0.0,0.0,0.0,-1.0410086863858345
proposed_residual_safesac,3,417.5445407081255,246.11126396513816,417.5445407081255,9181.089687785745,0.0,0.0,5026.469314330137,547.4806896851477,2018.2,2018.2,100.0,2018.2,1.0,3581.156207528311,0.4476445259410389,553.3230297928844,553.3230297928844,0.0,0.0,97.2906615802496,83.94211991496037,100.0,100.0,1.0,1.0,100.0,0.0,100.0,0.0,0.2,0.5499103107691607,0.23238163773566764,0.3176183622643324,3.125,8.333333333333332,3.125,8.333333333333332,-2.5636589996368557
proposed_residual_safesac,3,414.7706603619093,168.0146849691386,414.7706603619093,10695.293588198361,0.0,0.0,5046.529600158308,471.8458225145743,1613.6999999999998,1613.6999999999998,100.0,1613.6999999999998,1.0,3136.157909159681,0.3920197386449601,529.0851729896367,529.0851729896367,0.0,0.0,55.43628881748303,44.58681922405958,100.0,100.0,0.0,0.0,100.0,0.0,100.0,0.0,0.4486488622613952,0.7946902956021309,0.4735745493341142,0.07642545066588585,0.0,0.0,0.0,0.0,-1.7501529684285273
proposed_residual_safesac,3,455.75621709592997,193.49392939587602,455.75621709592997,10366.641665754903,0.0,0.0,5392.237130261268,520.1527460984737,1563.5,1563.5,100.0,1563.5,1.0,2748.08421789588,0.343510527236985,584.3462724087547,584.3462724087547,0.0,0.0,86.92603333532762,79.39093243330717,100.0,100.0,1.0,1.0,100.0,0.0,100.0,0.0,0.34109245655253995,0.6826234449984561,0.37668542391349125,0.1733145760865088,0.0,8.333333333333332,0.0,8.333333333333332,-2.0155617645403754
proposed_residual_safesac,3,349.12618717600986,151.09201959783388,349.12618717600986,10069.852656275647,0.0,0.0,4312.802518479578,428.28854261256646,1555.2,1555.2,100.0,1555.2,1.0,2821.014269322579,0.35262678366532235,511.29677661001773,511.29677661001773,0.0,0.0,63.59454185971246,50.72420910000801,100.0,100.0,0.0,0.0,100.0,0.0,100.0,0.0,0.3972249492778533,0.7146941937174004,0.40458702912693817,0.14541297087306188,0.0,0.0,0.0,0.0,-1.5738752041441029
proposed_residual_safesac,3,337.81824528470634,145.5437536193808,337.81824528470634,10094.110819407897,0.0,0.0,4470.069306011931,442.8393333484462,908.0,908.0,100.0,908.0,1.0,2183.1604227767984,0.2728950528470998,488.0391832536847,488.0391832536847,0.0,0.0,44.105502834075644,31.648611277341843,100.0,100.0,0.0,0.0,100.0,0.0,100.0,0.0,0.4093902062650418,0.6615611305074316,0.428205125111975,0.12179487488802504,0.0,0.0,0.0,0.0,-1.5160807668685499
proposed_residual_safesac,3,256.0396529777804,140.68128972446365,256.0396529777804,7402.334671197871,0.0,0.0,4070.9402247851885,549.9535491991495,1416.7,1416.7,100.0,1416.7,1.0,3040.404189531573,0.38005052369144665,377.323518738556,377.323518738556,0.0,0.0,80.60464401804899,75.68881437182426,100.0,100.0,0.0,0.0,100.0,0.0,100.0,0.0,0.4149257326875062,0.805683040825196,0.4149257326875062,0.13507426731249383,0.0,0.0,0.0,0.0,-1.4654301012964963
proposed_residual_safesac,3,257.2267171708952,122.77611865889148,257.2267171708952,5680.227799313081,0.0,0.0,3211.1648293162066,565.3232480754624,1177.4,1177.4,100.0,1177.4,1.0,2503.68464372787,0.31296058046598374,296.39639714422447,296.39639714422447,0.0,0.0,68.89452547973781,61.96289900690317,100.0,100.0,0.0,0.0,100.0,0.0,100.0,0.0,0.3259834888108624,0.6118409411524611,0.3259834888108624,0.22401651118913762,0.0,0.0,0.0,0.0,-1.2789179026967863
proposed_residual_safesac,3,456.41539989977235,221.65013867322034,456.41539989977235,9695.538643216674,0.0,0.0,5537.951213873258,571.1855130140495,1432.6,1432.6,100.0,1432.6,1.0,3017.349900628683,0.3771687375785854,556.1564687890123,556.1564687890123,0.0,0.0,100.70053761660111,89.27279578963264,100.0,100.0,1.0,1.0,100.0,0.0,100.0,0.0,0.2499860706948884,0.5408116818005224,0.2899202619933328,0.2600797380066672,0.0,8.333333333333332,0.0,8.333333333333332,-2.3088556111793785
proposed_residual_safesac,3,467.76750439266505,192.96907453337795,467.76750439266505,10796.818707243227,0.0,0.0,6098.672837734836,564.8583164264339,1354.2,1354.2,100.0,1354.2,1.0,3118.6132243415586,0.3898266530426948,526.9550275015192,526.9550275015192,0.0,0.0,52.519937421147,41.796550899744034,100.0,100.0,0.0,0.0,100.0,0.0,100.0,0.0,0.4499835463576619,0.8063121208767673,0.48999161965597404,0.060008380344026,0.0,0.0,0.0,0.0,-2.0100945263893535
proposed_residual_safesac,3,395.97031571729104,184.07134261818135,395.97031571729104,10597.250423482456,0.0,0.0,5487.404392576041,517.8139775216123,1279.8000000000002,1279.8000000000002,100.0,1279.8000000000002,1.0,2177.140968274285,0.27214262103428566,575.3053334658434,575.3053334658434,0.0,0.0,88.81577745078694,83.89705829322338,100.0,100.0,0.0,0.0,100.0,0.0,100.0,0.0,0.37459499955558834,0.611151048807091,0.41124119283740435,0.1387588071625957,0.0,0.0,0.0,0.0,-1.917409818939389
proposed_residual_safesac,3,356.34549065468804,153.2711843229709,356.34549065468804,9947.403440750031,0.0,0.0,4251.792992826627,427.4274204471235,1652.3999999999999,1652.3999999999999,100.00000000000001,1652.3999999999999,1.0000000000000002,3031.233143629024,0.378904142953628,499.90830679190225,499.90830679190225,0.0,0.0,64.33955224450526,52.38990560173988,100.0,100.0,0.0,0.0,100.0,0.0,100.0,0.0,0.36881865480621323,0.7641657340198263,0.36881865480621323,0.1811813451937868,0.0,0.0,0.0,0.0,-1.5965748366976136
proposed_residual_safesac,3,177.24298196630633,98.19831591703579,177.24298196630633,9626.22627247082,0.0,0.0,2969.21667801859,308.45074632309303,2015.9,2015.9,100.0,2015.9,1.0,3443.7207433384433,0.4304650929173054,449.80443475326996,449.80443475326996,0.0,0.0,35.45102076182256,28.55424089357257,100.0,100.0,0.0,0.0,100.0,0.0,100.0,0.0,0.4815757104617664,0.892993393687728,0.5354670399026796,0.014532960097320413,0.0,0.0,0.0,0.0,-1.0228991241357894
proposed_residual_safesac,3,193.86242430010412,102.66556559802427,193.86242430010412,7490.892763559232,0.0,0.0,2656.8080129747705,354.67174565617614,1225.4,1225.4,100.0,1225.4,1.0,2793.7543000909964,0.34921928751137454,373.49252710708237,373.49252710708237,0.0,0.0,64.00819978030862,58.60879868268967,100.0,100.0,0.0,0.0,100.0,0.0,100.0,0.0,0.3674835481438149,0.6990041816982261,0.3674835481438149,0.18251645185618515,0.0,0.0,0.0,0.0,-1.0694329749794196
proposed_residual_safesac,3,235.899967382027,113.96079142737871,235.899967382027,5457.623972665816,0.0,0.0,2867.7987954234286,525.4665418113501,1398.4,1398.4,100.0,1398.4,1.0,2766.3509609690027,0.34579387012112534,273.9210915821344,273.9210915821344,0.0,0.0,74.09397897963731,68.82828902453184,100.0,100.0,0.0,0.0,100.0,0.0,100.0,0.0,0.3440254137690471,0.6779275504836682,0.3440254137690471,0.20597458623095294,0.0,0.0,0.0,0.0,-1.1870915773685282
proposed_residual_safesac,3,481.44793999880545,242.4291610039273,481.44793999880545,9775.529116492646,0.0,0.0,5717.161901054971,584.8442404421202,1187.9,1187.9,100.0,1187.9,1.0,2972.6324585053435,0.3715790573131679,560.1137471012435,560.1137471012435,0.0,0.0,98.65855057623034,85.7350230076218,100.0,100.0,1.0,1.0,100.0,0.0,100.0,0.0,0.2328999289071567,0.537908022624872,0.25636502613839235,0.2936349738616077,0.0,8.333333333333332,0.0,8.333333333333332,-2.525303760457576
proposed_residual_safesac,3,509.2696594149176,201.2098926696201,509.2696594149176,10580.228968464595,0.0,0.0,6153.997464482782,581.6506885460959,1584.0,1584.0,100.0,1584.0,1.0,3373.0694538573407,0.4216336817321676,535.4891341268926,535.4891341268926,0.0,0.0,52.772275624311845,45.10726444423199,100.0,100.0,0.0,0.0,100.0,0.0,100.0,0.0,0.4424123182437204,0.8419975379870485,0.4674661110455369,0.08253388895446312,0.0,0.0,0.0,0.0,-2.0959363819752093
proposed_residual_safesac,3,431.52209793532984,190.1201653467565,431.52209793532984,9973.439204919976,0.0,0.0,5407.346618379135,542.1747210041295,2027.8999999999999,2027.8999999999999,100.0,2027.8999999999999,1.0,3218.203361547177,0.4022754201933971,540.7803705247666,540.7803705247666,0.0,0.0,89.19912609441903,84.04662553220987,100.0,100.0,0.0,0.0,100.0,0.0,100.0,0.0,0.3789528045965915,0.7359108844555596,0.40558166638171433,0.1444183336182857,0.0,0.0,0.0,0.0,-1.9804183890287135
proposed_residual_safesac,3,343.44187064560356,165.16330526564656,343.44187064560356,10661.569900923083,0.0,0.0,4909.300952330033,460.4669854394505,757.2,757.2,100.0,757.2,1.0,1898.9640621658605,0.23737050777073257,603.3088902208394,603.3088902208394,0.0,0.0,75.76738923427837,62.66404623165727,100.0,100.0,0.0,0.0,100.0,0.0,100.0,0.0,0.37266170169266183,0.5598297607316225,0.3845474998144556,0.16545250018554447,0.0,0.0,0.0,0.0,-1.7204510965171516
proposed_residual_safesac,3,284.7740515172334,126.25135756392743,284.7740515172334,10467.860733371532,0.0,0.0,3969.312767352312,379.1904447771402,819.0,819.0,100.0,819.0,1.0,2261.981745519222,0.28274771818990274,495.9392362776094,495.9392362776094,0.0,0.0,44.95252020782162,34.191600419580936,100.0,100.0,0.0,0.0,100.0,0.0,100.0,0.0,0.4765693158634931,0.7454788778390204,0.4925745047140289,0.05742549528597113,0.0,0.0,0.0,0.0,-1.3151183079575774
proposed_residual_safesac,3,217.25851345958097,128.14228359138662,217.25851345958097,8020.560573404084,0.0,0.0,3973.006237128363,495.3526877289253,700.5,700.5,100.0,700.5,1.0,2144.2071214462494,0.26802589018078116,393.4376004015164,393.4376004015164,0.0,0.0,72.48939796382817,67.15806405991316,100.0,100.0,0.0,0.0,100.0,0.0,100.0,0.0,0.42138279653727106,0.7184806752738034,0.42138279653727106,0.12861720346272898,0.0,0.0,0.0,0.0,-1.334815454076944
proposed_residual_safesac,3,236.38947234824508,118.08406805779109,236.38947234824508,6014.8639439354865,0.0,0.0,3234.2822637707854,537.7149498172382,940.7,940.7,100.0,940.7,1.0,2205.4467772040994,0.27568084715051244,297.610504456369,297.610504456369,0.0,0.0,70.13439286114445,62.94182185083628,100.0,100.0,0.0,0.0,100.0,0.0,100.0,0.0,0.34984399898804386,0.6278833735766133,0.34984399898804386,0.20015600101195619,0.0,0.0,0.0,0.0,-1.2300423756019905
proposed_residual_safesac,3,489.2009568827185,226.0186570681153,489.2009568827185,10816.455146951692,0.0,0.0,6163.018132447547,569.7816936063768,715.9,715.9,100.0,715.9,1.0,2470.7781962362233,0.3088472745295279,582.6823131082417,582.6823131082417,0.0,0.0,112.90290683157652,105.15780709683895,100.0,100.0,0.0,0.0,100.0,0.0,100.0,0.0,0.3228855245605522,0.543402012050678,0.3726350128647033,0.17736498713529675,0.0,0.0,0.0,0.0,-2.3543610111262008
proposed_residual_safesac,3,614.5383548639873,224.17023316973808,614.5383548639873,11686.535636657167,0.0,0.0,7063.45796591832,604.4099111598449,628.5,628.5,100.0,628.5,1.0,2431.963632339996,0.3039954540424995,587.7344833364641,587.7344833364641,0.0,0.0,61.332561145569734,49.113066494464874,100.0,100.0,0.0,0.0,100.0,0.0,100.0,0.0,0.5210432817948117,0.7987268478413753,0.5621132543833708,0.012113254383370742,0.0,0.0,0.0,0.0,-2.335106595518105
proposed_residual_safesac,3,461.98062523006456,194.00464497303153,461.98062523006456,10848.541910690328,0.0,0.0,5773.872967679785,532.2257143137473,1100.6999999999998,1100.6999999999998,100.0,1100.6999999999998,1.0,2070.2455366629647,0.2587806920828706,581.6504363237843,581.6504363237843,0.0,0.0,90.85807701179739,85.07869048044086,100.0,100.0,0.0,0.0,100.0,0.0,100.0,0.0,0.4020243991445212,0.6741729302773527,0.43990281099912604,0.11009718900087401,0.0,0.0,0.0,0.0,-2.0208817184690786
proposed_residual_safesac,3,521.1634003707034,218.90337903466565,521.1634003707034,10877.149226561647,0.0,0.0,6469.791428184134,594.8057982311313,656.3,656.3,100.0,656.3,1.0,1734.6711287706166,0.21683389109632709,620.0773849819313,620.0773849819313,0.0,0.0,87.75915507980528,75.94677023589611,100.0,100.0,1.0,1.0,100.0,0.0,100.0,0.0,0.3578033035232348,0.573630759182121,0.3804137338591623,0.16958626614083777,0.0,8.333333333333332,0.0,8.333333333333332,-2.2802435316111005
proposed_residual_safesac,3,428.2111377236544,188.59245325153276,428.2111377236544,10283.547928883401,0.0,0.0,5872.6039996413965,571.067888267143,615.2,615.2,100.0,615.2,1.0,2188.8925502952775,0.2736115687869097,505.524826327244,505.524826327244,0.0,0.0,66.59824171574179,48.90982983633876,100.0,100.0,0.0,0.0,100.0,0.0,100.0,0.0,0.38523204602276157,0.6441660567880506,0.4064031825117184,0.14359681748828163,0.0,0.0,0.0,0.0,-1.964504721370133
proposed_residual_safesac,3,314.55649124339624,150.90195004469132,314.55649124339624,7772.043819029603,0.0,0.0,4392.488098459952,565.1651226804827,1260.8,1260.8,100.0,1260.8,1.0,2787.0067561672495,0.3483758445209062,383.3969652802664,383.3969652802664,0.0,0.0,81.18991030250102,75.64440127462149,100.0,100.0,0.0,0.0,100.0,0.0,100.0,0.0,0.4293649981948022,0.7750798768884861,0.4293649981948022,0.12063500180519782,0.0,0.0,0.0,0.0,-1.5718953129655346
proposed_residual_safesac,3,256.43295877982933,113.28344852879536,256.43295877982933,6200.8081504921975,0.0,0.0,3052.944757580577,492.3462689840268,773.1,773.1,100.0,773.1,1.0,1932.0454594918363,0.24150568243647952,314.072372422903,314.072372422903,0.0,0.0,62.83821285436856,52.41660624742508,100.0,100.0,0.0,0.0,100.0,0.0,100.0,0.0,0.3769984195646371,0.5825249767081667,0.3769984195646371,0.17300158043536296,0.0,0.0,0.0,0.0,-1.1800359221749517
proposed_residual_safesac,3,464.5130212972525,205.59413912107524,464.5130212972525,10627.44520089135,0.0,0.0,5018.007022134093,472.17434927005974,725.6,725.6,100.0,725.6,1.0,2643.769005773638,0.3304711257217048,580.4245433832791,580.4245433832791,0.0,0.0,115.70441838546458,108.43515126034617,100.0,100.0,0.0,0.0,100.0,0.0,100.0,0.0,0.2815722272990119,0.5476882461286282,0.326233147357868,0.22376685264213203,0.0,0.0,0.0,0.0,-2.141605615844534
proposed_residual_safesac,3,564.5349743298749,203.84471871788622,564.5349743298749,11828.420248322334,0.0,0.0,6207.5576414525585,524.8002278523202,601.9,601.9,100.0,601.9,1.0,2538.1984837281316,0.31727481046601647,593.7044388105519,593.7044388105519,0.0,0.0,61.46344053844617,51.24657340347767,100.0,100.0,0.0,0.0,100.0,0.0,100.0,0.0,0.537702825007539,0.8173656802815074,0.5889284743110926,0.03892847431109259,0.0,0.0,0.0,0.0,-2.123382486644648
proposed_residual_safesac,3,489.3038508020368,191.16605914146945,489.3038508020368,10861.875263214464,0.0,0.0,5465.1761055730385,503.15216968857675,1402.6000000000001,1402.6000000000001,99.99999999999999,1402.6000000000001,0.9999999999999999,2494.9431200039453,0.31186789000049314,581.0858893908758,581.0858893908758,0.0,0.0,90.10973374313775,84.82722593471408,100.0,100.0,0.0,0.0,100.0,0.0,100.0,0.0,0.4155508154822735,0.7060739312542952,0.4553046028979167,0.09469539710208336,0.0,0.0,0.0,0.0,-1.9913131160569735
proposed_residual_safesac,3,445.095908924586,183.97217189821103,445.095908924586,11320.397974180947,0.0,0.0,5603.061502871671,494.9526965086281,497.19999999999993,497.19999999999993,100.0,497.19999999999993,1.0,1517.8530214363627,0.18973162767954535,620.9424818118243,620.9424818118243,0.0,0.0,78.26460284951416,66.24468928202987,100.0,100.0,0.0,0.0,100.0,0.0,100.0,0.0,0.4071719019827502,0.5780429466831982,0.43435011319791494,0.1156498868020851,0.0,0.0,0.0,0.0,-1.916376790606365
proposed_residual_safesac,3,402.65793461510225,174.7643099253861,402.65793461510225,10665.855972085104,0.0,0.0,5368.688842158725,503.3528350851321,649.0999999999999,649.0999999999999,100.0,649.0999999999999,1.0,2255.7197012292636,0.28196496265365795,518.5440358779254,518.5440358779254,0.0,0.0,64.89325016296563,46.288661286234856,100.0,100.0,0.0,0.0,100.0,0.0,100.0,0.0,0.3993416183363833,0.6684611677717773,0.425455936939911,0.12454406306008903,0.0,0.0,0.0,0.0,-1.820461561722772
proposed_residual_safesac,3,319.0433104391242,148.61041586806027,319.0433104391242,8651.033397036257,0.0,0.0,4445.867403156541,513.9117142559688,405.4,405.4,100.0,405.4,1.0,1939.0090958367732,0.24237613697959665,437.1452179922631,437.1452179922631,0.0,0.0,73.83708382118058,65.65399076789618,100.0,100.0,0.0,0.0,100.0,0.0,100.0,0.0,0.3943247455303497,0.6678956731790132,0.3943247455303497,0.15567525446965036,0.0,0.0,0.0,0.0,-1.5480251652922945
proposed_residual_safesac,3,290.3977783701825,117.96001135157886,290.3977783701825,6909.225276508298,0.0,0.0,3434.1963400538125,497.04506693829296,584.7,584.7,100.0,584.7,1.0,1578.6716094062267,0.19733395117577834,333.792560870638,333.792560870638,0.0,0.0,65.1032544286994,54.774707183241844,100.0,100.0,0.0,0.0,100.0,0.0,100.0,0.0,0.4399627524351043,0.6296307089646463,0.4399627524351043,0.11003724756489575,0.0,0.0,0.0,0.0,-1.228750118245613
proposed_residual_safesac,3,534.9016015618799,260.02235442216494,534.9016015618799,10878.125318632436,0.0,0.0,5819.588610693647,534.9808390905049,733.5,733.5,100.0,733.5,1.0,3061.7722486444477,0.38272153108055595,606.9280114543053,606.9280114543053,0.0,0.0,102.618747964191,93.32463280972324,100.0,100.0,1.0,1.0,100.0,0.0,100.0,0.0,0.21237408587417594,0.5658754267784687,0.2511166271610519,0.29888337283894817,0.0,8.333333333333332,0.0,8.333333333333332,-2.7085661918975514
proposed_residual_safesac,3,683.5482210972442,251.9121877963475,683.5482210972442,12712.443894125689,0.0,0.0,8017.991055719716,630.7198775071693,433.79999999999995,433.79999999999995,100.0,433.79999999999995,1.0,2571.926201335088,0.321490775166886,630.2488027493284,630.2488027493284,0.0,0.0,60.8888453119457,50.428474601358175,100.0,100.0,0.0,0.0,100.0,0.0,100.0,0.0,0.5394891028598537,0.8171121563341681,0.5944316385879116,0.04443163858791155,0.0,0.0,0.0,0.0,-2.6240852895452864
proposed_residual_safesac,3,635.0166290254388,243.20453668748735,635.0166290254388,12623.914568277436,0.0,0.0,7537.405586729243,597.0735579651297,384.09999999999997,384.09999999999997,100.00000000000001,384.09999999999997,1.0000000000000002,1703.0703672842842,0.21288379591053552,664.3593678243461,664.3593678243461,0.0,0.0,95.11507406868027,87.20536231994629,100.0,100.0,0.0,0.0,100.0,0.0,100.0,0.0,0.4219995902749702,0.6205092099297004,0.4881812422008652,0.06181875779913487,0.0,0.0,0.0,0.0,-2.53338059049466
proposed_residual_safesac,3,519.0201443338126,209.22460260685077,519.0201443338126,11915.72460558657,0.0,0.0,6445.278840524203,540.9053208146819,593.2,593.2,100.0,593.2,1.0,2008.20591442037,0.25102573930254624,628.6488585204689,628.6488585204689,0.0,0.0,84.17991816347055,72.48679157346487,100.0,100.0,0.0,0.0,100.0,0.0,100.0,0.0,0.4261791595414367,0.6839618888519162,0.4613010239056163,0.08869897609438376,0.0,0.0,0.0,0.0,-2.179422943821362
proposed_residual_safesac,3,339.6926407565843,140.66640760306188,339.6926407565843,11329.230904380853,0.0,0.0,4396.553844803651,388.0716954143433,950.6000000000001,950.6000000000001,100.0,950.6000000000001,1.0,2524.3802485294996,0.31554753106618744,537.9793109771524,537.9793109771524,0.0,0.0,45.59830800048025,33.97657163441181,100.0,100.0,0.0,0.0,100.0,0.0,100.0,0.0,0.4861413047527348,0.7894773725413169,0.5144016328736426,0.035598367126357444,0.0,0.0,0.0,0.0,-1.4652750791985614
proposed_residual_safesac,3,294.7279660861199,146.38366357380067,294.7279660861199,8657.931630561234,0.0,0.0,4364.252280449467,504.07562298647576,767.5,767.5,100.0,767.5,1.0,2469.86410071699,0.30873301258962377,428.30304744318454,428.30304744318454,0.0,0.0,75.35724752158254,69.65067982673645,100.0,100.0,0.0,0.0,100.0,0.0,100.0,0.0,0.412490742888187,0.7473240709475316,0.412490742888187,0.13750925711181305,0.0,0.0,0.0,0.0,-1.524829828893757
proposed_residual_safesac,3,372.41474856023143,153.80816153035565,372.41474856023143,7155.492687977416,0.0,0.0,4465.861898955274,624.1166183369552,278.4,278.4,100.0,278.4,1.0,1521.8176362355566,0.19022720452944458,388.19049342116676,388.19049342116676,0.0,0.0,66.99891017772643,57.76994973421097,100.0,100.0,0.0,0.0,100.0,0.0,100.0,0.0,0.3527890816910481,0.5566869683315773,0.3527890816910481,0.19721091830895193,0.0,0.0,0.0,0.0,-1.602168349274538
proposed_residual_safesac,3,567.8686399041782,264.1546794156374,567.8686399041782,11853.86891826612,0.0,0.0,6636.75443463109,559.8808693087739,447.20000000000005,447.20000000000005,100.0,447.20000000000005,1.0,2923.788187789387,0.36547352347367335,641.4717325235845,641.4717325235845,0.0,0.0,110.39812217580247,99.17169033949422,100.0,100.0,1.0,1.0,100.0,0.0,100.0,0.0,0.23046374024720262,0.5454676843962494,0.289618133623173,0.26038186637682703,0.0,8.333333333333332,0.0,8.333333333333332,-2.75161124391289
proposed_residual_safesac,3,530.3605018557367,203.7606804644909,530.3605018557367,13609.13701935483,0.0,0.0,6285.286776264171,461.8431548837575,329.9,329.9,100.0,329.9,1.0,2769.6318902247317,0.34620398627809146,653.1087378248523,653.1087378248523,0.0,0.0,63.47854887605338,55.37884933874011,100.0,100.0,0.0,0.0,100.0,0.0,100.0,0.0,0.5296871055715549,0.8343683564853221,0.6024079687232329,0.052407968723232834,0.0,0.0,0.0,0.0,-2.1225070881717802
proposed_residual_safesac,3,393.95900759720564,167.18666183098867,393.95900759720564,12927.006323965958,0.0,0.0,4631.960076029433,358.3165320683749,496.1,496.1,100.0,496.1,1.0,2262.913656793201,0.2828642070991501,676.4698656123257,676.4698656123257,0.0,0.0,86.77500933536905,79.04681177699938,100.0,100.0,1.0,1.0,100.0,0.0,100.0,0.0,0.379901451359779,0.6890096855310149,0.4431244587280665,0.10687554127193355,0.0,9.375,0.0,9.375,-1.741527727406132
proposed_residual_safesac,3,528.3063446964929,194.34785884735595,528.3063446964929,12809.469252707746,0.0,0.0,5592.463787889035,436.5882518283781,614.3000000000001,614.3000000000001,100.0,614.3000000000001,1.0,2144.954410426818,0.26811930130335226,674.2726293667196,674.2726293667196,0.0,0.0,75.26028818241112,63.17399833351374,100.0,100.0,1.0,1.0,100.0,0.0,100.0,0.0,0.3988078152369635,0.6928989760893073,0.4335519378410576,0.11644806215894243,0.0,8.333333333333332,0.0,8.333333333333332,-2.0244568629932913
proposed_residual_safesac,3,497.54308747952155,205.04069075072633,497.54308747952155,11758.551762341136,0.0,0.0,6520.86360346509,554.5634985721049,935.5,935.5,100.0,935.5,1.0,2536.9948145941153,0.3171243518242644,581.7287272795635,581.7287272795635,0.0,0.0,64.32170128668736,47.507197968661785,100.0,100.0,0.0,0.0,100.0,0.0,100.0,0.0,0.4388054865878478,0.7424163475228105,0.4700488430301425,0.07995115696985755,0.0,0.0,0.0,0.0,-2.1358405286533992
proposed_residual_safesac,3,405.0631854830828,180.51200441425374,405.0631854830828,9512.51429003078,0.0,0.0,5565.869210963588,585.1102075921904,426.29999999999995,426.29999999999995,100.0,426.29999999999995,1.0,1958.869697393286,0.24485871217416075,485.18217325378265,485.18217325378265,0.0,0.0,78.51274162194831,69.59816459566355,100.0,100.0,0.0,0.0,100.0,0.0,100.0,0.0,0.4062026016849058,0.6515503133596341,0.4062026016849058,0.14379739831509425,0.0,0.0,0.0,0.0,-1.880333379315143
proposed_residual_safesac,3,343.07981139614094,135.94516517834123,343.07981139614094,7383.901808851667,0.0,0.0,3850.459787821239,521.4668189662799,616.6,616.6,100.0,616.6,1.0,1895.3043201996593,0.23691304002495742,362.7938080467932,362.7938080467932,0.0,0.0,69.7769150919338,61.92914880812168,100.0,100.0,0.0,0.0,100.0,0.0,100.0,0.0,0.4055476905150381,0.6613613312106602,0.4055476905150381,0.14445230948496196,0.0,0.0,0.0,0.0,-1.4160954706077211
proposed_residual_safesac,3,615.171896477661,301.78294652660884,615.171896477661,11993.153270913737,0.0,0.0,6493.572375742999,541.4399557030147,679.0,679.0,100.0,679.0,1.0,3083.9314577018777,0.3854914322127347,759.658586935374,759.658586935374,2.0,31.532225924939866,109.96358188261453,94.96000348777035,100.0,100.0,1.0,1.0,100.0,0.0,100.0,0.0,0.2,0.5533196395077643,0.2527245150776871,0.2972754849223129,4.166666666666666,8.333333333333332,4.166666666666666,8.333333333333332,-3.1435723596521754
proposed_residual_safesac,3,634.7094914294926,232.25572774260087,634.7094914294926,13160.644076738492,0.0,0.0,7121.202215065512,541.0983059447884,1164.1000000000001,1164.1000000000001,100.0,1164.1000000000001,1.0,3216.906026577791,0.4021132533222239,654.0054337143943,654.0054337143943,0.0,0.0,60.822042651953275,48.70830508031255,100.0,100.0,0.0,0.0,100.0,0.0,100.0,0.0,0.5091870339343513,0.9,0.5583649380182415,0.008364938018241452,3.125,0.0,3.125,0.0,-2.419330497318759
proposed_residual_safesac,3,532.7795312954792,224.95139483286295,532.7795312954792,13027.887236099501,0.0,0.0,6369.167166861838,488.8871888001345,916.3,916.3,100.0,916.3,1.0,2622.6914963216145,0.3278364370402018,676.4698656123257,676.4698656123257,0.0,0.0,92.87352800050246,84.56807701508717,100.0,100.0,1.0,1.0,100.0,0.0,100.0,0.0,0.2976483943074855,0.6608939895692457,0.35756942302102906,0.19243057697897098,0.0,29.166666666666668,0.0,29.166666666666668,-2.3432436961756555
proposed_residual_safesac,3,403.84470765533985,164.81529209519763,403.84470765533985,13109.338420857726,0.0,0.0,4706.9979942943555,359.0568679503495,617.4000000000001,617.4000000000001,100.0,617.4000000000001,1.0,2436.0944648000354,0.30451180810000444,672.520023396978,672.520023396978,0.0,0.0,70.73413587399897,56.46420530974865,100.0,100.0,1.0,1.0,100.0,0.0,100.0,0.0,0.3949872607873041,0.7321139971767835,0.4266174785233847,0.12338252147661533,0.0,8.333333333333332,0.0,8.333333333333332,-1.7168259593249753
proposed_residual_safesac,3,330.90546390985924,132.8283763299061,330.90546390985924,12977.662858447326,0.0,0.0,4152.597328844307,319.98036735415184,380.0,380.0,100.0,380.0,1.0,2350.476817925559,0.29380960224069486,602.3586652135027,602.3586652135027,0.0,0.0,34.646850426732314,29.48238682001829,100.0,100.0,0.0,0.0,100.0,0.0,100.0,0.0,0.4992607339666915,0.7980601994561418,0.5354637062300464,0.01453629376995369,0.0,0.0,0.0,0.0,-1.3836289201031884
proposed_residual_safesac,3,18.775154338689873,81.02528461084478,18.775154338689873,10232.42948980038,0.0,0.0,2732.0396560430245,266.99814142538713,476.1,476.1,100.0,476.1,1.0,2157.560399731581,0.26969504996644766,512.3125902490256,512.3125902490256,0.0,0.0,68.95147710149092,62.62782905250788,100.0,100.0,0.0,0.0,100.0,0.0,100.0,0.0,0.5315445624381291,0.7954688017096969,0.5315445624381291,0.018455437561870958,0.0,0.0,0.0,0.0,-0.8440133813629664
proposed_residual_safesac,3,219.31245567627533,101.09595281348354,219.31245567627533,7870.675066600199,0.0,0.0,3047.4184929958915,387.18641885342726,584.2,584.2,100.0,584.2,1.0,1673.085907878671,0.20913573848483386,418.3123981047352,418.3123981047352,0.0,0.0,62.72011399064551,51.517015509307384,100.0,100.0,0.0,0.0,100.0,0.0,100.0,0.0,0.4808195891421922,0.6695103964846557,0.4808195891421922,0.06918041085780785,0.0,0.0,0.0,0.0,-1.05308284180712
proposed_residual_safesac,3,492.605452063833,282.82275718272166,492.605452063833,12424.330904680693,0.0,0.0,5565.447149798116,447.9474341512758,890.2,890.2,100.0,890.2,1.0,3141.104700749588,0.3926380875936985,806.7383207438443,806.7383207438443,8.0,119.71773098682135,117.390859621646,102.61865951875781,100.0,100.0,1.0,1.0,100.0,0.0,100.0,0.0,0.2,0.5731769608494972,0.24649888435585676,0.3035011156441433,9.375,8.333333333333332,9.375,8.333333333333332,-2.946070387320017
proposed_residual_safesac,3,588.6744698496666,234.19357696212688,588.6744698496666,14788.435031452216,0.0,0.0,7492.1367308801,506.6213372101738,424.4,424.4,100.0,424.4,1.0,2871.3494445277256,0.3589186805659657,676.4698656123257,676.4698656123257,0.0,0.0,63.522464833568534,58.38918669187597,100.0,100.0,0.0,0.0,100.0,0.0,100.0,0.0,0.5123860077193995,0.8572390151070303,0.5676654003229531,0.01766540032295305,0.0,15.625,0.0,15.625,-2.439516426688822
proposed_residual_safesac,3,615.4570526108619,249.14233400051506,615.4570526108619,14087.124736321455,0.0,0.0,7148.625863675368,507.4581220427296,328.1,328.1,100.0,328.1,1.0,2552.9153369672595,0.31911441712090743,676.4698656123257,676.4698656123257,0.0,0.0,77.66532214441303,69.16481571379654,100.0,100.0,1.0,1.0,100.0,0.0,100.0,0.0,0.28020469979887086,0.695124562701712,0.34164204245319074,0.2083579575468093,0.0,43.75,0.0,43.75,-2.5952326458386987
proposed_residual_safesac,3,519.2256029288417,213.44071412459752,519.2256029288417,14034.407491754788,0.0,0.0,6469.011362007137,460.93939952988256,335.9,335.9,100.0,335.9,1.0,2206.2859281934857,0.27578574102418574,676.4698656123257,676.4698656123257,0.0,0.0,71.93860235157766,62.2437807940037,100.0,100.0,1.0,1.0,100.0,0.0,100.0,0.0,0.3944010853110578,0.7225288058783352,0.4441478834144202,0.10585211658557986,0.0,29.166666666666668,0.0,29.166666666666668,-2.223340772131224
proposed_residual_safesac,3,299.3352451858633,137.7141478574933,299.3352451858633,13734.584206355252,0.0,0.0,4365.941212634816,317.8793873217227,444.3,444.3,100.0,444.3,1.0,2477.746942202669,0.3097183677753336,637.2821364070281,637.2821364070281,0.0,0.0,52.42873448776599,39.69520255923271,100.0,100.0,0.0,0.0,100.0,0.0,100.0,0.0,0.4579592748986862,0.7633420517994716,0.503300981532531,0.046699018467469045,0.0,0.0,0.0,0.0,-1.434522373515555
proposed_residual_safesac,3,141.8745426131629,103.60612752733465,141.8745426131629,10853.562809649096,0.0,0.0,3072.495197041542,283.08632390370605,558.0,558.0,100.0,558.0,1.0,2427.9842365365007,0.30349802956706257,557.4281811748074,557.4281811748074,0.0,0.0,71.45313468804159,66.04936700314283,100.0,100.0,0.0,0.0,100.0,0.0,100.0,0.0,0.5495529542644644,0.8468778654996427,0.5495529542644644,0.0004470457355356672,0.0,0.0,0.0,0.0,-1.0792304950764027
proposed_residual_safesac,3,337.3080996709247,133.97042110715853,337.3080996709247,8199.77994449287,0.0,0.0,3984.218915250012,485.89339497164065,555.5999999999999,555.5999999999999,100.0,555.5999999999999,1.0,1784.8488448904036,0.22310610561130045,434.1964655288346,434.1964655288346,0.0,0.0,65.74632341573212,57.777817361056805,100.0,100.0,0.0,0.0,100.0,0.0,100.0,0.0,0.4502439169070336,0.6883045249813986,0.4502439169070336,0.09975608309296646,0.0,0.0,0.0,0.0,-1.3955252198662347
proposed_residual_safesac,3,494.29895457497463,341.9908528003703,494.29895457497463,13629.690538969888,0.0,0.0,6007.829975698211,440.78990337459805,659.9,659.9,100.0,659.9,1.0,2998.8350723715503,0.3748543840464438,996.5413985647466,996.5413985647466,13.0,598.5371386196673,151.37456222860772,116.39782128204688,100.0,100.0,1.0,1.0,100.0,0.0,100.0,0.0,0.2,0.5528884430446852,0.2386506945109056,0.31134930548909445,14.583333333333334,15.625,14.583333333333334,15.625,-3.562404716670524
proposed_residual_safesac,3,614.9736590367941,238.2554632774594,614.9736590367941,15156.135186215175,0.0,0.0,7455.36351227392,491.90399931604793,601.0,601.0,100.0,601.0,1.0,3287.3596925057363,0.41091996156321703,676.4698656123257,676.4698656123257,0.0,0.0,53.38413296680952,46.145557694265,100.0,100.0,0.0,0.0,100.0,0.0,100.0,0.0,0.48818922794113584,0.9,0.5446491773798527,0.0053508226201473,5.208333333333334,33.33333333333333,5.208333333333334,33.33333333333333,-2.4818277424735355
proposed_residual_safesac,3,497.9361952507644,219.85262834493307,497.9361952507644,14440.792211574942,0.0,0.0,6331.200617149081,438.4247432127955,841.8,841.8,100.0,841.8,1.0,3163.746836327805,0.3954683545409756,676.4698656123257,676.4698656123257,0.0,0.0,82.33177664108092,77.23437312479092,100.0,100.0,0.0,0.0,100.0,0.0,100.0,0.0,0.33363232658182,0.8059452838605831,0.39758253840212127,0.15241746159787878,0.0,47.91666666666667,0.0,47.91666666666667,-2.2901315452597193
proposed_residual_safesac,3,427.50093334436275,188.3517244502076,427.50093334436275,14635.393945474254,0.0,0.0,5814.1577987322935,397.2669147406328,547.9,547.9,100.0,547.9,1.0,2564.0391896748097,0.3205048987093512,676.4698656123257,676.4698656123257,0.0,0.0,65.75883333932232,56.11937374574783,100.0,100.0,0.0,0.0,100.0,0.0,100.0,0.0,0.4066796753065057,0.7544507916595932,0.44698158783332154,0.10301841216667851,0.0,32.29166666666667,0.0,32.29166666666667,-1.9619971296896626
proposed_residual_safesac,3,396.9211641472815,188.06884403352046,396.9211641472815,13916.932570517525,0.0,0.0,6349.645205123989,456.25321333922847,623.5,623.5,100.0,623.5,1.0,2597.089414147042,0.32463617676838025,649.3019051474766,649.3019051474766,0.0,0.0,54.86429431854647,38.816375471651554,100.0,100.0,0.0,0.0,100.0,0.0,100.0,0.0,0.4705812996784535,0.8020260135358704,0.5076559572837372,0.0423440427162628,0.0,0.0,0.0,0.0,-1.9590504586825048
proposed_residual_safesac,3,292.30314560386796,155.82497182317127,292.30314560386796,11161.122501580896,0.0,0.0,5100.678937429755,457.0041173463761,314.4,314.4,100.0,314.4,1.0,1969.9459513965728,0.24624324392457161,563.352679304865,563.352679304865,0.0,0.0,75.51904040982521,68.67389604449272,100.0,100.0,0.0,0.0,100.0,0.0,100.0,0.0,0.5223735129430467,0.7693799616615399,0.5223735129430467,0.027626487056953364,0.0,0.0,0.0,0.0,-1.6231767898247007
proposed_residual_safesac,3,219.96990926153114,105.43535042781764,219.96990926153114,8749.416671430969,0.0,0.0,3388.1960619494057,387.2482234173065,328.3,328.3,100.0,328.3,1.0,1313.9700328790339,0.16424625410987923,460.6039862318783,460.6039862318783,0.0,0.0,62.37068585665629,49.05316308140755,100.0,100.0,0.0,0.0,100.0,0.0,100.0,0.0,0.5278962158532844,0.6766662018518471,0.5278962158532844,0.022103784146715655,0.0,0.0,0.0,0.0,-1.098284900289767
proposed_residual_safesac,3,348.4087627607753,316.4397727640304,348.4087627607753,13814.68455581383,0.0,0.0,6120.277001339658,443.0269092727112,372.8,372.8,100.0,372.8,1.0,2490.7785354527778,0.31134731693159723,951.4660436896088,951.4660436896088,9.0,408.9857336363576,139.12795399398598,118.3772895336905,100.0,100.0,0.0,0.0,100.0,0.0,100.0,0.0,0.2,0.5479393812578987,0.2293535160270035,0.32064648397299655,13.541666666666666,10.416666666666668,13.541666666666666,10.416666666666668,-3.29624763295865
proposed_residual_safesac,3,429.0386846400064,226.9717472887329,429.0386846400064,15350.377823526644,0.0,0.0,7716.952466300962,502.72068577189236,265.6,265.6,100.0,265.6,1.0,3325.090469708984,0.415636308713623,676.4698656123257,676.4698656123257,0.0,0.0,49.55410599977643,42.73167472169121,100.0,100.0,0.0,0.0,100.0,0.0,100.0,0.0,0.4485766380276512,0.8861060785395596,0.5040522531913475,0.045947746808652545,0.0,45.83333333333333,0.0,45.83333333333333,-2.3642890342576344
proposed_residual_safesac,3,500.27023292661164,260.0538376727702,500.27023292661164,14676.733456125621,0.0,0.0,8426.250617224818,574.1230255638361,541.3,541.3,100.0,541.3,1.0,2682.4487034716194,0.33530608793395245,676.4698656123257,676.4698656123257,0.0,0.0,79.65826408184812,70.63452450061153,100.0,100.0,0.0,0.0,100.0,0.0,100.0,0.0,0.3294423214656772,0.7472007432862147,0.3809360793590891,0.16906392064091097,0.0,50.0,0.0,50.0,-2.7088941424246897
proposed_residual_safesac,3,554.0975659912681,260.44837258787436,554.0975659912681,14548.732134481168,0.0,0.0,8438.412136707773,580.0101382517275,414.8,414.8,100.0,414.8,1.0,2431.7289754805033,0.3039661219350629,676.4698656123257,676.4698656123257,0.0,0.0,77.37758337200445,68.36738602379855,100.0,100.0,0.0,0.0,100.0,0.0,100.0,0.0,0.3527058191318708,0.7045868929532771,0.4066124583483035,0.14338754165169654,0.0,44.79166666666667,0.0,44.79166666666667,-2.7130038811236914
proposed_residual_safesac,3,474.9712407023477,229.18060826668494,474.9712407023477,13757.39690005243,0.0,0.0,7745.434405667783,563.0014501971855,717.4,717.4,100.0,717.4,1.0,2644.501658162929,0.33056270727036613,670.1855505001926,670.1855505001926,0.0,0.0,68.48856669733263,47.86201836541295,100.0,100.0,0.0,0.0,100.0,0.0,100.0,0.0,0.42160755465019384,0.7660553106264935,0.467036935652472,0.08296306434752804,0.0,0.0,0.0,0.0,-2.387298002777968
proposed_residual_safesac,3,313.0421452468247,162.3693706349613,313.0421452468247,10688.932868540418,0.0,0.0,4972.955841431929,465.2434347369037,1087.2,1087.2,100.0,1087.2,1.0,2915.1750376778655,0.36439687970973317,563.9271784985417,563.9271784985417,0.0,0.0,81.5319188350226,76.94300264120102,100.0,100.0,0.0,0.0,100.0,0.0,100.0,0.0,0.5157029884978394,0.8804256677434931,0.5157029884978394,0.03429701150216069,0.0,0.0,0.0,0.0,-1.691347610780847
proposed_residual_safesac,3,211.04747050075167,98.8230247225504,211.04747050075167,8078.365487953789,0.0,0.0,2808.980063398517,347.71638737900406,1053.8000000000002,1053.8000000000002,100.0,1053.8000000000002,1.0,2153.192604713985,0.2691490755892481,420.7187830410312,420.7187830410312,0.0,0.0,63.60075902744665,52.74433232843876,100.0,100.0,0.0,0.0,100.0,0.0,100.0,0.0,0.5159674007136028,0.7698081405194295,0.5262467514299718,0.02375324857002825,0.0,0.0,0.0,0.0,-1.0294065075265666
proposed_residual_safesac,3,510.9246113672475,380.6824462778374,510.9246113672475,14007.022890538701,0.0,0.0,6627.843686233803,473.1800424707452,0.0,0.0,,0.0,,1948.1878206940428,0.24352347758675535,940.3754550204424,940.3754550204424,20.0,796.2117462421204,159.62821880055895,133.67255539721657,100.0,100.0,0.0,0.0,100.0,0.0,100.0,0.0,0.2,0.5481588772992971,0.24832792111091245,0.3016720788890876,20.833333333333336,7.291666666666667,20.833333333333336,7.291666666666667,-3.965442148727473
proposed_residual_safesac,4,452.85835593404664,197.25363251242288,452.85835593404664,10505.672691425603,0.0,0.0,5123.404077682277,487.67977341078176,1584.7,1584.7,100.0,1584.7,1.0,2510.483124884342,0.3138103906105428,585.5427945642257,585.5427945642257,0.0,0.0,114.08875821961198,103.3252983354032,100.0,100.0,0.0,0.0,100.0,0.0,100.0,0.0,0.34068420776178465,0.6203148309311888,0.35266014284186314,0.1973398571581369,0.0,0.0,0.0,0.0,-2.0547253386710715
proposed_residual_safesac,4,437.26507471977186,175.49806835291088,437.26507471977186,10842.110119509849,0.0,0.0,4907.075550977111,452.59414421064287,1639.0,1639.0,100.0,1639.0,1.0,3253.270138455722,0.40665876730696526,565.6867191773617,565.6867191773617,0.0,0.0,55.519464862602746,41.60594176501036,100.0,100.0,0.0,0.0,100.0,0.0,100.0,0.0,0.3527111321522087,0.7656619667553176,0.3578918204590968,0.19210817954090326,0.0,0.0,0.0,0.0,-1.828104878676155
proposed_residual_safesac,4,444.91555265983044,195.99976498253244,444.91555265983044,10636.986666666095,0.0,0.0,5544.980301306499,521.2923993487,1694.9,1694.9,100.0,1694.9,1.0,3177.219427685669,0.39715242846070864,607.445001798673,607.445001798673,0.0,0.0,85.87720918067461,68.07288471609354,100.0,100.0,0.0,0.0,100.0,0.0,100.0,0.0,0.3561522876460084,0.7308598563664384,0.3561522876460084,0.19384771235399162,0.0,0.0,0.0,0.0,-2.0416642185680463
proposed_residual_safesac,4,499.70364231576207,196.86159595493683,499.70364231576207,11358.870128562903,0.0,0.0,5708.858120112187,502.5903153656761,939.8,939.8,100.0,939.8,1.0,2713.628416543755,0.33920355206796937,591.8575495366881,591.8575495366881,0.0,0.0,76.50486693061406,64.53218888491392,100.0,100.0,0.0,0.0,100.0,0.0,100.0,0.0,0.4052479846001393,0.6891576968974313,0.4052479846001393,0.14475201539986077,0.0,0.0,0.0,0.0,-2.050641624530592
proposed_residual_safesac,4,387.3128353218514,172.132188613181,387.3128353218514,10369.861883366713,0.0,0.0,5080.283277094939,489.90848038619754,1247.3000000000002,1247.3000000000002,100.0,1247.3000000000002,1.0,3124.8346389485605,0.3906043298685701,490.82914809349063,490.82914809349063,0.0,0.0,64.20123200807376,50.37982827052474,100.0,100.0,0.0,0.0,100.0,0.0,100.0,0.0,0.39023751092051534,0.7658156843878312,0.39023751092051534,0.1597624890794847,0.0,0.0,0.0,0.0,-1.7930436313873022
proposed_residual_safesac,4,242.6938688573693,136.12070442643426,242.6938688573693,7714.892188076388,0.0,0.0,3606.932272300679,467.52853887904064,1325.1,1325.1,100.0,1325.1,1.0,2708.442414782251,0.3385553018477814,463.3049852752367,463.3049852752367,0.0,0.0,89.57497832383193,84.74281597882509,100.0,100.0,0.0,0.0,100.0,0.0,100.0,0.0,0.3486335002154116,0.7070785827636575,0.3486335002154116,0.20136649978458843,0.0,0.0,0.0,0.0,-1.4179240044420236
proposed_residual_safesac,4,236.74183709048992,119.33505474789473,236.74183709048992,5224.387897086539,0.0,0.0,2836.245139456638,542.8856347053238,1989.8,1989.8,100.0,1989.8,1.0,3624.7111709768133,0.45308889637210165,302.0020417678607,302.0020417678607,0.0,0.0,82.2969918597262,77.12440248578787,100.0,100.0,0.0,0.0,100.0,0.0,100.0,0.0,0.3624053380326518,0.8220478417405592,0.3624053380326518,0.18759466196734825,0.0,0.0,0.0,0.0,-1.2430734869572369
proposed_residual_safesac,4,376.1325798586441,187.70921900178445,376.1325798586441,10841.101655509598,0.0,0.0,4809.406788971837,443.62712774006974,779.3,779.3,100.0,779.3,1.0,2015.4190431393026,0.2519273803924128,604.7046407750922,604.7046407750922,0.0,0.0,117.66351732788665,107.3019701987505,100.0,100.0,0.0,0.0,100.0,0.0,100.0,0.0,0.30031341992633354,0.5424866754117584,0.33091914310208714,0.2190808568979129,0.0,0.0,0.0,0.0,-1.9553043646019213
proposed_residual_safesac,4,390.9082208797088,169.39881105359746,390.9082208797088,11006.111252567673,0.0,0.0,4777.311503059727,434.05989576429215,1103.7,1103.7,100.0,1103.7,1.0,3001.47814704349,0.37518476838043624,578.2445515788345,578.2445515788345,0.0,0.0,65.98273046120535,50.74816578999162,100.0,100.0,0.0,0.0,100.0,0.0,100.0,0.0,0.34883704706219343,0.7498186708498599,0.3571663901847268,0.19283360981527325,0.0,0.0,0.0,0.0,-1.7645709484749734
proposed_residual_safesac,4,329.7018470640803,153.09779688316618,329.7018470640803,10749.810535715524,0.0,0.0,4127.994150060142,384.0062237697267,1621.7,1621.7,100.0,1621.7,1.0,3191.34030991034,0.3989175387387925,563.5409520455846,563.5409520455846,0.0,0.0,81.7637312754698,68.58171569183469,100.0,100.0,0.0,0.0,100.0,0.0,100.0,0.0,0.37909723744002893,0.7516801315431529,0.37909723744002893,0.1709027625599711,0.0,0.0,0.0,0.0,-1.594768717532981
proposed_residual_safesac,4,256.66705756997635,120.25737274054467,256.66705756997635,10559.479695506063,0.0,0.0,3395.107095892271,321.5221955810163,1678.0,1678.0,100.0,1678.0,1.0,3325.6622099579927,0.4157077762447491,516.066060577253,516.066060577253,0.0,0.0,52.628540666091965,38.69764739647508,100.0,100.0,0.0,0.0,100.0,0.0,100.0,0.0,0.44051075062312905,0.8239296335780094,0.44051075062312905,0.10948924937687099,0.0,0.0,0.0,0.0,-1.2526809660473404
proposed_residual_safesac,4,195.35938667871906,122.53621853760632,195.35938667871906,8923.999454020399,0.0,0.0,3277.6514970368503,367.2850400680177,2333.3,2333.3,100.0,2333.3,1.0,3883.34598589045,0.48541824823630625,475.71573485620434,475.71573485620434,0.0,0.0,71.44608291673391,56.15440105897985,100.0,100.0,0.0,0.0,100.0,0.0,100.0,0.0,0.3911723127329427,0.9,0.3911723127329427,0.15882768726705737,5.208333333333334,0.0,5.208333333333334,0.0,-1.2764189431000659
proposed_residual_safesac,4,128.90324266597779,112.27231101033783,128.90324266597779,6410.419631418497,0.0,0.0,2531.714326950629,394.9373789107799,2325.2,2325.2,100.0,2325.2,1.0,3759.370066306854,0.46992125828835674,392.4322954822772,392.4322954822772,0.0,0.0,95.7822883560625,87.6004627905786,100.0,100.0,0.0,0.0,100.0,0.0,100.0,0.0,0.2928899260047723,0.7675685649702993,0.2928899260047723,0.25711007399522773,0.0,0.0,0.0,0.0,-1.169503239691019
proposed_residual_safesac,4,174.7761771425677,101.88096295464425,174.7761771425677,4713.758578816838,0.0,0.0,2263.1248453519984,480.1104697050579,2654.2000000000003,2654.2000000000003,99.99999999999999,2654.2000000000003,0.9999999999999999,3932.8321362861598,0.49160401703576995,326.6623364737717,326.6623364737717,0.0,0.0,81.72150264753743,72.65506612584768,100.0,100.0,0.0,0.0,100.0,0.0,100.0,0.0,0.3940258426852666,0.9,0.3940258426852666,0.15597415731473346,5.208333333333334,0.0,5.208333333333334,0.0,-1.0612600307775442
proposed_residual_safesac,4,433.9146160421621,198.08307595654688,433.9146160421621,9660.229087968462,0.0,0.0,5270.861005471497,545.6248456919311,2018.2,2018.2,100.0,2018.2,1.0,3129.4053394181874,0.39117566742727344,552.4086931367831,552.4086931367831,0.0,0.0,107.42620279592249,96.32312100739409,100.0,100.0,1.0,1.0,100.0,0.0,100.0,0.0,0.351548820776356,0.6973996508953543,0.3581195875367677,0.19188041246323234,0.0,8.333333333333332,0.0,8.333333333333332,-2.0633653745473635
proposed_residual_safesac,4,398.48095777503494,170.54681857276404,398.48095777503494,10184.089194990334,0.0,0.0,4810.444528805422,472.34901783575623,1613.6999999999998,1613.6999999999998,100.0,1613.6999999999998,1.0,3300.385670125875,0.4125482087657344,524.779969242591,524.779969242591,0.0,0.0,55.70767992188684,43.5761421918869,100.0,100.0,0.0,0.0,100.0,0.0,100.0,0.0,0.34333056127993805,0.7477540046862904,0.34349842239036743,0.20650157760963261,0.0,0.0,0.0,0.0,-1.7765293601329588
proposed_residual_safesac,4,459.07058088071255,194.62237881476318,459.07058088071255,10252.436026690591,0.0,0.0,5336.251156438065,520.4861695840852,1563.5,1563.5,100.0,1563.5,1.0,3267.7414061849877,0.4084676757731235,581.2490620607007,581.2490620607007,0.0,0.0,80.92592041305188,62.32753358781338,100.0,100.0,1.0,1.0,100.0,0.0,100.0,0.0,0.3414297917848018,0.7069722596021584,0.3414297917848018,0.20857020821519823,0.0,8.333333333333332,0.0,8.333333333333332,-2.0273164459871165
proposed_residual_safesac,4,356.02087760325355,151.97828828779717,356.02087760325355,10165.055747479813,0.0,0.0,4346.988323821165,427.64038209027024,1555.2,1555.2,100.0,1555.2,1.0,3235.263179638199,0.40440789745477485,488.5558323652326,488.5558323652326,0.0,0.0,62.93929674112368,46.46609928458929,100.0,100.0,0.0,0.0,100.0,0.0,100.0,0.0,0.42245257177338724,0.7661178308477453,0.4231047412664319,0.12689525873356816,0.0,0.0,0.0,0.0,-1.5831071696645538
proposed_residual_safesac,4,332.6574358383939,148.87232210978294,332.6574358383939,9931.064659812646,0.0,0.0,4393.875572954246,442.43751535871473,908.0,908.0,100.0,908.0,1.0,2361.186308429279,0.2951482885536599,487.404589155557,487.404589155557,0.0,0.0,53.02937242922119,37.33421554788947,100.0,100.0,0.0,0.0,100.0,0.0,100.0,0.0,0.38510606689078,0.6765272746422193,0.38510606689078,0.16489393310922007,0.0,0.0,0.0,0.0,-1.550753355310239
proposed_residual_safesac,4,248.28078208977072,143.0016713644358,248.28078208977072,7175.315092979411,0.0,0.0,3956.573006076606,551.4145309030207,1416.7,1416.7,100.0,1416.7,1.0,2647.9281900410524,0.33099102375513156,450.52490089874277,450.52490089874277,0.0,0.0,91.84883126950379,85.44642776250839,100.0,100.0,0.0,0.0,100.0,0.0,100.0,0.0,0.363131214580889,0.7123473772590547,0.363131214580889,0.18686878541911106,0.0,0.0,0.0,0.0,-1.4896007433795395
proposed_residual_safesac,4,265.635836342984,123.48832382332746,265.635836342984,5869.744780259145,0.0,0.0,3308.9926499162384,563.7370573665979,1177.4,1177.4,100.0,1177.4,1.0,2787.8776620961935,0.34848470776202417,330.5601717442547,330.5601717442547,0.0,0.0,69.24174161811365,55.81507124006748,100.0,100.0,0.0,0.0,100.0,0.0,100.0,0.0,0.3697791778844115,0.707607081217998,0.3697791778844115,0.18022082211558854,0.0,0.0,0.0,0.0,-1.2863367064929945
proposed_residual_safesac,4,467.25316939966285,203.03022180823575,467.25316939966285,10037.657201504295,0.0,0.0,5737.977591068138,571.6451036212131,1432.6,1432.6,100.0,1432.6,1.0,2365.83052362173,0.2957288154527163,558.8566936524744,558.8566936524744,0.0,0.0,100.26995608067556,88.82885517993911,100.0,100.0,1.0,1.0,100.0,0.0,100.0,0.0,0.37058580344200326,0.6600260128653093,0.38392074836180323,0.1660792516381968,0.0,8.333333333333332,0.0,8.333333333333332,-2.1148981438357892
proposed_residual_safesac,4,446.3568585538456,195.0966375123049,446.3568585538456,10233.399286226057,0.0,0.0,5780.898295124751,564.9049874273663,1354.2,1354.2,100.0,1354.2,1.0,3075.6053248632297,0.3844506656079037,559.6355985807734,559.6355985807734,0.0,0.0,62.91085603138311,49.95192755013704,100.0,100.0,0.0,0.0,100.0,0.0,100.0,0.0,0.34144248434816443,0.7212613880869357,0.3495031751446545,0.20049682485534553,0.0,0.0,0.0,0.0,-2.032256640753176
proposed_residual_safesac,4,394.64208910320315,184.7118133643384,394.64208910320315,10378.875931254424,0.0,0.0,5383.070280933234,518.6563859697876,1279.8000000000002,1279.8000000000002,100.0,1279.8000000000002,1.0,2884.3256451685957,0.36054070564607443,571.5775166593469,571.5775166593469,0.0,0.0,76.38406693193345,59.857325069606304,100.0,100.0,0.0,0.0,100.0,0.0,100.0,0.0,0.34750330106621685,0.6669984074247789,0.34750330106621685,0.2024966989337832,0.0,0.0,0.0,0.0,-1.9240813892118585
proposed_residual_safesac,4,368.2086941356991,153.29604680045628,368.2086941356991,10197.156092650084,0.0,0.0,4352.2901794476375,426.81411757388764,1652.3999999999999,1652.3999999999999,100.00000000000001,1652.3999999999999,1.0000000000000002,3354.8391212839497,0.4193548901604937,506.3112150967383,506.3112150967383,0.0,0.0,61.16549423547072,46.88146160915494,100.0,100.0,0.0,0.0,100.0,0.0,100.0,0.0,0.4271874492033843,0.8112780124372303,0.4271874492033843,0.12281255079661574,0.0,0.0,0.0,0.0,-1.5968338208380863
proposed_residual_safesac,4,169.1811081258104,106.63414975985052,169.1811081258104,9190.853589810002,0.0,0.0,2828.401030417306,307.74084286939194,2015.9,2015.9,100.0,2015.9,1.0,3661.7110997672717,0.45771388747090896,464.2257517345856,464.2257517345856,0.0,0.0,63.626150417981655,49.51209519058466,100.0,100.0,0.0,0.0,100.0,0.0,100.0,0.0,0.4148244580979105,0.8452055011028333,0.4236840677297823,0.12631593227021776,0.0,0.0,0.0,0.0,-1.1107723933317761
proposed_residual_safesac,4,182.30145310777402,102.85610785598737,182.30145310777402,7398.499047134528,0.0,0.0,2564.290423289417,346.59603345932413,1225.4,1225.4,100.0,1225.4,1.0,2456.390534458201,0.3070488168072751,409.4848493624651,409.4848493624651,0.0,0.0,71.47610261053111,62.7361754886806,100.0,100.0,0.0,0.0,100.0,0.0,100.0,0.0,0.3486827483610776,0.7174075663202765,0.3486827483610776,0.20131725163892245,0.0,0.0,0.0,0.0,-1.0714177901665352
proposed_residual_safesac,4,237.210266964717,112.54117133164172,237.210266964717,5590.727066170721,0.0,0.0,2902.8537912676406,519.226525800678,1398.4,1398.4,100.0,1398.4,1.0,2790.2841994467844,0.3487855249308481,342.66081648241965,342.66081648241965,0.0,0.0,69.90100640453734,63.40996194630861,100.0,100.0,0.0,0.0,100.0,0.0,100.0,0.0,0.3770379328008237,0.7607585394004286,0.3770379328008237,0.17296206719917634,0.0,0.0,0.0,0.0,-1.1723038680379345
proposed_residual_safesac,4,493.3535703521743,213.07556224580026,493.3535703521743,10157.615168493168,0.0,0.0,5943.780597172288,585.1551273185336,1187.9,1187.9,100.0,1187.9,1.0,2427.5916383127665,0.3034489547890958,564.4047834936421,564.4047834936421,0.0,0.0,102.77134175389394,91.33758077852967,100.0,100.0,1.0,1.0,100.0,0.0,100.0,0.0,0.3540261611491016,0.6414102771581089,0.3590045253357305,0.19099547466426953,0.0,8.333333333333332,0.0,8.333333333333332,-2.219537106727086
proposed_residual_safesac,4,492.0281994445254,202.81032584513252,492.0281994445254,10144.844770186406,0.0,0.0,5899.48675559445,581.5255816364798,1584.0,1584.0,100.0,1584.0,1.0,3368.567270022062,0.42107090875275777,571.3122349321752,571.3122349321752,0.0,0.0,64.53577354062682,53.860948514193296,100.0,100.0,0.0,0.0,100.0,0.0,100.0,0.0,0.3546508011150767,0.7724984572297302,0.35853460126917974,0.1914653987308203,0.0,0.0,0.0,0.0,-2.112607560886797
proposed_residual_safesac,4,423.9476018484194,188.78637021508302,423.9476018484194,9788.266327459258,0.0,0.0,5284.473830427886,539.8784272556239,2027.8999999999999,2027.8999999999999,100.0,2027.8999999999999,1.0,3695.9673274736533,0.4619959159342067,545.5755210321988,545.5755210321988,0.0,0.0,78.99657953510462,66.72507068142295,100.0,100.0,0.0,0.0,100.0,0.0,100.0,0.0,0.35309832611239245,0.7642716623093103,0.35309832611239245,0.1969016738876076,0.0,0.0,0.0,0.0,-1.9665246897404483
proposed_residual_safesac,4,346.0319199485466,162.2874351601045,346.0319199485466,10753.531041853736,0.0,0.0,4945.9504372126685,459.937337602186,757.2,757.2,100.0,757.2,1.0,2367.31325154914,0.29591415644364255,562.3945476910458,562.3945476910458,0.0,0.0,65.48355726602604,53.14765563234687,100.0,100.0,0.0,0.0,100.0,0.0,100.0,0.0,0.40155960832178444,0.6441045500702466,0.40155960832178444,0.1484403916782156,0.0,0.0,0.0,0.0,-1.6904941162510887
proposed_residual_safesac,4,275.9665767894463,132.08784399955735,275.9665767894463,10194.724317293918,0.0,0.0,3857.355016310339,378.36776123184404,819.0,819.0,100.0,819.0,1.0,2682.9091178215945,0.3353636397276993,479.9553680189144,479.9553680189144,0.0,0.0,56.85320377155724,40.90169947594404,100.0,100.0,0.0,0.0,100.0,0.0,100.0,0.0,0.41183384356950353,0.7315344615924557,0.41880049808414077,0.13119950191585927,0.0,0.0,0.0,0.0,-1.3759150416620558
proposed_residual_safesac,4,208.66229223660662,129.43368365131147,208.66229223660662,7878.225072835932,0.0,0.0,3878.299188182833,492.2808313201387,700.5,700.5,100.0,700.5,1.0,1999.260538446912,0.249907567305864,486.8042379245239,486.8042379245239,0.0,0.0,78.15481632137305,74.04527561739087,100.0,100.0,0.0,0.0,100.0,0.0,100.0,0.0,0.38761161259141963,0.6821243240535748,0.38761161259141963,0.16238838740858041,0.0,0.0,0.0,0.0,-1.3482675380344944
proposed_residual_safesac,4,237.1794520378506,118.32247319105757,237.1794520378506,6096.718161434981,0.0,0.0,3263.667050696748,535.3153884234301,940.7,940.7,100.0,940.7,1.0,2387.0997756721563,0.29838747195901955,319.5812195063116,319.5812195063116,0.0,0.0,69.15925943597851,59.573501255363226,100.0,100.0,0.0,0.0,100.0,0.0,100.0,0.0,0.36800406233569544,0.706949887521526,0.36800406233569544,0.1819959376643046,0.0,0.0,0.0,0.0,-1.2325257624068497
proposed_residual_safesac,4,490.35955616253204,211.91408220882445,490.35955616253204,11046.208074970262,0.0,0.0,6279.578402401725,568.4827191179477,715.9,715.9,100.0,715.9,1.0,1849.5703203278108,0.23119629004097636,580.2868977265175,580.2868977265175,0.0,0.0,108.89897138746291,96.96307703852654,100.0,100.0,0.0,0.0,100.0,0.0,100.0,0.0,0.419937983127512,0.6110483033878868,0.43811826463528236,0.11188173536471768,0.0,0.0,0.0,0.0,-2.2074383563419215
proposed_residual_safesac,4,584.5781067173714,223.28995947745108,584.5781067173714,10989.492398076938,0.0,0.0,6648.158228411946,604.9558967414467,628.5,628.5,100.0,628.5,1.0,2336.5086756881083,0.29206358446101355,602.8995517531755,602.8995517531755,0.0,0.0,76.91219766447239,61.4180164411664,100.0,100.0,0.0,0.0,100.0,0.0,100.0,0.0,0.3730521352621278,0.6723249934178842,0.388847740814249,0.16115225918575105,0.0,0.0,0.0,0.0,-2.3259370778901154
proposed_residual_safesac,4,454.71590520202176,194.16911903168295,454.71590520202176,10595.097875339052,0.0,0.0,5614.794518069069,529.9426757668713,1100.6999999999998,1100.6999999999998,100.0,1100.6999999999998,1.0,2684.9014605903258,0.33561268257379073,573.7716337865636,573.7716337865636,0.0,0.0,82.19042845750448,66.69611567631364,100.0,100.0,0.0,0.0,100.0,0.0,100.0,0.0,0.36857304391508394,0.6988087687031476,0.36857304391508394,0.1814269560849161,0.0,0.0,0.0,0.0,-2.022594989913364
proposed_residual_safesac,4,522.9184917630417,217.09880983519975,522.9184917630417,10761.52304266439,0.0,0.0,6397.0402998015,594.4363334483637,656.3,656.3,100.0,656.3,1.0,2546.2179253923096,0.3182772406740387,599.710037864264,599.710037864264,0.0,0.0,78.64248670972455,61.60562681034207,100.0,100.0,1.0,1.0,100.0,0.0,100.0,0.0,0.34105786181506387,0.6669070833566478,0.34105786181506387,0.20894213818493618,0.0,8.333333333333332,0.0,8.333333333333332,-2.2614459357833305
proposed_residual_safesac,4,423.208733678229,190.8476607372964,423.208733678229,10150.392581476537,0.0,0.0,5794.5131379200175,570.8659139444942,615.2,615.2,100.0,615.2,1.0,2462.3922335139277,0.30779902918924096,509.6700463658397,509.6700463658397,0.0,0.0,71.89170649105353,52.443762961775064,100.0,100.0,0.0,0.0,100.0,0.0,100.0,0.0,0.3695618315175896,0.670557235894068,0.3695618315175896,0.18043816848241045,0.0,0.0,0.0,0.0,-1.987996466013504
proposed_residual_safesac,4,306.7610098154585,152.6944613401617,306.7610098154585,7567.442206342492,0.0,0.0,4282.603808511562,565.9248781473599,1260.8,1260.8,100.0,1260.8,1.0,2523.276620351621,0.31540957754395266,443.3904349953848,443.3904349953848,0.0,0.0,89.92894105459811,84.16946846991777,100.0,100.0,0.0,0.0,100.0,0.0,100.0,0.0,0.38153067189280104,0.7008189881996699,0.38153067189280104,0.168469328107199,0.0,0.0,0.0,0.0,-1.5905673056266842
proposed_residual_safesac,4,257.72224551938734,118.57440381793421,257.72224551938734,6142.695266924387,0.0,0.0,3055.0807803004946,497.3518378407458,773.1,773.1,100.0,773.1,1.0,2473.634782438193,0.3092043478047741,335.09066636606696,335.09066636606696,0.0,0.0,72.36577478420887,56.64359852671623,100.0,100.0,0.0,0.0,100.0,0.0,100.0,0.0,0.3555030616731864,0.6772933540392616,0.3555030616731864,0.19449693832681364,0.0,0.0,0.0,0.0,-1.235150039770148
proposed_residual_safesac,4,468.2328307047772,190.8177671510461,468.2328307047772,10824.984347135874,0.0,0.0,5090.9443406216,470.29576924687063,725.6,725.6,100.0,725.6,1.0,1812.4520995729235,0.22655651244661545,585.89803246729,585.89803246729,0.0,0.0,110.64029174804082,99.80954276397824,100.0,100.0,0.0,0.0,100.0,0.0,100.0,0.0,0.3674142079130067,0.6112745962064889,0.3863478347374449,0.16365216526255516,0.0,0.0,0.0,0.0,-1.9876850744900636
proposed_residual_safesac,4,531.4088565625483,200.87184584998374,531.4088565625483,11005.920348756163,0.0,0.0,5788.461090625573,525.9406671319184,601.9,601.9,100.0,601.9,1.0,2410.5172398340574,0.3013146549792572,579.3981474162506,579.3981474162506,0.0,0.0,72.18999324739167,58.736768178641796,100.0,100.0,0.0,0.0,100.0,0.0,100.0,0.0,0.36912055577432334,0.6889060986303795,0.38467095619991254,0.1653290438000875,0.0,0.0,0.0,0.0,-2.0924150609373307
proposed_residual_safesac,4,480.0206040845763,190.4459972498972,480.0206040845763,10565.662761390562,0.0,0.0,5319.20669316997,503.442785681899,1402.6000000000001,1402.6000000000001,99.99999999999999,1402.6000000000001,0.9999999999999999,2995.24036003594,0.37440504500449245,583.2048662712909,583.2048662712909,0.0,0.0,79.07333380078154,63.93670225515962,100.0,100.0,0.0,0.0,100.0,0.0,100.0,0.0,0.3747357521580356,0.7292941693794226,0.3747357521580356,0.17526424784196443,0.0,0.0,0.0,0.0,-1.9838124713530958
proposed_residual_safesac,4,434.7061781114776,182.25598587368023,434.7061781114776,11110.818092155228,0.0,0.0,5444.259535541091,489.9962802365561,497.19999999999993,497.19999999999993,100.0,497.19999999999993,1.0,2301.6379595829494,0.2877047449478687,592.8730572389782,592.8730572389782,0.0,0.0,68.201786852362,54.04647318646312,100.0,100.0,0.0,0.0,100.0,0.0,100.0,0.0,0.37183106622117534,0.6571108185728711,0.37183106622117534,0.1781689337788247,0.0,0.0,0.0,0.0,-1.8984998528508357
proposed_residual_safesac,4,401.3906634656904,177.00473742937635,401.3906634656904,10582.58164561163,0.0,0.0,5330.216979798317,503.6783233331957,649.0999999999999,649.0999999999999,100.0,649.0999999999999,1.0,2426.91590380815,0.3033644879760187,516.5558719287751,516.5558719287751,0.0,0.0,69.47322433014347,49.67835070565343,100.0,100.0,0.0,0.0,100.0,0.0,100.0,0.0,0.3991705750067077,0.6763070509937595,0.4024136953784334,0.14758630462156663,0.0,0.0,0.0,0.0,-1.8437993482226702
proposed_residual_safesac,4,313.1536992317284,151.62573951343563,313.1536992317284,8518.240239488545,0.0,0.0,4374.199864418151,513.5098026632774,405.4,405.4,100.0,405.4,1.0,1928.1883911133702,0.24102354888917127,497.2168857508273,497.2168857508273,0.0,0.0,80.80375682343752,71.86238439753652,100.0,100.0,0.0,0.0,100.0,0.0,100.0,0.0,0.3612215924350878,0.6339023482543942,0.3612215924350878,0.18877840756491227,0.0,0.0,0.0,0.0,-1.5794347865982878
proposed_residual_safesac,4,284.9919598937514,125.08132083055483,284.9919598937514,6711.792513378825,0.0,0.0,3375.160002762592,502.8701343247397,584.7,584.7,100.0,584.7,1.0,2147.219434340469,0.26840242929255864,392.35823629479006,392.35823629479006,0.0,0.0,75.10848970051242,63.212055433541536,100.0,100.0,0.0,0.0,100.0,0.0,100.0,0.0,0.38324574654235344,0.6953218352328063,0.38324574654235344,0.1667542534576466,0.0,0.0,0.0,0.0,-1.3029304253182794
proposed_residual_safesac,4,540.8852337362898,219.98446303383625,540.8852337362898,11174.213023976397,0.0,0.0,5903.621691496289,528.3255007604514,733.5,733.5,100.0,733.5,1.0,2387.936784669599,0.29849209808369986,618.6225229707613,618.6225229707613,0.0,0.0,105.70176435321048,94.01609223079167,100.0,100.0,1.0,1.0,100.0,0.0,100.0,0.0,0.3032617533902457,0.6477828145404694,0.33388055047084614,0.2161194495291539,0.0,8.333333333333332,0.0,8.333333333333332,-2.2915048232691277
proposed_residual_safesac,4,645.1454122154995,245.44649337836972,645.1454122154995,11952.100860305296,0.0,0.0,7539.262097463966,630.7896984456495,433.79999999999995,433.79999999999995,100.0,433.79999999999995,1.0,2217.6372269310723,0.27720465336638406,643.3178116224215,643.3178116224215,0.0,0.0,74.99022482789508,59.968896582722664,100.0,100.0,0.0,0.0,100.0,0.0,100.0,0.0,0.3819217915262181,0.6650311447798443,0.4086409218985821,0.14135907810141796,0.0,0.0,0.0,0.0,-2.5567343060246848
proposed_residual_safesac,4,628.369727759661,245.25328707970772,628.369727759661,12339.698476495581,0.0,0.0,7363.878218983063,596.7632218088339,384.09999999999997,384.09999999999997,100.00000000000001,384.09999999999997,1.0000000000000002,2024.7873829334858,0.2530984228666857,657.6476541730508,657.6476541730508,0.0,0.0,92.78683655548157,80.38081945851445,100.0,100.0,0.0,0.0,100.0,0.0,100.0,0.0,0.39883016983216407,0.6281444931081988,0.41290643645865677,0.13709356354134328,0.0,0.0,0.0,0.0,-2.554721740413622
proposed_residual_safesac,4,519.0126415182531,210.990262412656,519.0126415182531,11779.34812855367,0.0,0.0,6391.8195779019225,542.6293126024405,593.2,593.2,100.0,593.2,1.0,2552.331014409204,0.31904137680115047,592.7467130155175,592.7467130155175,0.0,0.0,79.68531788914595,64.31422187015414,100.0,100.0,0.0,0.0,100.0,0.0,100.0,0.0,0.42018149169456354,0.7378243750397971,0.42018149169456354,0.1298185083054365,0.0,0.0,0.0,0.0,-2.1978152334651666
proposed_residual_safesac,4,329.9178909967761,145.67742351985555,329.9178909967761,11006.109882692866,0.0,0.0,4260.761536929547,387.1269306178384,950.6000000000001,950.6000000000001,100.0,950.6000000000001,1.0,2816.111058274544,0.352013882284318,509.73358074481774,509.73358074481774,0.0,0.0,59.41305543913261,42.20238123089075,100.0,100.0,0.0,0.0,100.0,0.0,100.0,0.0,0.4270409549643558,0.7601374683396819,0.42977248843791477,0.12022751156208528,0.0,0.0,0.0,0.0,-1.517473161665162
proposed_residual_safesac,4,290.58474440529994,147.11171677399358,290.58474440529994,8561.136357734085,0.0,0.0,4329.9038093308845,505.7627432156564,767.5,767.5,100.0,767.5,1.0,2203.0317848543955,0.27537897310679943,498.4011137731406,498.4011137731406,0.0,0.0,79.75004645769246,74.49262030422688,100.0,100.0,0.0,0.0,100.0,0.0,100.0,0.0,0.3916832618675229,0.6932592697929195,0.3916832618675229,0.15831673813247715,0.0,0.0,0.0,0.0,-1.5324137163957665
proposed_residual_safesac,4,384.6544459577019,157.36755687366332,384.6544459577019,7339.153555042607,0.0,0.0,4581.94030279533,624.3145436910987,278.4,278.4,100.0,278.4,1.0,2081.5112203660265,0.26018890254575333,400.85637330734784,400.85637330734784,0.0,0.0,72.80119834702725,57.34316119924188,100.0,100.0,0.0,0.0,100.0,0.0,100.0,0.0,0.3915844336829961,0.6472342086316113,0.3915844336829961,0.15841556631700393,0.0,0.0,0.0,0.0,-1.6392453841006596
proposed_residual_safesac,4,577.5046245013694,239.56704035364245,577.5046245013694,12186.232771869722,0.0,0.0,6843.4454589109555,561.5718644984468,447.20000000000005,447.20000000000005,100.0,447.20000000000005,1.0,2299.246544212233,0.2874058180265291,650.1566763985236,650.1566763985236,0.0,0.0,107.4422670839369,97.02418518652367,100.0,100.0,1.0,1.0,100.0,0.0,100.0,0.0,0.34511249429185986,0.6563294675306334,0.3808306391139135,0.16916936088608653,0.0,8.333333333333332,0.0,8.333333333333332,-2.4954900036837757
proposed_residual_safesac,4,498.70799121377445,199.32736342348792,498.70799121377445,12701.059187043438,0.0,0.0,5877.46823513382,462.7541804646909,329.9,329.9,100.0,329.9,1.0,2381.255529952586,0.29765694124407327,673.2870271092739,673.2870271092739,0.0,0.0,70.79666237076846,57.28302430361509,100.0,100.0,0.0,0.0,100.0,0.0,100.0,0.0,0.35836972881477996,0.6782391785510073,0.3800722607171943,0.16992773928280575,0.0,0.0,0.0,0.0,-2.076326702327999
proposed_residual_safesac,4,397.6202857597983,170.31041461424698,397.6202857597983,12649.895400698882,0.0,0.0,4565.185973826257,360.88725078106495,496.1,496.1,100.0,496.1,1.0,2463.6551799414015,0.3079568974926752,676.4698656123257,676.4698656123257,0.0,0.0,87.63879070604138,74.26693496963975,100.0,100.0,1.0,1.0,100.0,0.0,100.0,0.0,0.3632021817335412,0.6772928781460451,0.3711802705672035,0.17881972943279656,0.0,16.666666666666664,0.0,16.666666666666664,-1.7740668188984061
proposed_residual_safesac,4,525.5478457240025,195.00725767281756,525.5478457240025,12627.272925408866,0.0,0.0,5508.051400272886,436.2027678351252,614.3000000000001,614.3000000000001,100.0,614.3000000000001,1.0,2726.136217587743,0.34076702719846785,638.2975587509362,638.2975587509362,0.0,0.0,69.84119223003827,56.366408709436655,100.0,100.0,1.0,1.0,100.0,0.0,100.0,0.0,0.38048697219838584,0.7303500283013982,0.38048697219838584,0.1695130278016142,0.0,6.25,0.0,6.25,-2.031325600758516
proposed_residual_safesac,4,487.98934949426825,208.43832589899128,487.98934949426825,11485.961649654979,0.0,0.0,6367.314398584716,554.3562300485289,935.5,935.5,100.0,935.5,1.0,2737.7897305355837,0.342223716316948,576.5460983937008,576.5460983937008,0.0,0.0,76.13595140828978,60.44981125742197,100.0,100.0,0.0,0.0,100.0,0.0,100.0,0.0,0.39923565964991725,0.7362011003599539,0.39923565964991725,0.1507643403500828,0.0,0.0,0.0,0.0,-2.171232561447826
proposed_residual_safesac,4,406.1599259801354,181.56267084028684,406.1599259801354,9533.923979665818,0.0,0.0,5579.510987599443,585.2271320286964,426.29999999999995,426.29999999999995,100.0,426.29999999999995,1.0,1857.9875675034768,0.23224844593793462,503.8439464585861,503.8439464585861,0.0,0.0,82.84447203810356,73.22305655106902,100.0,100.0,0.0,0.0,100.0,0.0,100.0,0.0,0.4128562782895005,0.6232666359557402,0.4128562782895005,0.13714372171049954,0.0,0.0,0.0,0.0,-1.891277821252988
proposed_residual_safesac,4,341.64212348145657,139.9471493171814,341.64212348145657,7364.88973467917,0.0,0.0,3830.367036015697,520.0847770985068,616.6,616.6,100.0,616.6,1.0,2341.884581823778,0.29273557272797224,387.25200074726445,387.25200074726445,0.0,0.0,74.6104162469893,62.72639986127615,100.0,100.0,0.0,0.0,100.0,0.0,100.0,0.0,0.395059263327995,0.7150926850741738,0.395059263327995,0.15494073667200503,0.0,0.0,0.0,0.0,-1.4577828053873063
proposed_residual_safesac,4,630.74249174091,247.4195445220949,630.74249174091,12399.697019144995,0.0,0.0,6747.371377990431,544.1561489423947,679.0,679.0,100.0,679.0,1.0,2666.045986766183,0.3332557483457729,665.4437211936003,665.4437211936003,0.0,0.0,110.99194392434242,101.787006071526,100.0,100.0,1.0,1.0,100.0,0.0,100.0,0.0,0.3142861415179429,0.6748210163947501,0.3598552143442924,0.19014478565570764,0.0,8.333333333333332,0.0,8.333333333333332,-2.5772869221051553
proposed_residual_safesac,4,612.5061227765822,230.65768805302451,612.5061227765822,12564.347555631011,0.0,0.0,6811.294495098009,542.1128685703512,1164.1000000000001,1164.1000000000001,100.0,1164.1000000000001,1.0,3216.829870891896,0.402103733861487,670.5781416058585,670.5781416058585,0.0,0.0,71.00747631132738,58.46284432336688,100.0,100.0,0.0,0.0,100.0,0.0,100.0,0.0,0.387877002520878,0.7896490639365822,0.40909563456724046,0.14090436543275958,0.0,0.0,0.0,0.0,-2.4026842505523387
proposed_residual_safesac,4,532.4739968071945,225.48783283477394,532.4739968071945,12897.542636098107,0.0,0.0,6312.164233297195,489.4082858567556,916.3,916.3,100.0,916.3,1.0,3073.993819645908,0.3842492274557385,676.4698656123257,676.4698656123257,0.0,0.0,84.47609750853022,67.62406358178721,100.0,100.0,1.0,1.0,100.0,0.0,100.0,0.0,0.29709218386410924,0.6838377754452212,0.31915066275434795,0.2308493372456521,0.0,25.0,0.0,25.0,-2.3488315920288954
proposed_residual_safesac,4,409.2955665324317,165.8475919223156,409.2955665324317,13160.219767007355,0.0,0.0,4738.164580332753,360.03688876163926,617.4000000000001,617.4000000000001,100.0,617.4000000000001,1.0,2769.0448268202513,0.34613060335253143,676.4698656123257,676.4698656123257,0.0,0.0,70.1917452382332,55.87881774883249,100.0,100.0,1.0,1.0,100.0,0.0,100.0,0.0,0.41705218435123176,0.7521713359556278,0.43508314967505524,0.11491685032494481,0.0,11.458333333333332,0.0,11.458333333333332,-1.7275790825241206
proposed_residual_safesac,4,327.40789450907937,135.4652748905924,327.40789450907937,12755.61319895674,0.0,0.0,4089.8996426507338,320.6352825895692,380.0,380.0,100.0,380.0,1.0,2415.121602834881,0.3018902003543601,589.3775438267038,589.3775438267038,0.0,0.0,48.67570021283002,33.61750040203333,100.0,100.0,0.0,0.0,100.0,0.0,100.0,0.0,0.46419771859127107,0.7483515981188842,0.47904892416300693,0.07095107583699312,0.0,0.0,0.0,0.0,-1.4110966134436709
proposed_residual_safesac,4,15.819536865698527,92.3474477726698,15.819536865698527,9666.220350125479,0.0,0.0,2575.1696610737667,266.4091617816614,476.1,476.1,100.0,476.1,1.0,2693.4543885457274,0.33668179856821595,567.6846406535742,567.6846406535742,0.0,0.0,93.89029760393812,86.83546492829919,100.0,100.0,0.0,0.0,100.0,0.0,100.0,0.0,0.38293106873538213,0.7749343934150622,0.38293106873538213,0.16706893126461791,0.0,0.0,0.0,0.0,-0.9619525809653103
proposed_residual_safesac,4,199.85266315970102,109.61449484935319,199.85266315970102,7627.4927360216325,0.0,0.0,2900.9520371870626,380.32839067640316,584.2,584.2,100.0,584.2,1.0,2362.5651781382458,0.29532064726728074,482.7166085530003,482.7166085530003,0.0,0.0,74.88720872227303,63.73340720310807,100.0,100.0,0.0,0.0,100.0,0.0,100.0,0.0,0.4110987190400831,0.7769078458951469,0.4110987190400831,0.13890128095991694,0.0,0.0,0.0,0.0,-1.1418176546807624
proposed_residual_safesac,4,499.418750532385,219.56386458023135,499.418750532385,12660.72336346281,0.0,0.0,5680.569052365042,448.6765004879911,890.2,890.2,100.0,890.2,1.0,2813.4846068685215,0.3516855758585652,676.4698656123257,676.4698656123257,0.0,0.0,113.20904676477059,102.28932967980319,100.0,100.0,1.0,1.0,100.0,0.0,100.0,0.0,0.27359634067073446,0.6766727370715336,0.3098777806698543,0.24012221933014577,0.0,12.5,0.0,12.5,-2.28712358937741
proposed_residual_safesac,4,572.0421451203847,234.59131236470859,572.0421451203847,14028.968495751598,0.0,0.0,7170.196328239121,511.0993249725007,424.4,424.4,100.0,424.4,1.0,2536.06064039131,0.3170075800489137,676.4698656123257,676.4698656123257,0.0,0.0,68.03651600121724,57.51424039014509,100.0,100.0,0.0,0.0,100.0,0.0,100.0,0.0,0.35351035943732634,0.6946523940147409,0.38185034430096265,0.1681496556990374,0.0,28.125,0.0,28.125,-2.4436595037990476
proposed_residual_safesac,4,614.2218815925004,254.28701765115434,614.2218815925004,13901.391594863726,0.0,0.0,7063.724403251163,508.1307403685442,328.1,328.1,100.0,328.1,1.0,2812.047035188205,0.3515058793985256,676.4698656123257,676.4698656123257,0.0,0.0,80.74336071895887,63.455628691460994,100.0,100.0,1.0,1.0,100.0,0.0,100.0,0.0,0.25004951571220935,0.6760950486596325,0.2918232737426802,0.25817672625731986,0.0,32.29166666666667,0.0,32.29166666666667,-2.6488231005328577
proposed_residual_safesac,4,517.5520183437028,212.2797217602722,517.5520183437028,13832.198852322232,0.0,0.0,6415.956679964362,463.8421373538317,335.9,335.9,100.0,335.9,1.0,2480.901797591593,0.3101127246989491,676.4698656123257,676.4698656123257,0.0,0.0,72.99072167868401,58.89010441819204,100.0,100.0,1.0,1.0,100.0,0.0,100.0,0.0,0.39000617502142537,0.7376208015046728,0.39000617502142537,0.15999382497857467,0.0,21.875,0.0,21.875,-2.211247101669502
proposed_residual_safesac,4,295.8528077492752,140.4287569588655,295.8528077492752,13550.839462143816,0.0,0.0,4298.230463402011,317.19292929487693,444.3,444.3,100.0,444.3,1.0,2397.6036774622703,0.2997004596827838,645.0848069072932,645.0848069072932,0.0,0.0,65.23120495349929,50.233149249106646,100.0,100.0,0.0,0.0,100.0,0.0,100.0,0.0,0.43728853170253895,0.7029553452888664,0.4583325068548912,0.09166749314510886,0.0,0.0,0.0,0.0,-1.462799551654849
proposed_residual_safesac,4,129.7462182456546,109.36964000755148,129.7462182456546,10398.127270612107,0.0,0.0,2927.860758947395,281.5757763633374,558.0,558.0,100.0,558.0,1.0,2880.4193112971507,0.3600524139121438,597.4706381593273,597.4706381593273,0.0,0.0,93.16570976013519,85.49906043335795,100.0,100.0,0.0,0.0,100.0,0.0,100.0,0.0,0.42973998942143393,0.8232351502425084,0.42973998942143393,0.12026001057856611,0.0,0.0,0.0,0.0,-1.1392670834119947
proposed_residual_safesac,4,330.5769546904047,138.76410874096007,330.5769546904047,8095.540388299518,0.0,0.0,3896.6107805031597,481.3280637985489,555.5999999999999,555.5999999999999,100.0,555.5999999999999,1.0,2202.5544474074795,0.27531930592593495,504.4921391376145,504.4921391376145,0.0,0.0,70.57888130679942,63.31635173410177,100.0,100.0,0.0,0.0,100.0,0.0,100.0,0.0,0.41879101534081437,0.7503167633725989,0.41879101534081437,0.13120898465918568,0.0,0.0,0.0,0.0,-1.4454594660516673
proposed_residual_safesac,4,492.004081689572,293.077566493261,492.004081689572,13637.35107364739,0.0,0.0,6046.180889238638,443.354494328608,659.9,659.9,100.0,659.9,1.0,3045.8841664801275,0.38073552081001594,952.3276157533572,952.3276157533572,7.0,191.59038295231414,124.14520930496768,109.97917228648832,100.0,100.0,1.0,1.0,100.0,0.0,100.0,0.0,0.2,0.6590583074108739,0.23996475774095358,0.31003524225904644,5.208333333333334,27.083333333333332,5.208333333333334,27.083333333333332,-3.052891317638135
proposed_residual_safesac,4,595.0418983625696,239.3932959244333,595.0418983625696,14458.836340037089,0.0,0.0,7202.922492981241,498.1675097211014,601.0,601.0,100.0,601.0,1.0,2864.9837135957378,0.3581229641994672,676.4698656123257,676.4698656123257,0.0,0.0,67.70309298958422,57.27231808030418,100.0,100.0,0.0,0.0,100.0,0.0,100.0,0.0,0.34792211207892637,0.7615066135131016,0.37551373041799874,0.1744862695820013,0.0,32.29166666666667,0.0,32.29166666666667,-2.4936801658795136
proposed_residual_safesac,4,494.704612695101,219.2025267499197,494.704612695101,14178.74624316748,0.0,0.0,6237.003523368228,439.8839937186791,841.8,841.8,100.0,841.8,1.0,3231.7152059989303,0.4039644007498663,676.4698656123257,676.4698656123257,0.0,0.0,83.95538192190034,70.14428535858757,100.0,100.0,0.0,0.0,100.0,0.0,100.0,0.0,0.29685250668865376,0.7634729844920694,0.3311128843313143,0.21888711566868574,0.0,29.166666666666668,0.0,29.166666666666668,-2.283359653644997
proposed_residual_safesac,4,426.45817569122573,189.73293201490787,426.45817569122573,14503.081425291974,0.0,0.0,5768.390804859998,397.7355318987923,547.9,547.9,100.0,547.9,1.0,2839.5073478221657,0.3549384184777707,676.4698656123257,676.4698656123257,0.0,0.0,69.6260094495085,58.6303923085552,100.0,100.0,0.0,0.0,100.0,0.0,100.0,0.0,0.4031915092430162,0.744991505247461,0.41032596742988003,0.13967403257012,0.0,32.29166666666667,0.0,32.29166666666667,-1.9763847084886237
proposed_residual_safesac,4,396.4589283341928,192.82458567174717,396.4589283341928,13661.042331487402,0.0,0.0,6269.828360578497,458.95680640174425,623.5,623.5,100.0,623.5,1.0,2551.6525021901334,0.31895656277376666,673.0023403220407,673.0023403220407,0.0,0.0,72.5962430649344,59.637684281915426,100.0,100.0,0.0,0.0,100.0,0.0,100.0,0.0,0.44418213085755154,0.7451112439261216,0.44418213085755154,0.1058178691424485,0.0,0.0,0.0,0.0,-2.0085894340806996
proposed_residual_safesac,4,280.2244086335477,158.27764445899038,280.2244086335477,10771.60371312398,0.0,0.0,4919.036729079597,456.66707206154524,314.4,314.4,100.0,314.4,1.0,2043.375939977066,0.25542199249713327,585.245065979746,585.245065979746,0.0,0.0,92.54759618664083,85.27364619076252,100.0,100.0,0.0,0.0,100.0,0.0,100.0,0.0,0.42392365518964137,0.6976969381985387,0.42392365518964137,0.12607634481035868,0.0,0.0,0.0,0.0,-1.6487254631144832
proposed_residual_safesac,4,199.1428640259569,114.61992478613074,199.1428640259569,8369.095383322143,0.0,0.0,3225.3566915204324,385.3889272128376,328.3,328.3,100.0,328.3,1.0,2195.2486832047375,0.2744060854005922,514.3781642599849,514.3781642599849,0.0,0.0,74.87999311245382,65.91945737600327,100.0,100.0,0.0,0.0,100.0,0.0,100.0,0.0,0.42138491071725875,0.7568103417176206,0.42138491071725875,0.1286150892827413,0.0,0.0,0.0,0.0,-1.1939575498555286
proposed_residual_safesac,4,333.6944432862953,246.8250622957595,333.6944432862953,13895.81290257341,0.0,0.0,6115.648704687423,440.10730049156365,372.8,372.8,100.0,372.8,1.0,2495.979307042481,0.3119974133803102,676.4698656123257,676.4698656123257,0.0,0.0,117.40849819303159,110.47648897106141,100.0,100.0,0.0,0.0,100.0,0.0,100.0,0.0,0.21391964398460514,0.6137174194934258,0.24959556924807047,0.3004044307519296,0.0,27.083333333333332,0.0,27.083333333333332,-2.5710943989141612
proposed_residual_safesac,4,416.34524793519597,230.09896871445298,416.34524793519597,14698.86756219233,0.0,0.0,7404.276560064523,503.7310887207,265.6,265.6,100.0,265.6,1.0,2916.8208575108656,0.3646026071888582,676.4698656123257,676.4698656123257,0.0,0.0,69.9879332445757,56.04562822411225,100.0,100.0,0.0,0.0,100.0,0.0,100.0,0.0,0.3053807271531498,0.7447454596090256,0.3461980446388193,0.20380195536118073,0.0,35.41666666666667,0.0,35.41666666666667,-2.3968642574422185
proposed_residual_safesac,4,498.5599214377299,259.0631614226827,498.5599214377299,14537.387069218734,0.0,0.0,8360.251384526844,575.0862479426394,541.3,541.3,100.0,541.3,1.0,2962.4978434917093,0.37031223043646366,676.4698656123257,676.4698656123257,0.0,0.0,80.26854721949921,65.29748119051457,100.0,100.0,0.0,0.0,100.0,0.0,100.0,0.0,0.3013743041139879,0.723461959712799,0.3424609093272054,0.20753909067279463,0.0,31.25,0.0,31.25,-2.6985745981529448
proposed_residual_safesac,4,551.6448529295997,258.32901878969574,551.6448529295997,14352.880252619983,0.0,0.0,8313.309522088131,579.2084498559525,414.8,414.8,100.0,414.8,1.0,2594.591083403768,0.324323885425471,676.4698656123257,676.4698656123257,0.0,0.0,80.64649594825687,64.5678919758599,100.0,100.0,0.0,0.0,100.0,0.0,100.0,0.0,0.3554957135110111,0.7312412301300866,0.3554957135110111,0.19450428648898893,0.0,30.208333333333332,0.0,30.208333333333332,-2.6909272790593306
proposed_residual_safesac,4,471.9590002738031,232.61814383426355,471.9590002738031,13578.813908392789,0.0,0.0,7653.7242553059305,563.6518997123393,717.4,717.4,100.0,717.4,1.0,2543.5650085186353,0.3179456260648294,675.2417864042237,675.2417864042237,0.0,0.0,84.31563999458079,68.86446950957179,100.0,100.0,0.0,0.0,100.0,0.0,100.0,0.0,0.42127065184898177,0.7288518125593398,0.42362735429824183,0.1263726457017582,0.0,0.0,0.0,0.0,-2.423105664940245
proposed_residual_safesac,4,299.143610656938,164.67372696176898,299.143610656938,10261.128662228715,0.0,0.0,4779.487738295753,465.7857722697776,1087.2,1087.2,100.0,1087.2,1.0,2874.2035311669706,0.3592754413958713,554.2675424778813,554.2675424778813,0.0,0.0,99.66033841564887,94.76817790418863,100.0,100.0,0.0,0.0,100.0,0.0,100.0,0.0,0.40913683315268123,0.7947565730949376,0.40913683315268123,0.1408631668473188,0.0,0.0,0.0,0.0,-1.715351322518427
proposed_residual_safesac,4,190.37340259031885,107.48961270105538,190.37340259031885,7639.321647932894,0.0,0.0,2663.3084290682505,348.6315345537138,1053.8000000000002,1053.8000000000002,100.0,1053.8000000000002,1.0,3014.274201882351,0.3767842752352939,486.7497890196155,486.7497890196155,0.0,0.0,79.65323478680169,71.91061405465007,100.0,100.0,0.0,0.0,100.0,0.0,100.0,0.0,0.40529459861896283,0.8431122120375957,0.40529459861896283,0.1447054013810372,0.0,0.0,0.0,0.0,-1.1196834656359935
proposed_residual_safesac,4,493.4624115876318,306.0159580912368,493.4624115876318,14021.553907800037,0.0,0.0,6494.476108716604,463.1780579685821,0.0,0.0,,0.0,,2216.8927650221417,0.2771115956277677,867.4671701738871,867.4671701738871,8.0,223.54869588905925,133.81562375369123,125.41746064871263,100.0,100.0,0.0,0.0,100.0,0.0,100.0,0.0,0.2,0.551849333767652,0.24851825377771652,0.3014817462222835,7.291666666666667,22.916666666666664,7.291666666666667,22.916666666666664,-3.1876662301170504
proposed_residual_safesac,5,456.31778170513405,197.53158860859224,456.31778170513405,10694.705681165975,0.0,0.0,5233.65954774795,489.3691985338821,1584.7,1584.7,100.0,1584.7,1.0,2325.537761433114,0.29069222017913926,613.8711912692802,613.8711912692802,0.0,0.0,120.30449573137388,110.09143507108092,100.0,100.0,0.0,0.0,100.0,0.0,100.0,0.0,0.3501500022601346,0.6503764408924105,0.4023532265152252,0.14764677348477484,0.0,0.0,0.0,0.0,-2.057620714672836
proposed_residual_safesac,5,428.8401617607997,178.9296090386452,428.8401617607997,10701.713782298717,0.0,0.0,4829.841225416633,451.31474487810385,1639.0,1639.0,100.0,1639.0,1.0,3465.811535127391,0.43322644189092385,594.943762130946,594.943762130946,0.0,0.0,63.10176224906674,49.77327398955822,100.0,100.0,0.0,0.0,100.0,0.0,100.0,0.0,0.30833054012301775,0.7630930284440167,0.32001987075914023,0.2299801292408598,0.0,0.0,0.0,0.0,-1.8638500941525542
proposed_residual_safesac,5,429.64949013086255,192.47378506761643,429.64949013086255,10403.22345619065,0.0,0.0,5368.832509819343,516.073939238949,1694.9,1694.9,100.0,1694.9,1.0,3526.5649748747865,0.4408206218593483,539.4322214945257,539.4322214945257,0.0,0.0,70.23436766117322,56.96680024266243,100.0,100.0,0.0,0.0,100.0,0.0,100.0,0.0,0.2931528535959463,0.7789126803545834,0.2931528535959463,0.25684714640405376,0.0,0.0,0.0,0.0,-2.0049352611210045
proposed_residual_safesac,5,486.16312122827946,195.10779131078218,486.16312122827946,11115.177956989264,0.0,0.0,5602.26884787265,504.0197169627791,939.8,939.8,100.0,939.8,1.0,2760.5150530595683,0.345064381632446,569.4960445051024,569.4960445051024,0.0,0.0,62.83015155700859,53.48280016332865,100.0,100.0,0.0,0.0,100.0,0.0,100.0,0.0,0.3389266720446173,0.6895266362790367,0.34364327361604197,0.20635672638395808,0.0,0.0,0.0,0.0,-2.032372826153981
proposed_residual_safesac,5,395.0813418021354,171.42559903471604,395.0813418021354,10620.144951040158,0.0,0.0,5198.919754568507,489.5337849470044,1247.3000000000002,1247.3000000000002,100.0,1247.3000000000002,1.0,3179.36896908163,0.3974211211352037,584.7534511766689,584.7534511766689,0.0,0.0,59.92656191274693,46.785202994942665,100.0,100.0,0.0,0.0,100.0,0.0,100.0,0.0,0.4279074593388313,0.7917430306015226,0.45219098974429867,0.09780901025570138,0.0,0.0,0.0,0.0,-1.785683323278292
proposed_residual_safesac,5,251.19470243758008,136.26923382266605,251.19470243758008,8019.55953574599,0.0,0.0,3742.5916112240348,466.68293870031033,1325.1,1325.1,100.0,1325.1,1.0,3030.670930899197,0.37883386636239963,557.5668108896691,557.5668108896691,0.0,0.0,88.39892252128881,79.86974027007818,100.0,100.0,0.0,0.0,100.0,0.0,100.0,0.0,0.4195411575173229,0.7980238146138382,0.4207667039812034,0.12923329601879663,0.0,0.0,0.0,0.0,-1.4194711856527713
proposed_residual_safesac,5,246.0121453368119,121.12151721633316,246.0121453368119,5505.928762537636,0.0,0.0,2965.635738581279,538.625882477717,1989.8,1989.8,100.0,1989.8,1.0,3900.8413037109103,0.4876051629638638,481.1153106200946,481.1153106200946,0.0,0.0,85.46284120253284,73.865579161793,100.0,100.0,0.0,0.0,100.0,0.0,100.0,0.0,0.4293407075825378,0.8791917793830204,0.4293407075825378,0.12065929241746226,0.0,0.0,0.0,0.0,-1.2616824710034704
proposed_residual_safesac,5,374.91651279686215,184.5238385869137,374.91651279686215,11048.394978937036,0.0,0.0,4876.527513358495,441.3788177065755,779.3,779.3,100.0,779.3,1.0,1858.3632108197119,0.232295401352464,632.458891646731,632.458891646731,0.0,0.0,123.0953847791305,113.76960454508662,100.0,100.0,0.0,0.0,100.0,0.0,100.0,0.0,0.3133601829383587,0.5559544928804273,0.3848255235589111,0.16517447644108896,0.0,0.0,0.0,0.0,-1.9221233186136846
proposed_residual_safesac,5,383.50645481721074,171.68318720964237,383.50645481721074,10885.6895203506,0.0,0.0,4705.325723049259,432.2487532142762,1103.7,1103.7,100.0,1103.7,1.0,3216.9481929903477,0.40211852412379345,600.9057170428573,600.9057170428573,0.0,0.0,65.81733234752166,53.3556317910552,100.0,100.0,0.0,0.0,100.0,0.0,100.0,0.0,0.3104749450947596,0.7573439803933057,0.32425709083962145,0.2257429091603786,0.0,0.0,0.0,0.0,-1.7883665334337746
proposed_residual_safesac,5,323.53020514570426,152.68431569672768,323.53020514570426,10508.883178488913,0.0,0.0,4042.5077644026214,384.6752976260508,1621.7,1621.7,100.0,1621.7,1.0,3618.7719853620724,0.45234649817025907,533.3682310285224,533.3682310285224,0.0,0.0,65.884316086209,51.42763163894415,100.0,100.0,0.0,0.0,100.0,0.0,100.0,0.0,0.31330264724527,0.7991615859414396,0.31330264724527,0.23669735275473003,0.0,0.0,0.0,0.0,-1.5904616218409133
proposed_residual_safesac,5,256.4533669668021,123.10005739593959,256.4533669668021,10431.402460433212,0.0,0.0,3365.9423118092313,322.6739956181736,1678.0,1678.0,100.0,1678.0,1.0,3622.4050274275405,0.45280062842844254,512.0442453106659,512.0442453106659,0.0,0.0,47.567601895082284,35.116130486130714,100.0,100.0,0.0,0.0,100.0,0.0,100.0,0.0,0.4046424131982106,0.8635733460800129,0.4046424131982106,0.14535758680178945,0.0,0.0,0.0,0.0,-1.2822922645410373
proposed_residual_safesac,5,201.82337215506365,120.59438806167086,201.82337215506365,9162.718586521725,0.0,0.0,3386.035666432268,369.5448719131345,2333.3,2333.3,100.0,2333.3,1.0,3783.5794709622014,0.47294743387027516,461.44361128099376,461.44361128099376,0.0,0.0,68.68183573008695,48.74704131129449,100.0,100.0,0.0,0.0,100.0,0.0,100.0,0.0,0.4412070657746759,0.9,0.45221052125784866,0.09778947874215138,8.333333333333332,0.0,8.333333333333332,0.0,-1.2561915423090715
proposed_residual_safesac,5,133.58611362885836,107.50989676563772,133.58611362885836,6788.39161064914,0.0,0.0,2663.9370508450647,392.42536430368455,2325.2,2325.2,100.0,2325.2,1.0,4119.3191460431035,0.514914893255388,467.39852899630745,467.39852899630745,0.0,0.0,83.7524087566741,75.40237531065941,100.0,100.0,0.0,0.0,100.0,0.0,100.0,0.0,0.38288948590108984,0.8660947316948271,0.38288948590108984,0.1671105140989102,0.0,0.0,0.0,0.0,-1.1198947579753928
proposed_residual_safesac,5,186.81313158897007,105.39568436645266,186.81313158897007,4870.193777708187,0.0,0.0,2369.1971107448244,486.46875645669274,2654.2000000000003,2654.2000000000003,99.99999999999999,2654.2000000000003,0.9999999999999999,4367.136241099983,0.5458920301374979,325.47680609070426,325.47680609070426,0.0,0.0,83.57998703369066,71.66569037362933,100.0,100.0,0.0,0.0,100.0,0.0,100.0,0.0,0.40574457235878986,0.8921549354865304,0.4276144368525622,0.12238556314743787,0.0,0.0,0.0,0.0,-1.0978717121505486
proposed_residual_safesac,5,432.02432071832084,196.85002527738027,432.02432071832084,9839.778745521897,0.0,0.0,5343.912017424396,543.0927011297304,2018.2,2018.2,100.0,2018.2,1.0,2826.304501211161,0.3532880626513951,576.4726550022249,576.4726550022249,0.0,0.0,113.51809982192171,103.78438098714878,100.0,100.0,1.0,1.0,100.0,0.0,100.0,0.0,0.3555845462930992,0.7330682257922501,0.4069545290131617,0.14304547098683834,0.0,8.333333333333332,0.0,8.333333333333332,-2.0505210966393776
proposed_residual_safesac,5,391.1393481369326,173.99654218199936,391.1393481369326,10073.09764251822,0.0,0.0,4749.035939664955,471.4573518695408,1613.6999999999998,1613.6999999999998,100.0,1613.6999999999998,1.0,3498.073502891655,0.4372591878614569,550.1116452489082,550.1116452489082,0.0,0.0,59.85371205208251,47.63527885079384,100.0,100.0,0.0,0.0,100.0,0.0,100.0,0.0,0.2995178480936427,0.7468600301956776,0.3131778970913059,0.23682210290869415,0.0,0.0,0.0,0.0,-1.8124639810624934
proposed_residual_safesac,5,448.59401593089456,192.29335130846295,448.59401593089456,10063.8530266863,0.0,0.0,5228.398924247151,519.5225834859685,1563.5,1563.5,100.0,1563.5,1.0,3540.139366643736,0.442517420830467,556.7249136719859,556.7249136719859,0.0,0.0,71.83273006042279,57.52136278897524,100.0,100.0,1.0,1.0,100.0,0.0,100.0,0.0,0.2907274288041578,0.7535232372595548,0.2907274288041578,0.25927257119584224,0.0,8.333333333333332,0.0,8.333333333333332,-2.003055742796489
proposed_residual_safesac,5,354.4333342016546,153.96335703674794,354.4333342016546,9998.74951258363,0.0,0.0,4319.470977558032,432.001118952114,1555.2,1555.2,100.0,1555.2,1.0,3397.3193981304753,0.4246649247663094,521.6526199575399,521.6526199575399,0.0,0.0,56.47137949063022,43.302688747644424,100.0,100.0,0.0,0.0,100.0,0.0,100.0,0.0,0.3793944658463018,0.7873536749552593,0.3793944658463018,0.17060553415369822,0.0,0.0,0.0,0.0,-1.603784969132791
proposed_residual_safesac,5,337.8340573557615,147.4180434334808,337.8340573557615,10068.867305376725,0.0,0.0,4465.7390147644655,443.5195021767526,908.0,908.0,100.0,908.0,1.0,2254.9623928007068,0.2818702991000884,486.6315007901781,486.6315007901781,0.0,0.0,48.62055344973081,35.62630256637931,100.0,100.0,0.0,0.0,100.0,0.0,100.0,0.0,0.398560191745161,0.6622991503165974,0.4209647991222859,0.12903520087771414,0.0,0.0,0.0,0.0,-1.5356046190987582
proposed_residual_safesac,5,251.44347880348653,145.4163679158175,251.44347880348653,7370.009631393889,0.0,0.0,4029.1819222968634,546.6996820647064,1416.7,1416.7,100.0,1416.7,1.0,3258.01658505447,0.4072520731318087,529.7654014120963,529.7654014120963,0.0,0.0,94.22768546007036,85.03758329898119,100.0,100.0,0.0,0.0,100.0,0.0,100.0,0.0,0.4001102022913316,0.8264695655071971,0.40404210153085407,0.14595789846914597,0.0,0.0,0.0,0.0,-1.5147538324564322
proposed_residual_safesac,5,268.11057340742013,124.92232981421944,268.11057340742013,6039.475398110164,0.0,0.0,3394.595001904636,562.0678582392854,1177.4,1177.4,100.0,1177.4,1.0,2822.444810863384,0.35280560135792305,446.5442786083342,446.5442786083342,0.0,0.0,73.43459386183378,58.49677408114076,100.0,100.0,0.0,0.0,100.0,0.0,100.0,0.0,0.4118242046550379,0.7269987306187942,0.4118242046550379,0.13817579534496216,0.0,0.0,0.0,0.0,-1.3012742688981191
proposed_residual_safesac,5,470.25940076661016,204.36548141249716,470.25940076661016,10269.892831360881,0.0,0.0,5879.311320605568,572.4802991762564,1432.6,1432.6,100.0,1432.6,1.0,2257.0917702804427,0.2821364712850553,589.6493491384713,589.6493491384713,0.0,0.0,106.66182953484096,93.52723544904931,100.0,100.0,1.0,1.0,100.0,0.0,100.0,0.0,0.3766481481322913,0.6792795471853358,0.44345105286876785,0.1065489471312322,0.0,8.333333333333332,0.0,8.333333333333332,-2.1288070980468454
proposed_residual_safesac,5,439.40215414496157,197.77518442403698,439.40215414496157,10167.129145667575,0.0,0.0,5733.63131243988,563.9380822543303,1354.2,1354.2,100.0,1354.2,1.0,3394.4803528606544,0.42431004410758183,569.8500674175577,569.8500674175577,0.0,0.0,64.24972868252081,52.79389237985015,100.0,100.0,0.0,0.0,100.0,0.0,100.0,0.0,0.3039009868290751,0.7425138630636423,0.32882300966540956,0.22117699033459048,0.0,0.0,0.0,0.0,-2.0601581710837187
proposed_residual_safesac,5,387.3960513769201,184.94722270791334,387.3960513769201,10202.298360219991,0.0,0.0,5316.18758697103,521.0774473818072,1279.8000000000002,1279.8000000000002,100.0,1279.8000000000002,1.0,2930.516313607824,0.366314539200978,578.606349445565,578.606349445565,0.0,0.0,74.48684995699223,60.75822915881872,100.0,100.0,0.0,0.0,100.0,0.0,100.0,0.0,0.30270824592597634,0.7011413206718468,0.30270824592597634,0.2472917540740237,0.0,0.0,0.0,0.0,-1.9265335698740973
proposed_residual_safesac,5,361.9877355355803,155.18061335127464,361.9877355355803,9977.816932773976,0.0,0.0,4258.875976656967,426.8344473897798,1652.3999999999999,1652.3999999999999,100.00000000000001,1652.3999999999999,1.0000000000000002,3748.3930290335466,0.46854912862919335,521.761337139634,521.761337139634,0.0,0.0,53.43222536692539,40.05627278238535,100.0,100.0,0.0,0.0,100.0,0.0,100.0,0.0,0.3672316258257677,0.8567942297784108,0.3672316258257677,0.18276837417423236,0.0,0.0,0.0,0.0,-1.6164647224091109
proposed_residual_safesac,5,174.6743910728411,101.8278935410903,174.6743910728411,9518.418476609604,0.0,0.0,2928.2654331559497,307.6420143064542,2015.9,2015.9,100.0,2015.9,1.0,3766.540746516681,0.4708175933145851,471.81839789802615,471.81839789802615,0.0,0.0,49.95892258113954,38.719861992069944,100.0,100.0,0.0,0.0,100.0,0.0,100.0,0.0,0.45801770433634204,0.9,0.5043381870163843,0.04566181298361571,4.166666666666666,0.0,4.166666666666666,0.0,-1.0607072243863573
proposed_residual_safesac,5,191.08103535878635,105.84993164413385,191.08103535878635,7535.2689014119005,0.0,0.0,2645.056193530436,351.0234642103914,1225.4,1225.4,100.0,1225.4,1.0,2804.7254187418266,0.3505906773427283,392.0407239909549,392.0407239909549,0.0,0.0,72.26173943797818,63.01244571805,100.0,100.0,0.0,0.0,100.0,0.0,100.0,0.0,0.3784514321170047,0.7226100226397225,0.3784514321170047,0.17154856788299533,0.0,0.0,0.0,0.0,-1.1026034546263943
proposed_residual_safesac,5,245.10554993563716,116.32572319127428,245.10554993563716,5822.265724014787,0.0,0.0,3041.357239506368,522.3666152786268,1398.4,1398.4,100.0,1398.4,1.0,3102.553984620988,0.3878192480776235,402.75033610236136,402.75033610236136,0.0,0.0,75.71724854980809,62.74498961865902,100.0,100.0,0.0,0.0,100.0,0.0,100.0,0.0,0.4309926686552775,0.7880971079385505,0.4309926686552775,0.11900733134472252,0.0,0.0,0.0,0.0,-1.2117262832424405
proposed_residual_safesac,5,495.5188585773408,214.0814220188001,495.5188585773408,10347.326448660271,0.0,0.0,6054.233070744784,585.1011950559133,1187.9,1187.9,100.0,1187.9,1.0,2170.1651819504696,0.2712706477438087,598.5545349707729,598.5545349707729,0.0,0.0,111.83339458439217,99.57330635272506,100.0,100.0,1.0,1.0,100.0,0.0,100.0,0.0,0.3672648132330352,0.6650105774348354,0.40979726086378787,0.14020273913621217,0.0,8.333333333333332,0.0,8.333333333333332,-2.2300148126958343
proposed_residual_safesac,5,482.6552575822253,207.4027952690719,482.6552575822253,10078.670031332236,0.0,0.0,5853.9643130851,580.8270629841526,1584.0,1584.0,100.0,1584.0,1.0,3745.8870630013207,0.4682358828751651,591.9528167784124,591.9528167784124,0.0,0.0,72.51189129950956,64.10412024706602,100.0,100.0,0.0,0.0,100.0,0.0,100.0,0.0,0.3140505127823482,0.7877712538544394,0.33712853278424065,0.2128714672157594,0.0,0.0,0.0,0.0,-2.160445784052832
proposed_residual_safesac,5,410.82432577322027,186.76153867822526,410.82432577322027,9567.045705247563,0.0,0.0,5188.352065759014,542.3149659369958,2027.8999999999999,2027.8999999999999,100.0,2027.8999999999999,1.0,3911.600926164396,0.4889501157705495,503.55475097456747,503.55475097456747,0.0,0.0,66.17248793423711,52.51295492053032,100.0,100.0,0.0,0.0,100.0,0.0,100.0,0.0,0.2949540485294849,0.8206491765907854,0.2949540485294849,0.2550459514705151,0.0,0.0,0.0,0.0,-1.9454326945648466
proposed_residual_safesac,5,339.2185230161458,160.81322072731712,339.2185230161458,10568.61976023824,0.0,0.0,4856.183982165085,459.4908410306565,757.2,757.2,100.0,757.2,1.0,2449.906058262265,0.30623825728278314,538.0292391393994,538.0292391393994,0.0,0.0,53.395901420597724,44.188038632273674,100.0,100.0,0.0,0.0,100.0,0.0,100.0,0.0,0.3536501770321695,0.6646177974766451,0.35421138306809874,0.1957886169319013,0.0,0.0,0.0,0.0,-1.6751377159095533
proposed_residual_safesac,5,282.9292508563699,128.40608249536945,282.9292508563699,10403.953775417363,0.0,0.0,3943.362060602779,379.0253345723451,819.0,819.0,100.0,819.0,1.0,2523.890680707771,0.3154863350884714,549.247274971457,549.247274971457,0.0,0.0,49.46016927184247,33.186130691319704,100.0,100.0,0.0,0.0,100.0,0.0,100.0,0.0,0.4490799337255259,0.7313723407018826,0.47321672725499053,0.07678327274500951,0.0,0.0,0.0,0.0,-1.337563359326765
proposed_residual_safesac,5,210.05072561566067,132.70343066828863,210.05072561566067,7979.394100969086,0.0,0.0,3911.08567070748,490.1482018832087,700.5,700.5,100.0,700.5,1.0,2403.723851344985,0.3004654814181231,492.1752094850021,492.1752094850021,0.0,0.0,83.89184717523787,75.15222486108541,100.0,100.0,0.0,0.0,100.0,0.0,100.0,0.0,0.3965745027966455,0.7386625771934715,0.4077483103566519,0.14225168964334817,0.0,0.0,0.0,0.0,-1.3823274027946733
proposed_residual_safesac,5,240.99195281386582,121.11726650748611,240.99195281386582,6269.905536503646,0.0,0.0,3347.1050868571156,533.8366052518867,940.7,940.7,100.0,940.7,1.0,2657.087970198836,0.3321359962748545,469.41717560296075,469.41717560296075,0.0,0.0,74.80153442986118,61.81488214060664,100.0,100.0,0.0,0.0,100.0,0.0,100.0,0.0,0.4078942112964559,0.7312700196203584,0.4078942112964559,0.14210578870354412,0.0,0.0,0.0,0.0,-1.2616381927863136
proposed_residual_safesac,5,489.22791018380553,213.08091372178018,489.22791018380553,11236.944730116145,0.0,0.0,6375.724368710378,567.3894925924832,715.9,715.9,100.0,715.9,1.0,1719.2720284104755,0.21490900355130943,623.6490910149575,623.6490910149575,0.0,0.0,116.47199055472338,106.12513339146972,100.0,100.0,0.0,0.0,100.0,0.0,100.0,0.0,0.4145515714524491,0.6007918512038951,0.48753676067172713,0.06246323932827291,0.0,0.0,0.0,0.0,-2.2195928512685437
proposed_residual_safesac,5,568.6931334220255,223.79265184142696,568.6931334220255,10886.924468302415,0.0,0.0,6583.096940466836,604.6792149273844,628.5,628.5,100.0,628.5,1.0,2691.0406628593146,0.33638008285741433,617.8392324487093,617.8392324487093,0.0,0.0,68.64454042604439,55.3137163631618,100.0,100.0,0.0,0.0,100.0,0.0,100.0,0.0,0.327548166261884,0.6996845328205076,0.35862374671619374,0.1913762532838063,0.0,0.0,0.0,0.0,-2.331173456681531
proposed_residual_safesac,5,441.96610532025056,194.47309107055986,441.96610532025056,10341.653053206464,0.0,0.0,5506.014009516757,532.4114028181983,1100.6999999999998,1100.6999999999998,100.0,1100.6999999999998,1.0,2889.7087043295583,0.3612135880411948,558.1145755335885,558.1145755335885,0.0,0.0,76.29978418749951,62.300127651542425,100.0,100.0,0.0,0.0,100.0,0.0,100.0,0.0,0.30250100702405464,0.7219260802048145,0.30250100702405464,0.2474989929759454,0.0,0.0,0.0,0.0,-2.0257613653183317
proposed_residual_safesac,5,513.2563342473295,213.97691577897058,513.2563342473295,10694.85718910442,0.0,0.0,6348.686282074393,593.6204822390927,656.3,656.3,100.0,656.3,1.0,2384.0613152930714,0.2980076644116339,586.3755091760765,586.3755091760765,0.0,0.0,63.82116084996983,50.59860935434699,100.0,100.0,1.0,1.0,100.0,0.0,100.0,0.0,0.31521399667579114,0.6549159619387338,0.32644976748438426,0.2235502325156158,0.0,4.166666666666666,0.0,4.166666666666666,-2.2289262060309434
proposed_residual_safesac,5,430.86241082167606,189.25162145959897,430.86241082167606,10347.583172424404,0.0,0.0,5914.186868327353,571.5524842639829,615.2,615.2,100.0,615.2,1.0,2504.1131296310177,0.3130141412038772,527.134241236241,527.134241236241,0.0,0.0,62.77576242259193,43.898666463792324,100.0,100.0,0.0,0.0,100.0,0.0,100.0,0.0,0.3910904875669324,0.6844883782499517,0.4183891094000756,0.13161089059992442,0.0,0.0,0.0,0.0,-1.9713710568708225
proposed_residual_safesac,5,308.3786725347679,156.65027340340518,308.3786725347679,7689.030243505511,0.0,0.0,4326.604982523979,562.6983957019049,1260.8,1260.8,100.0,1260.8,1.0,3054.8817392821447,0.3818602174102681,546.5791179096746,546.5791179096746,0.0,0.0,97.05131880021726,87.28659646585584,100.0,100.0,0.0,0.0,100.0,0.0,100.0,0.0,0.40242091218723347,0.7807824833199081,0.4051477431568697,0.14485225684313036,0.0,0.0,0.0,0.0,-1.6317736812854706
proposed_residual_safesac,5,262.062613174441,117.41888351618222,262.062613174441,6307.675728372818,0.0,0.0,3127.6635134494327,495.8503969030557,773.1,773.1,100.0,773.1,1.0,2428.973883726002,0.3036217354657503,460.61670172175025,460.61670172175025,0.0,0.0,71.81769108751035,58.17480916157365,100.0,100.0,0.0,0.0,100.0,0.0,100.0,0.0,0.3973753992429332,0.6857784795612655,0.3973753992429332,0.15262460075706685,0.0,0.0,0.0,0.0,-1.2231133699602315
proposed_residual_safesac,5,468.3062274687651,193.55265539986993,468.3062274687651,10980.008817524766,0.0,0.0,5142.144392851484,468.3187853769577,725.6,725.6,100.0,725.6,1.0,1893.0793528549866,0.23663491910687331,622.722314260089,622.722314260089,0.0,0.0,118.4317223185784,106.33740341290832,100.0,100.0,0.0,0.0,100.0,0.0,100.0,0.0,0.3599504014341667,0.6113868261433593,0.4241205844374263,0.12587941556257376,0.0,0.0,0.0,0.0,-2.0161734937486453
proposed_residual_safesac,5,518.243266863444,202.5361367913605,518.243266863444,10917.499493502226,0.0,0.0,5733.6102471557315,525.1761404310765,601.9,601.9,100.0,601.9,1.0,2847.2063790389075,0.3559007973798634,613.3500319243835,613.3500319243835,0.0,0.0,69.32921796717466,54.77365301921964,100.0,100.0,0.0,0.0,100.0,0.0,100.0,0.0,0.3268437943999571,0.7130602541366953,0.356934394595558,0.19306560540444206,0.0,0.0,0.0,0.0,-2.109751424910005
proposed_residual_safesac,5,465.3843788882818,191.0139117330088,465.3843788882818,10260.291096926088,0.0,0.0,5189.856462085338,505.8196120420192,1402.6000000000001,1402.6000000000001,99.99999999999999,1402.6000000000001,0.9999999999999999,3133.7648721778205,0.39172060902222755,544.7517027443982,544.7517027443982,0.0,0.0,74.55491751623516,60.8116271905601,100.0,100.0,0.0,0.0,100.0,0.0,100.0,0.0,0.2965152611609973,0.7481701623407788,0.2965152611609973,0.25348473883900274,0.0,0.0,0.0,0.0,-1.9897282472188416
proposed_residual_safesac,5,431.71138789199927,180.70232345095891,431.71138789199927,11073.227406668435,0.0,0.0,5419.387539440011,489.41355039601086,497.19999999999993,497.19999999999993,100.0,497.19999999999993,1.0,2311.5635855979544,0.2889454481997443,558.5790926774173,558.5790926774173,0.0,0.0,52.203350251300655,41.78331224247813,100.0,100.0,0.0,0.0,100.0,0.0,100.0,0.0,0.35125525855948525,0.664762019832014,0.36229369415866375,0.1877063058413363,0.0,0.0,0.0,0.0,-1.882315869280822
proposed_residual_safesac,5,409.69079199910595,174.7560504310075,409.69079199910595,10818.084299925671,0.0,0.0,5461.832253748902,504.879801480788,649.0999999999999,649.0999999999999,100.0,649.0999999999999,1.0,2437.803108607557,0.3047253885759446,533.3845519672273,533.3845519672273,0.0,0.0,62.77454811134346,44.09498693421483,100.0,100.0,0.0,0.0,100.0,0.0,100.0,0.0,0.4297970123098082,0.6923464210718052,0.46122715555797594,0.0887728444420241,0.0,0.0,0.0,0.0,-1.820375525322995
proposed_residual_safesac,5,316.4014641672815,153.93407645479186,316.4014641672815,8678.800020384255,0.0,0.0,4442.220512264558,511.84731781247774,405.4,405.4,100.0,405.4,1.0,2117.290030922975,0.26466125386537187,561.3035395043594,561.3035395043594,0.0,0.0,85.09673734124569,75.19414005801082,100.0,100.0,0.0,0.0,100.0,0.0,100.0,0.0,0.38785713848287934,0.6755853963401972,0.3989883783920155,0.15101162160798454,0.0,0.0,0.0,0.0,-1.6034799630707486
proposed_residual_safesac,5,284.6004581703204,126.8555454853633,284.6004581703204,6760.897168912854,0.0,0.0,3384.2542190611184,500.56288899381434,584.7,584.7,100.0,584.7,1.0,2386.1855458109258,0.2982731932263657,485.45881090740755,485.45881090740755,0.0,0.0,79.59727230114089,66.91830568015575,100.0,100.0,0.0,0.0,100.0,0.0,100.0,0.0,0.39247237960618486,0.7064799941184403,0.39247237960618486,0.15752762039381518,0.0,0.0,0.0,0.0,-1.321411932139201
proposed_residual_safesac,5,534.719852712719,223.32399433588404,534.719852712719,11208.68430484922,0.0,0.0,5895.885415971757,526.0104804112483,733.5,733.5,100.0,733.5,1.0,2423.7829940689526,0.3029728742586191,644.5586126857822,644.5586126857822,0.0,0.0,111.66779759941394,98.28114151697837,100.0,100.0,1.0,1.0,100.0,0.0,100.0,0.0,0.2705784183138735,0.6440804534796586,0.3420498407924393,0.20795015920756077,0.0,8.333333333333332,0.0,8.333333333333332,-2.3262916076654587
proposed_residual_safesac,5,632.0886913234575,247.3780052627931,632.0886913234575,11849.72909388708,0.0,0.0,7471.615177213469,630.5304634405398,433.79999999999995,433.79999999999995,100.0,433.79999999999995,1.0,2671.109067494343,0.33388863343679287,642.8951788549514,642.8951788549514,0.0,0.0,72.23844244688705,60.4599024169147,100.0,100.0,0.0,0.0,100.0,0.0,100.0,0.0,0.33738670103789975,0.6918635868169632,0.3771967389952159,0.17280326100478416,0.0,0.0,0.0,0.0,-2.576854221487428
proposed_residual_safesac,5,609.9198842323814,243.76826148159705,609.9198842323814,12047.508083435136,0.0,0.0,7195.810388199121,597.2862054430232,384.09999999999997,384.09999999999997,100.00000000000001,384.09999999999997,1.0000000000000002,2280.6337986983176,0.2850792248372897,637.9125361220471,637.9125361220471,0.0,0.0,80.45544221791748,73.25380817055702,100.0,100.0,0.0,0.0,100.0,0.0,100.0,0.0,0.3246867974891567,0.6497428503428642,0.3364804827304243,0.21351951726957574,0.0,0.0,0.0,0.0,-2.539252723766636
proposed_residual_safesac,5,506.3788834271461,209.45155683273367,506.3788834271461,11575.316313173813,0.0,0.0,6274.551666921856,542.0630846848494,593.2,593.2,100.0,593.2,1.0,2681.968960443859,0.3352461200554824,619.1655958237207,619.1655958237207,0.0,0.0,68.01727856562509,54.57449499517679,100.0,100.0,0.0,0.0,100.0,0.0,100.0,0.0,0.3606382743180507,0.7371372821336989,0.3674433037342262,0.18255669626577387,0.0,0.0,0.0,0.0,-2.1817870503409758
proposed_residual_safesac,5,338.3771737976666,142.41496675965658,338.3771737976666,11298.720213572555,0.0,0.0,4384.05632790757,388.0135311821631,950.6000000000001,950.6000000000001,100.0,950.6000000000001,1.0,2718.7219325140663,0.3398402415642583,578.6837550279413,578.6837550279413,0.0,0.0,52.36524984405582,35.96198000013828,100.0,100.0,0.0,0.0,100.0,0.0,100.0,0.0,0.4688954830520484,0.7697198286590193,0.50427072452479,0.045729275475209996,0.0,0.0,0.0,0.0,-1.483489237079756
proposed_residual_safesac,5,289.91229908828484,150.75353407720198,289.91229908828484,8652.571953335882,0.0,0.0,4351.950319929088,502.96609417402794,767.5,767.5,100.0,767.5,1.0,2641.2177592594267,0.3301522199074283,560.485454822335,560.485454822335,0.0,0.0,84.94163374060861,77.17105681076646,100.0,100.0,0.0,0.0,100.0,0.0,100.0,0.0,0.4025265636904738,0.7729603088651109,0.4089507734633029,0.14104922653669716,0.0,0.0,0.0,0.0,-1.5703493133041873
proposed_residual_safesac,5,378.64873945312604,157.67812286815547,378.64873945312604,7384.0058386395995,0.0,0.0,4601.248733009706,623.1372013456346,278.4,278.4,100.0,278.4,1.0,1807.940047141657,0.22599250589270714,517.0960812013102,517.0960812013102,0.0,0.0,75.37623557247738,61.01169781759381,100.0,100.0,0.0,0.0,100.0,0.0,100.0,0.0,0.40435855656203645,0.6207845457653751,0.4063218888057137,0.14367811119428636,0.0,0.0,0.0,0.0,-1.642480446543286
proposed_residual_safesac,5,568.1803590882035,241.04228587151874,568.1803590882035,12156.192234385257,0.0,0.0,6819.345953969907,560.9771400850806,447.20000000000005,447.20000000000005,100.0,447.20000000000005,1.0,2251.4343980497765,0.28142929975622205,676.4698656123257,676.4698656123257,0.0,0.0,111.1850996521633,98.12634054379275,100.0,100.0,1.0,1.0,100.0,0.0,100.0,0.0,0.29147963626598605,0.607966029684169,0.37392400249373503,0.17607599750626501,0.0,10.416666666666668,0.0,10.416666666666668,-2.5108571444949868
proposed_residual_safesac,5,493.51459654040013,201.9908581747681,493.51459654040013,12665.037083767109,0.0,0.0,5834.146771547531,460.6497977826854,329.9,329.9,100.0,329.9,1.0,2873.087133265909,0.3591358916582386,676.4698656123257,676.4698656123257,0.0,0.0,70.58795590439226,56.501165945228756,100.0,100.0,0.0,0.0,100.0,0.0,100.0,0.0,0.32440245309550514,0.7031090081305544,0.36474520376900127,0.18525479623099878,0.0,1.0416666666666665,0.0,1.0416666666666665,-2.104071439320501
proposed_residual_safesac,5,390.19530827932886,167.49450947176786,390.19530827932886,12498.526349424441,0.0,0.0,4507.085025664183,360.6093150231055,496.1,496.1,100.0,496.1,1.0,2812.006024124936,0.351500753015617,626.0380904874734,626.0380904874734,0.0,0.0,68.61918922070045,56.3582974486053,100.0,100.0,1.0,1.0,100.0,0.0,100.0,0.0,0.3194118854310379,0.7188842969541441,0.32881924065174056,0.22118075934825948,0.0,8.333333333333332,0.0,8.333333333333332,-1.7447344736642485
proposed_residual_safesac,5,516.615777115793,194.72826735689765,516.615777115793,12529.579731704976,0.0,0.0,5456.883442634152,435.5200700647603,614.3000000000001,614.3000000000001,100.0,614.3000000000001,1.0,2884.077258945388,0.36050965736817353,635.3239950998662,635.3239950998662,0.0,0.0,57.14729054379556,45.466035418212414,100.0,100.0,1.0,1.0,100.0,0.0,100.0,0.0,0.3355437665101477,0.7382867026208111,0.35400532054654105,0.195994679453459,0.0,6.25,0.0,6.25,-2.0284194516343503
proposed_residual_safesac,5,500.7640479713576,206.79924623717002,500.7640479713576,11819.701702235812,0.0,0.0,6554.352160981212,554.5277136513008,935.5,935.5,100.0,935.5,1.0,2872.28080539219,0.3590351006740237,660.00897949781,660.00897949781,0.0,0.0,65.32851201245235,48.3863515779376,100.0,100.0,0.0,0.0,100.0,0.0,100.0,0.0,0.44385096876765723,0.7655221151597777,0.48105507678630116,0.06894492321369888,0.0,0.0,0.0,0.0,-2.154158814970521
proposed_residual_safesac,5,404.1082633758556,186.2956252548036,404.1082633758556,9557.211705114427,0.0,0.0,5576.570103132988,583.4934157782394,426.29999999999995,426.29999999999995,100.0,426.29999999999995,1.0,2402.664113994011,0.3003330142492514,616.7263631817959,616.7263631817959,0.0,0.0,88.47674613211063,77.64044059440494,100.0,100.0,0.0,0.0,100.0,0.0,100.0,0.0,0.3945441677226299,0.6785093174685191,0.4116982433399149,0.13830175666008515,0.0,0.0,0.0,0.0,-1.9405794297375376
proposed_residual_safesac,5,347.0805270527642,142.31767523867074,347.0805270527642,7541.196849637933,0.0,0.0,3936.9461526330488,522.0585314414739,616.6,616.6,100.0,616.6,1.0,2375.367997539235,0.2969209996924044,557.146785436214,557.146785436214,0.0,0.0,80.68774496934901,67.94395502656698,100.0,100.0,0.0,0.0,100.0,0.0,100.0,0.0,0.4387644808512569,0.7314776144757356,0.4387644808512569,0.11123551914874313,0.0,0.0,0.0,0.0,-1.4824757837361535
proposed_residual_safesac,5,614.6237266625626,249.0364143263803,614.6237266625626,12324.157894555417,0.0,0.0,6692.52908843512,543.0414918159847,679.0,679.0,100.0,679.0,1.0,2523.2271778923323,0.31540339723654154,676.4698656123257,676.4698656123257,0.0,0.0,112.1790058697475,98.87206734428064,100.0,100.0,1.0,1.0,100.0,0.0,100.0,0.0,0.25698054191502867,0.6274103967004607,0.3427777997829139,0.20722220021708615,0.0,14.583333333333334,0.0,14.583333333333334,-2.594129315899795
proposed_residual_safesac,5,597.024516074855,233.11436734390577,597.024516074855,12411.656762343813,0.0,0.0,6721.079250466568,541.5134642506309,1164.1000000000001,1164.1000000000001,100.0,1164.1000000000001,1.0,3520.911487284863,0.4401139359106079,676.4698656123257,676.4698656123257,0.0,0.0,73.17368395037819,62.2879052964581,100.0,100.0,0.0,0.0,100.0,0.0,100.0,0.0,0.3275110278334349,0.7868861643211883,0.36697166195839714,0.1830283380416029,0.0,2.083333333333333,0.0,2.083333333333333,-2.428274659832352
proposed_residual_safesac,5,527.0303532386165,225.63417817045882,527.0303532386165,12814.804505037719,0.0,0.0,6280.181072472288,490.072327674093,916.3,916.3,100.0,916.3,1.0,3272.6856898620854,0.40908571123276066,676.4698656123257,676.4698656123257,0.0,0.0,77.89511263970151,66.67588618891602,100.0,100.0,1.0,1.0,100.0,0.0,100.0,0.0,0.27435186905281456,0.7120186528993654,0.295889905953235,0.25411009404676504,0.0,13.541666666666666,0.0,13.541666666666666,-2.350356022608946
proposed_residual_safesac,5,401.0773665871092,167.33398821717657,401.0773665871092,12960.468565155803,0.0,0.0,4671.075220046591,360.40944018064044,617.4000000000001,617.4000000000001,100.0,617.4000000000001,1.0,3001.601715759337,0.37520021446991714,662.4076061015645,662.4076061015645,0.0,0.0,62.094467802187424,49.16511867195368,100.0,100.0,1.0,1.0,100.0,0.0,100.0,0.0,0.3666973250664644,0.7803299534333992,0.3820961814916159,0.16790381850838415,0.0,4.166666666666666,0.0,4.166666666666666,-1.743062377262256
proposed_residual_safesac,5,335.83159563725667,134.07285537932546,335.83159563725667,13099.224196454776,0.0,0.0,4201.618088715949,320.7532007775767,380.0,380.0,100.0,380.0,1.0,2398.325910929051,0.2997907388661314,635.9057650844771,635.9057650844771,0.0,0.0,46.03571472225718,35.965972393751144,100.0,100.0,0.0,0.0,100.0,0.0,100.0,0.0,0.5076178828524933,0.7611819685716886,0.5652801745183794,0.015280174518379375,0.0,0.0,0.0,0.0,-1.3965922435346403
proposed_residual_safesac,5,17.697587573128175,85.29031124189402,17.697587573128175,10261.86289370959,0.0,0.0,2732.8546720692257,266.3117506417315,476.1,476.1,100.0,476.1,1.0,2569.091177863212,0.3211363972329015,605.7850978450415,605.7850978450415,0.0,0.0,76.58424011481023,63.1465919315815,100.0,100.0,0.0,0.0,100.0,0.0,100.0,0.0,0.5335840720811607,0.8409425742703935,0.5336330887630547,0.016366911236945336,0.0,0.0,0.0,0.0,-0.8884407421030627
proposed_residual_safesac,5,213.22634880755373,109.40679932325762,213.22634880755373,7664.40074790513,0.0,0.0,2968.4204058214073,387.2997385519996,584.2,584.2,100.0,584.2,1.0,2397.327768264171,0.2996659710330214,402.2696179249479,402.2696179249479,0.0,0.0,75.44091426337035,63.36034182459116,100.0,100.0,0.0,0.0,100.0,0.0,100.0,0.0,0.41989189536522425,0.736025225769684,0.41989189536522425,0.1301081046347758,0.0,0.0,0.0,0.0,-1.139654159617267
proposed_residual_safesac,5,486.4011710789405,225.4375448894187,486.4011710789405,12604.015712775661,0.0,0.0,5585.577966653447,443.1586007141996,890.2,890.2,100.0,890.2,1.0,2641.854173692931,0.3302317717116164,676.4698656123257,676.4698656123257,0.0,0.0,113.83918281455212,101.36069960983498,100.0,100.0,1.0,1.0,100.0,0.0,100.0,0.0,0.24199894975565658,0.6595396950725072,0.2978840519596338,0.25211594804036624,0.0,23.958333333333336,0.0,23.958333333333336,-2.348307759264778
proposed_residual_safesac,5,567.2963744742244,237.16239772533402,567.2963744742244,14007.850868789077,0.0,0.0,7150.813905643975,510.4861532739986,424.4,424.4,100.0,424.4,1.0,2824.961863155188,0.3531202328943985,676.4698656123257,676.4698656123257,0.0,0.0,69.94992721122111,59.937667795707036,100.0,100.0,0.0,0.0,100.0,0.0,100.0,0.0,0.3126679565756679,0.688816489431397,0.37285769239100575,0.1771423076089943,0.0,26.041666666666668,0.0,26.041666666666668,-2.4704416429722293
proposed_residual_safesac,5,615.1963803843012,249.14418129760065,615.1963803843012,13960.999487140385,0.0,0.0,7098.331600237523,508.44007313200365,328.1,328.1,100.0,328.1,1.0,2931.2187941988195,0.36640234927485243,676.4698656123257,676.4698656123257,0.0,0.0,78.8636983820275,66.1513198648114,100.0,100.0,1.0,1.0,100.0,0.0,100.0,0.0,0.26849763762619594,0.7109569377802583,0.30521600644699726,0.2447839935530028,0.0,32.29166666666667,0.0,32.29166666666667,-2.5952518885166733
proposed_residual_safesac,5,513.7698909185369,212.71690833693833,513.7698909185369,13810.547355690846,0.0,0.0,6367.431096698861,461.0556651163478,335.9,335.9,100.0,335.9,1.0,2744.1449118455557,0.3430181139806945,676.4698656123257,676.4698656123257,0.0,0.0,64.21251979805466,51.45241745901476,100.0,100.0,1.0,1.0,100.0,0.0,100.0,0.0,0.3557079955851752,0.764308740895354,0.3812090466028769,0.16879095339712313,0.0,10.416666666666668,0.0,10.416666666666668,-2.2158011285097743
proposed_residual_safesac,5,306.4287862899099,139.69610659087436,306.4287862899099,14058.679629802362,0.0,0.0,4466.8651454531055,317.7300616470411,444.3,444.3,100.0,444.3,1.0,2557.2676901010896,0.3196584612626362,676.4698656123257,676.4698656123257,0.0,0.0,63.315025710803894,50.762216557521704,100.0,100.0,0.0,0.0,100.0,0.0,100.0,0.0,0.5054673814687035,0.7509055899124569,0.5834112802414829,0.03341128024148288,0.0,6.25,0.0,6.25,-1.4551677769882747
proposed_residual_safesac,5,136.56824160409315,107.64975398695236,136.56824160409315,10886.35732771473,0.0,0.0,3070.2878094531743,282.030776413775,558.0,558.0,100.0,558.0,1.0,3025.609427972011,0.37820117849650137,676.4698656123257,676.4698656123257,0.0,0.0,81.76236198074696,71.80527383636192,100.0,100.0,0.0,0.0,100.0,0.0,100.0,0.0,0.5306157026072457,0.8931260691494649,0.5500954693243207,9.54693243206961e-05,0.0,1.0416666666666665,0.0,1.0416666666666665,-1.1213516040307538
proposed_residual_safesac,5,334.98653797159386,141.45782316198452,334.98653797159386,8229.179380460077,0.0,0.0,3976.690851329454,483.24269863067747,555.5999999999999,555.5999999999999,100.0,555.5999999999999,1.0,2315.400270042459,0.28942503375530737,548.2249312766678,548.2249312766678,0.0,0.0,79.74406827172139,68.7751836143434,100.0,100.0,0.0,0.0,100.0,0.0,100.0,0.0,0.45079703045641395,0.7441533025214039,0.45079703045641395,0.0992029695435861,0.0,0.0,0.0,0.0,-1.473518991270672
proposed_residual_safesac,5,485.90163495281274,308.1568169319813,485.90163495281274,13611.610187091559,0.0,0.0,6025.735851415587,442.6908917161054,659.9,659.9,100.0,659.9,1.0,2543.6068672752945,0.3179508584094118,996.5413985647466,996.5413985647466,9.0,359.3584470173716,134.72355104232193,110.46435989702839,100.0,100.0,1.0,1.0,100.0,0.0,100.0,0.0,0.2,0.6233507930185224,0.23996475774095358,0.31003524225904644,6.25,26.041666666666668,6.25,26.041666666666668,-3.2099668430414723
proposed_residual_safesac,5,589.3791439244599,240.44453853985414,589.3791439244599,14440.19027581338,0.0,0.0,7149.068109016385,495.0812955000135,601.0,601.0,100.0,601.0,1.0,3118.4110578950113,0.3898013822368764,676.4698656123257,676.4698656123257,0.0,0.0,70.23522441302731,58.64401803181625,100.0,100.0,0.0,0.0,100.0,0.0,100.0,0.0,0.3138552441373887,0.7662636730942826,0.36759487472658053,0.1824051252734195,0.0,31.25,0.0,31.25,-2.5046306097901474
proposed_residual_safesac,5,492.00719681968724,217.36187904326576,492.00719681968724,14138.999009778974,0.0,0.0,6212.273991497756,439.37155573751386,841.8,841.8,100.0,841.8,1.0,3478.3396411783538,0.4347924551472942,676.4698656123257,676.4698656123257,0.0,0.0,74.01141586189695,61.83768900503344,100.0,100.0,0.0,0.0,100.0,0.0,100.0,0.0,0.28188437507486214,0.8032389818657746,0.3179990693376788,0.23200093066232125,0.0,16.666666666666664,0.0,16.666666666666664,-2.2641862400340185
proposed_residual_safesac,5,424.0734380895458,190.93987687981826,424.0734380895458,14432.863454989118,0.0,0.0,5739.159063913197,397.6452130799657,547.9,547.9,100.0,547.9,1.0,3072.652157568183,0.3840815196960229,676.4698656123257,676.4698656123257,0.0,0.0,64.15335512546835,53.33866511125436,100.0,100.0,0.0,0.0,100.0,0.0,100.0,0.0,0.3656222405084638,0.7739981657857209,0.3897573743441666,0.16024262565583347,0.0,16.666666666666664,0.0,16.666666666666664,-1.9889570508314403
proposed_residual_safesac,5,406.98445303859444,191.80566174984727,406.98445303859444,14219.940357965663,0.0,0.0,6504.721705322189,457.4366376774853,623.5,623.5,100.0,623.5,1.0,2740.678460711263,0.3425848075889079,676.4698656123257,676.4698656123257,0.0,0.0,61.35828248677484,51.63277381335579,100.0,100.0,0.0,0.0,100.0,0.0,100.0,0.0,0.5109824458158547,0.792005357985734,0.5816654814390102,0.03166548143901016,0.0,3.125,0.0,3.125,-1.9979756432275757
proposed_residual_safesac,5,281.6231268168384,159.76531419616313,281.6231268168384,11077.923323367064,0.0,0.0,5035.067438675076,454.5136567297253,314.4,314.4,100.0,314.4,1.0,2371.1837265194795,0.29639796581493494,676.4698656123257,676.4698656123257,0.0,0.0,89.69536897342005,81.93747939190287,100.0,100.0,0.0,0.0,100.0,0.0,100.0,0.0,0.48586009110911316,0.7867598973350679,0.4963988919395866,0.05360110806041346,0.0,2.083333333333333,0.0,2.083333333333333,-1.6642220228766993
proposed_residual_safesac,5,206.8998904214119,115.4528911768034,206.8998904214119,8423.421571141385,0.0,0.0,3264.173683060614,387.51161336192206,328.3,328.3,100.0,328.3,1.0,2307.899027974303,0.28848737849678785,547.4676239028968,547.4676239028968,0.0,0.0,79.57342531474553,69.85996486619115,100.0,100.0,0.0,0.0,100.0,0.0,100.0,0.0,0.43353914278450506,0.7466235307764483,0.43353914278450506,0.11646085721549498,0.0,0.0,0.0,0.0,-1.202634283091702
proposed_residual_safesac,5,325.0565503432049,261.1759541418652,325.0565503432049,13821.209535660164,0.0,0.0,6057.995352396349,438.3115194633355,372.8,372.8,100.0,372.8,1.0,2125.2756017147813,0.26565945021434767,782.4084103434444,782.4084103434444,2.0,40.82584449465227,113.67138774030637,106.79255075829217,100.0,100.0,0.0,0.0,100.0,0.0,100.0,0.0,0.2,0.596232335157724,0.23567592526346534,0.3143240747365347,2.083333333333333,25.0,2.083333333333333,25.0,-2.720582855644429
proposed_residual_safesac,5,413.40168859682194,232.29004158576998,413.40168859682194,14662.469844103165,0.0,0.0,7383.084222034357,503.53619141481994,265.6,265.6,100.0,265.6,1.0,3280.0615519428957,0.41000769399286197,676.4698656123257,676.4698656123257,0.0,0.0,64.7058097108795,50.815788967981895,100.0,100.0,0.0,0.0,100.0,0.0,100.0,0.0,0.27699567388578467,0.7687338973132103,0.3324266464320075,0.21757335356799257,0.0,32.29166666666667,0.0,32.29166666666667,-2.419687933185104
proposed_residual_safesac,5,499.390832119133,255.9977588477388,499.390832119133,14615.314646928873,0.0,0.0,8395.909691811667,574.4597290333331,541.3,541.3,100.0,541.3,1.0,3121.0930234520065,0.39013662793150083,676.4698656123257,676.4698656123257,0.0,0.0,73.0480436671545,59.32112351591533,100.0,100.0,0.0,0.0,100.0,0.0,100.0,0.0,0.3279062306954703,0.7748129838422236,0.3599338286097596,0.19006617139024046,0.0,19.791666666666664,0.0,19.791666666666664,-2.6666433213306124
proposed_residual_safesac,5,554.2161234637824,257.4257612314663,554.2161234637824,14513.283468831778,0.0,0.0,8407.637220973233,579.3063464259609,414.8,414.8,100.0,414.8,1.0,2788.765054042614,0.34859563175532676,676.4698656123257,676.4698656123257,0.0,0.0,70.81311864484562,56.97398792636389,100.0,100.0,0.0,0.0,100.0,0.0,100.0,0.0,0.3629940319822189,0.7554867879720556,0.3931582341301755,0.15684176586982457,0.0,23.958333333333336,0.0,23.958333333333336,-2.6815183461611074
proposed_residual_safesac,5,485.0681292528591,230.71395777684626,485.0681292528591,14016.042033161051,0.0,0.0,7893.548416991112,563.1795622698253,717.4,717.4,100.0,717.4,1.0,2825.511818200438,0.35318897727505477,676.4698656123257,676.4698656123257,0.0,0.0,71.04631165101522,57.0119715060097,100.0,100.0,0.0,0.0,100.0,0.0,100.0,0.0,0.4641375953984895,0.7673097573300056,0.5294611297492472,0.02053887025075285,0.0,1.0416666666666665,0.0,1.0416666666666665,-2.4032703935088153
proposed_residual_safesac,5,305.823204344406,166.35718353778017,305.823204344406,10594.903933627691,0.0,0.0,4913.834487065241,463.79226445545936,1087.2,1087.2,100.0,1087.2,1.0,3165.565430677594,0.39569567883469925,676.4698656123257,676.4698656123257,0.0,0.0,98.22571558434008,91.86601588805335,100.0,100.0,0.0,0.0,100.0,0.0,100.0,0.0,0.48164000027991044,0.8840565257868755,0.48895257902561123,0.06104742097438881,0.0,2.083333333333333,0.0,2.083333333333333,-1.7328873285185435
proposed_residual_safesac,5,199.7651541452252,107.2371189272716,199.7651541452252,7792.01653485573,0.0,0.0,2719.6480651946267,349.0300685360367,1053.8000000000002,1053.8000000000002,100.0,1053.8000000000002,1.0,3060.1437270133847,0.3825179658766731,533.8099687300037,533.8099687300037,0.0,0.0,79.40335056028444,68.59792610630393,100.0,100.0,0.0,0.0,100.0,0.0,100.0,0.0,0.44293009120717586,0.84098691180644,0.44293009120717586,0.10706990879282419,0.0,0.0,0.0,0.0,-1.117053322159079
proposed_residual_safesac,5,488.36258799335405,318.10161458866355,488.36258799335405,14007.041285799503,0.0,0.0,6479.260448539901,462.5716678017254,0.0,0.0,,0.0,,1933.7105767553066,0.24171382209441333,892.3535736431467,892.3535736431467,11.0,353.9311819326716,134.7870357008275,124.59587197842579,100.0,100.0,0.0,0.0,100.0,0.0,100.0,0.0,0.2,0.5691009306263379,0.24851825377771652,0.3014817462222835,10.416666666666668,19.791666666666664,10.416666666666668,19.791666666666664,-3.3135584852985787
