daily_cost_EUR,objective_value,grid_energy_cost_EUR,imported_energy_kWh,exported_energy_kWh,export_energy_kWh,carbon_emissions_kgCO2,carbon_intensity_avg_gCO2_per_kWh,pv_generation_kWh,pv_used_locally_kWh,renewable_self_consumption_ratio_pct,PV_self_consumption_kWh,renewable_self_consumption_ratio,battery_throughput_kWh,equivalent_full_cycles,mean_daily_peak_import_kW,horizon_max_grid_import_kW,peak_contract_violation_count,peak_contract_violation_energy_kWh,VPP_tracking_RMSE_kW,VPP_tracking_MAE_kW,DR_success_rate_pct,DR_interval_compliance_pct,DR_event_count,DR_successful_event_count,DR_event_compliance_pct,DR_max_violation_kW,feasible_DR_success_pct,DR_violation_energy_kWh,min_SOC,max_SOC,final_SOC,terminal_SOC_error,hard_clip_fraction_pct,soft_coach_fraction_pct,physical_projection_fraction_pct,service_coaching_fraction_pct,mean_reward,day_index,date,controller
481.872182809301,192.304919790267,481.872182809301,11165.3367175626,0,0,5543.07252153121,496.453681760641,1584.7,1584.7,100,1584.7,1,0,0,811.616942971447,811.616942971447,14,212.488409091107,192.307309327312,163.055113299579,100,100,0,0,100,0,100,0,0.55,0.55,0.55,0,0,0,0,0,-2.00317624781528,0,2019-10-01,no_battery
458.656026425347,178.530263864407,458.656026425347,11442.8083197787,0,0,5190.76871115363,453.627166172266,1639,1639,100,1639,1,0,0,795.433658773249,795.433658773249,17,253.801831470524,172.171867401373,139.597885257115,100,100,0,0,100,0,100,0,0.55,0.55,0.55,0,0,0,0,0,-1.85969024858757,1,2019-10-02,no_battery
470.628481946938,202.310144354393,470.628481946938,11248.5313287901,0,0,6010.94546167605,534.37602527641,1694.9,1694.9,100,1694.9,1,0,0,810.061517391848,810.061517391848,18,337.904607702154,192.077254976296,155.997990815571,100,100,0,0,100,0,100,0,0.55,0.55,0.55,0,0,0,0,0,-2.10739733702493,2,2019-10-03,no_battery
510.849772589758,193.633872027184,510.849772589758,11798.0483395621,0,0,5938.76593199812,503.368503084008,939.8,939.8,100,939.8,1,0,0,774.52536359043,774.52536359043,20,223.797613940697,147.724538531949,124.090449886182,100,100,0,0,100,0,100,0,0.55,0.55,0.55,0,0,0,0,0,-2.01701950028317,3,2019-10-04,no_battery
411.7097001087,171.753357753416,411.7097001087,10847.9294469444,0,0,5427.88811386425,500.361671820528,1247.3,1247.3,100,1247.3,1,0,0,701.011905564687,701.011905564687,5,13.2777545105423,149.411008893001,125.777794394957,100,100,0,0,100,0,100,0,0.55,0.55,0.55,0,0,0,0,0,-1.78909747659808,4,2019-10-05,no_battery
267.166644462183,124.090168529242,267.166644462183,8380.49653126777,0,0,3976.83412990767,474.534428248975,1325.1,1325.1,100,1325.1,1,0,0,504.238594817891,504.238594817891,0,0,138.36453899452,109.381706172848,100,100,0,0,100,0,100,0,0.55,0.55,0.55,0,0,0,0,0,-1.29260592217961,5,2019-10-06,no_battery
243.558225757006,110.828257833843,243.558225757006,5832.33230914544,44.3123007413651,44.3123007413651,3172.57766208261,543.963802801124,1989.8,1945.48769925863,97.7730274026854,1945.48769925863,0.977730274026854,0,0,422.939971017871,422.939971017871,0,0,164.157734667913,130.101310717438,100,100,0,0,100,0,100,0,0.55,0.55,0.55,0,0,0,0,0,-1.15446101910253,6,2019-10-07,no_battery
400.336899474383,172.436887541713,400.336899474383,11612.9866256636,0,0,5171.56127665271,445.325689536578,779.3,779.3,100,779.3,1,0,0,795.413971910145,795.413971910145,13,196.214948249907,176.2004970558,144.554234143147,100,100,0,0,100,0,100,0,0.55,0.55,0.55,0,0,0,0,0,-1.79621757855951,7,2019-10-08,no_battery
411.631508064009,171.261185427289,411.631508064009,11622.6112868696,0,0,5073.35244903523,436.50710875677,1103.7,1103.7,100,1103.7,1,0,0,809.012826570892,809.012826570892,20,240.979109212036,166.280601470034,141.068879668451,100,100,0,0,100,0,100,0,0.55,0.55,0.55,0,0,0,0,0,-1.78397068153426,8,2019-10-09,no_battery
353.097828148398,155.038004598214,353.097828148398,11268.972330848,0,0,4383.98920504546,389.031854576891,1621.7,1621.7,100,1621.7,1,0,0,787.361928790042,787.361928790042,19,265.065802946933,186.557186166505,154.884834114405,100,100,0,0,100,0,100,0,0.55,0.55,0.55,0,0,0,0,0,-1.61497921456473,9,2019-10-10,no_battery
258.155471662033,122.730655322353,258.155471662033,10826.4264654368,0,0,3496.17310251785,322.929557013048,1678,1678,100,1678,1,0,0,760.456965524923,760.456965524923,12,113.555318619362,172.584365241872,141.874933721381,100,100,0,0,100,0,100,0,0.55,0.55,0.55,0,0,0,0,0,-1.27844432627451,10,2019-10-11,no_battery
244.362363817885,129.745542199439,244.362363817885,9359.46026327418,0,0,3808.15879301411,406.878034191463,2333.3,2333.3,100,2333.3,1,0,0,650.464331039409,650.464331039409,0,0,195.507134232794,156.047438861648,100,100,0,0,100,0,100,0,0.55,0.55,0.55,0,0,0,0,0,-1.35151606457749,11,2019-10-12,no_battery
146.319979525757,97.3848231990351,146.319979525757,7303.06610310337,58.219149267627,58.219149267627,2843.89572786854,389.411199038723,2325.2,2266.98085073237,97.4961659527083,2266.98085073237,0.974961659527083,0,0,460.4790183229,460.4790183229,0,0,185.082243406,142.90875887598,100,100,0,0,100,0,100,0,0.55,0.55,0.55,0,0,0,0,0,-1.01442524165662,12,2019-10-13,no_battery
182.824064629011,98.159440108849,182.824064629011,5581.40893872414,446.12475554248,446.12475554248,2660.83434024578,476.731658521697,2654.2,2208.07524445752,83.1917430659905,2208.07524445752,0.831917430659905,0,0,390.642576688087,390.642576688087,0,0,191.425192781609,144.644943047704,100,100,0,0,100,0,100,0,0.55,0.55,0.55,0,0,0,0,0,-1.02249416780051,13,2019-10-14,no_battery
456.831666319332,223.231167440182,456.831666319332,10266.3652846188,0,0,5680.59840045223,553.321281969478,2018.2,2018.2,100,2018.2,1,0,0,741.265575439575,741.265575439575,16,104.701363789558,202.92641013389,176.063050894547,0,0,1,0,0,240.028103831373,0,410.352494581055,0.55,0.55,0.55,0,0,0,0,0,-2.32532466083523,14,2019-10-15,no_battery
423.07454570512,171.309947713947,423.07454570512,10839.8707387464,0,0,5197.19263149112,479.451531918558,1613.7,1613.7,100,1613.7,1,0,0,757.725263227537,757.725263227537,11,77.229989703475,166.402247202915,135.649141819006,100,100,0,0,100,0,100,0,0.55,0.55,0.55,0,0,0,0,0,-1.78447862202028,15,2019-10-16,no_battery
485.641439381095,238.764797272239,485.641439381095,10918.1541845526,0,0,5770.5993296319,528.532500282543,1563.5,1563.5,100,1563.5,1,0,0,768.231469558988,768.231469558988,14,137.083494805931,183.768661466652,149.357025198125,0,0,1,0,0,320.080391487531,0,507.271893955034,0.55,0.55,0.55,0,0,0,0,0,-2.48713330491916,16,2019-10-17,no_battery
361.886862621911,150.531993063905,361.886862621911,10506.1678664603,0,0,4555.61154759953,433.613055255168,1555.2,1555.2,100,1555.2,1,0,0,703.363881046615,703.363881046615,7,24.928889449973,159.313873812775,129.788556095662,100,100,0,0,100,0,100,0,0.55,0.55,0.55,0,0,0,0,0,-1.56804159441567,17,2019-10-18,no_battery
353.417952443409,142.330412043417,353.417952443409,10468.7667499878,0,0,4685.32607196959,447.552819148927,908,908,100,908,1,0,0,626.505901488559,626.505901488559,0,0,106.266378371674,87.042649183087,100,100,0,0,100,0,100,0,0.55,0.55,0.55,0,0,0,0,0,-1.48260845878559,18,2019-10-19,no_battery
274.604541678715,134.877649436989,274.604541678715,7786.10603681975,0,0,4365.28572431646,560.650690303143,1416.7,1416.7,100,1416.7,1,0,0,486.320498214621,486.320498214621,0,0,148.976050120799,120.215106357591,100,100,0,0,100,0,100,0,0.55,0.55,0.55,0,0,0,0,0,-1.40497551496863,19,2019-10-20,no_battery
283.047551766997,113.920615959729,283.047551766997,6446.80663362266,0,0,3684.2038927612,571.47733787246,1177.4,1177.4,100,1177.4,1,0,0,402.510791117719,402.510791117719,0,0,105.01099576899,81.1559938470078,100,100,0,0,100,0,100,0,0.55,0.55,0.55,0,0,0,0,0,-1.18667308291385,20,2019-10-21,no_battery
494.86506908928,235.761032215321,494.86506908928,10579.8563270744,0,0,6098.07895661671,576.385800345076,1432.6,1432.6,100,1432.6,1,0,0,721.264986975643,721.264986975643,9,52.8878107870069,172.031690091232,141.596177531891,0,0,1,0,0,283.732296576923,0,466.54452867581,0.55,0.55,0.55,0,0,0,0,0,-2.45584408557626,21,2019-10-22,no_battery
468.712842303507,195.680481081269,468.712842303507,10876.7130048733,0,0,6153.83692656508,565.780941706179,1354.2,1354.2,100,1354.2,1,0,0,775.773407733681,775.773407733681,10,99.4954133047298,163.236865007611,137.340414511629,100,100,0,0,100,0,100,0,0.55,0.55,0.55,0,0,0,0,0,-2.03833834459655,22,2019-10-23,no_battery
407.839485352784,177.981855371218,407.839485352784,11039.9814037868,0,0,5728.62671010643,518.898220982644,1279.8,1279.8,100,1279.8,1,0,0,730.621801966068,730.621801966068,10,74.926526144367,152.787823664834,124.767171958713,100,100,0,0,100,0,100,0,0.55,0.55,0.55,0,0,0,0,0,-1.85397766011685,23,2019-10-24,no_battery
374.942055085548,157.519871629207,374.942055085548,10515.830768986,0,0,4584.50005830424,435.961756994527,1652.4,1652.4,100,1652.4,1,0,0,753.446140537848,753.446140537848,9,78.7211614385496,182.759203156132,148.640724663382,100,100,0,0,100,0,100,0,0.55,0.55,0.55,0,0,0,0,0,-1.64083199613758,24,2019-10-25,no_battery
199.345459235773,105.961743636118,199.345459235773,9507.79669258338,0,0,3035.78552816439,319.29432510189,2015.9,2015.9,100,2015.9,1,0,0,657.141972293667,657.141972293667,0,0,177.174447659987,140.400591863552,100,100,0,0,100,0,100,0,0.55,0.55,0.55,0,0,0,0,0,-1.10376816287623,25,2019-10-26,no_battery
209.059270698639,93.8807405193988,209.059270698639,8076.82390145576,0,0,2943.30851078069,364.414099736679,1225.4,1225.4,100,1225.4,1,0,0,472.286934487896,472.286934487896,0,0,117.083509554741,91.1000200014863,100,100,0,0,100,0,100,0,0.55,0.55,0.55,0,0,0,0,0,-0.977924380410405,26,2019-10-27,no_battery
264.621068709823,107.520505539658,264.621068709823,6138.66872255321,0,0,3285.32712360514,535.185603278279,1398.4,1398.4,100,1398.4,1,0,0,403.838526423287,403.838526423287,0,0,126.466248169915,97.351304502864,100,100,0,0,100,0,100,0,0.55,0.55,0.55,0,0,0,0,0,-1.1200052660381,27,2019-10-28,no_battery
528.102115921329,236.673448561034,528.102115921329,10796.1830647943,0,0,6353.45906528632,588.491231313458,1187.9,1187.9,100,1187.9,1,0,0,720.406849611159,720.406849611159,6,43.3280950742061,173.245246903342,147.750614965087,0,0,1,0,0,258.098445106332,0,406.067425905368,0.55,0.55,0.55,0,0,0,0,0,-2.46534842251077,28,2019-10-29,no_battery
524.180381027668,210.440437205126,524.180381027668,10737.0664372177,0,0,6325.95379882363,589.169661547038,1584,1584,100,1584,1,0,0,770.674951011103,770.674951011103,13,151.583271082271,191.525277377713,159.181006761445,100,100,0,0,100,0,100,0,0.55,0.55,0.55,0,0,0,0,0,-2.1920878875534,29,2019-10-30,no_battery
456.897723203685,193.093132733646,456.897723203685,10385.425805576,0,0,5721.36039734383,550.90282328838,2027.9,2027.9,100,2027.9,1,0,0,732.329036920081,732.329036920081,16,142.654406690803,208.277347949867,166.61975079918,100,100,0,0,100,0,100,0,0.55,0.55,0.55,0,0,0,0,0,-2.01138679930882,30,2019-10-31,no_battery
359.033779483853,155.640730534447,359.033779483853,11225.191454326,0,0,5174.25675917701,460.950423895261,757.2,757.2,100,757.2,1,0,0,721.580789133417,721.580789133417,1,11.2777308802728,121.11253822543,100.468753765617,100,100,0,0,100,0,100,0,0.55,0.55,0.55,0,0,0,0,0,-1.62125760973383,31,2019-11-01,no_battery
291.178590035813,125.900659187877,291.178590035813,10581.3380232455,0,0,4056.68338246457,383.380946110282,819,819,100,819,1,0,0,627.647244888616,627.647244888616,0,0,115.353489748303,98.9622891620907,100,100,0,0,100,0,100,0,0.55,0.55,0.55,0,0,0,0,0,-1.31146519987372,32,2019-11-02,no_battery
230.75284462294,119.880163061583,230.75284462294,8424.46625118371,0,0,4194.97242972645,497.951122913814,700.5,700.5,100,700.5,1,0,0,462.765481016964,462.765481016964,0,0,105.295210813766,87.1531427109337,100,100,0,0,100,0,100,0,0.55,0.55,0.55,0,0,0,0,0,-1.24875169855815,33,2019-11-03,no_battery
255.519649996614,109.76794156919,255.519649996614,6701.41035492811,0,0,3618.60398610496,539.976481733266,940.7,940.7,100,940.7,1,0,0,390.29740235096,390.29740235096,0,0,101.089877061351,83.3365144019234,100,100,0,0,100,0,100,0,0.55,0.55,0.55,0,0,0,0,0,-1.1434160580124,34,2019-11-04,no_battery
503.607175194215,201.33130838311,503.607175194215,11398.3594981187,0,0,6490.49915388748,569.42397324446,715.9,715.9,100,715.9,1,0,0,694.903993110142,694.903993110142,10,19.4416852256157,150.128166408241,122.157301064196,100,100,0,0,100,0,100,0,0.55,0.55,0.55,0,0,0,0,0,-2.09720112899073,35,2019-11-05,no_battery
612.712788199019,222.183751043707,612.712788199019,11513.5121478441,0,0,6998.12773372198,607.818678076641,628.5,628.5,100,628.5,1,0,0,737.137248821678,737.137248821678,12,76.5343438284532,138.444691960818,120.304250144196,100,100,0,0,100,0,100,0,0.55,0.55,0.55,0,0,0,0,0,-2.31441407337194,36,2019-11-06,no_battery
476.196348694855,192.654478333585,476.196348694855,11182.2552860291,0,0,5955.87318481067,532.618244930594,1100.7,1100.7,100,1100.7,1,0,0,744.404221419523,744.404221419523,14,88.0264935324586,164.240277541643,140.835403904658,100,100,0,0,100,0,100,0,0.55,0.55,0.55,0,0,0,0,0,-2.00681748264151,37,2019-11-07,no_battery
552.386226795988,249.108828127006,552.386226795988,11465.7038586853,0,0,6831.21872856494,595.795845833771,656.3,656.3,100,656.3,1,0,0,751.850025418874,751.850025418874,8,80.8603692240492,139.194685596498,115.500582348757,0,0,1,0,0,276.750204345378,0,456.551995601271,0.55,0.55,0.55,0,0,0,0,0,-2.59488362632298,38,2019-11-08,no_battery
450.041125284266,183.927168922792,450.041125284266,10745.0032714627,0,0,6149.82401143827,572.342683949792,615.2,615.2,100,615.2,1,0,0,636.502103473263,636.502103473263,0,0,115.659283200988,101.507179127715,100,100,0,0,100,0,100,0,0.55,0.55,0.55,0,0,0,0,0,-1.91590800961242,39,2019-11-09,no_battery
337.902340720949,144.302304441731,337.902340720949,8111.12022112853,0,0,4652.21640995323,573.560283058651,1260.8,1260.8,100,1260.8,1,0,0,486.350334400559,486.350334400559,0,0,138.570427794736,108.45863938576,100,100,0,0,100,0,100,0,0.55,0.55,0.55,0,0,0,0,0,-1.50314900460136,40,2019-11-10,no_battery
270.766116534109,102.905053201834,270.766116534109,6792.89097782902,0,0,3340.355278891,491.742807266217,773.1,773.1,100,773.1,1,0,0,369.319077262765,369.319077262765,0,0,86.8525479200757,68.2477972656019,100,100,0,0,100,0,100,0,0.55,0.55,0.55,0,0,0,0,0,-1.0719276375191,41,2019-11-11,no_battery
497.973661838702,181.039075423736,497.973661838702,11385.8476198229,0,0,5377.00227687756,472.253138845467,725.6,725.6,100,725.6,1,0,0,749.94450575196,749.94450575196,13,96.4335864230068,164.960358446242,131.152970404061,100,100,0,0,100,0,100,0,0.55,0.55,0.55,0,0,0,0,0,-1.88582370233058,42,2019-11-12,no_battery
557.186476864557,199.475188273407,557.186476864557,11542.8324654431,0,0,6103.95054585464,528.808727331758,601.9,601.9,100,601.9,1,0,0,772.581887834014,772.581887834014,9,115.259360957196,139.001834272577,119.534505478713,100,100,0,0,100,0,100,0,0.55,0.55,0.55,0,0,0,0,0,-2.07786654451465,43,2019-11-13,no_battery
500.774577458819,191.038214940031,500.774577458819,11112.2973729519,0,0,5594.44302210729,503.446122286518,1402.6,1402.6,100,1402.6,1,0,0,794.469825255783,794.469825255783,15,164.419888638778,177.387440796852,146.835780012989,100,100,0,0,100,0,100,0,0.55,0.55,0.55,0,0,0,0,0,-1.98998140562532,44,2019-11-14,no_battery
462.333838460909,178.979188182222,462.333838460909,11704.6021634613,0,0,5809.16655430481,496.314737842139,497.2,497.2,100,497.2,1,0,0,759.497305557913,759.497305557913,6,47.4474047643835,117.678694839265,100.751828329559,100,100,0,0,100,0,100,0,0.55,0.55,0.55,0,0,0,0,0,-1.86436654356481,45,2019-11-15,no_battery
417.777336192941,170.174328213676,417.777336192941,11047.7756611189,0,0,5565.42946940377,503.760181245399,649.1,649.1,100,649.1,1,0,0,674.880435478622,674.880435478622,0,0,121.131487162416,105.140167551183,100,100,0,0,100,0,100,0,0.55,0.55,0.55,0,0,0,0,0,-1.7726492522258,46,2019-11-16,no_battery
336.614186869341,138.156514946934,336.614186869341,9173.54511694441,0,0,4677.50215735535,509.890352936245,405.4,405.4,100,405.4,1,0,0,483.565720774968,483.565720774968,0,0,92.6424112323541,79.6066131161232,100,100,0,0,100,0,100,0,0.55,0.55,0.55,0,0,0,0,0,-1.43913036403056,47,2019-11-17,no_battery
295.410930492077,110.759443868688,295.410930492077,7267.89155749442,0,0,3538.47413730468,486.863914976266,584.7,584.7,100,584.7,1,0,0,412.884713901586,412.884713901586,0,0,90.2260321241085,76.5717219197435,100,100,0,0,100,0,100,0,0.55,0.55,0.55,0,0,0,0,0,-1.1537442069655,48,2019-11-18,no_battery
603.939692862449,265.574440265133,603.939692862449,11915.1770081637,0,0,6371.07913665146,534.702852696718,733.5,733.5,100,733.5,1,0,0,788.363752876636,788.363752876636,24,316.303576955164,178.218915358926,137.801138776058,0,0,1,0,0,299.337915366188,0,527.958295656446,0.55,0.55,0.55,0,0,0,0,0,-2.76640041942847,49,2019-11-19,no_battery
664.537235990018,247.851501560026,664.537235990018,12403.1438899742,0,0,7837.59848821677,631.904181531921,433.8,433.8,100,433.8,1,0,0,833.048455816687,833.048455816687,21,301.124407858061,136.933309587681,116.730785816043,100,100,0,0,100,0,100,0,0.55,0.55,0.55,0,0,0,0,0,-2.5817864745836,50,2019-11-20,no_battery
644.666810252636,245.908532856036,644.666810252636,12783.5851062344,0,0,7633.80918016911,597.157144629652,384.1,384.1,100,384.1,1,0,0,801.701839674054,801.701839674054,27,481.078515951362,146.118378661202,127.148387702021,100,100,0,0,100,0,100,0,0.55,0.55,0.55,0,0,0,0,0,-2.56154721725038,51,2019-11-21,no_battery
527.480281223699,212.84597148313,527.480281223699,12167.1370322154,0,0,6567.5683292506,539.77926868592,593.2,593.2,100,593.2,1,0,0,805.573042521931,805.573042521931,22,312.857451733406,156.648205932467,139.277377219923,100,100,0,0,100,0,100,0,0.55,0.55,0.55,0,0,0,0,0,-2.2171455362826,52,2019-11-22,no_battery
346.362247591617,143.011633227133,346.362247591617,11342.0669180096,0,0,4456.09271963976,392.881892855359,950.6,950.6,100,950.6,1,0,0,690.639742344583,690.639742344583,1,3.54246918306427,136.546283927855,115.596774794146,100,100,0,0,100,0,100,0,0.55,0.55,0.55,0,0,0,0,0,-1.48970451278263,53,2019-11-23,no_battery
318.566492560398,140.937996483901,318.566492560398,9080.6693988818,0,0,4694.91654147273,517.023176953328,767.5,767.5,100,767.5,1,0,0,515.144640268685,515.144640268685,0,0,119.170342309899,98.1825575396174,100,100,0,0,100,0,100,0,0.55,0.55,0.55,0,0,0,0,0,-1.46810413004064,54,2019-11-24,no_battery
399.576185152145,144.52626564318,399.576185152145,7865.30911878691,0,0,4902.70135527389,623.332316788847,278.4,278.4,100,278.4,1,0,0,421.709247291365,421.709247291365,0,0,66.9338192054524,57.1177449925081,100,100,0,0,100,0,100,0,0.55,0.55,0.55,0,0,0,0,0,-1.50548193378313,55,2019-11-25,no_battery
605.837835352542,277.769348459319,605.837835352542,12744.1884116456,0,0,7170.74486421675,562.667832002873,447.2,447.2,100,447.2,1,0,0,781.770940190322,781.770940190322,27,363.612319261119,166.990552712123,133.60706299409,0,0,1,0,0,304.071868061484,0,509.416299436089,0.55,0.55,0.55,0,0,0,0,0,-2.8934307131179,56,2019-11-26,no_battery
515.733830761329,204.999855121377,515.733830761329,13257.8415283727,0,0,6108.86675964864,460.773855727211,329.9,329.9,100,329.9,1,0,0,846.615644153015,846.615644153015,25,518.269668998309,141.048229143938,121.362035665745,100,100,0,0,100,0,100,0,0.55,0.55,0.55,0,0,0,0,0,-2.13541515751434,57,2019-11-27,no_battery
412.425247187248,223.236813447242,412.425247187248,13237.9761174636,0,0,4775.80508755771,360.765501099328,496.1,496.1,100,496.1,1,0,0,828.355250291857,828.355250291857,30,571.327853767271,160.909258226467,140.823070227114,0,0,1,0,0,341.512231291885,0,528.909008682472,0.55,0.55,0.55,0,0,0,0,0,-2.32538347340877,58,2019-11-28,no_battery
553.262909950609,248.174484396401,553.262909950609,13164.7240318885,0,0,5809.69421393139,441.307709896445,614.3,614.3,100,614.3,1,0,0,818.24374504766,818.24374504766,24,520.175363778793,157.447189491833,133.520823926476,0,0,1,0,0,324.054978052127,0,481.673140024788,0.55,0.55,0.55,0,0,0,0,0,-2.58515087912917,59,2019-11-29,no_battery
512.068910338404,207.369341992569,512.068910338404,11947.9193305661,0,0,6689.76252935958,559.910252511105,935.5,935.5,100,935.5,1,0,0,753.096224906765,753.096224906765,14,104.403295369138,146.726436315439,126.031944232613,100,100,0,0,100,0,100,0,0.55,0.55,0.55,0,0,0,0,0,-2.1600973124226,60,2019-11-30,no_battery
424.268156302719,171.030043901305,424.268156302719,9986.55919499733,0,0,5861.119289472,586.900770828863,426.3,426.3,100,426.3,1,0,0,541.97927261816,541.97927261816,0,0,98.4647519212063,77.9383316687679,100,100,0,0,100,0,100,0,0.55,0.55,0.55,0,0,0,0,0,-1.78156295730526,61,2019-12-01,no_battery
365.714545933009,131.692830326901,365.714545933009,7863.82053729647,0,0,4150.7442835585,527.827951295732,616.6,616.6,100,616.6,1,0,0,442.859936784775,442.859936784775,0,0,100.624441306443,84.0215384195201,100,100,0,0,100,0,100,0,0.55,0.55,0.55,0,0,0,0,0,-1.37180031590522,62,2019-12-02,no_battery
657.371382487605,291.981840631648,657.371382487605,13022.6462371601,0,0,7091.90369664225,544.582381145049,679,679,100,679,1,0,0,852.314694461524,852.314694461524,28,604.377856682562,180.767934009555,141.329513807661,0,0,1,0,0,317.590948719075,0,512.283455060382,0.55,0.55,0.55,0,0,0,0,0,-3.04147750657967,63,2019-12-03,no_battery
644.220902547151,250.323666735887,644.220902547151,12962.3671429514,0,0,7098.19825058094,547.600463117631,1164.1,1164.1,100,1164.1,1,0,0,896.310347577287,896.310347577287,30,707.347037187767,187.60632867611,161.281092231827,100,100,0,0,100,0,100,0,0.55,0.55,0.55,0,0,0,0,0,-2.60753819516549,64,2019-12-04,no_battery
561.825028199674,299.228624433988,561.825028199674,13662.189451158,0,0,6680.54219382085,488.980351041362,916.3,916.3,100,916.3,1,0,0,912.118271702812,912.118271702812,30,1061.21569066553,188.684270859019,155.083279412294,0,0,1,0,0,339.253369310989,0,534.825659545437,0.55,0.55,0.55,0,0,0,0,0,-3.11696483785404,65,2019-12-05,no_battery
416.21252524639,240.588827511986,416.21252524639,13477.3741385472,0,0,4841.43595596645,359.226946302488,617.4,617.4,100,617.4,1,0,0,900.595676213686,900.595676213686,26,769.506327702239,169.994072884263,144.663708226795,0,0,1,0,0,319.672170257044,0,567.695261989991,0.55,0.55,0.55,0,0,0,0,0,-2.50613361991652,66,2019-12-06,no_battery
343.694792055911,138.593386449029,343.694792055911,12915.2735511695,0,0,4213.96425855478,326.27758458691,380,380,100,380,1,0,0,765.545475856274,765.545475856274,21,223.83111634695,123.571655505541,110.320649858054,100,100,0,0,100,0,100,0,0.55,0.55,0.55,0,0,0,0,0,-1.44368110884405,67,2019-12-07,no_battery
23.7339204267613,72.6792157178592,23.7339204267613,10195.5828072755,0,0,2756.32294841285,270.344815055198,476.1,476.1,100,476.1,1,0,0,568.805564863188,568.805564863188,0,0,117.693701003149,96.1135415961389,100,100,0,0,100,0,100,0,0.55,0.55,0.55,0,0,0,0,0,-0.7570751637277,68,2019-12-08,no_battery
213.659604637484,95.063829894469,213.659604637484,8061.29017645627,0,0,3092.78234407475,383.658481009344,584.2,584.2,100,584.2,1,0,0,445.568578245231,445.568578245231,0,0,100.605279392684,82.4158122818121,100,100,0,0,100,0,100,0,0.55,0.55,0.55,0,0,0,0,0,-0.990248228067385,69,2019-12-09,no_battery
527.064896071239,273.388387033982,527.064896071239,13475.7636355992,0,0,6020.67182777947,446.777784961629,890.2,890.2,100,890.2,1,0,0,945.26377787535,945.26377787535,32,863.222160892733,199.223821768595,159.657005510208,0,0,1,0,0,299.264619451159,0,524.539131208624,0.55,0.55,0.55,0,0,0,0,0,-2.84779569827064,70,2019-12-10,no_battery
596.125748046443,269.751241331943,596.125748046443,14570.7143411521,0,0,7485.5095272377,513.736619356838,424.4,424.4,100,424.4,1,0,0,961.892277368952,961.892277368952,31,1163.62426595079,159.199132726925,132.811550666903,100,100,0,0,100,0,100,0,0.55,0.55,0.55,0,0,0,0,0,-2.80990876387441,71,2019-12-11,no_battery
648.642085394571,338.213514909703,648.642085394571,14788.6286690423,0,0,7501.82462504499,507.269794443408,328.1,328.1,100,328.1,1,0,0,954.044072854661,954.044072854661,32,1286.31004712293,175.817341224314,152.23275652793,0,0,1,0,0,356.405519779892,0,546.961506073459,0.55,0.55,0.55,0,0,0,0,0,-3.52305744697607,72,2019-12-12,no_battery
541.044343214204,287.026365452378,541.044343214204,14344.1910439501,0,0,6718.1520882113,468.35350056529,335.9,335.9,100,335.9,1,0,0,886.495729820341,886.495729820341,33,868.410439233761,159.084902180537,144.261266523145,0,0,1,0,0,341.832814074389,0,548.321580405202,0.55,0.55,0.55,0,0,0,0,0,-2.98985797346227,73,2019-12-13,no_battery
301.82402798906,149.227706040716,301.82402798906,13794.1543579915,0,0,4367.21389592881,316.598885483597,444.3,444.3,100,444.3,1,0,0,840.303376387214,840.303376387214,27,569.509515455188,135.884257479153,121.747925585939,100,100,0,0,100,0,100,0,0.55,0.55,0.55,0,0,0,0,0,-1.55445527125746,74,2019-12-14,no_battery
172.677127510492,98.7458442853609,172.677127510492,10730.9184388358,0,0,3161.9837309077,294.661053378646,558,558,100,558,1,0,0,594.158625942649,594.158625942649,0,0,134.00601373531,111.374505775439,100,100,0,0,100,0,100,0,0.55,0.55,0.55,0,0,0,0,0,-1.02860254463918,75,2019-12-15,no_battery
349.355893769439,131.067422373222,349.355893769439,8506.80936322072,0,0,4176.07826077179,490.910055987279,555.6,555.6,100,555.6,1,0,0,469.13942434654,469.13942434654,0,0,101.651227090457,86.9985501663377,100,100,0,0,100,0,100,0,0.55,0.55,0.55,0,0,0,0,0,-1.36528564972107,76,2019-12-16,no_battery
534.037121451649,325.537485694271,534.037121451649,14719.7658620505,0,0,6549.44638759903,444.942293850228,659.9,659.9,100,659.9,1,0,0,996.541398564747,996.541398564747,34,1450.34549514304,217.327415424192,168.353561747352,0,0,1,0,0,333.511285275758,0,566.669580497965,0.55,0.55,0.55,0,0,0,0,0,-3.39101547598199,77,2019-12-17,no_battery
622.74943444859,295.423553357839,622.74943444859,15009.0385669741,0,0,7553.38810478172,503.255959472462,601,601,100,601,1,0,0,969.722314127717,969.722314127717,34,1499.97518684674,176.182207185065,157.207992777821,100,100,0,0,100,0,100,0,0.55,0.55,0.55,0,0,0,0,0,-3.07732868081082,78,2019-12-18,no_battery
521.488160379753,292.862270564836,521.488160379753,14887.5240862671,0,0,6587.61405179405,442.492251473214,841.8,841.8,100,841.8,1,0,0,1001.8836827119,1001.8836827119,32,1721.84820193418,214.009651981068,186.465614837432,100,100,0,0,100,0,100,0,0.55,0.55,0.55,0,0,0,0,0,-3.05064865171704,79,2019-12-19,no_battery
441.78468229813,230.303367988926,441.78468229813,14915.5233076154,0,0,5956.53717435617,399.351538092865,547.9,547.9,100,547.9,1,0,0,949.434106456694,949.434106456694,35,1285.00327805127,167.159534265783,146.543553706115,100,100,0,0,100,0,100,0,0.55,0.55,0.55,0,0,0,0,0,-2.39899341655131,80,2019-12-20,no_battery
403.252967755014,204.761193814528,403.252967755014,13952.9896042964,0,0,6405.42880501839,459.072140571655,623.5,623.5,100,623.5,1,0,0,836.636813834711,836.636813834711,28,669.796020812455,150.822449065918,133.770402028834,100,100,0,0,100,0,100,0,0.55,0.55,0.55,0,0,0,0,0,-2.13292910223467,81,2019-12-21,no_battery
289.939360265209,144.790597069822,289.939360265209,11170.526744089,0,0,5071.97405163293,454.049676244392,314.4,314.4,100,314.4,1,0,0,577.234681796999,577.234681796999,0,0,112.047297325331,91.6315489301938,100,100,0,0,100,0,100,0,0.55,0.55,0.55,0,0,0,0,0,-1.50823538614398,82,2019-12-22,no_battery
216.047499494986,100.621898977188,216.047499494986,8770.37681929396,0,0,3386.42219742569,386.12049028223,328.3,328.3,100,328.3,1,0,0,455.306182888145,455.306182888145,0,0,92.9949095755466,79.7638548478955,100,100,0,0,100,0,100,0,0.55,0.55,0.55,0,0,0,0,0,-1.04814478101237,83,2019-12-23,no_battery
370.076119087024,244.701776312577,370.076119087024,14967.9367876079,0,0,6601.78401982131,441.061725039286,372.8,372.8,100,372.8,1,0,0,951.466043689609,951.466043689609,31,1339.12233183948,203.261776701294,159.836639835758,100,100,0,0,100,0,100,0,0.55,0.55,0.55,0,0,0,0,0,-2.54897683658934,84,2019-12-24,no_battery
445.273459732836,295.346831468383,445.273459732836,15363.5218734342,0,0,7786.31569118902,506.805389762402,265.6,265.6,100,265.6,1,0,0,1013.62424421038,1013.62424421038,34,1653.47571957146,180.59494935167,159.425258893249,100,100,0,0,100,0,100,0,0.55,0.55,0.55,0,0,0,0,0,-3.07652949446232,85,2019-12-25,no_battery
528.982480118326,318.11437711684,528.982480118326,15214.6294079167,0,0,8812.25825780472,579.196378797069,541.3,541.3,100,541.3,1,0,0,1004.13981537939,1004.13981537939,33,1551.55684191677,188.13632381152,165.760187402619,100,100,0,0,100,0,100,0,0.55,0.55,0.55,0,0,0,0,0,-3.31369142830042,86,2019-12-26,no_battery
580.387997778864,304.967911421935,580.387997778864,14996.906505805,0,0,8733.19506996222,582.333100935302,414.8,414.8,100,414.8,1,0,0,974.967945426975,974.967945426975,32,1332.87999735708,170.027086540121,148.108080068151,100,100,0,0,100,0,100,0,0.55,0.55,0.55,0,0,0,0,0,-3.17674907731183,87,2019-12-27,no_battery
489.117332866072,247.633869531853,489.117332866072,13953.2867173299,0,0,7904.15867518883,566.472891678771,717.4,717.4,100,717.4,1,0,0,856.641220255584,856.641220255584,30,736.049052238313,160.262661520787,143.772426044633,100,100,0,0,100,0,100,0,0.55,0.55,0.55,0,0,0,0,0,-2.57951947429014,88,2019-12-28,no_battery
316.710996863567,154.372017363869,316.710996863567,10676.5427088783,0,0,4997.43254398858,468.075919354761,1087.2,1087.2,100,1087.2,1,0,0,624.560538329232,624.560538329232,0,0,163.806275808447,131.386722790286,100,100,0,0,100,0,100,0,0.55,0.55,0.55,0,0,0,0,0,-1.6080418475403,89,2019-12-29,no_battery
208.821240918486,95.6858479858223,208.821240918486,8062.90604520614,0,0,2836.42023648688,351.786343606632,1053.8,1053.8,100,1053.8,1,0,0,485.759015792369,485.759015792369,0,0,136.938722163996,111.356638017214,100,100,0,0,100,0,100,0,0.55,0.55,0.55,0,0,0,0,0,-0.996727583185649,90,2019-12-30,no_battery
537.320455213289,273.047388208519,537.320455213289,15112.2841189431,0,0,7057.10253487593,466.977888936717,0,0,,0,,0,0,940.375455020442,940.375455020442,36,1423.7123295178,208.088915525621,178.888707930197,100,100,0,0,100,0,100,0,0.55,0.55,0.55,0,0,0,0,0,-2.84424362717207,91,2019-12-31,no_battery
418.811385758182,482.653988974393,418.811385758182,9965.67346474318,130.336747180591,130.336747180591,4958.59861473321,497.56783947175,1584.7,1584.7,100,1584.7,1,1330,0.16625,811.616942971447,811.616942971447,14,212.488409091107,222.114744242045,193.812199093535,100,100,0,0,100,0,100,0,0.2,0.55,0.2,0.35,29.1666666666667,0,29.1666666666667,0,-5.02764571848326,0,2019-10-01,rule_based
391.816215402539,472.048587815167,391.816215402539,10172.6563526112,59.8480328325113,59.8480328325113,4551.50080026886,447.425003116374,1639,1639,100,1639,1,1330,0.16625,795.433658773249,795.433658773249,17,253.801831470524,244.438444215337,195.014551923782,100,100,0,0,100,0,100,0,0.2,0.55,0.2,0.35,25,0,25,0,-4.91717278974132,1,2019-10-02,rule_based
416.074246076313,475.645485706171,416.074246076313,10315.0320811782,396.500752388035,396.500752388035,5580.26945206214,540.984207140224,1694.9,1694.9,100,1694.9,1,1330,0.16625,810.061517391848,810.061517391848,18,337.904607702154,283.041998729671,211.414657482238,100,100,0,0,100,0,100,0,0.2,0.55,0.2,0.35,42.7083333333333,0,42.7083333333333,0,-4.95464047610594,2,2019-10-03,rule_based
466.806178851314,558.333355051712,466.806178851314,10468.0483395621,0,0,5181.6261392577,494.994479503375,939.8,939.8,100,939.8,1,1330,0.16625,774.52536359043,774.52536359043,20,223.797613940697,209.947951663648,177.663893206891,100,100,0,0,100,0,100,0,0.2,0.530263157894737,0.2,0.35,62.5,0,62.5,0,-5.81597244845533,3,2019-10-04,rule_based
347.621200143747,275.77385288401,347.621200143747,9517.92944694443,0,0,4656.88085719551,489.274572075182,1247.3,1247.3,100,1247.3,1,1330,0.16625,680.716792237602,680.716792237602,1,1.06173165631907,157.526329796648,131.525329284815,100,100,0,0,100,0,100,0,0.2,0.55,0.2,0.35,4.16666666666667,0,4.16666666666667,0,-2.87264430087511,4,2019-10-05,rule_based
267.166644462183,124.090168529242,267.166644462183,8380.49653126777,0,0,3976.83412990767,474.534428248975,1325.1,1325.1,100,1325.1,1,0,0,504.238594817891,504.238594817891,0,0,138.36453899452,109.381706172848,100,100,0,0,100,0,100,0,0.55,0.55,0.55,0,0,0,0,0,-1.29260592217961,5,2019-10-06,rule_based
192.90718965191,435.837995385549,192.90718965191,4882.78926180343,424.769253399352,424.769253399352,2621.62856587004,536.91208555287,1989.8,1945.48769925863,97.7730274026854,1945.48769925863,0.977730274026854,1330,0.16625,422.939971017871,422.939971017871,0,0,233.442467960316,185.517977384104,100,100,0,0,100,0,100,0,0.2,0.55,0.2,0.35,56.25,0,56.25,0,-4.53997911859947,6,2019-10-07,rule_based
361.483905345896,187.378863504249,361.483905345896,10823.0472860721,35.0606782898561,35.0606782898561,4800.31803665744,443.527401274025,779.3,779.3,100,779.3,1,825.000017881393,0.103125002235174,795.413971910145,795.413971910145,9,149.146004257509,174.228710459532,142.583888444425,100,100,0,0,100,0,100,0,0.332894732136475,0.55,0.332894732136475,0.217105267863525,4.16666666666667,0,4.16666666666667,0,-1.9518631615026,7,2019-10-08,rule_based
373.435047443363,190.197299396928,373.435047443363,10886.0147531287,88.4034841405782,88.4034841405782,4735.53765776194,435.011137239264,1103.7,1103.7,100,1103.7,1,825.000017881393,0.103125002235174,809.012826570892,809.012826570892,16,195.661995403549,198.718411205417,155.551134549226,100,100,0,0,100,0,100,0,0.332894732136475,0.55,0.332894732136475,0.217105267863525,4.16666666666667,0,4.16666666666667,0,-1.981221868718,8,2019-10-09,rule_based
321.795178775084,162.830150791079,321.795178775084,11110.1172603693,66.1449831654644,66.1449831654644,4231.04892867717,380.828467379879,1621.7,1621.7,100,1621.7,1,2250,0.28125,764.561362319275,764.561362319275,14,189.801925011032,204.483480934968,147.952590471699,100,100,0,0,100,0,100,0,0.332894732136475,0.573363475766229,0.464810841834467,0.0851891581655334,6.25,0,6.25,0,-1.69614740407374,9,2019-10-10,rule_based
275.675752451521,146.844308822532,275.675752451521,11585.8014453203,0,0,3722.54888215445,321.302665139152,1678,1678,100,1678,1,759.374979883432,0.094921872485429,760.456965524923,760.456965524923,12,113.555318619362,146.655636146993,117.67549567739,100,100,0,0,100,0,100,0,0.55,0.730351557722316,0.730351557722316,0.180351557722316,2.08333333333333,0,2.08333333333333,0,-1.52962821690137,10,2019-10-11,rule_based
260.031036361809,174.474710555103,260.031036361809,10833.1444738005,0,0,4196.69004040708,387.393526464694,2333.3,2333.3,100,2333.3,1,1473.68421052631,0.184210526315789,650.464331039409,650.464331039409,0,0,124.991029590842,100.416932578476,100,100,0,0,100,0,100,0,0.55,0.9,0.9,0.35,5.20833333333333,0,5.20833333333333,0,-1.81744490161565,11,2019-10-12,rule_based
174.487445754906,144.723956950018,174.487445754906,8718.53116436206,0,0,3355.36636325253,384.854547170509,2325.2,2325.2,100,2325.2,1,1473.68421052631,0.184210526315789,460.4790183229,460.4790183229,0,0,100.642334804196,83.4716545365033,100,100,0,0,100,0,100,0,0.55,0.9,0.9,0.35,7.29166666666667,0,7.29166666666667,0,-1.50754121822935,12,2019-10-13,rule_based
136.665517646534,386.258429648786,136.665517646534,5045.74312088074,1240.45893769908,1240.45893769908,2368.37752312895,469.381311412371,2654.2,2208.07524445752,83.1917430659905,2208.07524445752,0.831917430659905,1330,0.16625,390.642576688087,390.642576688087,0,0,270.159318854082,199.651586343354,100,100,0,0,100,0,100,0,0.2,0.55,0.2,0.35,29.1666666666667,0,29.1666666666667,0,-4.02352530884152,13,2019-10-14,rule_based
394.242012549572,510.044994549106,394.242012549572,9278.08109478941,341.715810170595,341.715810170595,5144.62799472696,554.492673880184,2018.2,2018.2,100,2018.2,1,1330,0.16625,741.265575439575,741.265575439575,16,104.701363789558,242.598719970915,213.717930723573,0,0,1,0,0,240.028103831373,0,410.352494581055,0.2,0.55,0.2,0.35,46.875,0,46.875,0,-5.31296869321985,14,2019-10-15,rule_based
362.178916970126,449.312070151904,362.178916970126,9744.28174510747,234.411006361056,234.411006361056,4641.65783015656,476.346841314097,1613.7,1613.7,100,1613.7,1,1330,0.16625,757.725263227537,757.725263227537,11,77.229989703475,246.303961665423,191.065808485673,100,100,0,0,100,0,100,0,0.2,0.55,0.2,0.35,16.6666666666667,0,16.6666666666667,0,-4.68033406408234,15,2019-10-16,rule_based
420.006917834303,526.092312584645,420.006917834303,9789.71181362135,201.557629068751,201.557629068751,5197.9155808271,530.956955606676,1563.5,1563.5,100,1563.5,1,1330,0.16625,768.231469558988,768.231469558988,14,137.083494805931,260.907807263933,204.773691864791,0,0,1,0,0,320.080391487531,0,507.271893955034,0.2,0.55,0.2,0.35,37.5,0,37.5,0,-5.48012825609005,16,2019-10-17,rule_based
306.687174516469,317.24152550925,306.687174516469,9482.88529800917,214.217458370954,214.217458370954,4058.88824696523,428.022497310744,1555.2,1555.2,100,1555.2,1,1237.50002682209,0.154687503352761,703.363881046615,703.363881046615,7,24.928889449973,241.606332527623,181.351057213249,100,100,0,0,100,0,100,0,0.224342098204713,0.55,0.224342098204713,0.325657901795287,2.08333333333333,0,2.08333333333333,0,-3.30459922405469,17,2019-10-18,rule_based
333.904170784618,148.016830161938,333.904170784618,10056.2667410471,0,0,4483.55758241109,445.847121786295,908,908,100,908,1,412.500008940697,0.0515625011175871,626.505901488559,626.505901488559,0,0,111.207576787014,89.0267116237014,100,100,0,0,100,0,100,0,0.441447366068238,0.55,0.441447366068238,0.108552633931762,2.08333333333333,0,2.08333333333333,0,-1.54184198085352,18,2019-10-19,rule_based
239.002959063832,392.05071610437,239.002959063832,6702.01998778048,245.913950960737,245.913950960737,3750.25605625676,559.571004427686,1416.7,1416.7,100,1416.7,1,1330,0.16625,486.320498214621,486.320498214621,0,0,233.85576518714,175.631773024257,100,100,0,0,100,0,100,0,0.2,0.55,0.2,0.35,35.4166666666667,0,35.4166666666667,0,-4.08386162608719,19,2019-10-20,rule_based
235.62577568373,433.43782166678,235.62577568373,5527.75048125694,410.943847634276,410.943847634276,3156.46313219943,571.021275815924,1177.4,1177.4,100,1177.4,1,1330,0.16625,402.510791117719,402.510791117719,0,0,192.967189387406,136.572660513674,100,100,0,0,100,0,100,0,0.2,0.55,0.2,0.35,61.4583333333333,0,61.4583333333333,0,-4.51497730902895,20,2019-10-21,rule_based
450.454147250034,600.044181885739,450.454147250034,9266.6390248727,16.7826977982694,16.7826977982694,5351.24705990982,577.47442687111,1432.6,1432.6,100,1432.6,1,1330,0.16625,721.264986975643,721.264986975643,9,52.8878107870069,189.112811135919,156.074690655147,0,0,1,0,0,283.732296576923,0,466.54452867581,0.2,0.530263157894737,0.2,0.35,75,0,75,0,-6.25046022797644,21,2019-10-22,rule_based
427.515623500976,556.886490163869,427.515623500976,9547.68700773198,0.9740028586302,0.9740028586302,5368.31179639063,562.263068745679,1354.2,1354.2,100,1354.2,1,1330,0.16625,775.773407733681,775.773407733681,10,99.4954133047298,217.69251745873,187.95673223727,100,100,0,0,100,0,100,0,0.2,0.530263157894737,0.2,0.35,53.125,0,53.125,0,-5.80090093920697,22,2019-10-23,rule_based
367.538484466385,527.756822827998,367.538484466385,9729.96348349313,19.9820797063448,19.9820797063448,4987.33725191992,512.575125320967,1279.8,1279.8,100,1279.8,1,1330,0.16625,730.621801966068,730.621801966068,10,74.926526144367,219.326124822652,180.094156234873,100,100,0,0,100,0,100,0,0.2,0.55,0.2,0.35,33.3333333333333,0,33.3333333333333,0,-5.49746690445831,23,2019-10-24,rule_based
313.750425814416,378.946649142463,313.750425814416,9331.2143893494,145.38362036339,145.38362036339,4033.57504605866,432.266892363181,1652.4,1652.4,100,1652.4,1,1330,0.16625,753.446140537848,753.446140537848,9,78.7211614385496,251.895899862515,198.660455682735,100,100,0,0,100,0,100,0,0.2,0.55,0.2,0.35,10.4166666666667,0,10.4166666666667,0,-3.94736092856732,24,2019-10-25,rule_based
214.711873494612,150.165970665961,214.711873494612,10981.4809031097,0,0,3422.08713748425,311.623465694431,2015.9,2015.9,100,2015.9,1,1473.68421052631,0.184210526315789,657.141972293667,657.141972293667,0,0,112.739020378825,88.2912666519248,100,100,0,0,100,0,100,0,0.55,0.9,0.9,0.35,3.125,0,3.125,0,-1.56422886110376,25,2019-10-26,rule_based
209.375488539795,104.827054124979,209.375488539795,8339.32387463367,0,0,2964.51773580286,355.486581450596,1225.4,1225.4,100,1225.4,1,1087.4999910593,0.135937498882413,511.056052539576,511.056052539576,0,0,110.648045391217,85.2673881668373,100,100,0,0,100,0,100,0,0.55,0.710312495753169,0.601759861821407,0.0517598618214072,6.25,0,6.25,0,-1.09194848046853,26,2019-10-27,rule_based
214.311004513306,308.71736948835,214.311004513306,5372.95464552408,564.28592297087,564.28592297087,2877.97004789323,535.640115683969,1398.4,1398.4,100,1398.4,1,1330,0.16625,403.838526423287,403.838526423287,0,0,216.933811719363,152.767971169531,100,100,0,0,100,0,100,0,0.2,0.55,0.2,0.35,43.75,0,43.75,0,-3.21580593217031,27,2019-10-28,rule_based
480.483484655393,602.152117716988,480.483484655393,9466.18306479432,0,0,5574.2840694211,588.862906122364,1187.9,1187.9,100,1187.9,1,1330,0.16625,720.406849611159,720.406849611159,6,43.3280950742061,183.662079245976,156.355645800285,0,0,1,0,0,258.098445106332,0,406.067425905368,0.2,0.530263157894737,0.2,0.35,87.5,0,87.5,0,-6.27241789288529,28,2019-10-29,rule_based
476.067224778093,580.504884365324,476.067224778093,9407.06643721773,0,0,5537.3073284768,588.632743845545,1584,1584,100,1584,1,1330,0.16625,770.674951011103,770.674951011103,13,151.583271082271,238.161727098425,207.214744283955,100,100,0,0,100,0,100,0,0.2,0.530263157894737,0.2,0.35,87.5,0,87.5,0,-6.04692587880546,29,2019-10-30,rule_based
411.689173201718,552.549136286751,411.689173201718,9055.42580557602,0,0,4939.57045347047,545.481853589795,2027.9,2027.9,100,2027.9,1,1330,0.16625,732.329036920081,732.329036920081,16,142.654406690803,255.196835696335,220.051631572105,100,100,0,0,100,0,100,0,0.2,0.530263157894737,0.2,0.35,46.875,0,46.875,0,-5.75572016965366,30,2019-10-31,rule_based
359.033779483853,155.640730534447,359.033779483853,11225.191454326,0,0,5174.25675917701,460.950423895261,757.2,757.2,100,757.2,1,0,0,721.580789133417,721.580789133417,1,11.2777308802728,121.11253822543,100.468753765617,100,100,0,0,100,0,100,0,0.55,0.55,0.55,0,0,0,0,0,-1.62125760973383,31,2019-11-01,rule_based
291.178590035813,125.900659187877,291.178590035813,10581.3380232455,0,0,4056.68338246457,383.380946110282,819,819,100,819,1,0,0,627.647244888616,627.647244888616,0,0,115.353489748303,98.9622891620907,100,100,0,0,100,0,100,0,0.55,0.55,0.55,0,0,0,0,0,-1.31146519987372,32,2019-11-02,rule_based
182.019422241765,272.992989584838,182.019422241765,7181.29158516235,86.825333978643,86.825333978643,3473.22151190838,483.648584759403,700.5,700.5,100,700.5,1,1330,0.16625,462.567745939691,462.567745939691,0,0,185.835809442084,136.782824087905,100,100,0,0,100,0,100,0,0.2,0.55,0.2,0.35,10.4166666666667,0,10.4166666666667,0,-2.84367697484207,33,2019-11-03,rule_based
198.505384821819,257.795743274898,198.505384821819,5640.65591459344,269.245559665324,269.245559665324,2994.81149346529,530.933199757346,940.7,940.7,100,940.7,1,1330,0.16625,390.29740235096,390.29740235096,0,0,174.353051089376,130.583582671964,100,100,0,0,100,0,100,0,0.2,0.55,0.2,0.35,17.7083333333333,0,17.7083333333333,0,-2.68537232578019,34,2019-11-04,rule_based
446.025332612001,486.039857561326,446.025332612001,10139.7892298864,71.4297317676615,71.4297317676615,5785.41728461939,570.56583262769,715.9,715.9,100,715.9,1,1330,0.16625,694.903993110142,694.903993110142,10,19.4416852256157,190.403877859692,156.153366294022,100,100,0,0,100,0,100,0,0.2,0.55,0.2,0.35,66.6666666666667,0,66.6666666666667,0,-5.06291518293048,35,2019-11-05,rule_based
566.862475246386,594.555785078201,566.862475246386,10190.5585657584,7.04641791426182,7.04641791426182,6229.40262720051,611.291578082099,628.5,628.5,100,628.5,1,1330,0.16625,737.137248821678,737.137248821678,12,76.5343438284532,212.284732888141,175.720916810862,100,100,0,0,100,0,100,0,0.2,0.530263157894737,0.2,0.35,87.5,0,87.5,0,-6.19328942789793,36,2019-11-06,rule_based
431.236893620849,555.777812286474,431.236893620849,9857.77001239256,5.51472636346904,5.51472636346904,5144.74422686324,521.897368309019,1100.7,1100.7,100,1100.7,1,1330,0.16625,744.404221419523,744.404221419523,14,88.0264935324586,231.219365625469,195.760118501401,100,100,0,0,100,0,100,0,0.2,0.530263157894737,0.2,0.35,58.3333333333333,0,58.3333333333333,0,-5.78935221131744,37,2019-11-07,rule_based
487.655815931193,545.807912544422,487.655815931193,10186.4783939431,50.7745352578142,50.7745352578142,6092.73697716764,598.120051065969,656.3,656.3,100,656.3,1,1330,0.16625,751.850025418874,751.850025418874,8,80.8603692240492,222.687091932197,170.917249015423,0,0,1,0,0,276.750204345378,0,456.551995601271,0.2,0.55,0.2,0.35,67.7083333333333,0,67.7083333333333,0,-5.68549908900439,38,2019-11-08,rule_based
399.137187730309,547.641850784258,399.137187730309,9415.00327146272,0,0,5336.51304627974,566.809473391787,615.2,615.2,100,615.2,1,1330,0.16625,636.502103473263,636.502103473263,0,0,199.31319894327,156.69905537434,100,100,0,0,100,0,100,0,0.2,0.530263157894737,0.2,0.35,62.5,0,62.5,0,-5.70460261233602,39,2019-11-09,rule_based
292.742969720984,509.549770135236,292.742969720984,6844.03599386177,62.9157727332487,62.9157727332487,3930.70364312596,574.32539025968,1260.8,1260.8,100,1260.8,1,1330,0.16625,486.350334400559,486.350334400559,0,0,217.655682864791,163.875306052427,100,100,0,0,100,0,100,0,0.2,0.530263157894737,0.2,0.35,58.3333333333333,0,58.3333333333333,0,-5.30781010557538,40,2019-11-10,rule_based
219.324387312478,370.800020256628,219.324387312478,6039.05369608919,576.162718260173,576.162718260173,2943.0006440629,487.328113338145,773.1,773.1,100,773.1,1,1330,0.16625,369.319077262765,369.319077262765,0,0,199.874462379652,123.664463932269,100,100,0,0,100,0,100,0,0.2,0.55,0.2,0.35,20.8333333333333,0,20.8333333333333,0,-3.86250021100654,41,2019-11-11,rule_based
434.62606406399,339.106522565003,434.62606406399,10090.7918872304,34.9442674074868,34.9442674074868,4741.50263689389,469.884097292119,725.6,725.6,100,725.6,1,1330,0.16625,732.618286246809,732.618286246809,9,59.4297694134413,159.841601045764,127.661918213033,100,100,0,0,100,0,100,0,0.2,0.55,0.2,0.35,22.9166666666667,0,22.9166666666667,0,-3.53235961005211,42,2019-11-12,rule_based
493.59823456765,469.17651335481,493.59823456765,10353.3130749881,140.480609545046,140.480609545046,5491.36875288648,530.397247056375,601.9,601.9,100,601.9,1,1330,0.16625,772.581887834014,772.581887834014,9,115.259360957196,233.738037812746,174.95117214538,100,100,0,0,100,0,100,0,0.2,0.55,0.2,0.35,45.8333333333333,0,45.8333333333333,0,-4.88725534744593,43,2019-11-13,rule_based
452.687819899138,532.958821673272,452.687819899138,9786.63868657868,4.34131362678978,4.34131362678978,4853.92383183228,495.974561571269,1402.6,1402.6,100,1402.6,1,1330,0.16625,794.469825255783,794.469825255783,15,164.419888638778,242.57741720343,202.252446679656,100,100,0,0,100,0,100,0,0.2,0.55,0.2,0.35,55.2083333333333,0,55.2083333333333,0,-5.55165439242992,44,2019-11-14,rule_based
397.779882175571,290.67868860867,397.779882175571,10374.6021634613,0,0,5081.57313436589,489.808963688545,497.2,497.2,100,497.2,1,1330,0.16625,759.497305557913,759.497305557913,4,34.7328494715757,133.588367495955,110.07200979544,100,100,0,0,100,0,100,0,0.2,0.55,0.2,0.35,25,0,25,0,-3.02790300634031,45,2019-11-15,rule_based
368.689965149698,521.966312306399,368.689965149698,9721.66822257953,3.89256146061385,3.89256146061385,4775.47091523307,491.21928519856,649.1,649.1,100,649.1,1,1330,0.16625,674.880435478622,674.880435478622,0,0,200.234296192894,160.231052959281,100,100,0,0,100,0,100,0,0.2,0.530263157894737,0.2,0.35,19.7916666666667,0,19.7916666666667,0,-5.43714908652499,46,2019-11-16,rule_based
336.614186869341,138.156514946934,336.614186869341,9173.54511694441,0,0,4677.50215735535,509.890352936245,405.4,405.4,100,405.4,1,0,0,483.565720774968,483.565720774968,0,0,92.6424112323541,79.6066131161232,100,100,0,0,100,0,100,0,0.55,0.55,0.55,0,0,0,0,0,-1.43913036403056,47,2019-11-17,rule_based
241.714156437402,380.923336905818,241.714156437402,6442.54384775448,504.652290260062,504.652290260062,3081.17812279912,478.254893658668,584.7,584.7,100,584.7,1,1330,0.16625,412.884713901586,412.884713901586,0,0,207.267788915853,131.98838858641,100,100,0,0,100,0,100,0,0.2,0.55,0.2,0.35,33.3333333333333,0,33.3333333333333,0,-3.96795142610228,48,2019-11-18,rule_based
529.468038729997,427.26310360504,529.468038729997,10594.075611146,8.89860298232988,8.89860298232988,5636.57480448599,532.049705078163,733.5,733.5,100,733.5,1,1330,0.16625,788.363752876636,788.363752876636,21,262.212472096818,178.189372232125,138.737615129507,0,0,1,0,0,299.337915366188,0,527.958295656446,0.2,0.55,0.2,0.35,37.5,0,37.5,0,-4.45065732921917,49,2019-11-19,rule_based
611.663423483357,617.601509970576,611.663423483357,11073.1438899742,0,0,6985.76345261071,630.874440179158,433.8,433.8,100,433.8,1,1330,0.16625,833.048455816687,833.048455816687,21,301.124407858061,208.011608009574,171.708441553569,100,100,0,0,100,0,100,0,0.2,0.530263157894737,0.2,0.35,87.5,0,87.5,0,-6.4333490621935,50,2019-11-20,rule_based
594.765360276418,616.602895606316,594.765360276418,11453.5851062344,0,0,6799.15911965252,593.627153121828,384.1,384.1,100,384.1,1,1330,0.16625,801.701839674054,801.701839674054,27,481.078515951362,218.215645000811,182.565054368688,100,100,0,0,100,0,100,0,0.2,0.530263157894737,0.2,0.35,87.5,0,87.5,0,-6.42294682923246,51,2019-11-21,rule_based
480.277862475152,578.457174192033,480.277862475152,10837.1370322154,0,0,5811.03338220082,536.2148106946,593.2,593.2,100,593.2,1,1330,0.16625,805.573042521931,805.573042521931,22,312.857451733406,231.823926653135,194.69404388659,100,100,0,0,100,0,100,0,0.2,0.530263157894737,0.2,0.35,62.5,0,62.5,0,-6.02559556450034,52,2019-11-22,rule_based
346.362247591617,143.011633227133,346.362247591617,11342.0669180096,0,0,4456.09271963976,392.881892855359,950.6,950.6,100,950.6,1,0,0,690.639742344583,690.639742344583,1,3.54246918306427,136.546283927855,115.596774794146,100,100,0,0,100,0,100,0,0.55,0.55,0.55,0,0,0,0,0,-1.48970451278263,53,2019-11-23,rule_based
255.028298909215,267.314414428547,255.028298909215,7750.6693988818,0,0,3931.75371922577,507.279244782781,767.5,767.5,100,767.5,1,1330,0.16625,512.388768548652,512.388768548652,0,0,173.802075298288,136.947452216957,100,100,0,0,100,0,100,0,0.2,0.55,0.2,0.35,27.0833333333333,0,27.0833333333333,0,-2.78452515029737,54,2019-11-24,rule_based
355.93636481823,518.778143349982,355.93636481823,6760.80098519285,225.491866405934,225.491866405934,4211.83226779223,622.978294586214,278.4,278.4,100,278.4,1,1330,0.16625,421.709247291365,421.709247291365,0,0,175.244855155199,112.534411659175,100,100,0,0,100,0,100,0,0.2,0.530263157894737,0.2,0.35,87.5,0,87.5,0,-5.40393899322898,55,2019-11-25,rule_based
557.037412885454,640.843777100144,557.037412885454,11417.3330086818,3.14459703623453,3.14459703623453,6385.43409267135,559.275453191724,447.2,447.2,100,447.2,1,1330,0.16625,781.770940190322,781.770940190322,27,363.612319261119,190.03963992549,153.377848359311,0,0,1,0,0,304.071868061484,0,509.416299436089,0.2,0.530263157894737,0.2,0.35,70.8333333333333,0,70.8333333333333,0,-6.67545601145983,56,2019-11-26,rule_based
450.909866297728,414.411051715603,450.909866297728,11934.445324677,6.60379630432359,6.60379630432359,5447.28754538073,456.434077762901,329.9,329.9,100,329.9,1,1330,0.16625,846.615644153015,846.615644153015,25,518.269668998309,228.485599714577,173.004639637492,100,100,0,0,100,0,100,0,0.2,0.55,0.2,0.35,6.25,0,6.25,0,-4.3167817887042,57,2019-11-27,rule_based
358.597656509701,278.697592664228,358.597656509701,11908.033254324,0.0571368603223732,0.0571368603223732,4263.30789388878,358.019481709183,496.1,496.1,100,496.1,1,1330,0.16625,828.355250291857,828.355250291857,22,392.03450912091,178.291653879233,147.433377373534,87.5,87.5,1,0,0,41.512231291885,87.5,10.3780578229712,0.2,0.55,0.2,0.35,3.125,0,3.125,0,-2.90309992358571,58,2019-11-28,rule_based
488.66449130184,417.358778874129,488.66449130184,11834.7240318885,0,0,5210.98935313999,440.313550117355,614.3,614.3,100,614.3,1,1330,0.16625,798.225673799453,798.225673799453,19,394.279306597917,199.105100880503,164.080070410606,0,0,1,0,0,324.054978052127,0,481.673140024788,0.2,0.55,0.2,0.35,27.0833333333333,0,27.0833333333333,0,-4.34748727993884,59,2019-11-29,rule_based
450.707785514268,350.319282763485,450.707785514268,10617.9193305661,0,0,5906.81944507688,556.30667941437,935.5,935.5,100,935.5,1,1330,0.16625,753.096224906765,753.096224906765,9,84.376352515667,175.049508616906,148.549251915452,100,100,0,0,100,0,100,0,0.2,0.55,0.2,0.35,32.2916666666667,0,32.2916666666667,0,-3.64915919545297,60,2019-11-30,rule_based
375.915387540403,542.432130230886,375.915387540403,8656.55919499733,0,0,5089.23803399207,587.905415922432,426.3,426.3,100,426.3,1,1330,0.16625,541.97927261816,541.97927261816,0,0,192.779077410955,133.354998335435,100,100,0,0,100,0,100,0,0.2,0.530263157894737,0.2,0.35,84.375,0,84.375,0,-5.65033468990506,61,2019-12-01,rule_based
306.690994239867,406.263280276387,306.690994239867,6975.07906973953,441.258532443053,441.258532443053,3698.29527835305,530.215534673667,616.6,616.6,100,616.6,1,1330,0.16625,442.859936784775,442.859936784775,0,0,214.410556594952,139.438205086187,100,100,0,0,100,0,100,0,0.2,0.55,0.2,0.35,50,0,50,0,-4.2319091695457,62,2019-12-02,rule_based
605.15783874469,652.873707305307,605.15783874469,11692.6462371601,0,0,6313.8065288486,539.980976144037,679,679,100,679,1,1330,0.16625,852.314694461524,852.314694461524,28,604.377856682562,199.133498839931,157.898153758779,0,0,1,0,0,317.590948719075,0,512.283455060382,0.2,0.530263157894737,0.2,0.35,66.6666666666667,0,66.6666666666667,0,-6.80076778443029,63,2019-12-03,rule_based
575.856494989121,522.931195084589,575.856494989121,11690.352463308,57.9853203566356,57.9853203566356,6401.80744466077,547.61457918004,1164.1,1164.1,100,1164.1,1,1330,0.16625,896.310347577287,896.310347577287,30,707.347037187767,271.147658337549,216.697758898494,100,100,0,0,100,0,100,0,0.2,0.55,0.2,0.35,50,0,50,0,-5.44719994879781,64,2019-12-04,rule_based
490.504914750906,565.215936150306,490.504914750906,12425.1180438842,92.928592726165,92.928592726165,6020.64387669727,484.554259801235,916.3,916.3,100,916.3,1,1330,0.16625,912.118271702812,912.118271702812,30,1061.21569066553,270.107927203847,210.499946078961,0,0,1,0,0,339.253369310989,0,534.825659545437,0.2,0.55,0.2,0.35,25,0,25,0,-5.88766600156568,65,2019-12-05,rule_based
365.12230040026,287.125057634895,365.12230040026,12147.3741385472,0,0,4349.04518750644,358.023482104303,617.4,617.4,100,617.4,1,1330,0.16625,900.595676213686,900.595676213686,17,494.936824973564,178.971850069175,146.623019278466,87.5,87.5,1,0,0,4.68414862752348,87.5,1.17103715688087,0.2,0.55,0.2,0.35,3.125,0,3.125,0,-2.99088601703015,66,2019-12-06,rule_based
343.694792055911,138.593386449029,343.694792055911,12915.2735511695,0,0,4213.96425855478,326.27758458691,380,380,100,380,1,0,0,765.545475856274,765.545475856274,21,223.83111634695,123.571655505541,110.320649858054,100,100,0,0,100,0,100,0,0.55,0.55,0.55,0,0,0,0,0,-1.44368110884405,67,2019-12-07,rule_based
23.7339204267613,72.6792157178592,23.7339204267613,10195.5828072755,0,0,2756.32294841285,270.344815055198,476.1,476.1,100,476.1,1,0,0,568.805564863188,568.805564863188,0,0,117.693701003149,96.1135415961389,100,100,0,0,100,0,100,0,0.55,0.55,0.55,0,0,0,0,0,-0.7570751637277,68,2019-12-08,rule_based
213.659604637484,95.063829894469,213.659604637484,8061.29017645627,0,0,3092.78234407475,383.658481009344,584.2,584.2,100,584.2,1,0,0,445.568578245231,445.568578245231,0,0,100.605279392684,82.4158122818121,100,100,0,0,100,0,100,0,0.55,0.55,0.55,0,0,0,0,0,-0.990248228067385,69,2019-12-09,rule_based
457.554933633779,552.500977141533,457.554933633779,12145.7636355992,0,0,5315.23480324858,437.620471031534,890.2,890.2,100,890.2,1,1330,0.16625,945.26377787535,945.26377787535,32,863.222160892733,231.109061651866,193.230205440468,0,0,1,0,0,299.264619451159,0,524.539131208624,0.2,0.55,0.2,0.35,37.5,0,37.5,0,-5.75521851189097,70,2019-12-10,rule_based
529.258723438772,471.8770087169,529.258723438772,13278.0068288652,37.2924877130496,37.2924877130496,6788.63771997127,511.269334883409,424.4,424.4,100,424.4,1,1330,0.16625,961.892277368952,961.892277368952,31,1163.62426595079,246.833844320816,185.908677530713,100,100,0,0,100,0,100,0,0.2,0.55,0.2,0.35,34.375,0,34.375,0,-4.91538550746771,71,2019-12-11,rule_based
573.371647977586,622.364782626058,573.371647977586,13458.6286690423,0,0,6757.65096445876,502.105461903617,328.1,328.1,100,328.1,1,1330,0.16625,954.044072854661,954.044072854661,32,1286.31004712293,261.261256927348,207.649423194597,0,0,1,0,0,356.405519779892,0,546.961506073459,0.2,0.55,0.2,0.35,41.6666666666667,0,41.6666666666667,0,-6.4829664856881,72,2019-12-12,rule_based
476.912968349655,332.859205164609,476.912968349655,13014.1910439501,0,0,6007.12474950381,461.582646913451,335.9,335.9,100,335.9,1,1330,0.16625,886.495729820341,886.495729820341,24,626.27565309743,171.980009115102,149.77467818663,100,100,1,1,100,0,100,0,0.2,0.55,0.2,0.35,3.125,0,3.125,0,-3.46728338713135,73,2019-12-13,rule_based
301.82402798906,149.227706040716,301.82402798906,13794.1543579915,0,0,4367.21389592881,316.598885483597,444.3,444.3,100,444.3,1,0,0,840.303376387214,840.303376387214,27,569.509515455188,135.884257479153,121.747925585939,100,100,0,0,100,0,100,0,0.55,0.55,0.55,0,0,0,0,0,-1.55445527125746,74,2019-12-14,rule_based
172.677127510492,98.7458442853609,172.677127510492,10730.9184388358,0,0,3161.9837309077,294.661053378646,558,558,100,558,1,0,0,594.158625942649,594.158625942649,0,0,134.00601373531,111.374505775439,100,100,0,0,100,0,100,0,0.55,0.55,0.55,0,0,0,0,0,-1.02860254463918,75,2019-12-15,rule_based
288.336021674787,301.475507972094,288.336021674787,7289.10638281244,112.297019591722,112.297019591722,3541.97057371061,485.926585193283,555.6,555.6,100,555.6,1,1330,0.16625,469.13942434654,469.13942434654,0,0,188.884203454389,140.138052605896,100,100,0,0,100,0,100,0,0.2,0.55,0.2,0.35,18.75,0,18.75,0,-3.14036987470932,76,2019-12-16,rule_based
475.957140157996,401.813634129879,475.957140157996,13389.7658620505,0,0,5936.65193544546,443.372348449439,659.9,659.9,100,659.9,1,1330,0.16625,996.541398564747,996.541398564747,28,1244.88628849029,230.679554576591,180.185896586919,75,75,1,0,0,333.511285275758,75,138.807775613303,0.2,0.55,0.2,0.35,6.25,0,6.25,0,-4.1855586888529,77,2019-12-17,rule_based
560.431934572673,530.142978108727,560.431934572673,13684.675073124,5.6365061498784,5.6365061498784,6860.68653741838,501.340843005651,601,601,100,601,1,1330,0.16625,969.722314127717,969.722314127717,34,1499.97518684674,268.587888473944,212.624659444487,100,100,0,0,100,0,100,0,0.2,0.55,0.2,0.35,35.4166666666667,0,35.4166666666667,0,-5.52232268863257,78,2019-12-18,rule_based
521.488160379753,292.862270564836,521.488160379753,14887.5240862671,0,0,6587.61405179405,442.492251473214,841.8,841.8,100,841.8,1,0,0,1001.8836827119,1001.8836827119,32,1721.84820193418,214.009651981068,186.465614837432,100,100,0,0,100,0,100,0,0.55,0.55,0.55,0,0,0,0,0,-3.05064865171704,79,2019-12-19,rule_based
441.78468229813,230.303367988926,441.78468229813,14915.5233076154,0,0,5956.53717435617,399.351538092865,547.9,547.9,100,547.9,1,0,0,949.434106456694,949.434106456694,35,1285.00327805127,167.159534265783,146.543553706115,100,100,0,0,100,0,100,0,0.55,0.55,0.55,0,0,0,0,0,-2.39899341655131,80,2019-12-20,rule_based
403.252967755014,204.761193814528,403.252967755014,13952.9896042964,0,0,6405.42880501839,459.072140571655,623.5,623.5,100,623.5,1,0,0,836.636813834711,836.636813834711,28,669.796020812455,150.822449065918,133.770402028834,100,100,0,0,100,0,100,0,0.55,0.55,0.55,0,0,0,0,0,-2.13292910223467,81,2019-12-21,rule_based
289.939360265209,144.790597069822,289.939360265209,11170.526744089,0,0,5071.97405163293,454.049676244392,314.4,314.4,100,314.4,1,0,0,577.234681796999,577.234681796999,0,0,112.047297325331,91.6315489301938,100,100,0,0,100,0,100,0,0.55,0.55,0.55,0,0,0,0,0,-1.50823538614398,82,2019-12-22,rule_based
216.047499494986,100.621898977188,216.047499494986,8770.37681929396,0,0,3386.42219742569,386.12049028223,328.3,328.3,100,328.3,1,0,0,455.306182888145,455.306182888145,0,0,92.9949095755466,79.7638548478955,100,100,0,0,100,0,100,0,0.55,0.55,0.55,0,0,0,0,0,-1.04814478101237,83,2019-12-23,rule_based
370.076119087024,244.701776312577,370.076119087024,14967.9367876079,0,0,6601.78401982131,441.061725039286,372.8,372.8,100,372.8,1,0,0,951.466043689609,951.466043689609,31,1339.12233183948,203.261776701294,159.836639835758,100,100,0,0,100,0,100,0,0.55,0.55,0.55,0,0,0,0,0,-2.54897683658934,84,2019-12-24,rule_based
445.273459732836,295.346831468383,445.273459732836,15363.5218734342,0,0,7786.31569118902,506.805389762402,265.6,265.6,100,265.6,1,0,0,1013.62424421038,1013.62424421038,34,1653.47571957146,180.59494935167,159.425258893249,100,100,0,0,100,0,100,0,0.55,0.55,0.55,0,0,0,0,0,-3.07652949446232,85,2019-12-25,rule_based
490.970849026196,604.42551750809,490.970849026196,13884.6294079167,0,0,8056.66716836207,580.257991168879,541.3,541.3,100,541.3,1,1330,0.16625,1004.13981537939,1004.13981537939,33,1551.55684191677,271.926362695135,221.176854069285,100,100,0,0,100,0,100,0,0.2,0.55,0.2,0.35,51.0416666666667,0,51.0416666666667,0,-6.29609914070927,86,2019-12-26,rule_based
541.662891532328,675.788668243291,541.662891532328,13666.906505805,0,0,7965.10940687023,582.802655706108,414.8,414.8,100,414.8,1,1330,0.16625,974.967945426975,974.967945426975,32,1332.87999735708,246.906068016468,203.524746734818,100,100,0,0,100,0,100,0,0.2,0.530263157894737,0.2,0.35,78.125,0,78.125,0,-7.03946529420095,87,2019-12-27,rule_based
450.564464104471,609.426692213341,450.564464104471,12623.2867173299,0,0,7113.1532644824,563.494549697355,717.4,717.4,100,717.4,1,1330,0.16625,856.641220255584,856.641220255584,30,736.049052238313,233.58270348013,199.1890927113,100,100,0,0,100,0,100,0,0.2,0.530263157894737,0.2,0.35,48.9583333333333,0,48.9583333333333,0,-6.34819471055564,88,2019-12-28,rule_based
316.710996863567,154.372017363869,316.710996863567,10676.5427088783,0,0,4997.43254398858,468.075919354761,1087.2,1087.2,100,1087.2,1,0,0,624.560538329232,624.560538329232,0,0,163.806275808447,131.386722790286,100,100,0,0,100,0,100,0,0.55,0.55,0.55,0,0,0,0,0,-1.6080418475403,89,2019-12-29,rule_based
225.28092797999,115.70172196327,225.28092797999,8653.53102955993,0,0,3018.11406292971,348.772547601669,1053.8,1053.8,100,1053.8,1,590.624984353781,0.0738281230442226,485.759015792369,485.759015792369,0,0,114.08300701759,94.4565508667582,100,100,0,0,100,0,100,0,0.55,0.690273433784023,0.690273433784023,0.140273433784023,2.08333333333333,0,2.08333333333333,0,-1.20522627045073,90,2019-12-30,rule_based
475.862142603989,333.371710106016,475.862142603989,13782.2841189431,0,0,6321.8424403308,458.693376640068,0,0,,0,,1330,0.16625,892.353573643147,892.353573643147,23,762.622339264374,170.406742959976,144.146797968442,100,100,0,0,100,0,100,0,0.2,0.55,0.2,0.35,21.875,0,21.875,0,-3.472621980271,91,2019-12-31,rule_based
422.406627066871,495.112044438158,422.406627066871,10108.3956006567,273.058883094119,273.058883094119,5023.70160200408,496.983082228964,1584.7,1584.7,100,1584.7,1,1330,0.16625,811.616942971447,811.616942971447,14,212.488409091107,227.702213966528,194.089572533476,100,100,0,0,100,0,100,0,0.2,0.55,0.2,0.35,31.25,0,31.25,0,-5.15741712956415,0,2019-10-01,tou_self_consumption
396.158232499313,484.273301181181,396.158232499313,10336.9644009789,224.156081200219,224.156081200219,4633.7077002015,448.265808070568,1639,1639,100,1639,1,1330,0.16625,795.433658773249,795.433658773249,17,253.801831470524,251.085953797968,195.014551923782,100,100,0,0,100,0,100,0,0.2,0.55,0.2,0.35,27.0833333333333,0,27.0833333333333,0,-5.04451355397064,1,2019-10-02,tou_self_consumption
417.876765381424,483.245429689222,417.876765381424,10394.4103016051,475.878972814933,475.878972814933,5616.56038914989,540.344302964701,1694.9,1694.9,100,1694.9,1,1330,0.16625,810.061517391848,810.061517391848,18,337.904607702154,286.587929345565,211.414657482238,100,100,0,0,100,0,100,0,0.2,0.55,0.2,0.35,31.25,0,31.25,0,-5.03380655926273,2,2019-10-03,tou_self_consumption
451.615630439495,490.73870086182,451.615630439495,10738.0683599562,270.020020394166,270.020020394166,5362.02154324127,499.346936851044,939.8,939.8,100,939.8,1,1330,0.16625,774.52536359043,774.52536359043,20,223.797613940697,240.730585952368,179.507116552849,100,100,0,0,100,0,100,0,0.2,0.55,0.2,0.35,43.75,0,43.75,0,-5.11186146731063,3,2019-10-04,tou_self_consumption
345.124075128548,267.375272526553,345.124075128548,9517.92944694443,0,0,4658.56197349132,489.451198336722,1247.3,1247.3,100,1247.3,1,1330,0.16625,665.63943153062,665.63943153062,0,0,167.089530849771,136.483330152218,100,100,0,0,100,0,100,0,0.2,0.55,0.2,0.35,2.08333333333333,0,2.08333333333333,0,-2.78515908881826,4,2019-10-05,tou_self_consumption
281.746926029779,146.831957987805,281.746926029779,8896.12154244364,0,0,4191.30498032579,471.138457397301,1325.1,1325.1,100,1325.1,1,515.625011175871,0.0644531263969839,744.865710533977,744.865710533977,4,29.0689262276113,148.7581485095,116.588000016778,100,100,0,0,100,0,100,0,0.55,0.672460940154269,0.672460940154269,0.122460940154269,2.08333333333333,0,2.08333333333333,0,-1.52949956237297,5,2019-10-06,tou_self_consumption
186.178680411051,429.683676297171,186.178680411051,5090.70693962926,632.686931225185,632.686931225185,2738.54028931132,537.94891785909,1989.8,1945.48769925863,97.7730274026854,1945.48769925863,0.977730274026854,1330,0.16625,422.939971017871,422.939971017871,0,0,248.215321886131,185.517977384104,100,100,0,0,100,0,100,0,0.2,0.55,0.2,0.35,52.0833333333333,0,52.0833333333333,0,-4.47587162809554,6,2019-10-07,tou_self_consumption
355.825626119455,192.102163216646,355.825626119455,10729.2973195997,91.3106581732885,91.3106581732885,4755.3590080264,443.212529802819,779.3,779.3,100,779.3,1,974.999964237213,0.121874995529652,795.413971910145,795.413971910145,9,149.146004257509,180.421329388368,147.271386768044,100,100,0,0,100,0,100,0,0.293421062042839,0.55,0.293421062042839,0.256578937957161,4.16666666666667,0,4.16666666666667,0,-2.00106420017339,7,2019-10-08,tou_self_consumption
367.60754952744,194.8807559089,367.60754952744,10792.2647866564,144.653464024011,144.653464024011,4692.18538027783,434.773003909178,1103.7,1103.7,100,1103.7,1,974.999964237213,0.121874995529652,809.012826570892,809.012826570892,16,195.661995403549,209.654219487281,160.238632872845,100,100,0,0,100,0,100,0,0.293421062042839,0.55,0.293421062042839,0.256578937957161,4.16666666666667,0,4.16666666666667,0,-2.03000787405104,8,2019-10-09,tou_self_consumption
337.02730811254,189.038415181756,337.02730811254,11963.2423631873,197.394936226807,197.394936226807,4517.33269136394,377.601034420607,1621.7,1621.7,100,1621.7,1,3421.87498882413,0.427734373603016,934.287551018944,934.287551018944,21,391.597237529595,239.29043020834,180.265713417833,100,100,0,0,100,0,100,0,0.293421062042839,0.758772634629062,0.630483165650481,0.0804831656504811,6.25,0,6.25,0,-1.96915015814329,9,2019-10-10,tou_self_consumption
291.505504570986,180.545905941237,291.505504570986,12300.1106759632,0,0,3938.11445883996,320.169026327203,1678,1678,100,1678,1,1473.68421052632,0.18421052631579,858.213796093177,858.213796093177,17,221.928997883562,164.078896835148,135.416350877128,100,100,0,0,100,0,100,0,0.55,0.9,0.9,0.35,2.08333333333333,0,2.08333333333333,0,-1.88068652022122,10,2019-10-11,tou_self_consumption
266.951097514864,188.099909771377,266.951097514864,10833.1444738005,0,0,4221.99803963112,389.72969019677,2333.3,2333.3,100,2333.3,1,1473.68421052632,0.18421052631579,691.314906839316,691.314906839316,1,3.71126030674762,164.39863204586,129.987672429838,100,100,0,0,100,0,100,0,0.55,0.9,0.9,0.35,16.6666666666667,0,16.6666666666667,0,-1.95937406011851,11,2019-10-12,tou_self_consumption
183.339632629288,161.833528132147,183.339632629288,8734.8782559333,16.3470915712436,16.3470915712436,3424.48560329887,392.04731914526,2325.2,2308.85290842876,99.2969597638378,2308.85290842876,0.992969597638378,1473.68421052632,0.18421052631579,675.82456088959,675.82456088959,0,0,152.761118293065,118.330334946834,100,100,0,0,100,0,100,0,0.55,0.9,0.9,0.35,19.7916666666667,0,19.7916666666667,0,-1.6857659180432,12,2019-10-13,tou_self_consumption
137.522955628616,328.950616239706,137.522955628616,5135.78000102466,1260.11300654161,1260.11300654161,2381.98962082053,463.802892714503,2654.2,2484.61447835429,93.6106728337837,2484.61447835429,0.936106728337836,2703.3671641117,0.337920895513962,390.642576688087,390.642576688087,0,0,269.249620233399,195.150092315005,100,100,0,0,100,0,100,0,0.2,0.55,0.2,0.35,27.0833333333333,0,27.0833333333333,0,-3.4265689191636,13,2019-10-14,tou_self_consumption
396.151225970232,517.538568973087,396.151225970232,9356.56698231692,420.201697698106,420.201697698106,5185.02240298085,554.158636685879,2018.2,2018.2,100,2018.2,1,1330,0.16625,741.265575439575,741.265575439575,16,104.701363789558,245.780878444428,213.717930723573,0,0,1,0,0,240.028103831373,0,410.352494581055,0.2,0.55,0.2,0.35,43.75,0,43.75,0,-5.39102676013632,14,2019-10-15,tou_self_consumption
364.494709655329,459.708267282287,364.494709655329,9850.50311231336,340.632373566951,340.632373566951,4690.5700227225,476.175680494854,1613.7,1613.7,100,1613.7,1,1330,0.16625,757.725263227537,757.725263227537,11,77.229989703475,250.176720382228,191.065808485673,100,100,0,0,100,0,100,0,0.2,0.55,0.2,0.35,18.75,0,18.75,0,-4.78862778419049,15,2019-10-16,tou_self_consumption
423.290913061015,535.213431580874,423.290913061015,9917.73052993189,329.576345379292,329.576345379292,5261.23287567392,530.487580782258,1563.5,1563.5,100,1563.5,1,1330,0.16625,768.231469558988,768.231469558988,14,137.083494805931,265.800998339129,204.773691864792,0,0,1,0,0,320.080391487531,0,507.271893955034,0.2,0.55,0.2,0.35,39.5833333333333,0,39.5833333333333,0,-5.57513991230077,16,2019-10-17,tou_self_consumption
305.509647777662,433.116836012398,305.509647777662,9538.75285924511,362.584992784805,362.584992784805,4083.65202777803,428.111734105794,1555.2,1555.2,100,1555.2,1,1330,0.16625,703.363881046615,703.363881046615,7,24.928889449973,252.77840334466,185.205222762329,100,100,0,0,100,0,100,0,0.2,0.55,0.2,0.35,2.08333333333333,0,2.08333333333333,0,-4.51163370846248,17,2019-10-18,tou_self_consumption
330.474984510991,149.650494288673,330.474984510991,9981.26676786919,0,0,4446.97645864214,445.532271811175,908,908,100,908,1,487.499982118607,0.0609374977648258,626.505901488559,626.505901488559,0,0,117.633065170775,92.1517105061143,100,100,0,0,100,0,100,0,0.421710531021419,0.55,0.421710531021419,0.128289468978581,2.08333333333333,0,2.08333333333333,0,-1.55885931550701,18,2019-10-19,tou_self_consumption
212.122418878708,236.10909479614,212.122418878708,6550.13932376359,94.0332869438407,94.0332869438407,3625.75444352232,553.538522511766,1416.7,1416.7,100,1416.7,1,1330,0.16625,435.962992694569,435.962992694569,0,0,192.262288281006,150.291310075523,100,100,0,0,100,0,100,0,0.2,0.55,0.2,0.35,2.08333333333333,0,2.08333333333333,0,-2.45946973745979,19,2019-10-20,tou_self_consumption
229.11964480215,412.801283017463,229.11964480215,5707.23968933658,590.433055713915,590.433055713915,3265.06076051576,572.0910524603,1177.4,1177.4,100,1177.4,1,1330,0.16625,402.510791117719,402.510791117719,0,0,207.797121685604,136.572660513674,100,100,0,0,100,0,100,0,0.2,0.55,0.2,0.35,39.5833333333333,0,39.5833333333333,0,-4.30001336476524,20,2019-10-21,tou_self_consumption
430.32451075609,542.630566763239,430.32451075609,9550.38466492144,300.528337847011,300.528337847011,5491.68186310855,575.022059925973,1432.6,1432.6,100,1432.6,1,1330,0.16625,721.264986975643,721.264986975643,9,52.8878107870069,216.561924317521,177.936000598828,0,0,1,0,0,283.732296576923,0,466.54452867581,0.2,0.55,0.2,0.35,43.75,0,43.75,0,-5.65240173711707,21,2019-10-22,tou_self_consumption
402.807568430692,486.57509385934,402.807568430692,9872.94986295015,326.236858076801,326.236858076801,5553.24262849289,562.470457723313,1354.2,1354.2,100,1354.2,1,1330,0.16625,775.773407733681,775.773407733681,10,99.4954133047298,250.227880418945,192.757081178295,100,100,0,0,100,0,100,0,0.2,0.55,0.2,0.35,31.25,0,31.25,0,-5.06849056103479,22,2019-10-23,tou_self_consumption
345.317528654325,460.550650009242,345.317528654325,9982.13322811073,272.151824323948,272.151824323948,5118.5047082625,512.766619248104,1279.8,1279.8,100,1279.8,1,1330,0.16625,730.621801966068,730.621801966068,10,74.926526144367,240.315999344297,180.183838625379,100,100,0,0,100,0,100,0,0.2,0.55,0.2,0.35,10.4166666666667,0,10.4166666666667,0,-4.79740260426293,23,2019-10-24,tou_self_consumption
317.033180955823,443.081300840671,317.033180955823,9479.19917580454,293.368406818534,293.368406818534,4105.33531823082,433.088833992391,1652.4,1652.4,100,1652.4,1,1330,0.16625,753.446140537848,753.446140537848,9,78.7211614385496,263.120579283984,204.057391330048,100,100,0,0,100,0,100,0,0.2,0.55,0.2,0.35,10.4166666666667,0,10.4166666666667,0,-4.61543021709033,24,2019-10-25,tou_self_consumption
228.380323163369,166.178710723816,228.380323163369,10981.4809031097,0,0,3462.56765507635,315.309718755312,2015.9,2015.9,100,2015.9,1,1473.68421052632,0.18421052631579,694.450347688284,694.450347688284,2,5.42969948683344,154.945777177576,123.158448686183,100,100,0,0,100,0,100,0,0.55,0.9,0.9,0.35,15.625,0,15.625,0,-1.73102823670642,25,2019-10-26,tou_self_consumption
229.464425794024,141.270596808682,229.464425794024,9083.13532340061,20.1271935371435,20.1271935371435,3185.36736729662,350.690290729265,1225.4,1225.4,100,1225.4,1,1961.18419264492,0.245148024080615,635.201792709665,635.201792709665,0,0,127.998281139226,96.0029121411708,100,100,0,0,100,0,100,0,0.55,0.9,0.77171053102142,0.221710531021419,13.5416666666667,0,13.5416666666667,0,-1.4715687167571,26,2019-10-27,tou_self_consumption
217.420940950061,316.633319035924,217.420940950061,5482.87934031674,674.210617763537,674.210617763537,2940.4744522827,536.301142113557,1398.4,1398.4,100,1398.4,1,1330,0.16625,403.838526423287,403.838526423287,0,0,226.796424688368,152.767971169531,100,100,0,0,100,0,100,0,0.2,0.55,0.2,0.35,29.1666666666667,0,29.1666666666667,0,-3.29826373995754,27,2019-10-28,tou_self_consumption
467.677659703764,521.192789185761,467.677659703764,9919.4338541095,453.250789315172,453.250789315172,5845.6765671258,589.315544929412,1187.9,1187.9,100,1187.9,1,1330,0.16625,720.406849611159,720.406849611159,6,43.3280950742061,232.531689707198,197.415078652864,0,0,1,0,0,258.098445106332,0,406.067425905368,0.2,0.55,0.2,0.35,52.0833333333333,0,52.0833333333333,0,-5.42909155401834,28,2019-10-29,tou_self_consumption
464.528510649326,511.25402756978,464.528510649326,9792.98206567209,385.915628454364,385.915628454364,5767.53177002545,588.945403080305,1584,1584,100,1584,1,1330,0.16625,770.674951011103,770.674951011103,13,151.583271082271,275.790893158977,214.597673428111,100,100,0,0,100,0,100,0,0.2,0.55,0.2,0.35,52.0833333333333,0,52.0833333333333,0,-5.3255627871852,29,2019-10-30,tou_self_consumption
401.993085885281,378.05783128165,401.993085885281,9402.57315080898,347.147345232961,347.147345232961,5164.60725834258,549.275945584983,2027.9,2027.9,100,2027.9,1,1330,0.16625,732.329036920081,732.329036920081,16,142.654406690803,274.86128579733,208.653490947938,100,100,0,0,100,0,100,0,0.2,0.55,0.2,0.35,25,0,25,0,-3.93810240918386,30,2019-10-31,tou_self_consumption
359.033779483853,155.640730534447,359.033779483853,11225.191454326,0,0,5174.25675917701,460.950423895261,757.2,757.2,100,757.2,1,0,0,721.580789133417,721.580789133417,1,11.2777308802728,121.11253822543,100.468753765617,100,100,0,0,100,0,100,0,0.55,0.55,0.55,0,0,0,0,0,-1.62125760973383,31,2019-11-01,tou_self_consumption
332.677119672503,187.628625599552,332.677119672503,12055.0222337718,0,0,4567.79310716888,378.912043345082,819,819,100,819,1,1473.68421052632,0.18421052631579,769.722565422999,769.722565422999,7,63.0992083344378,122.144752355639,102.995255390014,100,100,0,0,100,0,100,0,0.55,0.9,0.9,0.35,2.08333333333333,0,2.08333333333333,0,-1.95446484999533,32,2019-11-02,tou_self_consumption
232.93609462294,123.327366263847,232.93609462294,8499.46625118371,0,0,4232.52828983107,497.975774566034,700.5,700.5,100,700.5,1,75,0.009375,564.515099249594,564.515099249594,0,0,105.20054347452,87.0867191343303,100,100,0,0,100,0,100,0,0.55,0.5678125,0.5678125,0.0178125,1.04166666666667,0,1.04166666666667,0,-1.28466006524841,33,2019-11-03,tou_self_consumption
199.339530964753,252.636246146382,199.339530964753,5740.05233675809,368.641981829976,368.641981829976,3048.26112326293,531.051102747358,940.7,940.7,100,940.7,1,1330,0.16625,390.29740235096,390.29740235096,0,0,179.100260924036,129.32973768593,100,100,0,0,100,0,100,0,0.2,0.55,0.2,0.35,10.4166666666667,0,10.4166666666667,0,-2.63162756402482,34,2019-11-04,tou_self_consumption
449.183473547114,467.489820050204,449.183473547114,10450.2533388704,381.893840751661,381.893840751661,5969.26885016145,571.2080517664,715.9,715.9,100,715.9,1,1330,0.16625,694.903993110142,694.903993110142,10,19.4416852256157,216.712428517785,172.196097626079,100,100,0,0,100,0,100,0,0.2,0.55,0.2,0.35,43.75,0,43.75,0,-4.86968562552296,35,2019-11-05,tou_self_consumption
549.086574075042,522.631141893704,549.086574075042,10443.3868189731,259.874671128935,259.874671128935,6356.72046193989,608.683808435716,628.5,628.5,100,628.5,1,1330,0.16625,737.137248821678,737.137248821678,12,76.5343438284532,235.244218835706,175.720916810863,100,100,0,0,100,0,100,0,0.2,0.55,0.2,0.35,56.25,0,56.25,0,-5.44407439472609,36,2019-11-06,tou_self_consumption
420.499384570638,472.52368773346,420.499384570638,10257.9506865299,405.695400500839,405.695400500839,5438.41055952926,530.165402985474,1100.7,1100.7,100,1100.7,1,1330,0.16625,744.404221419523,744.404221419523,14,88.0264935324586,264.391784198151,196.252070571325,100,100,0,0,100,0,100,0,0.2,0.55,0.2,0.35,35.4166666666667,0,35.4166666666667,0,-4.92212174722355,37,2019-11-07,tou_self_consumption
486.731639614472,530.528592044602,486.731639614472,10358.1346030727,222.430744387389,222.430744387389,6189.04855391945,597.506094589995,656.3,656.3,100,656.3,1,1330,0.16625,751.850025418874,751.850025418874,8,80.8603692240492,230.539049025634,170.917249015423,0,0,1,0,0,276.750204345378,0,456.551995601271,0.2,0.55,0.2,0.35,47.9166666666667,0,47.9166666666667,0,-5.52633950046461,38,2019-11-08,tou_self_consumption
383.69856284998,282.873304434801,383.69856284998,9415.00327146272,0,0,5403.27671612282,573.900673247814,615.2,615.2,100,615.2,1,1330,0.16625,626.048963257005,626.048963257005,0,0,156.686190197203,123.916233713322,100,100,0,0,100,0,100,0,0.2,0.55,0.2,0.35,2.08333333333333,0,2.08333333333333,0,-2.94659692119585,39,2019-11-09,tou_self_consumption
273.453277235152,267.783343580048,273.453277235152,6893.21187070171,112.09164957318,112.09164957318,3916.1616280658,568.118563816485,1260.8,1260.8,100,1260.8,1,1330,0.16625,448.828069718485,448.828069718485,0,0,194.240053057432,146.993063709822,100,100,0,0,100,0,100,0,0.2,0.55,0.2,0.35,14.5833333333333,0,14.5833333333333,0,-2.78940982895883,40,2019-11-10,tou_self_consumption
220.689369337081,381.206887233638,220.689369337081,6099.61454253204,636.723564703018,636.723564703018,2973.2003910847,487.44070143332,773.1,773.1,100,773.1,1,1330,0.16625,369.319077262765,369.319077262765,0,0,205.907516477677,123.664463932269,100,100,0,0,100,0,100,0,0.2,0.55,0.2,0.35,22.9166666666667,0,22.9166666666667,0,-3.97090507535039,41,2019-11-11,tou_self_consumption
436.593532108513,353.114900780843,436.593532108513,10147.0418671138,91.1942472909192,91.1942472909192,4772.67585090047,470.351449555809,725.6,725.6,100,725.6,1,1330,0.16625,732.618286246809,732.618286246809,11,66.5556051934526,176.508810733216,140.733663592682,100,100,0,0,100,0,100,0,0.2,0.55,0.2,0.35,25,0,25,0,-3.67828021646711,42,2019-11-12,tou_self_consumption
497.046074990807,483.452290955884,497.046074990807,10489.3993682729,276.566902829837,276.566902829837,5560.59979204763,530.116129324494,601.9,601.9,100,601.9,1,1330,0.16625,772.581887834014,772.581887834014,9,115.259360957196,238.964951616827,174.95117214538,100,100,0,0,100,0,100,0,0.2,0.55,0.2,0.35,47.9166666666667,0,47.9166666666667,0,-5.03596136412379,43,2019-11-13,tou_self_consumption
442.700085819543,473.123004801834,442.700085819543,10204.2894962841,421.992123332189,421.992123332189,5115.14706369644,501.274200968047,1402.6,1402.6,100,1402.6,1,1330,0.16625,794.469825255783,794.469825255783,15,164.419888638778,274.881522446627,202.252446679656,100,100,0,0,100,0,100,0,0.2,0.55,0.2,0.35,39.5833333333333,0,39.5833333333333,0,-4.92836463335244,44,2019-11-14,tou_self_consumption
397.372132345511,293.90931465624,397.372132345511,10374.6021634613,0,0,5085.00724070542,490.139974582786,497.2,497.2,100,497.2,1,1330,0.16625,759.497305557913,759.497305557913,4,34.7328494715757,147.969329331576,116.451355684932,100,100,0,0,100,0,100,0,0.2,0.55,0.2,0.35,6.25,0,6.25,0,-3.0615553610025,45,2019-11-15,tou_self_consumption
417.777336192941,170.174328213676,417.777336192941,11047.7756611189,0,0,5565.42946940377,503.760181245399,649.1,649.1,100,649.1,1,0,0,674.880435478622,674.880435478622,0,0,121.131487162416,105.140167551183,100,100,0,0,100,0,100,0,0.55,0.55,0.55,0,0,0,0,0,-1.7726492522258,46,2019-11-16,tou_self_consumption
336.614186869341,138.156514946934,336.614186869341,9173.54511694441,0,0,4677.50215735535,509.890352936245,405.4,405.4,100,405.4,1,0,0,483.565720774968,483.565720774968,0,0,92.6424112323541,79.6066131161232,100,100,0,0,100,0,100,0,0.55,0.55,0.55,0,0,0,0,0,-1.43913036403056,47,2019-11-17,tou_self_consumption
243.572155778442,393.094811563022,243.572155778442,6523.09615455414,585.204597059721,585.204597059721,3125.14319371289,479.08893563236,584.7,584.7,100,584.7,1,1330,0.16625,412.884713901586,412.884713901586,0,0,214.081091275047,131.98838858641,100,100,0,0,100,0,100,0,0.2,0.55,0.2,0.35,35.4166666666667,0,35.4166666666667,0,-4.09473762044815,48,2019-11-18,tou_self_consumption
533.121821248189,433.684599494363,533.121821248189,10645.1791459279,60.0021377642238,60.0021377642238,5670.20039431818,532.654295112281,733.5,733.5,100,733.5,1,1330,0.16625,788.363752876636,788.363752876636,21,262.212472096818,194.001561046306,151.56124560862,0,0,1,0,0,299.337915366188,0,527.958295656446,0.2,0.55,0.2,0.35,27.0833333333333,0,27.0833333333333,0,-4.51754791139962,49,2019-11-19,tou_self_consumption
590.405284792374,543.870747934676,590.405284792374,11264.3156268841,191.171736909902,191.171736909902,7111.81267183673,631.357723576502,433.8,433.8,100,433.8,1,1330,0.16625,833.048455816687,833.048455816687,21,301.124407858061,234.81701174071,172.14745248271,100,100,0,0,100,0,100,0,0.2,0.55,0.2,0.35,52.0833333333333,0,52.0833333333333,0,-5.6653202909862,50,2019-11-20,tou_self_consumption
577.730542620264,542.930718648754,577.730542620264,11635.0139981735,181.428891939053,181.428891939053,6922.2236067719,594.947595925417,384.1,384.1,100,384.1,1,1330,0.16625,801.701839674054,801.701839674054,27,481.078515951362,242.877269561781,182.565054368688,100,100,0,0,100,0,100,0,0.2,0.55,0.2,0.35,52.0833333333333,0,52.0833333333333,0,-5.65552831925785,51,2019-11-21,tou_self_consumption
464.245611132066,491.530461502832,464.245611132066,11071.9342912121,234.797258996735,234.797258996735,5944.05827099646,536.858159979715,593.2,593.2,100,593.2,1,1330,0.16625,805.573042521931,805.573042521931,22,312.857451733406,256.114160758459,194.69404388659,100,100,0,0,100,0,100,0,0.2,0.55,0.2,0.35,39.5833333333333,0,39.5833333333333,0,-5.12010897398783,52,2019-11-22,tou_self_consumption
346.362247591617,143.011633227133,346.362247591617,11342.0669180096,0,0,4456.09271963976,392.881892855359,950.6,950.6,100,950.6,1,0,0,690.639742344583,690.639742344583,1,3.54246918306427,136.546283927855,115.596774794146,100,100,0,0,100,0,100,0,0.55,0.55,0.55,0,0,0,0,0,-1.48970451278263,53,2019-11-23,tou_self_consumption
252.021212538563,246.50776048193,252.021212538563,7784.76935248908,34.0999536072775,34.0999536072775,3942.43554940969,506.429332829128,767.5,767.5,100,767.5,1,1330,0.16625,515.144640268685,515.144640268685,0,0,179.445521279052,135.261050776953,100,100,0,0,100,0,100,0,0.2,0.55,0.2,0.35,10.4166666666667,0,10.4166666666667,0,-2.56778917168677,54,2019-11-24,tou_self_consumption
338.817232469253,449.326558065407,338.817232469253,7035.23374216705,499.924623380134,499.924623380134,4380.83314897025,622.699018898671,278.4,278.4,100,278.4,1,1330,0.16625,421.709247291365,421.709247291365,0,0,195.584442995467,112.534411659175,100,100,0,0,100,0,100,0,0.2,0.55,0.2,0.35,60.4166666666667,0,60.4166666666667,0,-4.68048497984799,55,2019-11-25,tou_self_consumption
537.69615929396,554.700571544499,537.69615929396,11563.2940435848,149.105631939231,149.105631939231,6491.96320798577,561.428532692848,447.2,447.2,100,447.2,1,1330,0.16625,781.770940190322,781.770940190322,27,363.612319261119,217.074110504491,174.529766282712,0,0,1,0,0,304.071868061484,0,509.416299436089,0.2,0.55,0.2,0.35,47.9166666666667,0,47.9166666666667,0,-5.77813095358854,56,2019-11-26,tou_self_consumption
453.519017150318,470.742662539597,453.519017150318,12065.226670929,137.385142556267,137.385142556267,5509.17323932625,456.615809183307,329.9,329.9,100,329.9,1,1330,0.16625,846.615644153015,846.615644153015,25,518.269668998309,240.672403907876,176.778702332412,100,100,0,0,100,0,100,0,0.2,0.55,0.2,0.35,6.25,0,6.25,0,-4.90356940145414,57,2019-11-27,tou_self_consumption
412.425247187248,223.236813447242,412.425247187248,13237.9761174636,0,0,4775.80508755771,360.765501099328,496.1,496.1,100,496.1,1,0,0,828.355250291857,828.355250291857,30,571.327853767271,160.909258226467,140.823070227114,0,0,1,0,0,341.512231291885,0,528.909008682472,0.55,0.55,0.55,0,0,0,0,0,-2.32538347340877,58,2019-11-28,tou_self_consumption
489.743060359624,427.34246339866,489.743060359624,11848.8259847055,14.101952816989,14.101952816989,5222.03764877568,440.72194625158,614.3,614.3,100,614.3,1,1330,0.16625,798.225673799453,798.225673799453,20,441.128051465067,215.301600096237,173.187933103872,0,0,1,0,0,324.054978052127,0,481.673140024788,0.2,0.55,0.2,0.35,29.1666666666667,0,29.1666666666667,0,-4.45148399373604,59,2019-11-29,tou_self_consumption
443.354379029709,321.291423186855,443.354379029709,10617.9193305661,0,0,5902.90318008207,555.937843969978,935.5,935.5,100,935.5,1,1330,0.16625,720.15097080911,720.15097080911,6,34.030261686748,169.279323424276,139.904961531373,100,100,0,0,100,0,100,0,0.2,0.55,0.2,0.35,10.4166666666667,0,10.4166666666667,0,-3.34678565819641,60,2019-11-30,tou_self_consumption
371.284947000442,384.314655033557,371.284947000442,9078.26368201382,421.704487016485,421.704487016485,5334.35795810306,587.596719477501,426.3,426.3,100,426.3,1,1330,0.16625,541.97927261816,541.97927261816,0,0,230.158689742713,133.354998335435,100,100,0,0,100,0,100,0,0.2,0.55,0.2,0.35,22.9166666666667,0,22.9166666666667,0,-4.00327765659955,61,2019-12-01,tou_self_consumption
308.307233334924,415.24623822651,308.307233334924,7063.01189203612,529.191354739641,529.191354739641,3741.54333183199,529.73765144736,616.6,616.6,100,616.6,1,1330,0.16625,442.859936784775,442.859936784775,0,0,220.570883379154,139.438205086187,100,100,0,0,100,0,100,0,0.2,0.55,0.2,0.35,39.5833333333333,0,39.5833333333333,0,-4.32548164819282,62,2019-12-02,tou_self_consumption
573.133724797674,580.431705634016,573.133724797674,11806.0803253849,113.434088224809,113.434088224809,6359.74649346544,538.683993178584,679,679,100,679,1,1330,0.16625,852.314694461524,852.314694461524,28,604.377856682562,222.746903738096,176.907423951692,0,0,1,0,0,317.590948719075,0,512.283455060382,0.2,0.55,0.2,0.35,47.9166666666667,0,47.9166666666667,0,-6.04616360035433,63,2019-12-03,tou_self_consumption
578.322638384789,530.395698891824,578.322638384789,11821.6222417134,189.255098761973,189.255098761973,6472.88327569114,547.546110283507,1164.1,1164.1,100,1164.1,1,1330,0.16625,896.310347577287,896.310347577287,30,707.347037187767,277.148600947314,216.697758898494,100,100,0,0,100,0,100,0,0.2,0.55,0.2,0.35,43.75,0,43.75,0,-5.52495519678984,64,2019-12-04,tou_self_consumption
490.906921754485,570.281054247959,490.906921754485,12493.1458040188,160.956352860807,160.956352860807,6052.07103506762,484.431313778534,916.3,916.3,100,916.3,1,1330,0.16625,912.118271702812,912.118271702812,30,1061.21569066553,273.995364045442,210.499946078961,0,0,1,0,0,339.253369310989,0,534.825659545437,0.2,0.55,0.2,0.35,22.9166666666667,0,22.9166666666667,0,-5.94042764841624,65,2019-12-05,tou_self_consumption
416.21252524639,240.588827511986,416.21252524639,13477.3741385472,0,0,4841.43595596645,359.226946302488,617.4,617.4,100,617.4,1,0,0,900.595676213686,900.595676213686,26,769.506327702239,169.994072884263,144.663708226795,0,0,1,0,0,319.672170257044,0,567.695261989991,0.55,0.55,0.55,0,0,0,0,0,-2.50613361991652,66,2019-12-06,tou_self_consumption
343.694792055911,138.593386449029,343.694792055911,12915.2735511695,0,0,4213.96425855478,326.27758458691,380,380,100,380,1,0,0,765.545475856274,765.545475856274,21,223.83111634695,123.571655505541,110.320649858054,100,100,0,0,100,0,100,0,0.55,0.55,0.55,0,0,0,0,0,-1.44368110884405,67,2019-12-07,tou_self_consumption
23.7339204267613,90.2850040891129,23.7339204267613,10711.2078184514,0,0,2887.89685898921,269.614492402477,476.1,476.1,100,476.1,1,515.625011175871,0.0644531263969839,699.240351303067,699.240351303067,3,13.9621983548014,108.906230098233,90.2503124764907,100,100,0,0,100,0,100,0,0.55,0.672460940154269,0.672460940154269,0.122460940154269,2.08333333333333,0,2.08333333333333,0,-0.940468792594926,68,2019-12-08,tou_self_consumption
213.659604637484,95.063829894469,213.659604637484,8061.29017645627,0,0,3092.78234407475,383.658481009344,584.2,584.2,100,584.2,1,0,0,445.568578245231,445.568578245231,0,0,100.605279392684,82.4158122818121,100,100,0,0,100,0,100,0,0.55,0.55,0.55,0,0,0,0,0,-0.990248228067385,69,2019-12-09,tou_self_consumption
460.666111972279,560.128459818411,460.666111972279,12238.9282225463,93.1645869471345,93.1645869471345,5364.74608135833,438.334630599067,890.2,890.2,100,890.2,1,1330,0.16625,945.26377787535,945.26377787535,32,863.222160892733,237.992936069114,195.336756664976,0,0,1,0,0,299.264619451159,0,524.539131208624,0.2,0.55,0.2,0.35,35.4166666666667,0,35.4166666666667,0,-5.83467145644178,70,2019-12-10,tou_self_consumption
532.368645078401,483.047092022103,532.368645078401,13396.9041781093,156.189836957123,156.189836957123,6856.81777113524,511.821065521942,424.4,424.4,100,424.4,1,1330,0.16625,961.892277368952,961.892277368952,31,1163.62426595079,259.251502474293,187.597461928341,100,100,0,0,100,0,100,0,0.2,0.55,0.2,0.35,31.25,0,31.25,0,-5.0317405418969,71,2019-12-11,tou_self_consumption
575.550054284637,631.123718990718,575.550054284637,13508.415862323,49.7871932806793,49.7871932806793,6784.38708114691,502.234099859894,328.1,328.1,100,328.1,1,1330,0.16625,954.044072854661,954.044072854661,32,1286.31004712293,268.588917769132,207.649423194597,0,0,1,0,0,356.405519779892,0,546.961506073459,0.2,0.55,0.2,0.35,43.75,0,43.75,0,-6.57420540615331,72,2019-12-12,tou_self_consumption
493.836251174246,237.789653930069,493.836251174246,13369.1910797129,0,0,6196.68023598972,463.504500686874,335.9,335.9,100,335.9,1,974.999964237213,0.121874995529652,886.495729820341,886.495729820341,24,626.27565309743,147.51360275795,135.286550371791,100,100,1,1,100,0,100,0,0.293421062042839,0.55,0.293421062042839,0.256578937957161,2.08333333333333,0,2.08333333333333,0,-2.47697556177155,73,2019-12-13,tou_self_consumption
301.82402798906,149.227706040716,301.82402798906,13794.1543579915,0,0,4367.21389592881,316.598885483597,444.3,444.3,100,444.3,1,0,0,840.303376387214,840.303376387214,27,569.509515455188,135.884257479153,121.747925585939,100,100,0,0,100,0,100,0,0.55,0.55,0.55,0,0,0,0,0,-1.55445527125746,74,2019-12-14,tou_self_consumption
178.724658900168,133.111268138233,178.724658900168,11762.1684611876,0,0,3398.62819280032,288.945716431031,558,558,100,558,1,1031.25002235174,0.128906252793968,740.697691433327,740.697691433327,4,41.2884850541811,112.5931711307,97.4764095926547,100,100,0,0,100,0,100,0,0.55,0.794921880308538,0.794921880308538,0.244921880308538,2.08333333333333,0,2.08333333333333,0,-1.38657570977326,75,2019-12-15,tou_self_consumption
292.635026048493,313.812259564779,292.635026048493,7456.72961656242,279.920253341698,279.920253341698,3634.6271848957,487.429123998636,555.6,555.6,100,555.6,1,1330,0.16625,469.13942434654,469.13942434654,0,0,200.107869172105,141.728359628701,100,100,0,0,100,0,100,0,0.2,0.55,0.2,0.35,20.8333333333333,0,20.8333333333333,0,-3.26887770379978,76,2019-12-16,tou_self_consumption
511.289062319317,340.734114149777,511.289062319317,14274.6106784977,42.3447985657547,42.3447985657547,6332.46192856062,443.617137530723,659.9,659.9,100,659.9,1,487.499982118607,0.0609374977648258,996.541398564747,996.541398564747,34,1450.34549514304,232.948844315515,183.611578873565,0,0,1,0,0,333.511285275758,0,566.669580497965,0.421710531021419,0.55,0.421710531021419,0.128289468978581,2.08333333333333,0,2.08333333333333,0,-3.54931368906018,77,2019-12-17,tou_self_consumption
562.198096523775,542.388146089775,562.198096523775,13756.1206683379,77.0821013637733,77.0821013637733,6898.66943064835,501.498176482768,601,601,100,601,1,1330,0.16625,969.722314127717,969.722314127717,34,1499.97518684674,273.416294257998,212.624659444487,100,100,0,0,100,0,100,0,0.2,0.55,0.2,0.35,37.5,0,37.5,0,-5.64987652176849,78,2019-12-18,tou_self_consumption
521.488160379753,292.862270564836,521.488160379753,14887.5240862671,0,0,6587.61405179405,442.492251473214,841.8,841.8,100,841.8,1,0,0,1001.8836827119,1001.8836827119,32,1721.84820193418,214.009651981068,186.465614837432,100,100,0,0,100,0,100,0,0.55,0.55,0.55,0,0,0,0,0,-3.05064865171704,79,2019-12-19,tou_self_consumption
441.78468229813,230.303367988926,441.78468229813,14915.5233076154,0,0,5956.53717435617,399.351538092865,547.9,547.9,100,547.9,1,0,0,949.434106456694,949.434106456694,35,1285.00327805127,167.159534265783,146.543553706115,100,100,0,0,100,0,100,0,0.55,0.55,0.55,0,0,0,0,0,-2.39899341655131,80,2019-12-20,tou_self_consumption
403.252967755014,204.761193814528,403.252967755014,13952.9896042964,0,0,6405.42880501839,459.072140571655,623.5,623.5,100,623.5,1,0,0,836.636813834711,836.636813834711,28,669.796020812455,150.822449065918,133.770402028834,100,100,0,0,100,0,100,0,0.55,0.55,0.55,0,0,0,0,0,-2.13292910223467,81,2019-12-21,tou_self_consumption
289.939360265209,144.790597069822,289.939360265209,11170.526744089,0,0,5071.97405163293,454.049676244392,314.4,314.4,100,314.4,1,0,0,577.234681796999,577.234681796999,0,0,112.047297325331,91.6315489301938,100,100,0,0,100,0,100,0,0.55,0.55,0.55,0,0,0,0,0,-1.50823538614398,82,2019-12-22,tou_self_consumption
216.047499494986,100.621898977188,216.047499494986,8770.37681929396,0,0,3386.42219742569,386.12049028223,328.3,328.3,100,328.3,1,0,0,455.306182888145,455.306182888145,0,0,92.9949095755466,79.7638548478955,100,100,0,0,100,0,100,0,0.55,0.55,0.55,0,0,0,0,0,-1.04814478101237,83,2019-12-23,tou_self_consumption
370.076119087024,244.701776312577,370.076119087024,14967.9367876079,0,0,6601.78401982131,441.061725039286,372.8,372.8,100,372.8,1,0,0,951.466043689609,951.466043689609,31,1339.12233183948,203.261776701294,159.836639835758,100,100,0,0,100,0,100,0,0.55,0.55,0.55,0,0,0,0,0,-2.54897683658934,84,2019-12-24,tou_self_consumption
445.273459732836,295.346831468383,445.273459732836,15363.5218734342,0,0,7786.31569118902,506.805389762402,265.6,265.6,100,265.6,1,0,0,1013.62424421038,1013.62424421038,34,1653.47571957146,180.59494935167,159.425258893249,100,100,0,0,100,0,100,0,0.55,0.55,0.55,0,0,0,0,0,-3.07652949446232,85,2019-12-25,tou_self_consumption
528.982480118326,318.11437711684,528.982480118326,15214.6294079167,0,0,8812.25825780472,579.196378797069,541.3,541.3,100,541.3,1,0,0,1004.13981537939,1004.13981537939,33,1551.55684191677,188.13632381152,165.760187402619,100,100,0,0,100,0,100,0,0.55,0.55,0.55,0,0,0,0,0,-3.31369142830042,86,2019-12-26,tou_self_consumption
533.709218236492,304.965259933466,533.709218236492,14021.9065415678,0,0,8143.32883906189,580.757603462916,414.8,414.8,100,414.8,1,974.999964237213,0.121874995529652,974.967945426975,974.967945426975,24,947.082897560492,173.925732388653,149.486831761728,100,100,0,0,100,0,100,0,0.293421062042839,0.55,0.293421062042839,0.256578937957161,2.08333333333333,0,2.08333333333333,0,-3.17672145764028,87,2019-12-27,tou_self_consumption
489.117332866072,247.633869531853,489.117332866072,13953.2867173299,0,0,7904.15867518883,566.472891678771,717.4,717.4,100,717.4,1,0,0,856.641220255584,856.641220255584,30,736.049052238313,160.262661520787,143.772426044633,100,100,0,0,100,0,100,0,0.55,0.55,0.55,0,0,0,0,0,-2.57951947429014,88,2019-12-28,tou_self_consumption
316.710996863567,154.372017363869,316.710996863567,10676.5427088783,0,0,4997.43254398858,468.075919354761,1087.2,1087.2,100,1087.2,1,0,0,624.560538329232,624.560538329232,0,0,163.806275808447,131.386722790286,100,100,0,0,100,0,100,0,0.55,0.55,0.55,0,0,0,0,0,-1.6080418475403,89,2019-12-29,tou_self_consumption
231.956116421937,126.06205088898,231.956116421937,8887.90606308754,0,0,3091.35866142063,347.816306729364,1053.8,1053.8,100,1053.8,1,825.000017881393,0.103125002235174,569.936049511592,569.936049511592,0,0,115.240145735194,98.0362883507552,100,100,0,0,100,0,100,0,0.55,0.745937504246831,0.745937504246831,0.195937504246831,2.08333333333333,0,2.08333333333333,0,-1.31314636342687,90,2019-12-30,tou_self_consumption
475.270642745028,340.515637242306,475.270642745028,13782.2841189431,0,0,6322.81791891046,458.76415435523,0,0,,0,,1330,0.16625,892.353573643147,892.353573643147,25,835.576254387278,178.337429381722,154.652532829031,100,100,0,0,100,0,100,0,0.2,0.55,0.2,0.35,2.08333333333333,0,2.08333333333333,0,-3.54703788794069,91,2019-12-31,tou_self_consumption
528.397119087599,243.651259741241,528.397119087599,12262.2116885053,0,0,5989.05560229644,488.415610041264,1584.7,1584.7,100,1584.7,1,1096.87497094274,0.137109371367842,811.616942971447,811.616942971447,14,212.488409091107,205.650890123685,178.600063838215,100,100,0,0,100,0,100,0,0.55,0.8105078055989,0.8105078055989,0.2605078055989,2.08333333333333,0,2.08333333333333,0,-2.53803395563793,0,2019-10-01,carbon_aware
498.648556685545,265.650197118547,498.648556685545,12783.4332862511,0,0,5706.95125651045,446.433374252317,1639,1639,100,1639,1,1340.62496647239,0.167578120809048,1089.18648432034,1089.18648432034,29,1070.72436996544,239.376598774695,192.62175495893,100,100,0,0,100,0,100,0,0.55,0.868398429537193,0.868398429537193,0.318398429537193,1.04166666666667,0,1.04166666666667,0,-2.7671895533182,1,2019-10-02,carbon_aware
384.690149807742,315.636915670538,384.690149807742,10000.7969516108,0,0,5069.62897395335,506.92249812519,1694.9,1694.9,100,1694.9,1,2935.23433247581,0.366904291559477,808.954686773312,808.954686773312,17,436.642573705208,214.047775947333,183.074145326738,100,100,0,0,100,0,100,0,0.2,0.750390619691462,0.2,0.35,23.9583333333333,0,23.9583333333333,0,-3.28788453823478,2,2019-10-03,carbon_aware
477.896761709901,547.956495043965,477.896761709901,10827.4101751427,31.2368422861228,31.2368422861228,5334.44114642909,492.679325908958,939.8,939.8,100,939.8,1,1658.12499329448,0.20726562416181,784.171227064135,784.171227064135,24,313.366578578459,223.775662721109,186.799396996274,100,100,0,0,100,0,100,0,0.2,0.530263157894737,0.277929685907438,0.272070314092562,14.5833333333333,0,14.5833333333333,0,-5.70788015670797,3,2019-10-04,carbon_aware
353.295108860888,222.29344430418,353.295108860888,10163.5544849424,0,0,4819.68628262671,474.212667405603,1247.3,1247.3,100,1247.3,1,3215.62489494681,0.401953111868352,850.239894912021,850.239894912021,15,487.807950816451,216.40197622937,188.031984049434,100,100,0,0,100,0,100,0,0.33742805362287,0.850585929537193,0.33742805362287,0.21257194637713,4.16666666666667,0,4.16666666666667,0,-2.31555671150188,4,2019-10-05,carbon_aware
290.629737602405,152.463619703898,290.629737602405,9139.8715111512,0,0,4287.20719860116,469.066462627019,1325.1,1325.1,100,1325.1,1,759.374979883432,0.094921872485429,604.101032351766,604.101032351766,0,0,120.665325396565,95.3336519630925,100,100,0,0,100,0,100,0,0.55,0.730351557722316,0.730351557722316,0.180351557722316,2.08333333333333,0,2.08333333333333,0,-1.58816270524894,5,2019-10-06,carbon_aware
196.963819896598,439.739168839705,196.963819896598,4981.66625829749,523.646249893416,523.646249893416,2679.46042878888,537.864298782753,1989.8,1945.48769925863,97.7730274026854,1945.48769925863,0.977730274026854,1330,0.16625,422.939971017871,422.939971017871,0,0,239.32466771488,185.517977384104,100,100,0,0,100,0,100,0,0.2,0.55,0.2,0.35,30.2083333333333,0,30.2083333333333,0,-4.58061634208026,6,2019-10-07,carbon_aware
435.079039302116,261.978727953738,435.079039302116,13086.6708361899,0,0,5767.02721599103,440.679473655199,779.3,779.3,100,779.3,1,1473.68421052631,0.184210526315789,924.989426647267,924.989426647267,30,695.917655786222,261.089044395252,205.303323007165,100,100,0,0,100,0,100,0,0.55,0.9,0.9,0.35,8.33333333333333,0,8.33333333333333,0,-2.72894508285144,7,2019-10-08,carbon_aware
446.054154636181,266.243955143832,446.054154636181,13096.2954973959,0,0,5649.25465889402,431.362797213712,1103.7,1103.7,100,1103.7,1,1473.68421052631,0.184210526315789,929.518459915731,929.518459915731,38,806.78859167281,215.140666978008,190.945372272912,100,100,0,0,100,0,100,0,0.5678125,0.9,0.9,0.35,13.5416666666667,0,13.5416666666667,0,-2.77337453274825,8,2019-10-09,carbon_aware
385.323170571056,255.699702576216,385.323170571056,12742.6565413743,0,0,4947.5507845445,388.266823992331,1621.7,1621.7,100,1621.7,1,1473.68421052631,0.184210526315789,824.59213122323,824.59213122323,35,712.036395375103,221.507446007731,196.263016904683,100,100,0,0,100,0,100,0,0.5678125,0.9,0.9,0.35,56.25,0,56.25,0,-2.66353856850225,9,2019-10-10,carbon_aware
283.361990086308,227.966018996201,283.361990086308,12300.1106759632,0,0,3974.71933463041,323.14500571103,1678,1678,100,1678,1,1473.68421052631,0.184210526315789,837.443995104661,837.443995104661,29,539.242453045373,216.018110686293,191.816220910125,100,100,0,0,100,0,100,0,0.5678125,0.9,0.9,0.35,83.3333333333333,0,83.3333333333333,0,-2.37464603121042,10,2019-10-11,carbon_aware
252.582527150484,223.08667632437,252.582527150484,10833.1444738005,0,0,4211.16853429932,388.730026123426,2333.3,2333.3,100,2333.3,1,1473.68421052631,0.184210526315789,851.013530120372,851.013530120372,17,384.045344354755,236.760398087567,205.621455270712,100,100,0,0,100,0,100,0,0.5678125,0.9,0.9,0.35,42.7083333333333,0,42.7083333333333,0,-2.32381954504552,11,2019-10-12,carbon_aware
174.487445754906,153.026456510136,174.487445754906,8718.53116436206,0,0,3355.36636325253,384.854547170509,2325.2,2325.2,100,2325.2,1,1473.68421052631,0.184210526315789,460.4790183229,460.4790183229,0,0,100.642334804196,83.4716545365033,100,100,0,0,100,0,100,0,0.55,0.9,0.9,0.35,50,0,50,0,-1.59402558864725,12,2019-10-13,carbon_aware
168.550986663855,127.795678754262,168.550986663855,5997.99732335245,628.338140170793,628.338140170793,2717.67106191401,453.096411252652,2654.2,2208.07524445752,83.1917430659905,2208.07524445752,0.831917430659905,1453.12495529652,0.181640619412065,683.611778586818,683.611778586818,2,3.13030734860484,241.735120286651,197.701351325724,100,100,0,0,100,0,100,0,0.5678125,0.750390619691462,0.590028783468236,0.0400287834682361,4.16666666666667,0,4.16666666666667,0,-1.33120498702357,13,2019-10-14,carbon_aware
387.829016040383,342.550754132219,387.829016040383,8936.36528461882,0,0,4885.32946643198,546.679697039753,2018.2,2018.2,100,2018.2,1,1330,0.16625,741.265575439575,741.265575439575,11,78.5790494082314,179.802231233561,157.946326646197,25,25,1,0,0,240.028103831373,25,275.709311002252,0.2,0.55,0.2,0.35,19.7916666666667,0,19.7916666666667,0,-3.56823702221062,14,2019-10-15,carbon_aware
425.89079570512,173.970499768742,425.89079570512,10914.8707387464,0,0,5228.17624422489,478.995708640463,1613.7,1613.7,100,1613.7,1,75,0.009375,757.725263227537,757.725263227537,11,77.229989703475,163.562686785824,132.525957267065,100,100,0,0,100,0,100,0,0.55,0.5678125,0.5678125,0.0178125,1.04166666666667,0,1.04166666666667,0,-1.8121927059244,15,2019-10-16,carbon_aware
415.611776706484,349.888850059953,415.611776706484,9588.1541845526,0,0,4982.62502434499,519.664674601547,1563.5,1563.5,100,1563.5,1,1330,0.16625,768.231469558988,768.231469558988,14,137.083494805931,193.474514450672,156.534585219838,37.5,37.5,1,0,0,320.080391487531,37.5,302.770794322409,0.2,0.55,0.2,0.35,10.4166666666667,0,10.4166666666667,0,-3.64467552145784,16,2019-10-17,carbon_aware
410.655574708005,213.6520953915,410.655574708005,11979.8520769866,0,0,5108.67245766255,426.438692634306,1555.2,1555.2,100,1555.2,1,1473.68421052631,0.184210526315789,734.326441115797,734.326441115797,9,53.3213197792099,135.441768582537,109.386983423275,100,100,0,0,100,0,100,0,0.55,0.9,0.9,0.35,34.375,0,34.375,0,-2.22554266032813,17,2019-10-18,carbon_aware
390.031914691329,234.588338196704,390.031914691329,11942.4509605141,0,0,5260.77604648064,440.51058395589,908,908,100,908,1,1473.68421052631,0.184210526315789,803.536280701986,803.536280701986,17,328.795274156704,170.804301993049,138.112046209547,100,100,0,0,100,0,100,0,0.5678125,0.9,0.9,0.35,13.5416666666667,0,13.5416666666667,0,-2.44362852288233,18,2019-10-19,carbon_aware
241.846871391052,451.472275011369,241.846871391052,6856.42846424841,400.322427428662,400.322427428662,3837.01478239429,559.622958571172,1416.7,1416.7,100,1416.7,1,1330,0.16625,486.320498214621,486.320498214621,0,0,243.299414338519,175.631773024257,100,100,0,0,100,0,100,0,0.2,0.55,0.2,0.35,35.4166666666667,0,35.4166666666667,0,-4.7028361980351,19,2019-10-20,carbon_aware
239.519811362431,444.34083238569,239.519811362431,5636.32519243015,519.518558807486,519.518558807486,3218.15772763742,570.967362202514,1177.4,1177.4,100,1177.4,1,1330,0.16625,402.510791117719,402.510791117719,0,0,201.190300479489,136.572660513674,100,100,0,0,100,0,100,0,0.2,0.55,0.2,0.35,51.0416666666667,0,51.0416666666667,0,-4.62855033735094,20,2019-10-21,carbon_aware
452.984387290965,608.848378835279,452.984387290965,9395.72374636354,145.86741928911,145.86741928911,5425.87189723971,577.483123568816,1432.6,1432.6,100,1432.6,1,1330,0.16625,721.264986975643,721.264986975643,9,52.8878107870069,196.221172363745,159.106176519267,0,0,1,0,0,283.732296576923,0,466.54452867581,0.2,0.530263157894737,0.2,0.35,63.5416666666667,0,63.5416666666667,0,-6.34217061286749,21,2019-10-22,carbon_aware
428.952155756686,566.955066585578,428.952155756686,9608.00464406915,61.2916391958078,61.2916391958078,5405.09040842691,562.56117775332,1354.2,1354.2,100,1354.2,1,1330,0.16625,775.773407733681,775.773407733681,10,99.4954133047298,224.6067375728,187.95673223727,100,100,0,0,100,0,100,0,0.2,0.530263157894737,0.2,0.35,44.7916666666667,0,44.7916666666667,0,-5.90578194359977,22,2019-10-23,carbon_aware
388.785871021707,523.228988645679,388.785871021707,10580.1450815317,120.163695626276,120.163695626276,5346.16441263299,505.301616512336,1279.8,1279.8,100,1279.8,1,2079.99998211861,0.259999997764826,826.458066388408,826.458066388408,19,325.18294709988,246.822564744419,208.370219264303,100,100,0,0,100,0,100,0,0.2,0.55,0.378124995753169,0.171875004246831,30.2083333333333,0,30.2083333333333,0,-5.45030196505916,23,2019-10-24,carbon_aware
426.594938367324,226.649804797842,426.594938367324,11989.5149795123,0,0,5154.90451435663,429.951046657461,1652.4,1652.4,100,1652.4,1,1473.68421052631,0.184210526315789,788.976984139558,788.976984139558,14,182.782481739634,160.805021186766,127.993298787615,100,100,0,0,100,0,100,0,0.5678125,0.9,0.9,0.35,27.0833333333333,0,27.0833333333333,0,-2.36093546664418,24,2019-10-25,carbon_aware
221.374566141321,212.862131338644,221.374566141321,10981.4809031097,0,0,3507.03111359908,319.358667974005,2015.9,2015.9,100,2015.9,1,1473.68421052631,0.184210526315789,820.63716177012,820.63716177012,17,444.481259434189,228.349210814462,196.368434100312,100,100,0,0,100,0,100,0,0.5678125,0.9,0.9,0.35,83.3333333333333,0,83.3333333333333,0,-2.21731386811088,25,2019-10-26,carbon_aware
213.255284385644,182.97374855231,213.255284385644,9550.50811198207,0,0,3284.77546004649,343.937246221005,1225.4,1225.4,100,1225.4,1,1473.68421052631,0.184210526315789,760.915196773039,760.915196773039,17,201.796220669201,183.488646885956,148.691514578642,100,100,0,0,100,0,100,0,0.5678125,0.9,0.9,0.35,50,0,50,0,-1.9059765474199,26,2019-10-27,carbon_aware
187.579417002453,261.640180522982,187.579417002453,5527.94911504345,645.241331951607,645.241331951607,2782.21411456561,503.299516088933,1398.4,1398.4,100,1398.4,1,2774.71089922823,0.346838862403529,674.335081379348,674.335081379348,0,0,241.737352448719,193.06593441229,100,100,0,0,100,0,100,0,0.2,0.730351557722316,0.2,0.35,29.1666666666667,0,29.1666666666667,0,-2.72541854711439,27,2019-10-28,carbon_aware
482.764885637969,613.766080959868,482.764885637969,9600.32157298619,134.138508191869,134.138508191869,5652.52459669633,588.78492285109,1187.9,1187.9,100,1187.9,1,1330,0.16625,720.406849611159,720.406849611159,6,43.3280950742061,192.456645651773,161.112928174269,0,0,1,0,0,258.098445106332,0,406.067425905368,0.2,0.530263157894737,0.2,0.35,78.125,0,78.125,0,-6.39339667666529,28,2019-10-29,carbon_aware
476.700386776341,590.36300200401,476.700386776341,9443.91438547503,36.8479482573001,36.8479482573001,5559.98522843566,588.737360536332,1584,1584,100,1584,1,1330,0.16625,770.674951011103,770.674951011103,13,151.583271082271,244.176226157794,207.214744283955,100,100,0,0,100,0,100,0,0.2,0.530263157894737,0.2,0.35,69.7916666666667,0,69.7916666666667,0,-6.14961460420843,29,2019-10-30,carbon_aware
413.012197612723,560.490588892632,413.012197612723,9137.47526776921,82.0494621931928,82.0494621931928,4988.35837805992,545.923051157846,2027.9,2027.9,100,2027.9,1,1330,0.16625,732.329036920081,732.329036920081,16,142.654406690803,261.812685022368,220.051631572105,100,100,0,0,100,0,100,0,0.2,0.530263157894737,0.2,0.35,34.375,0,34.375,0,-5.83844363429824,30,2019-10-31,carbon_aware
367.496123060918,166.463183850853,367.496123060918,11553.3164476204,0,0,5308.19462596303,459.452024016561,757.2,757.2,100,757.2,1,328.124993294477,0.0410156241618097,790.127097557869,790.127097557869,5,107.022215367203,136.071436524419,112.139784804068,100,100,0,0,100,0,100,0,0.55,0.627929685907439,0.627929685907439,0.0779296859074385,1.04166666666667,0,1.04166666666667,0,-1.73399149844638,31,2019-11-01,carbon_aware
323.390233133662,230.575515163988,323.390233133662,12055.0222337718,0,0,4634.49239848124,384.444948222312,819,819,100,819,1,1473.68421052631,0.184210526315789,808.034458832845,808.034458832845,17,401.438875761045,171.594438301749,147.236036723019,100,100,0,0,100,0,100,0,0.5678125,0.9,0.9,0.35,73.9583333333333,0,73.9583333333333,0,-2.40182828295821,32,2019-11-02,carbon_aware
140.771557700469,271.786516994246,140.771557700469,7606.73616276316,368.585701053141,368.585701053141,3423.47749195081,450.058660994393,700.5,700.5,100,700.5,1,4133.68421052631,0.516710526315789,758.303998438575,758.303998438575,14,142.946487414001,267.854757656196,217.500147866446,100,100,0,0,100,0,100,0,0.2,0.9,0.2,0.35,5.20833333333333,0,5.20833333333333,0,-2.83110955202339,33,2019-11-03,carbon_aware
203.305580358072,269.944759149981,203.305580358072,5800.24924957499,428.838894646882,428.838894646882,3090.1096983397,532.754639564175,940.7,940.7,100,940.7,1,1330,0.16625,390.29740235096,390.29740235096,0,0,186.209130523359,132.597337210407,100,100,0,0,100,0,100,0,0.2,0.55,0.2,0.35,19.7916666666667,0,19.7916666666667,0,-2.81192457447897,34,2019-11-04,carbon_aware
449.39935256107,458.305832024623,449.39935256107,10270.2536014238,201.894103305061,201.894103305061,5856.96983643891,570.284830710213,715.9,715.9,100,715.9,1,1330,0.16625,694.903993110142,694.903993110142,10,19.4416852256157,195.31176002755,156.520204488601,100,100,0,0,100,0,100,0,0.2,0.55,0.2,0.35,51.0416666666667,0,51.0416666666667,0,-4.77401908358982,35,2019-11-05,carbon_aware
568.209143672698,613.00239916699,568.209143672698,10272.5980679621,89.0859201179906,89.0859201179906,6277.68143894649,611.109419196019,628.5,628.5,100,628.5,1,1330,0.16625,737.137248821678,737.137248821678,12,76.5343438284532,218.905170732782,175.720916810863,100,100,0,0,100,0,100,0,0.2,0.530263157894737,0.2,0.35,89.5833333333333,0,89.5833333333333,0,-6.38544165798948,36,2019-11-06,carbon_aware
432.560173942083,554.957710890302,432.560173942083,9950.00087505771,97.7455890286148,97.7455890286148,5200.55408424677,522.668706219246,1100.7,1100.7,100,1100.7,1,1330,0.16625,744.404221419523,744.404221419523,14,88.0264935324586,237.36850770713,195.760118501401,100,100,0,0,100,0,100,0,0.2,0.530263157894737,0.2,0.35,20.8333333333333,0,20.8333333333333,0,-5.78080948844064,37,2019-11-07,carbon_aware
493.21393891672,559.546675062209,493.21393891672,10373.9783268879,238.274468202589,238.274468202589,6201.14203331952,597.759301004808,656.3,656.3,100,656.3,1,1330,0.16625,751.850025418874,751.850025418874,8,80.8603692240492,231.376895216983,170.917249015423,0,0,1,0,0,276.750204345378,0,456.551995601271,0.2,0.55,0.2,0.35,69.7916666666667,0,69.7916666666667,0,-5.82861119856468,38,2019-11-08,carbon_aware
400.612753686543,561.724751140069,400.612753686543,9511.3653801828,96.3621087200739,96.3621087200739,5394.38349222814,567.151326503289,615.2,615.2,100,615.2,1,1330,0.16625,636.502103473263,636.502103473263,0,0,206.863965846323,156.69905537434,100,100,0,0,100,0,100,0,0.2,0.530263157894737,0.2,0.35,60.4166666666667,0,60.4166666666667,0,-5.85129949104239,39,2019-11-09,carbon_aware
295.712712398044,525.933814250293,295.712712398044,7023.87479638854,242.754575260015,242.754575260015,4034.18097191658,574.352631398104,1260.8,1260.8,100,1260.8,1,1330,0.16625,486.350334400559,486.350334400559,0,0,226.252548606397,163.875306052427,100,100,0,0,100,0,100,0,0.2,0.530263157894737,0.2,0.35,60.4166666666667,0,60.4166666666667,0,-5.47847723177388,40,2019-11-10,carbon_aware
273.083616534109,105.076871802277,273.083616534109,6867.89097782902,0,0,3371.21682365443,490.866385989152,773.1,773.1,100,773.1,1,75,0.009375,665.198704739316,665.198704739316,0,0,94.8381017883621,71.3727972656019,100,100,0,0,100,0,100,0,0.55,0.5678125,0.5678125,0.0178125,1.04166666666667,0,1.04166666666667,0,-1.09455074794039,41,2019-11-11,carbon_aware
523.827754908472,234.613265815596,523.827754908472,12229.5975974712,0,0,5722.76097036585,467.943521833393,725.6,725.6,100,725.6,1,843.749977648258,0.105468747206032,771.893882854333,771.893882854333,22,250.349408038701,216.952147312432,166.309219472738,100,100,0,0,100,0,100,0,0.5678125,0.750390619691462,0.750390619691462,0.200390619691462,2.08333333333333,0,2.08333333333333,0,-2.44388818557913,42,2019-11-12,carbon_aware
520.819353167932,206.89117317498,520.819353167932,10933.4574877948,0,0,5764.11656938776,527.1997971202,601.9,601.9,100,601.9,1,609.374977648258,0.0761718722060323,772.581887834014,772.581887834014,8,107.529398104223,148.990758658711,124.505471797171,100,100,0,0,100,0,100,0,0.389638163776774,0.55,0.389638163776774,0.160361836223226,2.08333333333333,0,2.08333333333333,0,-2.15511638723938,43,2019-11-13,carbon_aware
468.193275751085,527.771880828372,468.193275751085,10332.1709488097,137.373584798519,137.373584798519,5092.28867642167,492.857570945273,1402.6,1402.6,100,1402.6,1,1742.4999910593,0.217812498882413,805.074127574444,805.074127574444,20,291.599062095743,260.999441572111,217.94686431807,100,100,0,0,100,0,100,0,0.2,0.55,0.297968747876585,0.252031252123416,7.29166666666667,0,7.29166666666667,0,-5.49762375862888,44,2019-11-14,carbon_aware
390.491357327406,254.556955990956,390.491357327406,10558.3432450284,40.0568710408404,40.0568710408404,4800.61132202119,454.674678651089,497.2,497.2,100,497.2,1,4133.68421052631,0.516710526315789,799.221144383218,799.221144383218,21,443.172890241195,249.162698199364,212.107306939085,100,100,0,0,100,0,100,0,0.2,0.9,0.2,0.35,12.5,0,12.5,0,-2.65163495823912,45,2019-11-15,carbon_aware
369.489850519244,532.068599142737,369.489850519244,9760.89825408834,43.1225929694184,43.1225929694184,4799.2671362912,491.68293853294,649.1,649.1,100,649.1,1,1330,0.16625,674.880435478622,674.880435478622,0,0,206.598932269013,160.231052959281,100,100,0,0,100,0,100,0,0.2,0.530263157894737,0.2,0.35,21.875,0,21.875,0,-5.54238124107018,46,2019-11-16,carbon_aware
336.614186869341,138.156514946934,336.614186869341,9173.54511694441,0,0,4677.50215735535,509.890352936245,405.4,405.4,100,405.4,1,0,0,483.565720774968,483.565720774968,0,0,92.6424112323541,79.6066131161232,100,100,0,0,100,0,100,0,0.55,0.55,0.55,0,0,0,0,0,-1.43913036403056,47,2019-11-17,carbon_aware
310.375584497304,145.75414940369,310.375584497304,8024.06467380424,118.673127485692,118.673127485692,3773.87469723843,470.319576256508,584.7,584.7,100,584.7,1,1368.74996200204,0.171093745250255,750.384704960889,750.384704960889,8,61.5071994093319,189.416362957478,133.602970336495,100,100,0,0,100,0,100,0,0.453782898266064,0.692025079926672,0.692025079926672,0.142025079926672,3.125,0,3.125,0,-1.51827238962177,48,2019-11-18,carbon_aware
454.717111045069,330.31081802125,454.717111045069,10728.86121869,0,0,5306.5684879064,494.606872038032,733.5,733.5,100,733.5,1,4133.68421052631,0.516710526315789,824.417336121438,824.417336121438,23,436.298099713785,226.274203603629,170.647594019336,100,100,1,1,100,0,100,0,0.2,0.9,0.2,0.35,23.9583333333333,0,23.9583333333333,0,-3.44073768772135,49,2019-11-19,carbon_aware
612.003073469509,635.223755074387,612.003073469509,11092.0424083288,18.8985183546164,18.8985183546164,6997.80168169302,630.884865391294,433.8,433.8,100,433.8,1,1330,0.16625,833.048455816687,833.048455816687,21,301.124407858061,215.344235926973,171.708441553569,100,100,0,0,100,0,100,0,0.2,0.530263157894737,0.2,0.35,89.5833333333333,0,89.5833333333333,0,-6.6169141153582,50,2019-11-20,carbon_aware
595.280211398082,634.247921300566,595.280211398082,11473.6010954888,20.0159892543808,20.0159892543808,6811.47678760895,593.665121431412,384.1,384.1,100,384.1,1,1330,0.16625,801.701839674054,801.701839674054,27,481.078515951362,225.088732603285,182.565054368688,100,100,0,0,100,0,100,0,0.2,0.530263157894737,0.2,0.35,89.5833333333333,0,89.5833333333333,0,-6.60674918021423,51,2019-11-21,carbon_aware
481.087852632503,585.465741022758,481.087852632503,10880.6304642902,43.4934320748356,43.4934320748356,5835.46814001483,536.317096621063,593.2,593.2,100,593.2,1,1330,0.16625,805.573042521931,805.573042521931,22,312.857451733406,238.900876872999,194.69404388659,100,100,0,0,100,0,100,0,0.2,0.530263157894737,0.2,0.35,44.7916666666667,0,44.7916666666667,0,-6.09860146898707,52,2019-11-22,carbon_aware
382.754819945107,247.219750327964,382.754819945107,12815.7511285359,0,0,5014.94416223107,391.310982238463,950.6,950.6,100,950.6,1,1473.68421052631,0.184210526315789,855.899268999029,855.899268999029,18,468.133035807497,177.885757229214,154.313141115852,100,100,0,0,100,0,100,0,0.55,0.9,0.9,0.35,70.8333333333333,0,70.8333333333333,0,-2.57520573258296,53,2019-11-23,carbon_aware
218.472408207088,271.450965513173,218.472408207088,7950.66225113436,76.5944180215048,76.5944180215048,3813.61200052239,479.659666083575,767.5,767.5,100,767.5,1,3737.85149871372,0.467231437339215,780.3151129006,780.3151129006,15,269.458542710148,247.407837251057,206.693351438367,100,100,0,0,100,0,100,0,0.2,0.850585929537193,0.2,0.35,21.875,0,21.875,0,-2.82761422409555,54,2019-11-24,carbon_aware
358.434673516747,538.186954095093,358.434673516747,6904.8136591732,369.50454038629,369.50454038629,4302.27395782773,623.083282213135,278.4,278.4,100,278.4,1,1330,0.16625,421.709247291365,421.709247291365,0,0,184.701845496947,112.534411659175,100,100,0,0,100,0,100,0,0.2,0.530263157894737,0.2,0.35,89.5833333333333,0,89.5833333333333,0,-5.60611410515722,55,2019-11-25,carbon_aware
557.561874397963,647.276186562105,557.561874397963,11453.8853091309,39.6968974853071,39.6968974853071,6405.69991938361,559.260001868281,447.2,447.2,100,447.2,1,1330,0.16625,781.770940190322,781.770940190322,27,363.612319261119,197.022196792683,155.652884053704,0,0,1,0,0,304.071868061484,0,509.416299436089,0.2,0.530263157894737,0.2,0.35,58.3333333333333,0,58.3333333333333,0,-6.74246027668859,56,2019-11-26,carbon_aware
558.501276355753,317.384145047098,558.501276355753,14731.525738899,0,0,6651.09588477676,451.487239180823,329.9,329.9,100,329.9,1,1473.68421052631,0.184210526315789,1139.63065754263,1139.63065754263,36,1541.42015128098,214.982976893861,171.274615233674,100,100,0,0,100,0,100,0,0.55,0.9,0.9,0.35,2.08333333333333,0,2.08333333333333,0,-3.3060848442406,57,2019-11-27,carbon_aware
425.898829003329,372.51909786624,425.898829003329,14816.9927340987,0,0,5256.84070046146,354.784590557554,496.1,496.1,100,496.1,1,3529.01654510946,0.441127068138683,1165.85524135116,1165.85524135116,41,2095.59818579339,262.449984210374,218.37496933609,87.5,87.5,1,0,0,41.512231291885,87.5,10.3780578229712,0.5678125,0.9,0.9,0.35,63.5416666666667,0,63.5416666666667,0,-3.88040726944,58,2019-11-28,carbon_aware
528.681071742892,266.874261034204,528.681071742892,13663.4082781776,0,0,5824.80070713078,426.306569235278,614.3,614.3,100,614.3,1,2448.68417476353,0.306085521845441,898.829921378639,898.829921378639,36,1090.87759250678,192.643726428776,170.203851873984,100,100,1,1,100,0,100,0,0.5678125,0.9,0.643421062042839,0.093421062042839,25,0,25,0,-2.7799402191063,59,2019-11-29,carbon_aware
452.183034986677,362.482867558581,452.183034986677,10617.9193305661,0,0,5907.1212446885,556.335103025647,935.5,935.5,100,935.5,1,1330,0.16625,753.096224906765,753.096224906765,9,84.376352515667,185.471771900185,152.60436695112,100,100,0,0,100,0,100,0,0.2,0.55,0.2,0.35,34.375,0,34.375,0,-3.77586320373522,60,2019-11-30,carbon_aware
377.492012878971,560.636934991632,377.492012878971,8748.07692533096,91.5177303336217,91.5177303336217,5142.22652108776,587.812220329009,426.3,426.3,100,426.3,1,1330,0.16625,541.97927261816,541.97927261816,0,0,201.506868791843,133.354998335435,100,100,0,0,100,0,100,0,0.2,0.530263157894737,0.2,0.35,86.4583333333333,0,86.4583333333333,0,-5.8399680728295,61,2019-12-01,carbon_aware
314.843145327778,151.603438754794,314.843145327778,6764.15569244218,230.335155145711,230.335155145711,3526.52228339587,521.354392734657,616.6,616.6,100,616.6,1,1330,0.16625,431.130826749296,431.130826749296,0,0,168.682625128683,121.662371901,100,100,0,0,100,0,100,0,0.2,0.55,0.2,0.35,2.08333333333333,0,2.08333333333333,0,-1.5792024870291,62,2019-12-02,carbon_aware
605.963305313273,651.78228555757,605.963305313273,11734.6303815139,41.9841443537851,41.9841443537851,6339.69471974031,540.255168984917,679,679,100,679,1,1330,0.16625,852.314694461524,852.314694461524,28,604.377856682562,207.33148106693,161.621282230833,0,0,1,0,0,317.590948719075,0,512.283455060382,0.2,0.530263157894737,0.2,0.35,35.4166666666667,0,35.4166666666667,0,-6.78939880789136,63,2019-12-03,carbon_aware
572.682573933814,419.400771451142,572.682573933814,11697.8662398644,65.4990969130221,65.4990969130221,6385.31874946369,545.853287987135,1164.1,1164.1,100,1164.1,1,1330,0.16625,833.270057538785,833.270057538785,24,504.119906353998,229.459967108491,184.694573694406,100,100,0,0,100,0,100,0,0.2,0.55,0.2,0.35,35.4166666666667,0,35.4166666666667,0,-4.3687580359494,64,2019-12-04,carbon_aware
540.454810500944,279.34219230942,540.454810500944,13521.5644668042,0,0,6531.75121993645,483.061796286373,916.3,916.3,100,916.3,1,1809.37494412065,0.226171868015081,929.641465162676,929.641465162676,31,1296.94664836193,205.710811541323,175.11164077221,100,100,1,1,100,0,100,0,0.293421062042839,0.55,0.491585119765154,0.0584148802348464,3.125,0,3.125,0,-2.90981450322312,65,2019-12-05,carbon_aware
437.643331264704,383.965030557081,437.643331264704,15056.3907551823,0,0,5360.79085860977,356.047537937645,617.4,617.4,100,617.4,1,3529.01654510946,0.441127068138683,1231.02802560678,1231.02802560678,40,2201.04028864972,259.994297166278,214.663524393916,87.5,87.5,1,0,0,4.68414862752348,87.5,1.17103715688087,0.5678125,0.9,0.9,0.35,55.2083333333333,0,55.2083333333333,0,-3.9996357349696,66,2019-12-06,carbon_aware
345.089356174563,249.932214175265,345.089356174563,14388.9577616958,0,0,4557.67979136449,316.748430765242,380,380,100,380,1,1473.68421052631,0.184210526315789,895.432979864272,895.432979864272,38,935.189360894968,169.437831554445,150.284719371123,100,100,0,0,100,0,100,0,0.5678125,0.9,0.9,0.35,83.3333333333333,0,83.3333333333333,0,-2.60346056432567,67,2019-12-07,carbon_aware
23.7339204267613,171.303160205741,23.7339204267613,11669.2670178018,0,0,3149.21345498843,269.872430734871,476.1,476.1,100,476.1,1,1473.68421052631,0.184210526315789,846.371747177015,846.371747177015,17,476.453084943442,155.026066702564,125.979634159243,100,100,0,0,100,0,100,0,0.5678125,0.9,0.9,0.35,83.3333333333333,0,83.3333333333333,0,-1.7844079188098,68,2019-12-08,carbon_aware
213.659604637484,180.649065394731,213.659604637484,9534.97438698258,0,0,3507.23760037836,367.8287384984,584.2,584.2,100,584.2,1,1473.68421052631,0.184210526315789,742.620273968599,742.620273968599,14,90.5341364214029,153.181248122425,122.211988552179,100,100,0,0,100,0,100,0,0.5678125,0.9,0.9,0.35,51.0416666666667,0,51.0416666666667,0,-1.88176109786178,69,2019-12-09,carbon_aware
554.372561698384,403.473979103852,554.372561698384,15054.7802522342,0,0,6494.77182196433,431.409274207139,890.2,890.2,100,890.2,1,3529.01654510946,0.441127068138683,1215.07590534481,1215.07590534481,44,2401.47610379748,316.13996158131,254.050047715945,100,100,1,1,100,0,100,0,0.533889805672593,0.9,0.9,0.35,6.25,0,6.25,0,-4.20285394899846,70,2019-12-10,carbon_aware
462.797293528582,400.897576584651,462.797293528582,13384.3985516785,0,0,6446.5027907392,481.643068670485,424.4,424.4,100,424.4,1,4133.68421052631,0.516710526315789,961.892277368952,961.892277368952,29,1195.87016464215,217.496107587587,190.617517640613,100,100,0,0,100,0,100,0,0.2,0.9,0.2,0.35,16.6666666666667,0,16.6666666666667,0,-4.17601642275678,71,2019-12-11,carbon_aware
598.14634546896,482.9727049245,598.14634546896,14241.9861506914,33.3574995305119,33.3574995305119,7067.31299545003,496.230857176259,328.1,328.1,100,328.1,1,2079.99998211861,0.259999997764826,954.044072854661,954.044072854661,38,1692.9197586463,265.330712643556,216.09172133132,25,25,1,0,0,356.405519779892,25,393.121702378231,0.2,0.55,0.378124995753169,0.171875004246831,10.4166666666667,0,10.4166666666667,0,-5.03096567629688,72,2019-12-12,carbon_aware
526.006228347263,289.331991480332,526.006228347263,14917.8752902392,0,0,6733.97788564142,451.403283284415,335.9,335.9,100,335.9,1,2523.68417476353,0.315460521845441,896.428084733768,896.428084733768,43,1385.39057983925,171.968161556609,158.558213070144,100,100,1,1,100,0,100,0,0.5678125,0.9,0.661233562042839,0.111233562042839,10.4166666666667,0,10.4166666666667,0,-3.01387491125346,73,2019-12-13,carbon_aware
339.366825493734,277.029745644673,339.366825493734,15267.8385685178,0,0,4929.44980811224,322.864941621581,444.3,444.3,100,444.3,1,1473.68421052631,0.184210526315789,938.387213767437,938.387213767437,44,1414.06399902579,176.092582486962,158.636442569923,100,100,0,0,100,0,100,0,0.5678125,0.9,0.9,0.35,83.3333333333333,0,83.3333333333333,0,-2.88572651713201,74,2019-12-14,carbon_aware
176.13994489193,199.197756766166,176.13994489193,12204.6026493621,0,0,3578.66723868902,293.222757143679,558,558,100,558,1,1473.68421052631,0.184210526315789,854.921389188861,854.921389188861,17,539.182712894188,160.562801045873,134.26618797649,100,100,0,0,100,0,100,0,0.5678125,0.9,0.9,0.35,83.3333333333333,0,83.3333333333333,0,-2.0749766329809,75,2019-12-15,carbon_aware
392.473767624046,211.196116296958,392.473767624046,9941.18432522276,0,0,4724.35066048405,475.230164327347,555.6,555.6,100,555.6,1,1434.37496200204,0.179296870250255,739.962386553238,739.962386553238,16,105.507921996252,146.97783325611,120.312310528196,100,100,0,0,100,0,100,0,0.5678125,0.890664053475485,0.890664053475485,0.340664053475485,2.08333333333333,0,2.08333333333333,0,-2.19995954475998,76,2019-12-16,carbon_aware
535.243215622979,391.163687863011,535.243215622979,15169.7658620505,0,0,6621.7911828622,436.512418390558,659.9,659.9,100,659.9,1,2399.99992847443,0.299999991059303,1296.54139856475,1296.54139856475,35,2392.71307710655,274.11989150055,210.328223800572,100,100,1,1,100,0,100,0,0.293421062042839,0.631858553549177,0.631858553549177,0.0818585535491768,3.125,0,3.125,0,-4.07462174857303,77,2019-12-17,carbon_aware
529.310992492662,407.227126932902,529.310992492662,13822.7227775004,0,0,6486.17470672,469.240019576875,601,601,100,601,1,4133.68421052631,0.516710526315789,932.234985728217,932.234985728217,31,1324.8965449874,210.206766663301,194.022925254381,100,100,0,0,100,0,100,0,0.2,0.9,0.2,0.35,4.16666666666667,0,4.16666666666667,0,-4.2419492388844,78,2019-12-18,carbon_aware
560.138969627383,391.474739735787,560.138969627383,16361.2082967935,0,0,7175.51793337332,438.568949383745,841.8,841.8,100,841.8,1,1473.68421052631,0.184210526315789,1001.8836827119,1001.8836827119,50,2479.58620702232,229.552695064516,207.374774644132,100,100,0,0,100,0,100,0,0.55,0.9,0.9,0.35,8.33333333333333,0,8.33333333333333,0,-4.07786187224778,79,2019-12-19,carbon_aware
476.208748154659,358.787600535868,476.208748154659,16389.2075181417,0,0,6525.24740177275,398.14294831216,547.9,547.9,100,547.9,1,1473.68421052631,0.184210526315789,956.343468899786,956.343468899786,53,2195.16499328218,199.517975450933,181.555213609838,100,100,0,0,100,0,100,0,0.5678125,0.9,0.9,0.35,64.5833333333333,0,64.5833333333333,0,-3.73737083891529,80,2019-12-20,carbon_aware
418.528273773833,319.856864500966,418.528273773833,15426.6738148227,0,0,6943.45869041008,450.09434786509,623.5,623.5,100,623.5,1,1473.68421052631,0.184210526315789,967.932545875508,967.932545875508,46,1597.16168324132,186.853270247441,169.657504343108,100,100,0,0,100,0,100,0,0.5678125,0.9,0.9,0.35,2.08333333333333,0,2.08333333333333,0,-3.33184233855173,81,2019-12-21,carbon_aware
299.305828828416,175.483746830276,299.305828828416,11911.1517284428,0,0,5356.06720717427,449.668288112261,314.4,314.4,100,314.4,1,740.624984353781,0.0925781230442226,840.11414754888,840.11414754888,9,298.157846016964,151.337488328381,120.734796968041,100,100,0,0,100,0,100,0,0.55,0.725898433784023,0.725898433784023,0.175898433784023,2.08333333333333,0,2.08333333333333,0,-1.8279556961487,82,2019-12-22,carbon_aware
216.334907462142,188.930158156463,216.334907462142,10244.0610298203,0,0,3880.40731045551,378.795801700099,328.3,328.3,100,328.3,1,1473.68421052631,0.184210526315789,764.454049217161,764.454049217161,16,147.505520322971,137.857445379791,110.497813053269,100,100,0,0,100,0,100,0,0.5678125,0.9,0.9,0.35,62.5,0,62.5,0,-1.96802248079649,83,2019-12-23,carbon_aware
370.076119087024,348.953772274444,370.076119087024,16441.6209981342,0,0,7131.07058142566,433.72065213247,372.8,372.8,100,372.8,1,1473.68421052631,0.184210526315789,951.466043689609,951.466043689609,48,2022.63385381965,277.377288141378,221.240148607688,100,100,0,0,100,0,100,0,0.5678125,0.9,0.9,0.35,10.4166666666667,0,10.4166666666667,0,-3.63493512785879,84,2019-12-24,carbon_aware
445.273459732836,295.346831468383,445.273459732836,15363.5218734342,0,0,7786.31569118902,506.805389762402,265.6,265.6,100,265.6,1,0,0,1013.62424421038,1013.62424421038,34,1653.47571957146,180.59494935167,159.425258893249,100,100,0,0,100,0,100,0,0.55,0.55,0.55,0,0,0,0,0,-3.07652949446232,85,2019-12-25,carbon_aware
492.058348941883,617.782620155175,492.058348941883,13895.1709550934,10.5415471767654,10.5415471767654,8061.76617338797,580.184741838879,541.3,541.3,100,541.3,1,1330,0.16625,1004.13981537939,1004.13981537939,33,1551.55684191677,277.744486705185,221.176854069285,100,100,0,0,100,0,100,0,0.2,0.55,0.2,0.35,53.125,0,53.125,0,-6.4352356266164,86,2019-12-26,carbon_aware
541.64999779603,692.035819430933,541.64999779603,13666.906505805,0,0,7964.21286452359,582.737056197817,414.8,414.8,100,414.8,1,1330,0.16625,974.967945426975,974.967945426975,32,1332.87999735708,252.911548943656,203.524746734818,100,100,0,0,100,0,100,0,0.2,0.530263157894737,0.2,0.35,80.2083333333333,0,80.2083333333333,0,-7.20870645240555,87,2019-12-27,carbon_aware
450.4388954055,622.28770221617,450.4388954055,12623.2867173299,0,0,7111.51297595809,563.364608220065,717.4,717.4,100,717.4,1,1330,0.16625,856.641220255584,856.641220255584,30,736.049052238313,239.229483406545,199.1890927113,100,100,0,0,100,0,100,0,0.2,0.530263157894737,0.2,0.35,51.0416666666667,0,51.0416666666667,0,-6.48216356475178,88,2019-12-28,carbon_aware
344.675121171289,197.992210624815,344.675121171289,11848.417679821,0,0,5466.19210990104,461.343637404889,1087.2,1087.2,100,1087.2,1,1171.87497094274,0.146484371367842,847.854608982247,847.854608982247,8,270.295125719445,172.437891536952,138.290714816168,100,100,0,0,100,0,100,0,0.55,0.8283203055989,0.8283203055989,0.2783203055989,3.125,0,3.125,0,-2.06241886067515,89,2019-12-29,carbon_aware
219.067279108303,190.671089513379,219.067279108303,9536.59025573246,0,0,3358.67422737673,352.188165508928,1053.8,1053.8,100,1053.8,1,1473.68421052631,0.184210526315789,754.923092593177,754.923092593177,13,137.317606628979,176.278104685095,148.007013967586,100,100,0,0,100,0,100,0,0.5678125,0.9,0.9,0.35,83.3333333333333,0,83.3333333333333,0,-1.98615718243104,90,2019-12-30,carbon_aware
465.979381330362,330.811671745746,465.979381330362,14317.2184099357,0,0,6191.44559640558,432.447520120871,0,0,,0,,3742.43413006004,0.467804266257505,940.375455020442,940.375455020442,42,1650.72135181883,326.900275368181,285.560637848101,100,100,0,0,100,0,100,0,0.302960547491124,0.9,0.302960547491124,0.247039452508876,33.3333333333333,0,33.3333333333333,0,-3.44595491401819,91,2019-12-31,carbon_aware
432.863810580609,334.812498874813,432.863810580609,9878.66917289486,0,0,4879.4118085803,493.934124443447,1584.7,1584.7,100,1584.7,1,2175.53842327849,0.271942302909811,811.616942971447,811.616942971447,14,212.488409091107,143.993444877901,72.4076811093022,100,100,0,0,100,0,100,0,0.2,0.538445216348689,0.2,0.35,33.3333333333333,0,33.3333333333333,0,-3.48763019661263,0,2019-10-01,greedy_tracking
454.274082247064,172.286805444356,454.274082247064,11254.439347595,0,0,5118.33541938225,454.783686801421,1639,1639,100,1639,1,3240.95290094182,0.405119112617727,480.344830392315,480.344830392315,0,0,21.4107838318827,4.55818348188429,100,100,0,0,100,0,100,0,0.453186593266697,0.9,0.461267779286687,0.088732220713313,5.20833333333333,0,5.20833333333333,0,-1.79465422337871,1,2019-10-02,greedy_tracking
445.769205025953,188.494844805993,445.769205025953,10878.6902535712,0,0,5561.08598442473,511.19076421899,1694.9,1694.9,100,1694.9,1,3343.53915554637,0.417942394443296,476.783679584555,476.783679584555,0,0,60.809839968895,16.6838624502556,100,100,0,0,100,0,100,0,0.4123193418457,0.9,0.414523985096074,0.135476014903926,10.4166666666667,0,10.4166666666667,0,-1.96348796672909,2,2019-10-03,greedy_tracking
503.413221158115,189.380224010142,503.413221158115,11644.942411145,0,0,5895.99140190151,506.313487326364,939.8,939.8,100,939.8,1,2978.1707948714,0.372271349358925,501.274591467213,501.274591467213,0,0,4.12568794327745e-06,2.91510488814595e-06,100,100,0,0,100,0,100,0,0.452006490840722,0.858195880722939,0.473466357721918,0.0765336422780821,0,0,0,0,-1.97271066677232,3,2019-10-04,greedy_tracking
416.126591310306,177.231502086293,416.126591310306,11255.5757861738,0,0,5483.53127327538,487.183541512932,1247.3,1247.3,100,1247.3,1,2746.42689586022,0.343303361982528,495.584564390668,495.584564390668,0,0,44.0242559198096,11.3433432734936,100,100,0,0,100,0,100,0,0.548339303719216,0.9,0.616811912899682,0.066811912899682,8.33333333333333,0,8.33333333333333,0,-1.84616148006556,4,2019-10-05,greedy_tracking
291.830073567876,158.33802651188,291.830073567876,9222.88491172451,0,0,4342.8555444425,470.878210669384,1325.1,1325.1,100,1325.1,1,2104.98004059589,0.263122505074486,451.997057903876,451.997057903876,0,0,65.4856495708759,21.6742057474953,100,100,0,0,100,0,100,0,0.55356712564826,0.9,0.733869518402743,0.183869518402743,15.625,0,15.625,0,-1.64935444283208,5,2019-10-06,greedy_tracking
281.41607487997,138.130858443526,281.41607487997,6348.85648819174,2.70143649975039,2.70143649975039,3463.06960030835,545.463518784734,1989.8,1987.09856350025,99.8642357774776,1987.09856350025,0.998642357774776,2393.21296607916,0.299151620759895,349.187354925121,349.187354925121,0,0,85.7243628058124,30.3841063473761,100,100,0,0,100,0,100,0,0.55252494669985,0.9,0.659014954692439,0.109014954692439,17.7083333333333,0,17.7083333333333,0,-1.43886310878672,6,2019-10-07,greedy_tracking
360.156112637288,358.604148094872,360.156112637288,10295.1449287101,0,0,4606.42475274804,447.43661062042,779.3,779.3,100,779.3,1,1496.19857596597,0.187024821995747,795.413971910145,795.413971910145,13,196.214948249907,148.751597412871,82.2126280967573,100,100,0,0,100,0,100,0,0.2,0.538271540373956,0.200911422419631,0.349088577580369,33.3333333333333,0,33.3333333333333,0,-3.73545987598825,7,2019-10-08,greedy_tracking
402.601371930661,165.490128614292,402.601371930661,11457.3749796702,0,0,4950.0581679764,432.041211600362,1103.7,1103.7,100,1103.7,1,3218.29392509933,0.402286740637416,488.683092375748,488.683092375748,0,0,29.2828390752304,6.97330225838266,100,100,0,0,100,0,100,0,0.454798653644914,0.9,0.46734924577054,0.0826507542294598,9.375,0,9.375,0,-1.72385550639888,8,2019-10-09,greedy_tracking
338.271460520772,150.069709668232,338.271460520772,11015.7915671183,0,0,4257.71822241349,386.51041974347,1621.7,1621.7,100,1621.7,1,3261.29100967778,0.407661376209722,487.992042340773,487.992042340773,0,0,65.2921156429016,18.9977119549275,100,100,0,0,100,0,100,0,0.437975082390662,0.9,0.444782595205365,0.105217404794635,10.4166666666667,0,10.4166666666667,0,-1.56322614237742,9,2019-10-10,greedy_tracking
259.890941262921,121.106578368269,259.890941262921,10740.6001091721,0,0,3468.87386846009,322.968347503953,1678,1678,100,1678,1,3053.38393371974,0.381672991714967,469.540514163769,469.540514163769,0,0,54.9987889345869,14.6506063133421,100,100,0,0,100,0,100,0,0.489343476798508,0.9,0.489343476798508,0.0606565232014921,10.4166666666667,0,10.4166666666667,0,-1.26152685800281,10,2019-10-11,greedy_tracking
215.269124256329,120.927711893316,215.269124256329,9481.01114714725,0,0,3556.55605896975,375.124130092378,2333.3,2333.3,100,2333.3,1,2984.4402253374,0.373055028167175,451.101101444576,451.101101444576,0,0,98.4642255737244,31.6957657840953,100,100,0,0,100,0,100,0,0.534895410282824,0.9,0.542140478236596,0.00785952176340399,12.5,0,12.5,0,-1.25966366555537,11,2019-10-12,greedy_tracking
165.1781931087,115.785224963572,165.1781931087,7715.02503291854,0,0,3074.55472720531,398.515197823309,2325.2,2325.2,100,2325.2,1,2633.2319044058,0.329153988050725,389.994401998891,389.994401998891,0,0,92.8636132612045,33.190765400795,100,100,0,0,100,0,100,0,0.531711647062758,0.9,0.633917590102034,0.0839175901020338,15.625,0,15.625,0,-1.20609609337054,12,2019-10-13,greedy_tracking
211.382156091011,115.508169452393,211.382156091011,5727.81149725829,90.9510605982427,90.9510605982427,2749.63500462312,480.049842062589,2654.2,2563.24893940176,96.5733154774229,2563.24893940176,0.965733154774228,2665.65376849377,0.333206721061721,304.294421474345,304.294421474345,0,0,96.820969010633,33.5760395675286,100,100,0,0,100,0,100,0,0.525281324524401,0.9,0.641361523659802,0.0913615236598019,15.625,0,15.625,0,-1.20321009846243,13,2019-10-14,greedy_tracking
408.737370759347,337.616286859545,408.737370759347,9007.2518180834,0,0,4955.59205186817,550.178028987608,2018.2,2018.2,100,2018.2,1,2713.19620427043,0.339149525533803,741.265575439575,741.265575439575,11,78.5790494082314,130.742254527288,63.0132116058015,25,25,1,0,0,240.028103831373,25,264.29073270167,0.2,0.538822426990067,0.2,0.35,31.25,0,31.25,0,-3.51683632145359,14,2019-10-15,greedy_tracking
413.906287981098,164.791683379071,413.906287981098,10623.8554148699,0,0,5035.28834102968,473.960548633025,1613.7,1613.7,100,1613.7,1,3255.57940866929,0.406947426083661,454.937266804965,454.937266804965,0,0,4.71685585424427e-06,3.2159919456376e-06,100,100,0,0,100,0,100,0,0.454159454471016,0.891582603811512,0.454159454471016,0.0958405455289839,0,0,0,0,-1.71658003519865,15,2019-10-16,greedy_tracking
469.454789777006,184.099667571367,469.454789777006,10652.3246075623,0,0,5494.37077630697,515.790776072143,1563.5,1563.5,100,1563.5,1,3368.90447151785,0.421113058939731,458.075339684036,458.075339684036,0,0,36.2356405776573,8.98600812620069,37.5,37.5,1,0,0,8.3092841123289e-06,37.5,6.60853223166669e-06,0.430648929495855,0.9,0.440235663658295,0.109764336341706,7.29166666666667,0,7.29166666666667,0,-1.91770487053507,16,2019-10-17,greedy_tracking
373.81261909399,149.93467926994,373.81261909399,10665.0785376974,0,0,4634.50792415147,434.549816747251,1555.2,1555.2,100,1555.2,1,2961.61399405075,0.370201749256344,456.830904965326,456.830904965326,0,0,29.5955035266624,6.3879749150341,100,100,0,0,100,0,100,0,0.540189421023885,0.9,0.551785551001146,0.00178555100114608,7.29166666666667,0,7.29166666666667,0,-1.56181957572854,17,2019-10-18,greedy_tracking
353.784792172213,142.228168279136,353.784792172213,10652.3001994559,0,0,4701.82449520809,441.390536050445,908,908,100,908,1,2089.0235837287,0.261127947966088,457.402750206646,457.402750206646,0,0,2.80296860973155e-06,1.92966708389974e-06,100,100,0,0,100,0,100,0,0.541706600489315,0.788623512868262,0.569143761605195,0.0191437616051953,0,0,0,0,-1.48154341957434,18,2019-10-19,greedy_tracking
295.131334879801,166.707841893772,295.131334879801,8533.58905949772,0,0,4724.8870590813,553.681109570491,1416.7,1416.7,100,1416.7,1,2199.88539837466,0.274985674796833,436.198615726135,436.198615726135,0,0,82.0541819789633,28.5532160214782,100,100,0,0,100,0,100,0,0.551908353794715,0.9,0.708894424250435,0.158894424250435,16.6666666666667,0,16.6666666666667,0,-1.73654001972679,19,2019-10-20,greedy_tracking
317.533935285518,143.898913285104,317.533935285518,7167.33736631756,0,0,4045.13771516396,564.38500218698,1177.4,1177.4,100,1177.4,1,1947.74385188066,0.243467981485082,324.421084883989,324.421084883989,0,0,3.20015331963025e-06,1.99775305572321e-06,100,100,0,0,100,0,100,0,0.54343114848349,0.859799964362595,0.705382196499169,0.155382196499169,0,0,0,0,-1.4989470133865,20,2019-10-21,greedy_tracking
436.604492912441,341.252585921305,436.604492912441,9307.17040942449,0,0,5334.29382141961,573.138084591003,1432.6,1432.6,100,1432.6,1,2167.57301867154,0.270946627333942,721.264986975643,721.264986975643,5,27.0680659803943,110.959262062004,51.2806370484486,37.5,37.5,1,0,0,283.732296576923,37.5,275.633280629691,0.2,0.541434386098071,0.20360219373033,0.34639780626967,26.0416666666667,0,26.0416666666667,0,-3.55471443668026,21,2019-10-22,greedy_tracking
467.88513693222,190.719032992296,467.88513693222,10784.813781981,0,0,6109.89494944916,566.527626064106,1354.2,1354.2,100,1354.2,1,3289.95410599447,0.411244263249309,455.48027882455,455.48027882455,0,0,2.14103922225929,0.258996057955199,100,100,0,0,100,0,100,0,0.470178295406023,0.9,0.484788316199066,0.0652116838009342,2.08333333333333,0,2.08333333333333,0,-1.98665659366975,22,2019-10-23,greedy_tracking
416.895353618223,176.636916637736,416.895353618223,10958.0701178551,0,0,5731.73524230373,523.060646688548,1279.8,1279.8,100,1279.8,1,2994.4121541339,0.374301519266737,460.509808610737,460.509808610737,0,0,4.12999523795751e-06,2.96983680196187e-06,100,100,0,0,100,0,100,0,0.485294054450788,0.887026766564821,0.491080078090377,0.0589199219096227,0,0,0,0,-1.83996788164308,23,2019-10-24,greedy_tracking
369.145579304545,153.620633871105,369.145579304545,10322.8118116067,0,0,4416.25317831755,427.814946054916,1652.4,1652.4,100,1652.4,1,3158.59619409111,0.394824524261389,460.217862383415,460.217862383415,0,0,64.1778230094678,17.03255245564,100,100,0,0,100,0,100,0,0.461160303244986,0.9,0.461160303244986,0.0888396967550139,9.375,0,9.375,0,-1.60021493615734,24,2019-10-25,greedy_tracking
186.320000694466,105.683346850848,186.320000694466,9832.82223009627,0,0,3056.53310573591,310.850032087479,2015.9,2015.9,100,2015.9,1,2920.26629263598,0.365033286579497,445.208042570311,445.208042570311,0,0,66.5612278020782,18.7228321928991,100,100,0,0,100,0,100,0,0.52997694308747,0.9,0.593899358103456,0.0438993581034559,10.4166666666667,0,10.4166666666667,0,-1.100868196363,25,2019-10-26,greedy_tracking
226.853063574599,120.132220201193,226.853063574599,8897.50392732069,0,0,3135.0318609887,352.349590019541,1225.4,1225.4,100,1225.4,1,2186.40047438203,0.273300059297753,396.158195388248,396.158195388248,0,0,2.83178549103507e-06,1.87176695654045e-06,100,100,0,0,100,0,100,0,0.543662697593927,0.898920380597184,0.727390750388918,0.177390750388918,0,0,0,0,-1.25137729376242,26,2019-10-27,greedy_tracking
293.541061053441,139.229088514239,293.541061053441,6931.58012199607,0,0,3617.73073270565,521.920062818788,1398.4,1398.4,100,1398.4,1,2158.50851666943,0.269813564583679,336.534328762801,336.534328762801,0,0,28.24007129914,7.41345181174941,100,100,0,0,100,0,100,0,0.551913029290154,0.9,0.720797283824313,0.170797283824313,9.375,0,9.375,0,-1.45030300535666,27,2019-10-28,greedy_tracking
470.460284972788,371.424145363923,470.460284972788,9506.28447340053,0,0,5566.51005046419,585.561063950885,1187.9,1187.9,100,1187.9,1,2112.49158844417,0.264061448555522,670.739982659524,670.739982659524,0,0,113.18135363153,59.7301347092965,0,0,1,0,0,258.098445106332,0,403.357969111913,0.2,0.539480370361554,0.2,0.35,33.3333333333333,0,33.3333333333333,0,-3.86900151420753,28,2019-10-29,greedy_tracking
499.518344685765,201.337036599554,499.518344685765,10424.7739639781,0,0,6070.09073019046,582.275524741844,1584,1584,100,1584,1,3491.46188368296,0.436432735460371,455.492351478014,455.492351478014,0,0,50.897282341249,13.7034310771013,100,100,0,0,100,0,100,0,0.42282051914249,0.9,0.427032373158229,0.122967626841771,9.375,0,9.375,0,-2.09726079791202,29,2019-10-30,greedy_tracking
427.411180718123,185.789631224013,427.411180718123,9999.72314887301,0,0,5455.90068652001,545.605173792726,2027.9,2027.9,100,2027.9,1,3434.43935032242,0.429304918790302,447.74095364958,447.74095364958,0,0,81.0272314525619,23.5181137936669,100,100,0,0,100,0,100,0,0.409387218285012,0.9,0.409387218285012,0.140612781714988,10.4166666666667,0,10.4166666666667,0,-1.93530865858347,30,2019-10-31,greedy_tracking
349.173377168741,154.11822344503,349.173377168741,10946.8782485448,0,0,5035.28695261911,459.974692172033,757.2,757.2,100,757.2,1,2411.25008257222,0.301406260321528,483.122309879064,483.122309879064,0,0,2.71083842757225e-06,1.96775682326233e-06,100,100,0,0,100,0,100,0,0.436838882410944,0.77388037888171,0.449396347756652,0.100603652243348,0,0,0,0,-1.60539816088573,31,2019-11-01,greedy_tracking
299.26919791223,137.619363179033,299.26919791223,11078.4140568906,0,0,4205.6703865901,379.62747781342,819,819,100,819,1,2375.09495261611,0.296886869077014,471.338997773647,471.338997773647,0,0,2.80824620805047e-06,2.09492768081058e-06,100,100,0,0,100,0,100,0,0.551235392171657,0.868116181046416,0.643962552122319,0.093962552122319,0,0,0,0,-1.43353503311493,32,2019-11-02,greedy_tracking
249.869784779403,159.840519569242,249.869784779403,9463.5704220696,0,0,4648.32076956366,491.180449053721,700.5,700.5,100,700.5,1,1922.89173081333,0.240361466351667,440.889085868722,440.889085868722,0,0,27.851018621034,7.03265609543115,100,100,0,0,100,0,100,0,0.554107223672327,0.9,0.785449176494225,0.235449176494225,8.33333333333333,0,8.33333333333333,0,-1.6650054121796,33,2019-11-03,greedy_tracking
289.016337991339,145.392441275304,289.016337991339,7525.46767054987,0,0,4023.29760191033,534.624262310645,940.7,940.7,100,940.7,1,2000.07634671056,0.25000954333882,351.01942839962,351.01942839962,0,0,3.08196338573546e-06,2.07024754850238e-06,100,100,0,0,100,0,100,0,0.553534903150285,0.885365872401963,0.730626526206068,0.180626526206068,0,0,0,0,-1.51450459661775,34,2019-11-04,greedy_tracking
454.861403280111,349.397319002082,454.861403280111,10103.1534605833,0,0,5768.61464730426,570.971694116108,715.9,715.9,100,715.9,1,1547.71599122236,0.193464498902795,693.478758461668,693.478758461668,7,13.14599012251,112.181532758718,57.6691358295357,100,100,0,0,100,0,100,0,0.2,0.541811072502874,0.205916869005887,0.344083130994113,31.25,0,31.25,0,-3.63955540627169,35,2019-11-05,greedy_tracking
593.727047084163,218.387061479074,593.727047084163,11444.5332502863,0,0,6907.87051075867,603.595652149977,628.5,628.5,100,628.5,1,2887.30200231657,0.360912750289572,483.131386861107,483.131386861107,0,0,3.51787855667334e-06,2.47703559589733e-06,100,100,0,0,100,0,100,0,0.476419122513011,0.865403451443854,0.495691539759259,0.054308460240741,0,0,0,0,-2.27486522374036,36,2019-11-06,greedy_tracking
469.749255186195,191.824028892263,469.749255186195,11081.5033798757,0,0,5957.52434120189,537.609757176169,1100.7,1100.7,100,1100.7,1,3157.84496553513,0.394730620691892,480.947133010107,480.947133010107,0,0,37.6720916383725,9.25853233887535,100,100,0,0,100,0,100,0,0.474471265230769,0.9,0.484267054526782,0.0657329454732176,8.33333333333333,0,8.33333333333333,0,-1.99816696762774,37,2019-11-07,greedy_tracking
534.896121296167,207.660236455245,534.896121296167,11274.8756859043,0,0,6647.67103285442,589.600383901818,656.3,656.3,100,656.3,1,2772.01398607576,0.34650174825947,486.086705030983,486.086705030983,0,0,3.62885983751989e-06,2.64660146953588e-06,75,75,1,0,0,1.09888700308147e-05,75,4.16347567977482e-06,0.454166176075332,0.843691618961939,0.46666816284759,0.0833318371524099,0,0,0,0,-2.16312746307547,38,2019-11-08,greedy_tracking
467.844395914088,201.822503648125,467.844395914088,11282.1137912764,0,0,6466.05172446539,573.124136495155,615.2,615.2,100,615.2,1,2436.17230815289,0.304521538519111,481.063537357792,481.063537357792,0,0,2.50112019056995e-06,1.95007769458281e-06,100,100,0,0,100,0,100,0,0.554227020137478,0.878447977262629,0.653200784723776,0.103200784723776,0,0,0,0,-2.10231774633463,39,2019-11-09,greedy_tracking
366.139912494122,183.645553252654,366.139912494122,9021.49537726967,0,0,5126.1349692443,568.213445207763,1260.8,1260.8,100,1260.8,1,2036.99326491149,0.254624158113936,447.708470947841,447.708470947841,0,0,68.5495634995457,23.5839212340353,100,100,0,0,100,0,100,0,0.554027282056632,0.9,0.751760775161797,0.201760775161797,15.625,0,15.625,0,-1.91297451304848,40,2019-11-10,greedy_tracking
305.845947861713,132.776387388499,305.845947861713,7458.24526899532,0,0,3695.88769134518,495.543865620692,773.1,773.1,100,773.1,1,1637.94712752861,0.204743390941076,337.963342018663,337.963342018663,0,0,2.46298847552206e-06,1.55556780138492e-06,100,100,0,0,100,0,100,0,0.551215861974924,0.823517043470019,0.6955443018434,0.1455443018434,0,0,0,0,-1.3830873686302,41,2019-11-11,greedy_tracking
441.852281534813,326.407764237314,441.852281534813,10076.1525235008,0,0,4760.52196642976,472.454337637974,725.6,725.6,100,725.6,1,1653.36426625377,0.206670533281722,732.618286246809,732.618286246809,8,52.1398730137594,120.933554566545,62.26279424316,100,100,0,0,100,0,100,0,0.2,0.54447939255716,0.200934482011508,0.349065517988493,33.3333333333333,0,33.3333333333333,0,-3.40008087747202,42,2019-11-12,greedy_tracking
548.519280265481,195.752539035992,548.519280265481,11604.3390663189,0,0,6072.57832057448,523.302385932504,601.9,601.9,100,601.9,1,2868.82812489057,0.358603515611321,488.59777346334,488.59777346334,0,0,3.86028985026371e-06,2.850397083994e-06,100,100,0,0,100,0,100,0,0.505594059975479,0.874978471030044,0.5285928376302,0.0214071623698004,0,0,0,0,-2.03908894829158,43,2019-11-13,greedy_tracking
490.28653562377,188.199399928695,490.28653562377,10939.3795506338,0,0,5553.15209046181,507.629529148211,1402.6,1402.6,100,1402.6,1,3180.43920372982,0.397554900466227,485.047274268735,485.047274268735,0,0,55.1276313179345,14.3174823009512,100,100,0,0,100,0,100,0,0.459114577333323,0.9,0.465911976404765,0.0840880235952348,9.375,0,9.375,0,-1.96041041592391,44,2019-11-14,greedy_tracking
440.597276080888,174.574910817418,440.597276080888,11485.391627635,0,0,5561.96559575343,484.264339961276,497.2,497.2,100,497.2,1,2418.04388379387,0.302255485474234,495.182026763573,495.182026763573,0,0,2.90497379989616e-06,2.09056936206764e-06,100,100,0,0,100,0,100,0,0.444001327299099,0.791008487775434,0.464104299594816,0.0858957004051836,0,0,0,0,-1.81848865434811,45,2019-11-15,greedy_tracking
437.183841667095,185.634092688071,437.183841667095,11562.2076064728,0,0,5892.35299887509,509.621795372055,649.1,649.1,100,649.1,1,2523.36402116634,0.315420502645793,492.26062137448,492.26062137448,0,0,2.90025787375554e-06,2.14475821221545e-06,100,100,0,0,100,0,100,0,0.551798683367088,0.87886989533628,0.646405103154211,0.0964051031542112,0,0,0,0,-1.93368846550074,46,2019-11-16,greedy_tracking
374.242958832818,183.238344785895,374.242958832818,10219.4898686718,0,0,5236.9044837892,512.442847058648,405.4,405.4,100,405.4,1,1905.55756843931,0.238194696054913,460.323984935156,460.323984935156,0,0,1.82407028799505,0.208382580795475,100,100,0,0,100,0,100,0,0.553463272051886,0.9,0.787383950952445,0.237383950952445,2.08333333333333,0,2.08333333333333,0,-1.9087327581864,47,2019-11-17,greedy_tracking
340.950906229426,155.170908585448,340.950906229426,8223.81825924471,0,0,4090.75983408773,497.428287582736,584.7,584.7,100,584.7,1,1837.72132810191,0.229715166012738,382.23104729985,382.23104729985,0,0,2.27037156969048e-06,1.69586671106003e-06,100,100,0,0,100,0,100,0,0.555246045894455,0.881487916925471,0.765720094814472,0.215720094814472,0,0,0,0,-1.61636363109842,48,2019-11-18,greedy_tracking
537.661450801181,395.149387251755,537.661450801181,10608.236926535,0,0,5724.97062869251,539.672206450474,733.5,733.5,100,733.5,1,1764.27472655385,0.220534340819231,788.363752876636,788.363752876636,19,253.628928416475,132.45033801038,64.2896930886575,0,0,1,0,0,299.337915366188,0,474.050936359873,0.2,0.544798282798576,0.200201277481892,0.349798722518108,31.25,0,31.25,0,-4.11613945053911,49,2019-11-19,greedy_tracking
657.757437934319,241.893746975693,657.757437934319,12337.7687604711,0,0,7786.07087601259,631.076090594139,433.8,433.8,100,433.8,1,2801.53886023618,0.350192357529522,525.35668461988,525.35668461988,0,0,3.63250992227426e-06,2.56544181157873e-06,100,100,0,0,100,0,100,0,0.465645769290055,0.841298205126192,0.497693918058863,0.0523060819411366,0,0,0,0,-2.5197265309968,50,2019-11-20,greedy_tracking
627.610195443952,237.617500076666,627.610195443952,12566.8854764161,0,0,7531.84114017784,599.340318196789,384.1,384.1,100,384.1,1,3051.56129194074,0.381445161492593,533.744547169082,533.744547169082,0,0,3.71101812452773e-06,2.80961909619274e-06,100,100,0,0,100,0,100,0,0.419135930443353,0.849170262253756,0.456605490566634,0.093394509433366,0,0,0,0,-2.47518229246527,51,2019-11-21,greedy_tracking
532.103572950957,210.19580394967,532.103572950957,12264.8218100734,0,0,6659.51105553866,542.976584467705,593.2,593.2,100,593.2,1,3098.30559451764,0.387288199314705,532.649376910427,532.649376910427,0,0,39.9072385980299,10.1813130506292,100,100,0,0,100,0,100,0,0.505181471492151,0.9,0.534705328211758,0.0152946717882421,8.33333333333333,0,8.33333333333333,0,-2.18953962447572,52,2019-11-22,greedy_tracking
354.472262996796,154.142045558766,354.472262996796,11902.1168740996,0,0,4612.57116571043,387.542083017847,950.6,950.6,100,950.6,1,2700.63971653182,0.337579964566478,512.354257771338,512.354257771338,0,0,15.6768407292639,3.07012215926412,100,100,0,0,100,0,100,0,0.550125818909646,0.9,0.655550351197293,0.105550351197293,4.16666666666667,0,4.16666666666667,0,-1.60564630790381,53,2019-11-23,greedy_tracking
335.613189689517,175.658935973705,335.613189689517,10001.6770063556,0,0,5039.73017486213,503.888515061986,767.5,767.5,100,767.5,1,2028.5104362916,0.25356380453645,472.586122820956,472.586122820956,0,0,45.3623685744182,13.661290772607,100,100,0,0,100,0,100,0,0.551663407866727,0.9,0.754531211273742,0.204531211273742,11.4583333333333,0,11.4583333333333,0,-1.82978058305943,54,2019-11-24,greedy_tracking
432.914848208273,175.987708123446,432.914848208273,8473.34865286649,0,0,5285.35732507605,623.762521950285,278.4,278.4,100,278.4,1,1370.82588182602,0.171353235228253,378.361225065485,378.361225065485,0,0,1.73523862003381e-06,1.30758162638263e-06,100,100,0,0,100,0,100,0,0.552324047542061,0.78421295354404,0.684623643435311,0.134623643435311,0,0,0,0,-1.83320529295256,55,2019-11-25,greedy_tracking
546.096838235288,424.556341412608,546.096838235288,11457.0797866766,0,0,6415.8142515635,559.986870216652,447.2,447.2,100,447.2,1,1607.14205136552,0.20089275642069,781.770940190322,781.770940190322,22,288.794292617849,128.719989321467,66.6428120394456,0,0,1,0,0,304.071868061484,0,509.416299436089,0.2,0.541686735057125,0.207181511972158,0.342818488027842,32.2916666666667,0,32.2916666666667,0,-4.42246188971466,56,2019-11-26,greedy_tracking
511.249316790551,194.80333468245,511.249316790551,13101.1096154701,0,0,6080.61380746363,464.129679541304,329.9,329.9,100,329.9,1,2912.68884213787,0.364086105267234,556.775716521975,556.775716521975,0,0,3.30363695963433e-06,2.4058062469597e-06,100,100,0,0,100,0,100,0,0.440649584974916,0.837484282478832,0.473398733367675,0.076601266632325,0,0,0,0,-2.02920140294218,57,2019-11-27,greedy_tracking
396.189772188985,159.109364196698,396.189772188985,13066.1332019552,0,0,4687.50098794522,358.751967050495,496.1,496.1,100,496.1,1,3368.94139085014,0.421117673856267,554.026912258728,554.026912258728,0,0,3.32975136947639,0.45051534364557,75,75,1,0,0,3.62676888698843e-06,75,1.25765346581375e-06,0.434107328110718,0.9,0.463762772057549,0.086237227942451,2.08333333333333,0,2.08333333333333,0,-1.65738921038227,58,2019-11-28,greedy_tracking
527.625188467141,188.92328335862,527.625188467141,13062.5493663206,0,0,5629.88213456519,430.99413266761,614.3,614.3,100,614.3,1,3204.49975851079,0.400562469813849,557.238796553183,557.238796553183,0,0,3.84274097421138e-06,2.84574613710712e-06,62.5,62.5,1,0,0,1.0546064004302e-05,62.5,4.60323350637282e-06,0.462249856199024,0.896696547039009,0.483312364776621,0.066687635223379,0,0,0,0,-1.96795086831895,59,2019-11-29,greedy_tracking
524.152317510869,218.694248484716,524.152317510869,12461.0581223375,0,0,6892.00619473981,553.083544517404,935.5,935.5,100,935.5,1,2732.0607073412,0.34150758841765,548.530169204751,548.530169204751,0,0,46.4900058796097,12.1960839601879,100,100,0,0,100,0,100,0,0.554465405707015,0.9,0.643404030576226,0.0934040305762258,8.33333333333333,0,8.33333333333333,0,-2.27806508838246,60,2019-11-30,greedy_tracking
471.152265156264,220.170365395512,471.152265156264,11149.3157157349,0,0,6516.20755197155,584.449101461472,426.3,426.3,100,426.3,1,1846.92494243004,0.230865617803755,497.829974347075,497.829974347075,0,0,4.86379245585346,0.983127433890463,100,100,0,0,100,0,100,0,0.553713092877297,0.9,0.81737751300215,0.26737751300215,5.20833333333333,0,5.20833333333333,0,-2.29344130620325,61,2019-12-01,greedy_tracking
406.836775110059,173.8910732164,406.836775110059,8832.343691666,0,0,4606.67002356543,521.568247838021,616.6,616.6,100,616.6,1,1978.84526668311,0.247355658335389,416.106631089924,416.106631089924,0,0,6.6643270202791,1.56965433798542,100,100,0,0,100,0,100,0,0.553298755793367,0.9,0.767062879958738,0.217062879958738,7.29166666666667,0,7.29166666666667,0,-1.81136534600417,62,2019-12-02,greedy_tracking
590.231980237753,440.992702288427,590.231980237753,11722.7184753089,0,0,6339.2147168085,540.763196707362,679,679,100,679,1,1625.99872876324,0.203249841095405,852.314694461524,852.314694461524,23,490.109896477151,142.845718903085,73.579568215098,0,0,1,0,0,317.590948719075,0,512.283455060382,0.2,0.541564386475243,0.203730599608389,0.346269400391611,33.3333333333333,0,33.3333333333333,0,-4.59367398217112,63,2019-12-03,greedy_tracking
610.008640984896,229.096086743093,610.008640984896,12701.3804733048,0,0,6875.44228464484,541.314568057807,1164.1,1164.1,100,1164.1,1,3504.5005777329,0.438062572216612,553.259527664808,553.259527664808,0,0,60.7398445111851,15.2602383058355,100,100,0,0,100,0,100,0,0.414460723516286,0.9,0.439708428245841,0.110291571754159,8.33333333333333,0,8.33333333333333,0,-2.38641757024056,64,2019-12-04,greedy_tracking
542.475387671879,215.94782291979,542.475387671879,13144.8978684038,0,0,6499.2945193381,494.434767345006,916.3,916.3,100,916.3,1,3708.26277385923,0.463532846732403,568.597742150874,568.597742150874,0,0,4.16325543289163,0.572334145391221,37.5,37.5,1,0,0,9.24488961118186e-06,37.5,7.27923564625144e-06,0.35330529549928,0.9,0.372933834652481,0.17706616534752,3.125,0,3.125,0,-2.24945648874781,65,2019-12-05,greedy_tracking
408.477460888674,164.096834459223,408.477460888674,13377.341999232,0,0,4827.45940514131,360.868355269565,617.4,617.4,100,617.4,1,3300.68119372989,0.412585149216236,577.480831738983,577.480831738983,0,0,32.56693434353,7.13532827159775,62.5,62.5,1,0,0,1.65923734130047e-06,62.5,1.11837432825723e-06,0.452537719336167,0.9,0.482614794547906,0.0673852054520944,6.25,0,6.25,0,-1.70934202561691,66,2019-12-06,greedy_tracking
335.368945548984,142.666729268867,335.368945548984,13426.6415039989,0,0,4271.04311457175,318.102119081654,380,380,100,380,1,2647.69560683635,0.330961950854544,569.680962201709,569.680962201709,0,0,3.27111394323399e-06,2.44400078012556e-06,100,100,0,0,100,0,100,0,0.551592893054476,0.878975695622285,0.64404305376204,0.0940430537620401,0,0,0,0,-1.48611176321737,67,2019-12-07,greedy_tracking
21.6314581003695,109.903211303134,21.6314581003695,11289.2519971356,0,0,3027.98165837295,268.218094444275,476.1,476.1,100,476.1,1,1860.47961032416,0.23255995129052,538.136398446909,538.136398446909,0,0,50.1276334625675,18.5935598125204,100,100,0,0,100,0,100,0,0.554034353030147,0.9,0.799909062066093,0.249909062066093,17.7083333333333,0,17.7083333333333,0,-1.14482511774098,68,2019-12-08,greedy_tracking
245.817388986061,136.047084066359,245.817388986061,9072.31428771928,0,0,3479.79039214529,383.561490683332,584.2,584.2,100,584.2,1,1943.21034682032,0.24290129335254,424.815952309467,424.815952309467,0,0,5.6115017004738,1.44871590373729,100,100,0,0,100,0,100,0,0.554347239295021,0.9,0.778159258271434,0.228159258271434,7.29166666666667,0,7.29166666666667,0,-1.41715712569124,69,2019-12-09,greedy_tracking
476.893296871575,422.795529500561,476.893296871575,12173.1708232949,0,0,5419.71230303409,445.217797540702,890.2,890.2,100,890.2,1,1864.79153426806,0.233098941783508,877.575914285507,877.575914285507,27,666.868499945897,154.255215224684,81.9573600007421,0,0,1,0,0,299.264619451159,0,524.539131208624,0.2,0.540859944863539,0.2,0.35,34.375,0,34.375,0,-4.40412009896418,70,2019-12-10,greedy_tracking
553.148850922909,226.309498039396,553.148850922909,14098.485231599,0,0,7090.47601706644,502.924668898083,424.4,424.4,100,424.4,1,3187.47721920954,0.398434652401193,610.101005820294,610.101005820294,0,0,3.97263107378438e-06,2.67361775977785e-06,100,100,0,0,100,0,100,0,0.363161361689555,0.838740263446725,0.390895406605552,0.159104593394448,0,0,0,0,-2.35739060457704,71,2019-12-11,greedy_tracking
635.994282860155,243.896793926742,635.994282860155,14395.7586751573,0,0,7365.19709376706,511.622711936477,328.1,328.1,100,328.1,1,3584.07686329079,0.448009607911349,616.598887104851,616.598887104851,0,0,14.9090098146831,2.89622398583586,62.5,62.5,1,0,0,1.00163912293283e-05,62.5,5.02378270539339e-06,0.377208339468282,0.9,0.405673334534597,0.144326665465403,5.20833333333333,0,5.20833333333333,0,-2.54059160340357,72,2019-12-12,greedy_tracking
522.048256969287,209.355943134456,522.048256969287,14300.0724316071,0,0,6522.69861615785,456.130459992697,335.9,335.9,100,335.9,1,3262.10142505404,0.407762678131755,620.414932587919,620.414932587919,0,0,35.6259837260497,8.34037686821614,37.5,37.5,1,0,0,4.92416984343436e-06,37.5,3.99232625625245e-06,0.464971047710921,0.9,0.497106506720363,0.0528934932796373,6.25,0,6.25,0,-2.18079107431725,73,2019-12-13,greedy_tracking
312.586815520933,146.307470811699,312.586815520933,14284.8999475542,0,0,4575.51096478682,320.304026040463,444.3,444.3,100,444.3,1,2921.95021109728,0.36524377638716,603.388707480386,603.388707480386,0,0,3.73197692846555e-06,2.94264184456476e-06,100,100,0,0,100,0,100,0,0.553754578443477,0.896466833917679,0.635362281389617,0.0853622813896174,0,0,0,0,-1.52403615428853,74,2019-12-14,greedy_tracking
160.351763588852,132.684683734165,160.351763588852,11759.1551575892,0,0,3375.25079914066,287.031742834205,558,558,100,558,1,1993.39568780086,0.249174460975107,574.756431621392,574.756431621392,0,0,78.2505486662581,28.3163541826829,100,100,0,0,100,0,100,0,0.555786710605025,0.9,0.781824247087858,0.231824247087858,16.6666666666667,0,16.6666666666667,0,-1.38213212223088,75,2019-12-15,greedy_tracking
385.928789146253,172.035228636928,385.928789146253,9476.43896326231,0,0,4573.90482994834,482.660717562808,555.6,555.6,100,555.6,1,1977.95660515978,0.247244575644972,447.121600208731,447.121600208731,0,0,18.8306646340766,4.58369321823188,100,100,0,0,100,0,100,0,0.555302940821275,0.9,0.767351255931058,0.217351255931058,8.33333333333333,0,8.33333333333333,0,-1.79203363163467,76,2019-12-16,greedy_tracking
488.105540902228,490.775996883171,488.105540902228,13447.4119551493,0,0,5918.24769388049,440.103100404706,659.9,659.9,100,659.9,1,1590.92446715309,0.198865558394136,996.541398564747,996.541398564747,29,1293.42237863549,187.493100793683,102.065043590243,0,0,1,0,0,333.511285275758,0,566.669580497965,0.2,0.539915411723287,0.211083099549069,0.338916900450931,35.4166666666667,0,35.4166666666667,0,-5.11224996753303,77,2019-12-17,greedy_tracking
595.301708607174,235.923821742448,595.301708607174,14716.5814838136,0,0,7221.489204473,490.704258486643,601,601,100,601,1,3516.06492543176,0.43950811567897,633.471013060487,633.471013060487,0,0,39.7475229292886,10.7052908986534,100,100,0,0,100,0,100,0,0.398878683079965,0.9,0.431682114349678,0.118317885650322,8.33333333333333,0,8.33333333333333,0,-2.45753980981717,78,2019-12-18,greedy_tracking
490.580942741777,218.745723437323,490.580942741777,14263.6172775579,0,0,6245.47516252842,437.860539931545,841.8,841.8,100,841.8,1,3862.18093075839,0.482772616344798,626.821944719357,626.821944719357,0,0,82.8098482760466,25.5414129578476,100,100,0,0,100,0,100,0,0.309725297438471,0.9,0.344270349431808,0.205729650568192,12.5,0,12.5,0,-2.27860128580545,79,2019-12-19,greedy_tracking
431.275047021245,187.981040760105,431.275047021245,14822.0957889631,0,0,5886.42696820319,397.138640312011,547.9,547.9,100,547.9,1,3287.37653019887,0.410922066274859,640.116763131482,640.116763131482,0,0,39.5660852658159,9.56953521041864,100,100,0,0,100,0,100,0,0.455157361993272,0.9,0.484438807114432,0.0655611928855683,8.33333333333333,0,8.33333333333333,0,-1.9581358412511,80,2019-12-20,greedy_tracking
401.067852826295,197.100644293398,401.067852826295,14369.464199717,0,0,6526.34829129589,454.181742658465,623.5,623.5,100,623.5,1,2890.00921823232,0.36125115227904,625.346023470823,625.346023470823,0,0,49.4276532164932,13.3533537757032,100,100,0,0,100,0,100,0,0.551095182633435,0.9,0.617179870922375,0.0671798709223748,8.33333333333333,0,8.33333333333333,0,-2.05313171138956,81,2019-12-21,greedy_tracking
313.621377877295,193.748435414337,313.621377877295,12382.8580068077,0,0,5620.9968343143,453.933722830711,314.4,314.4,100,314.4,1,1772.71917641663,0.221589897052079,581.374566780125,581.374566780125,0,0,50.3251859840002,17.768251035013,100,100,0,0,100,0,100,0,0.55438901517191,0.9,0.830739487844963,0.280739487844963,14.5833333333333,0,14.5833333333333,0,-2.01821286889935,82,2019-12-22,greedy_tracking
240.798150492257,144.467087896606,240.798150492257,9866.26045340233,0,0,3804.90346935798,385.647985609976,328.3,328.3,100,328.3,1,1853.90038211297,0.231737547764121,465.438613638774,465.438613638774,0,0,10.6486177830003,2.51800728618077,100,100,0,0,100,0,100,0,0.556287930218969,0.9,0.800547806136207,0.250547806136207,7.29166666666667,0,7.29166666666667,0,-1.50486549892298,83,2019-12-23,greedy_tracking
351.776274380188,426.746074149605,351.776274380188,13678.196281778,0,0,6075.43042638048,444.168975296408,372.8,372.8,100,372.8,1,1416.0713919824,0.177008923997801,951.466043689609,951.466043689609,29,1268.24084697637,180.90579791455,100.833666543934,100,100,0,0,100,0,100,0,0.2,0.542186892777681,0.208973911439534,0.341026088560466,38.5416666666667,0,38.5416666666667,0,-4.44527160572505,84,2019-12-24,greedy_tracking
412.144220593291,226.248635841243,412.144220593291,15006.2957912445,0,0,7535.33447710089,502.144871854213,265.6,265.6,100,265.6,1,3637.01214756982,0.454626518446228,644.328870993874,644.328870993874,0,0,31.1466615713577,7.88308961849114,100,100,0,0,100,0,100,0,0.374442338189539,0.9,0.41391693345343,0.13608306654657,8.33333333333333,0,8.33333333333333,0,-2.35675662334628,85,2019-12-25,greedy_tracking
500.796456058615,256.48827730697,500.796456058615,14873.737091281,0,0,8519.50551088048,572.788496838137,541.3,541.3,100,541.3,1,3532.18299955877,0.441522874944846,645.991557691511,645.991557691511,0,0,62.8662233501059,18.5858987478873,100,100,0,0,100,0,100,0,0.391016955616291,0.9,0.419350595413638,0.130649404586362,10.4166666666667,0,10.4166666666667,0,-2.67175288861427,86,2019-12-26,greedy_tracking
561.39160977148,257.439890305039,561.39160977148,14873.1334120836,0,0,8607.02236148706,578.695969639747,414.8,414.8,100,414.8,1,3263.00399083228,0.407875498854034,637.545081875795,637.545081875795,0,0,46.3386041708806,12.1495832241328,100,100,0,0,100,0,100,0,0.455323164677247,0.9,0.477155105274869,0.0728448947251308,9.375,0,9.375,0,-2.68166552401083,87,2019-12-27,greedy_tracking
489.153544344947,236.831333532112,489.153544344947,14279.0174174553,0,0,8072.46805016674,565.33778299749,717.4,717.4,100,717.4,1,3016.13056737513,0.377016320921891,629.546450776217,629.546450776217,0,0,64.8977994861029,18.1003220486644,100,100,0,0,100,0,100,0,0.546000017467151,0.9,0.592846042982848,0.0428460429828481,9.375,0,9.375,0,-2.46699305762616,88,2019-12-28,greedy_tracking
333.673834461902,191.241249048405,333.673834461902,11503.3052195525,0,0,5405.62313098198,469.919125660847,1087.2,1087.2,100,1087.2,1,2121.02163033667,0.265127703792084,581.386946042638,581.386946042638,0,0,112.263242559436,43.0108227988258,100,100,0,0,100,0,100,0,0.552546576340683,0.9,0.729752114157878,0.179752114157878,18.75,0,18.75,0,-1.99209634425422,89,2019-12-29,greedy_tracking
223.670289743868,127.158455818915,223.670289743868,8840.97231092268,0,0,3093.2886142028,349.881043104407,1053.8,1053.8,100,1053.8,1,2169.3021553361,0.271162769417013,444.855943521404,444.855943521404,0,0,70.1147129662563,20.9690503053582,100,100,0,0,100,0,100,0,0.552907376480289,0.9,0.716942646102689,0.166942646102689,13.5416666666667,0,13.5416666666667,0,-1.3245672481137,90,2019-12-30,greedy_tracking
510.187471030306,507.313844046825,510.187471030306,13881.1767331303,0,0,6662.49428065564,479.966101487218,0,0,,0,,1428.89261418721,0.178611576773401,940.375455020442,940.375455020442,36,1423.7123295178,189.364434131797,119.351516902893,100,100,0,0,100,0,100,0,0.2,0.542378338387138,0.223486995869462,0.326513004130538,45.8333333333333,0,45.8333333333333,0,-5.28451920882109,91,2019-12-31,greedy_tracking
